
 /----------------------------------------------------------------------------\
 |  yosys -- Yosys Open SYnthesis Suite                                       |
 |  Copyright (C) 2012 - 2025  Claire Xenia Wolf <claire@yosyshq.com>         |
 |  Distributed under an ISC-like license, type "license" to see terms        |
 \----------------------------------------------------------------------------/
 Yosys 0.52 (git sha1 fee39a3284c90249e1d9684cf6944ffbbcbb8f90)

-- Executing script file `/dev/stdin' --

1. Executing Verilog-2005 frontend: rtl/core/alu.sv
Parsing SystemVerilog input from `rtl/core/alu.sv' to AST representation.
Generating RTLIL representation for module `\alu'.
Successfully finished Verilog frontend.

2. Executing Verilog-2005 frontend: rtl/core/regfile.sv
Parsing SystemVerilog input from `rtl/core/regfile.sv' to AST representation.
Generating RTLIL representation for module `\regfile'.
Successfully finished Verilog frontend.

3. Executing Verilog-2005 frontend: rtl/core/imm_gen.sv
Parsing SystemVerilog input from `rtl/core/imm_gen.sv' to AST representation.
Generating RTLIL representation for module `\imm_gen'.
Successfully finished Verilog frontend.

4. Executing Verilog-2005 frontend: rtl/core/decoder.sv
Parsing SystemVerilog input from `rtl/core/decoder.sv' to AST representation.
Generating RTLIL representation for module `\decoder'.
Successfully finished Verilog frontend.

5. Executing Verilog-2005 frontend: rtl/mem/imem.sv
Parsing SystemVerilog input from `rtl/mem/imem.sv' to AST representation.
Generating RTLIL representation for module `\imem'.
Successfully finished Verilog frontend.

6. Executing Verilog-2005 frontend: rtl/mem/dmem.sv
Parsing SystemVerilog input from `rtl/mem/dmem.sv' to AST representation.
Generating RTLIL representation for module `\dmem'.
Successfully finished Verilog frontend.

7. Executing Verilog-2005 frontend: rtl/periph/uart_tx.sv
Parsing SystemVerilog input from `rtl/periph/uart_tx.sv' to AST representation.
Generating RTLIL representation for module `\uart_tx'.
Successfully finished Verilog frontend.

8. Executing Verilog-2005 frontend: rtl/periph/uart_rx.sv
Parsing SystemVerilog input from `rtl/periph/uart_rx.sv' to AST representation.
Generating RTLIL representation for module `\uart_rx'.
Successfully finished Verilog frontend.

9. Executing Verilog-2005 frontend: rtl/periph/uart.sv
Parsing SystemVerilog input from `rtl/periph/uart.sv' to AST representation.
Generating RTLIL representation for module `\uart'.
Successfully finished Verilog frontend.

10. Executing Verilog-2005 frontend: rtl/periph/timer.sv
Parsing SystemVerilog input from `rtl/periph/timer.sv' to AST representation.
Generating RTLIL representation for module `\timer'.
Successfully finished Verilog frontend.

11. Executing Verilog-2005 frontend: rtl/custom/dotp.sv
Parsing SystemVerilog input from `rtl/custom/dotp.sv' to AST representation.
Generating RTLIL representation for module `\dotp'.
Warning: Replacing memory \b with list of registers. See rtl/custom/dotp.sv:63
Warning: Replacing memory \a with list of registers. See rtl/custom/dotp.sv:62
Successfully finished Verilog frontend.

12. Executing Verilog-2005 frontend: rtl/core/core_multi.sv
Parsing SystemVerilog input from `rtl/core/core_multi.sv' to AST representation.
Generating RTLIL representation for module `\core_multi'.
Successfully finished Verilog frontend.

13. Executing HIERARCHY pass (managing design hierarchy).

13.1. Analyzing design hierarchy..
Top module:  \core_multi
Used module:     \alu
Used module:     \imm_gen
Used module:     \regfile
Used module:     \decoder
Parameter \BYPASS = 1'0

13.2. Executing AST frontend in derive mode using pre-parsed AST for module `\regfile'.
Parameter \BYPASS = 1'0
Generating RTLIL representation for module `$paramod\regfile\BYPASS=1'0'.

13.3. Analyzing design hierarchy..
Top module:  \core_multi
Used module:     \alu
Used module:     \imm_gen
Used module:     $paramod\regfile\BYPASS=1'0
Used module:     \decoder

13.4. Analyzing design hierarchy..
Top module:  \core_multi
Used module:     \alu
Used module:     \imm_gen
Used module:     $paramod\regfile\BYPASS=1'0
Used module:     \decoder
Removing unused module `\dotp'.
Removing unused module `\timer'.
Removing unused module `\uart'.
Removing unused module `\uart_rx'.
Removing unused module `\uart_tx'.
Removing unused module `\dmem'.
Removing unused module `\imem'.
Removing unused module `\regfile'.
Removed 8 unused modules.

14. Executing FLATTEN pass (flatten design).
Deleting now unused module $paramod\regfile\BYPASS=1'0.
Deleting now unused module decoder.
Deleting now unused module imm_gen.
Deleting now unused module alu.
<suppressed ~4 debug messages>

15. Executing SYNTH_XILINX pass.

15.1. Executing Verilog-2005 frontend: /usr/bin/../share/yosys/xilinx/cells_sim.v
Parsing Verilog input from `/usr/bin/../share/yosys/xilinx/cells_sim.v' to AST representation.
Generating RTLIL representation for module `\VCC'.
Generating RTLIL representation for module `\GND'.
Generating RTLIL representation for module `\IBUF'.
Generating RTLIL representation for module `\IBUFG'.
Generating RTLIL representation for module `\OBUF'.
Generating RTLIL representation for module `\IOBUF'.
Generating RTLIL representation for module `\OBUFT'.
Generating RTLIL representation for module `\BUFG'.
Generating RTLIL representation for module `\BUFGCTRL'.
Generating RTLIL representation for module `\BUFHCE'.
Generating RTLIL representation for module `\INV'.
Generating RTLIL representation for module `\LUT1'.
Generating RTLIL representation for module `\LUT2'.
Generating RTLIL representation for module `\LUT3'.
Generating RTLIL representation for module `\LUT4'.
Generating RTLIL representation for module `\LUT5'.
Generating RTLIL representation for module `\LUT6'.
Generating RTLIL representation for module `\LUT6_2'.
Generating RTLIL representation for module `\$__ABC9_LUT7'.
Generating RTLIL representation for module `\$__ABC9_LUT8'.
Generating RTLIL representation for module `\MUXCY'.
Generating RTLIL representation for module `\MUXF5'.
Generating RTLIL representation for module `\MUXF6'.
Generating RTLIL representation for module `\MUXF7'.
Generating RTLIL representation for module `\MUXF8'.
Generating RTLIL representation for module `\MUXF9'.
Generating RTLIL representation for module `\XORCY'.
Generating RTLIL representation for module `\CARRY4'.
Generating RTLIL representation for module `\CARRY8'.
Generating RTLIL representation for module `\ORCY'.
Generating RTLIL representation for module `\MULT_AND'.
Generating RTLIL representation for module `\FDRE'.
Generating RTLIL representation for module `\FDRE_1'.
Generating RTLIL representation for module `\FDSE'.
Generating RTLIL representation for module `\FDSE_1'.
Generating RTLIL representation for module `\FDRSE'.
Generating RTLIL representation for module `\FDRSE_1'.
Generating RTLIL representation for module `\FDCE'.
Generating RTLIL representation for module `\FDCE_1'.
Generating RTLIL representation for module `\FDPE'.
Generating RTLIL representation for module `\FDPE_1'.
Generating RTLIL representation for module `\FDCPE'.
Generating RTLIL representation for module `\FDCPE_1'.
Generating RTLIL representation for module `\LDCE'.
Generating RTLIL representation for module `\LDPE'.
Generating RTLIL representation for module `\LDCPE'.
Generating RTLIL representation for module `\AND2B1L'.
Generating RTLIL representation for module `\OR2L'.
Generating RTLIL representation for module `\RAM16X1S'.
Generating RTLIL representation for module `\RAM16X1S_1'.
Generating RTLIL representation for module `\RAM32X1S'.
Generating RTLIL representation for module `\RAM32X1S_1'.
Generating RTLIL representation for module `\RAM64X1S'.
Generating RTLIL representation for module `\RAM64X1S_1'.
Generating RTLIL representation for module `\RAM128X1S'.
Generating RTLIL representation for module `\RAM128X1S_1'.
Generating RTLIL representation for module `\RAM256X1S'.
Generating RTLIL representation for module `\RAM512X1S'.
Generating RTLIL representation for module `\RAM16X2S'.
Generating RTLIL representation for module `\RAM32X2S'.
Generating RTLIL representation for module `\RAM64X2S'.
Generating RTLIL representation for module `\RAM16X4S'.
Generating RTLIL representation for module `\RAM32X4S'.
Generating RTLIL representation for module `\RAM16X8S'.
Generating RTLIL representation for module `\RAM32X8S'.
Generating RTLIL representation for module `\RAM16X1D'.
Generating RTLIL representation for module `\RAM16X1D_1'.
Generating RTLIL representation for module `\RAM32X1D'.
Generating RTLIL representation for module `\RAM32X1D_1'.
Generating RTLIL representation for module `\RAM64X1D'.
Generating RTLIL representation for module `\RAM64X1D_1'.
Generating RTLIL representation for module `\RAM128X1D'.
Generating RTLIL representation for module `\RAM256X1D'.
Generating RTLIL representation for module `\RAM32M'.
Generating RTLIL representation for module `\RAM32M16'.
Generating RTLIL representation for module `\RAM64M'.
Generating RTLIL representation for module `\RAM64M8'.
Generating RTLIL representation for module `\RAM32X16DR8'.
Generating RTLIL representation for module `\RAM64X8SW'.
Generating RTLIL representation for module `\ROM16X1'.
Generating RTLIL representation for module `\ROM32X1'.
Generating RTLIL representation for module `\ROM64X1'.
Generating RTLIL representation for module `\ROM128X1'.
Generating RTLIL representation for module `\ROM256X1'.
Generating RTLIL representation for module `\SRL16'.
Generating RTLIL representation for module `\SRL16E'.
Generating RTLIL representation for module `\SRLC16'.
Generating RTLIL representation for module `\SRLC16E'.
Generating RTLIL representation for module `\SRLC32E'.
Generating RTLIL representation for module `\CFGLUT5'.
Generating RTLIL representation for module `\MULT18X18'.
Generating RTLIL representation for module `\MULT18X18S'.
Generating RTLIL representation for module `\MULT18X18SIO'.
Generating RTLIL representation for module `\DSP48A'.
Generating RTLIL representation for module `\DSP48A1'.
Generating RTLIL representation for module `\DSP48'.
Generating RTLIL representation for module `\DSP48E1'.
Generating RTLIL representation for module `\RAMB18E1'.
Generating RTLIL representation for module `\RAMB36E1'.
Successfully finished Verilog frontend.

15.2. Executing Verilog-2005 frontend: /usr/bin/../share/yosys/xilinx/cells_xtra.v
Parsing Verilog input from `/usr/bin/../share/yosys/xilinx/cells_xtra.v' to AST representation.
Generating RTLIL representation for module `\RAMB4_S1'.
Generating RTLIL representation for module `\RAMB4_S2'.
Generating RTLIL representation for module `\RAMB4_S4'.
Generating RTLIL representation for module `\RAMB4_S8'.
Generating RTLIL representation for module `\RAMB4_S16'.
Generating RTLIL representation for module `\RAMB4_S1_S1'.
Generating RTLIL representation for module `\RAMB4_S1_S2'.
Generating RTLIL representation for module `\RAMB4_S1_S4'.
Generating RTLIL representation for module `\RAMB4_S1_S8'.
Generating RTLIL representation for module `\RAMB4_S1_S16'.
Generating RTLIL representation for module `\RAMB4_S2_S2'.
Generating RTLIL representation for module `\RAMB4_S2_S4'.
Generating RTLIL representation for module `\RAMB4_S2_S8'.
Generating RTLIL representation for module `\RAMB4_S2_S16'.
Generating RTLIL representation for module `\RAMB4_S4_S4'.
Generating RTLIL representation for module `\RAMB4_S4_S8'.
Generating RTLIL representation for module `\RAMB4_S4_S16'.
Generating RTLIL representation for module `\RAMB4_S8_S8'.
Generating RTLIL representation for module `\RAMB4_S8_S16'.
Generating RTLIL representation for module `\RAMB4_S16_S16'.
Generating RTLIL representation for module `\RAMB16_S1'.
Generating RTLIL representation for module `\RAMB16_S2'.
Generating RTLIL representation for module `\RAMB16_S4'.
Generating RTLIL representation for module `\RAMB16_S9'.
Generating RTLIL representation for module `\RAMB16_S18'.
Generating RTLIL representation for module `\RAMB16_S36'.
Generating RTLIL representation for module `\RAMB16_S1_S1'.
Generating RTLIL representation for module `\RAMB16_S1_S2'.
Generating RTLIL representation for module `\RAMB16_S1_S4'.
Generating RTLIL representation for module `\RAMB16_S1_S9'.
Generating RTLIL representation for module `\RAMB16_S1_S18'.
Generating RTLIL representation for module `\RAMB16_S1_S36'.
Generating RTLIL representation for module `\RAMB16_S2_S2'.
Generating RTLIL representation for module `\RAMB16_S2_S4'.
Generating RTLIL representation for module `\RAMB16_S2_S9'.
Generating RTLIL representation for module `\RAMB16_S2_S18'.
Generating RTLIL representation for module `\RAMB16_S2_S36'.
Generating RTLIL representation for module `\RAMB16_S4_S4'.
Generating RTLIL representation for module `\RAMB16_S4_S9'.
Generating RTLIL representation for module `\RAMB16_S4_S18'.
Generating RTLIL representation for module `\RAMB16_S4_S36'.
Generating RTLIL representation for module `\RAMB16_S9_S9'.
Generating RTLIL representation for module `\RAMB16_S9_S18'.
Generating RTLIL representation for module `\RAMB16_S9_S36'.
Generating RTLIL representation for module `\RAMB16_S18_S18'.
Generating RTLIL representation for module `\RAMB16_S18_S36'.
Generating RTLIL representation for module `\RAMB16_S36_S36'.
Generating RTLIL representation for module `\RAMB16BWE_S18'.
Generating RTLIL representation for module `\RAMB16BWE_S36'.
Generating RTLIL representation for module `\RAMB16BWE_S18_S9'.
Generating RTLIL representation for module `\RAMB16BWE_S18_S18'.
Generating RTLIL representation for module `\RAMB16BWE_S36_S9'.
Generating RTLIL representation for module `\RAMB16BWE_S36_S18'.
Generating RTLIL representation for module `\RAMB16BWE_S36_S36'.
Generating RTLIL representation for module `\RAMB16BWER'.
Generating RTLIL representation for module `\RAMB8BWER'.
Generating RTLIL representation for module `\FIFO16'.
Generating RTLIL representation for module `\RAMB16'.
Generating RTLIL representation for module `\RAMB32_S64_ECC'.
Generating RTLIL representation for module `\FIFO18'.
Generating RTLIL representation for module `\FIFO18_36'.
Generating RTLIL representation for module `\FIFO36'.
Generating RTLIL representation for module `\FIFO36_72'.
Generating RTLIL representation for module `\RAMB18'.
Generating RTLIL representation for module `\RAMB36'.
Generating RTLIL representation for module `\RAMB18SDP'.
Generating RTLIL representation for module `\RAMB36SDP'.
Generating RTLIL representation for module `\FIFO18E1'.
Generating RTLIL representation for module `\FIFO36E1'.
Generating RTLIL representation for module `\FIFO18E2'.
Generating RTLIL representation for module `\FIFO36E2'.
Generating RTLIL representation for module `\RAMB18E2'.
Generating RTLIL representation for module `\RAMB36E2'.
Generating RTLIL representation for module `\URAM288'.
Generating RTLIL representation for module `\URAM288_BASE'.
Generating RTLIL representation for module `\DSP48E'.
Generating RTLIL representation for module `\DSP48E2'.
Generating RTLIL representation for module `\FDDRCPE'.
Generating RTLIL representation for module `\FDDRRSE'.
Generating RTLIL representation for module `\IFDDRCPE'.
Generating RTLIL representation for module `\IFDDRRSE'.
Generating RTLIL representation for module `\OFDDRCPE'.
Generating RTLIL representation for module `\OFDDRRSE'.
Generating RTLIL representation for module `\OFDDRTCPE'.
Generating RTLIL representation for module `\OFDDRTRSE'.
Generating RTLIL representation for module `\IDDR2'.
Generating RTLIL representation for module `\ODDR2'.
Generating RTLIL representation for module `\IDDR'.
Generating RTLIL representation for module `\IDDR_2CLK'.
Generating RTLIL representation for module `\ODDR'.
Generating RTLIL representation for module `\IDELAYCTRL'.
Generating RTLIL representation for module `\IDELAY'.
Generating RTLIL representation for module `\ISERDES'.
Generating RTLIL representation for module `\OSERDES'.
Generating RTLIL representation for module `\IODELAY'.
Generating RTLIL representation for module `\ISERDES_NODELAY'.
Generating RTLIL representation for module `\IODELAYE1'.
Generating RTLIL representation for module `\ISERDESE1'.
Generating RTLIL representation for module `\OSERDESE1'.
Generating RTLIL representation for module `\IDELAYE2'.
Generating RTLIL representation for module `\ODELAYE2'.
Generating RTLIL representation for module `\ISERDESE2'.
Generating RTLIL representation for module `\OSERDESE2'.
Generating RTLIL representation for module `\PHASER_IN'.
Generating RTLIL representation for module `\PHASER_IN_PHY'.
Generating RTLIL representation for module `\PHASER_OUT'.
Generating RTLIL representation for module `\PHASER_OUT_PHY'.
Generating RTLIL representation for module `\PHASER_REF'.
Generating RTLIL representation for module `\PHY_CONTROL'.
Generating RTLIL representation for module `\IDDRE1'.
Generating RTLIL representation for module `\ODDRE1'.
Generating RTLIL representation for module `\IDELAYE3'.
Generating RTLIL representation for module `\ODELAYE3'.
Generating RTLIL representation for module `\ISERDESE3'.
Generating RTLIL representation for module `\OSERDESE3'.
Generating RTLIL representation for module `\BITSLICE_CONTROL'.
Generating RTLIL representation for module `\RIU_OR'.
Generating RTLIL representation for module `\RX_BITSLICE'.
Generating RTLIL representation for module `\RXTX_BITSLICE'.
Generating RTLIL representation for module `\TX_BITSLICE'.
Generating RTLIL representation for module `\TX_BITSLICE_TRI'.
Generating RTLIL representation for module `\IODELAY2'.
Generating RTLIL representation for module `\IODRP2'.
Generating RTLIL representation for module `\IODRP2_MCB'.
Generating RTLIL representation for module `\ISERDES2'.
Generating RTLIL representation for module `\OSERDES2'.
Generating RTLIL representation for module `\IBUF_DLY_ADJ'.
Generating RTLIL representation for module `\IBUF_IBUFDISABLE'.
Generating RTLIL representation for module `\IBUF_INTERMDISABLE'.
Generating RTLIL representation for module `\IBUF_ANALOG'.
Generating RTLIL representation for module `\IBUFE3'.
Generating RTLIL representation for module `\IBUFDS'.
Generating RTLIL representation for module `\IBUFDS_DLY_ADJ'.
Generating RTLIL representation for module `\IBUFDS_IBUFDISABLE'.
Generating RTLIL representation for module `\IBUFDS_INTERMDISABLE'.
Generating RTLIL representation for module `\IBUFDS_DIFF_OUT'.
Generating RTLIL representation for module `\IBUFDS_DIFF_OUT_IBUFDISABLE'.
Generating RTLIL representation for module `\IBUFDS_DIFF_OUT_INTERMDISABLE'.
Generating RTLIL representation for module `\IBUFDSE3'.
Generating RTLIL representation for module `\IBUFDS_DPHY'.
Generating RTLIL representation for module `\IBUFGDS'.
Generating RTLIL representation for module `\IBUFGDS_DIFF_OUT'.
Generating RTLIL representation for module `\IOBUF_DCIEN'.
Generating RTLIL representation for module `\IOBUF_INTERMDISABLE'.
Generating RTLIL representation for module `\IOBUFE3'.
Generating RTLIL representation for module `\IOBUFDS'.
Generating RTLIL representation for module `\IOBUFDS_DCIEN'.
Generating RTLIL representation for module `\IOBUFDS_INTERMDISABLE'.
Generating RTLIL representation for module `\IOBUFDS_DIFF_OUT'.
Generating RTLIL representation for module `\IOBUFDS_DIFF_OUT_DCIEN'.
Generating RTLIL representation for module `\IOBUFDS_DIFF_OUT_INTERMDISABLE'.
Generating RTLIL representation for module `\IOBUFDSE3'.
Generating RTLIL representation for module `\OBUFDS'.
Generating RTLIL representation for module `\OBUFDS_DPHY'.
Generating RTLIL representation for module `\OBUFTDS'.
Generating RTLIL representation for module `\KEEPER'.
Generating RTLIL representation for module `\PULLDOWN'.
Generating RTLIL representation for module `\PULLUP'.
Generating RTLIL representation for module `\DCIRESET'.
Generating RTLIL representation for module `\HPIO_VREF'.
Generating RTLIL representation for module `\BUFGCE'.
Generating RTLIL representation for module `\BUFGCE_1'.
Generating RTLIL representation for module `\BUFGMUX'.
Generating RTLIL representation for module `\BUFGMUX_1'.
Generating RTLIL representation for module `\BUFGMUX_CTRL'.
Generating RTLIL representation for module `\BUFGMUX_VIRTEX4'.
Generating RTLIL representation for module `\BUFG_GT'.
Generating RTLIL representation for module `\BUFG_GT_SYNC'.
Generating RTLIL representation for module `\BUFG_PS'.
Generating RTLIL representation for module `\BUFGCE_DIV'.
Generating RTLIL representation for module `\BUFH'.
Generating RTLIL representation for module `\BUFIO2'.
Generating RTLIL representation for module `\BUFIO2_2CLK'.
Generating RTLIL representation for module `\BUFIO2FB'.
Generating RTLIL representation for module `\BUFPLL'.
Generating RTLIL representation for module `\BUFPLL_MCB'.
Generating RTLIL representation for module `\BUFIO'.
Generating RTLIL representation for module `\BUFIODQS'.
Generating RTLIL representation for module `\BUFR'.
Generating RTLIL representation for module `\BUFMR'.
Generating RTLIL representation for module `\BUFMRCE'.
Generating RTLIL representation for module `\DCM'.
Generating RTLIL representation for module `\DCM_SP'.
Generating RTLIL representation for module `\DCM_CLKGEN'.
Generating RTLIL representation for module `\DCM_ADV'.
Generating RTLIL representation for module `\DCM_BASE'.
Generating RTLIL representation for module `\DCM_PS'.
Generating RTLIL representation for module `\PMCD'.
Generating RTLIL representation for module `\PLL_ADV'.
Generating RTLIL representation for module `\PLL_BASE'.
Generating RTLIL representation for module `\MMCM_ADV'.
Generating RTLIL representation for module `\MMCM_BASE'.
Generating RTLIL representation for module `\MMCME2_ADV'.
Generating RTLIL representation for module `\MMCME2_BASE'.
Generating RTLIL representation for module `\PLLE2_ADV'.
Generating RTLIL representation for module `\PLLE2_BASE'.
Generating RTLIL representation for module `\MMCME3_ADV'.
Generating RTLIL representation for module `\MMCME3_BASE'.
Generating RTLIL representation for module `\PLLE3_ADV'.
Generating RTLIL representation for module `\PLLE3_BASE'.
Generating RTLIL representation for module `\MMCME4_ADV'.
Generating RTLIL representation for module `\MMCME4_BASE'.
Generating RTLIL representation for module `\PLLE4_ADV'.
Generating RTLIL representation for module `\PLLE4_BASE'.
Generating RTLIL representation for module `\BUFT'.
Generating RTLIL representation for module `\IN_FIFO'.
Generating RTLIL representation for module `\OUT_FIFO'.
Generating RTLIL representation for module `\HARD_SYNC'.
Generating RTLIL representation for module `\STARTUP_SPARTAN3'.
Generating RTLIL representation for module `\STARTUP_SPARTAN3E'.
Generating RTLIL representation for module `\STARTUP_SPARTAN3A'.
Generating RTLIL representation for module `\STARTUP_SPARTAN6'.
Generating RTLIL representation for module `\STARTUP_VIRTEX4'.
Generating RTLIL representation for module `\STARTUP_VIRTEX5'.
Generating RTLIL representation for module `\STARTUP_VIRTEX6'.
Generating RTLIL representation for module `\STARTUPE2'.
Generating RTLIL representation for module `\STARTUPE3'.
Generating RTLIL representation for module `\CAPTURE_SPARTAN3'.
Generating RTLIL representation for module `\CAPTURE_SPARTAN3A'.
Generating RTLIL representation for module `\CAPTURE_VIRTEX4'.
Generating RTLIL representation for module `\CAPTURE_VIRTEX5'.
Generating RTLIL representation for module `\CAPTURE_VIRTEX6'.
Generating RTLIL representation for module `\CAPTUREE2'.
Generating RTLIL representation for module `\ICAP_SPARTAN3A'.
Generating RTLIL representation for module `\ICAP_SPARTAN6'.
Generating RTLIL representation for module `\ICAP_VIRTEX4'.
Generating RTLIL representation for module `\ICAP_VIRTEX5'.
Generating RTLIL representation for module `\ICAP_VIRTEX6'.
Generating RTLIL representation for module `\ICAPE2'.
Generating RTLIL representation for module `\ICAPE3'.
Generating RTLIL representation for module `\BSCAN_SPARTAN3'.
Generating RTLIL representation for module `\BSCAN_SPARTAN3A'.
Generating RTLIL representation for module `\BSCAN_SPARTAN6'.
Generating RTLIL representation for module `\BSCAN_VIRTEX4'.
Generating RTLIL representation for module `\BSCAN_VIRTEX5'.
Generating RTLIL representation for module `\BSCAN_VIRTEX6'.
Generating RTLIL representation for module `\BSCANE2'.
Generating RTLIL representation for module `\DNA_PORT'.
Generating RTLIL representation for module `\DNA_PORTE2'.
Generating RTLIL representation for module `\FRAME_ECC_VIRTEX4'.
Generating RTLIL representation for module `\FRAME_ECC_VIRTEX5'.
Generating RTLIL representation for module `\FRAME_ECC_VIRTEX6'.
Generating RTLIL representation for module `\FRAME_ECCE2'.
Generating RTLIL representation for module `\FRAME_ECCE3'.
Generating RTLIL representation for module `\FRAME_ECCE4'.
Generating RTLIL representation for module `\USR_ACCESS_VIRTEX4'.
Generating RTLIL representation for module `\USR_ACCESS_VIRTEX5'.
Generating RTLIL representation for module `\USR_ACCESS_VIRTEX6'.
Generating RTLIL representation for module `\USR_ACCESSE2'.
Generating RTLIL representation for module `\POST_CRC_INTERNAL'.
Generating RTLIL representation for module `\SUSPEND_SYNC'.
Generating RTLIL representation for module `\KEY_CLEAR'.
Generating RTLIL representation for module `\MASTER_JTAG'.
Generating RTLIL representation for module `\SPI_ACCESS'.
Generating RTLIL representation for module `\EFUSE_USR'.
Generating RTLIL representation for module `\SYSMON'.
Generating RTLIL representation for module `\XADC'.
Generating RTLIL representation for module `\SYSMONE1'.
Generating RTLIL representation for module `\SYSMONE4'.
Generating RTLIL representation for module `\GTPA1_DUAL'.
Generating RTLIL representation for module `\GT11_CUSTOM'.
Generating RTLIL representation for module `\GT11_DUAL'.
Generating RTLIL representation for module `\GT11CLK'.
Generating RTLIL representation for module `\GT11CLK_MGT'.
Generating RTLIL representation for module `\GTP_DUAL'.
Generating RTLIL representation for module `\GTX_DUAL'.
Generating RTLIL representation for module `\CRC32'.
Generating RTLIL representation for module `\CRC64'.
Generating RTLIL representation for module `\GTHE1_QUAD'.
Generating RTLIL representation for module `\GTXE1'.
Generating RTLIL representation for module `\IBUFDS_GTXE1'.
Generating RTLIL representation for module `\IBUFDS_GTHE1'.
Generating RTLIL representation for module `\GTHE2_CHANNEL'.
Generating RTLIL representation for module `\GTHE2_COMMON'.
Generating RTLIL representation for module `\GTPE2_CHANNEL'.
Generating RTLIL representation for module `\GTPE2_COMMON'.
Generating RTLIL representation for module `\GTXE2_CHANNEL'.
Generating RTLIL representation for module `\GTXE2_COMMON'.
Generating RTLIL representation for module `\IBUFDS_GTE2'.
Generating RTLIL representation for module `\GTHE3_CHANNEL'.
Generating RTLIL representation for module `\GTHE3_COMMON'.
Generating RTLIL representation for module `\GTYE3_CHANNEL'.
Generating RTLIL representation for module `\GTYE3_COMMON'.
Generating RTLIL representation for module `\IBUFDS_GTE3'.
Generating RTLIL representation for module `\OBUFDS_GTE3'.
Generating RTLIL representation for module `\OBUFDS_GTE3_ADV'.
Generating RTLIL representation for module `\GTHE4_CHANNEL'.
Generating RTLIL representation for module `\GTHE4_COMMON'.
Generating RTLIL representation for module `\GTYE4_CHANNEL'.
Generating RTLIL representation for module `\GTYE4_COMMON'.
Generating RTLIL representation for module `\IBUFDS_GTE4'.
Generating RTLIL representation for module `\OBUFDS_GTE4'.
Generating RTLIL representation for module `\OBUFDS_GTE4_ADV'.
Generating RTLIL representation for module `\GTM_DUAL'.
Generating RTLIL representation for module `\IBUFDS_GTM'.
Generating RTLIL representation for module `\OBUFDS_GTM'.
Generating RTLIL representation for module `\OBUFDS_GTM_ADV'.
Generating RTLIL representation for module `\HSDAC'.
Generating RTLIL representation for module `\HSADC'.
Generating RTLIL representation for module `\RFDAC'.
Generating RTLIL representation for module `\RFADC'.
Generating RTLIL representation for module `\PCIE_A1'.
Generating RTLIL representation for module `\PCIE_EP'.
Generating RTLIL representation for module `\PCIE_2_0'.
Generating RTLIL representation for module `\PCIE_2_1'.
Generating RTLIL representation for module `\PCIE_3_0'.
Generating RTLIL representation for module `\PCIE_3_1'.
Generating RTLIL representation for module `\PCIE40E4'.
Generating RTLIL representation for module `\PCIE4CE4'.
Generating RTLIL representation for module `\EMAC'.
Generating RTLIL representation for module `\TEMAC'.
Generating RTLIL representation for module `\TEMAC_SINGLE'.
Generating RTLIL representation for module `\CMAC'.
Generating RTLIL representation for module `\CMACE4'.
Generating RTLIL representation for module `\MCB'.
Generating RTLIL representation for module `\HBM_REF_CLK'.
Generating RTLIL representation for module `\HBM_SNGLBLI_INTF_APB'.
Generating RTLIL representation for module `\HBM_SNGLBLI_INTF_AXI'.
Generating RTLIL representation for module `\HBM_ONE_STACK_INTF'.
Generating RTLIL representation for module `\HBM_TWO_STACK_INTF'.
Generating RTLIL representation for module `\PPC405_ADV'.
Generating RTLIL representation for module `\PPC440'.
Generating RTLIL representation for module `\PS7'.
Generating RTLIL representation for module `\PS8'.
Generating RTLIL representation for module `\ILKN'.
Generating RTLIL representation for module `\ILKNE4'.
Generating RTLIL representation for module `\VCU'.
Generating RTLIL representation for module `\FE'.
Successfully finished Verilog frontend.

15.3. Executing HIERARCHY pass (managing design hierarchy).

15.3.1. Analyzing design hierarchy..
Top module:  \core_multi

15.3.2. Analyzing design hierarchy..
Top module:  \core_multi
Removed 0 unused modules.

15.4. Executing PROC pass (convert processes to netlists).

15.4.1. Executing PROC_CLEAN pass (remove empty switches from decision trees).
Cleaned up 0 empty switches.

15.4.2. Executing PROC_RMDEAD pass (remove dead branches from decision trees).
Marked 1 switch rules as full_case in process $proc$/usr/bin/../share/yosys/xilinx/cells_sim.v:1986$1152 in module RAM64M.
Marked 1 switch rules as full_case in process $proc$/usr/bin/../share/yosys/xilinx/cells_sim.v:1812$1032 in module RAM32M.
Marked 1 switch rules as full_case in process $proc$/usr/bin/../share/yosys/xilinx/cells_sim.v:1716$979 in module RAM128X1D.
Marked 1 switch rules as full_case in process $proc$/usr/bin/../share/yosys/xilinx/cells_sim.v:1611$942 in module RAM64X1D.
Marked 1 switch rules as full_case in process $proc$/usr/bin/../share/yosys/xilinx/cells_sim.v:1565$924 in module RAM32X1D_1.
Marked 1 switch rules as full_case in process $proc$/usr/bin/../share/yosys/xilinx/cells_sim.v:1506$894 in module RAM32X1D.
Marked 1 switch rules as full_case in process $proc$/usr/bin/../share/yosys/xilinx/cells_sim.v:815$843 in module FDPE_1.
Marked 1 switch rules as full_case in process $proc$/usr/bin/../share/yosys/xilinx/cells_sim.v:774$840 in module FDPE.
Marked 1 switch rules as full_case in process $proc$/usr/bin/../share/yosys/xilinx/cells_sim.v:736$825 in module FDCE_1.
Marked 1 switch rules as full_case in process $proc$/usr/bin/../share/yosys/xilinx/cells_sim.v:695$822 in module FDCE.
Marked 1 switch rules as full_case in process $proc$/usr/bin/../share/yosys/xilinx/cells_sim.v:592$807 in module FDSE_1.
Marked 1 switch rules as full_case in process $proc$/usr/bin/../share/yosys/xilinx/cells_sim.v:559$803 in module FDSE.
Marked 1 switch rules as full_case in process $proc$/usr/bin/../share/yosys/xilinx/cells_sim.v:527$785 in module FDRE_1.
Marked 1 switch rules as full_case in process $proc$/usr/bin/../share/yosys/xilinx/cells_sim.v:494$781 in module FDRE.
Marked 1 switch rules as full_case in process $flatten\u_alu.$proc$rtl/core/alu.sv:0$4 in module core_multi.
Marked 1 switch rules as full_case in process $flatten\u_imm.$proc$rtl/core/imm_gen.sv:0$39 in module core_multi.
Marked 1 switch rules as full_case in process $flatten\u_rf.$proc$rtl/core/regfile.sv:32$210 in module core_multi.
Marked 4 switch rules as full_case in process $flatten\u_rf.$proc$rtl/core/regfile.sv:0$229 in module core_multi.
Removed 2 dead cases from process $flatten\u_dec.$proc$rtl/core/decoder.sv:0$40 in module core_multi.
Marked 24 switch rules as full_case in process $flatten\u_dec.$proc$rtl/core/decoder.sv:0$40 in module core_multi.
Marked 2 switch rules as full_case in process $proc$rtl/core/core_multi.sv:194$199 in module core_multi.
Marked 1 switch rules as full_case in process $proc$rtl/core/core_multi.sv:0$186 in module core_multi.
Marked 1 switch rules as full_case in process $proc$rtl/core/core_multi.sv:0$168 in module core_multi.
Marked 1 switch rules as full_case in process $proc$rtl/core/core_multi.sv:0$166 in module core_multi.
Removed a total of 2 dead cases.

15.4.3. Executing PROC_PRUNE pass (remove redundant assignments in processes).
Removed 0 redundant assignments.
Promoted 85 assignments to connections.

15.4.4. Executing PROC_INIT pass (extract init attributes).
Found init rule in `\SRLC32E.$proc$/usr/bin/../share/yosys/xilinx/cells_sim.v:2405$1281'.
  Set init value: \r = 0
Found init rule in `\SRLC16E.$proc$/usr/bin/../share/yosys/xilinx/cells_sim.v:2361$1274'.
  Set init value: \r = 16'0000000000000000
Found init rule in `\SRLC16.$proc$/usr/bin/../share/yosys/xilinx/cells_sim.v:2329$1267'.
  Set init value: \r = 16'0000000000000000
Found init rule in `\SRL16E.$proc$/usr/bin/../share/yosys/xilinx/cells_sim.v:2292$1264'.
  Set init value: \r = 16'0000000000000000
Found init rule in `\SRL16.$proc$/usr/bin/../share/yosys/xilinx/cells_sim.v:2264$1257'.
  Set init value: \r = 16'0000000000000000
Found init rule in `\RAM64M.$proc$/usr/bin/../share/yosys/xilinx/cells_sim.v:1980$1230'.
  Set init value: \mem_d = 64'0000000000000000000000000000000000000000000000000000000000000000
Found init rule in `\RAM64M.$proc$/usr/bin/../share/yosys/xilinx/cells_sim.v:1979$1229'.
  Set init value: \mem_c = 64'0000000000000000000000000000000000000000000000000000000000000000
Found init rule in `\RAM64M.$proc$/usr/bin/../share/yosys/xilinx/cells_sim.v:1978$1228'.
  Set init value: \mem_b = 64'0000000000000000000000000000000000000000000000000000000000000000
Found init rule in `\RAM64M.$proc$/usr/bin/../share/yosys/xilinx/cells_sim.v:1977$1227'.
  Set init value: \mem_a = 64'0000000000000000000000000000000000000000000000000000000000000000
Found init rule in `\RAM32M.$proc$/usr/bin/../share/yosys/xilinx/cells_sim.v:1806$1130'.
  Set init value: \mem_d = 64'0000000000000000000000000000000000000000000000000000000000000000
Found init rule in `\RAM32M.$proc$/usr/bin/../share/yosys/xilinx/cells_sim.v:1805$1129'.
  Set init value: \mem_c = 64'0000000000000000000000000000000000000000000000000000000000000000
Found init rule in `\RAM32M.$proc$/usr/bin/../share/yosys/xilinx/cells_sim.v:1804$1128'.
  Set init value: \mem_b = 64'0000000000000000000000000000000000000000000000000000000000000000
Found init rule in `\RAM32M.$proc$/usr/bin/../share/yosys/xilinx/cells_sim.v:1803$1127'.
  Set init value: \mem_a = 64'0000000000000000000000000000000000000000000000000000000000000000
Found init rule in `\RAM128X1D.$proc$/usr/bin/../share/yosys/xilinx/cells_sim.v:1712$1009'.
  Set init value: \mem = 128'00000000000000000000000000000000000000000000000000000000000000000000000000000000000000000000000000000000000000000000000000000000
Found init rule in `\RAM64X1D.$proc$/usr/bin/../share/yosys/xilinx/cells_sim.v:1607$972'.
  Set init value: \mem = 64'0000000000000000000000000000000000000000000000000000000000000000
Found init rule in `\RAM32X1D_1.$proc$/usr/bin/../share/yosys/xilinx/cells_sim.v:1561$936'.
  Set init value: \mem = 0
Found init rule in `\RAM32X1D.$proc$/usr/bin/../share/yosys/xilinx/cells_sim.v:1502$918'.
  Set init value: \mem = 0
Found init rule in `\FDPE_1.$proc$/usr/bin/../share/yosys/xilinx/cells_sim.v:0$846'.
  Set init value: \Q = 1'1
Found init rule in `\FDPE.$proc$/usr/bin/../share/yosys/xilinx/cells_sim.v:0$842'.
  Set init value: \Q = 1'1
Found init rule in `\FDCE_1.$proc$/usr/bin/../share/yosys/xilinx/cells_sim.v:0$828'.
  Set init value: \Q = 1'0
Found init rule in `\FDCE.$proc$/usr/bin/../share/yosys/xilinx/cells_sim.v:0$824'.
  Set init value: \Q = 1'0
Found init rule in `\FDSE_1.$proc$/usr/bin/../share/yosys/xilinx/cells_sim.v:0$810'.
  Set init value: \Q = 1'1
Found init rule in `\FDSE.$proc$/usr/bin/../share/yosys/xilinx/cells_sim.v:0$806'.
  Set init value: \Q = 1'1
Found init rule in `\FDRE_1.$proc$/usr/bin/../share/yosys/xilinx/cells_sim.v:0$788'.
  Set init value: \Q = 1'0
Found init rule in `\FDRE.$proc$/usr/bin/../share/yosys/xilinx/cells_sim.v:0$784'.
  Set init value: \Q = 1'0

15.4.5. Executing PROC_ARST pass (detect async resets in processes).
Found async reset \PRE in `\FDPE_1.$proc$/usr/bin/../share/yosys/xilinx/cells_sim.v:815$843'.
Found async reset \PRE in `\FDPE.$proc$/usr/bin/../share/yosys/xilinx/cells_sim.v:774$840'.
Found async reset \CLR in `\FDCE_1.$proc$/usr/bin/../share/yosys/xilinx/cells_sim.v:736$825'.
Found async reset \CLR in `\FDCE.$proc$/usr/bin/../share/yosys/xilinx/cells_sim.v:695$822'.
Found async reset \rst_n in `\core_multi.$proc$rtl/core/core_multi.sv:194$199'.

15.4.6. Executing PROC_ROM pass (convert switches to ROMs).
Converted 0 switches.
<suppressed ~61 debug messages>

15.4.7. Executing PROC_MUX pass (convert decision trees to multiplexers).
Creating decoders for process `\SRLC32E.$proc$/usr/bin/../share/yosys/xilinx/cells_sim.v:2405$1281'.
Creating decoders for process `\SRLC32E.$proc$/usr/bin/../share/yosys/xilinx/cells_sim.v:2413$1280'.
     1/1: $0\r[31:0]
Creating decoders for process `\SRLC16E.$proc$/usr/bin/../share/yosys/xilinx/cells_sim.v:2361$1274'.
Creating decoders for process `\SRLC16E.$proc$/usr/bin/../share/yosys/xilinx/cells_sim.v:2369$1273'.
     1/1: $0\r[15:0]
Creating decoders for process `\SRLC16.$proc$/usr/bin/../share/yosys/xilinx/cells_sim.v:2329$1267'.
Creating decoders for process `\SRLC16.$proc$/usr/bin/../share/yosys/xilinx/cells_sim.v:2332$1266'.
Creating decoders for process `\SRL16E.$proc$/usr/bin/../share/yosys/xilinx/cells_sim.v:2292$1264'.
Creating decoders for process `\SRL16E.$proc$/usr/bin/../share/yosys/xilinx/cells_sim.v:2299$1263'.
     1/1: $0\r[15:0]
Creating decoders for process `\SRL16.$proc$/usr/bin/../share/yosys/xilinx/cells_sim.v:2264$1257'.
Creating decoders for process `\SRL16.$proc$/usr/bin/../share/yosys/xilinx/cells_sim.v:2266$1256'.
Creating decoders for process `\RAM64M.$proc$/usr/bin/../share/yosys/xilinx/cells_sim.v:1980$1230'.
Creating decoders for process `\RAM64M.$proc$/usr/bin/../share/yosys/xilinx/cells_sim.v:1979$1229'.
Creating decoders for process `\RAM64M.$proc$/usr/bin/../share/yosys/xilinx/cells_sim.v:1978$1228'.
Creating decoders for process `\RAM64M.$proc$/usr/bin/../share/yosys/xilinx/cells_sim.v:1977$1227'.
Creating decoders for process `\RAM64M.$proc$/usr/bin/../share/yosys/xilinx/cells_sim.v:1986$1152'.
     1/8: $1$lookahead\mem_d$1151[63:0]$1168
     2/8: $1$bitselwrite$pos$/usr/bin/../share/yosys/xilinx/cells_sim.v:1991$1142[5:0]$1164
     3/8: $1$lookahead\mem_c$1150[63:0]$1167
     4/8: $1$bitselwrite$pos$/usr/bin/../share/yosys/xilinx/cells_sim.v:1990$1141[5:0]$1163
     5/8: $1$lookahead\mem_b$1149[63:0]$1166
     6/8: $1$bitselwrite$pos$/usr/bin/../share/yosys/xilinx/cells_sim.v:1989$1140[5:0]$1162
     7/8: $1$lookahead\mem_a$1148[63:0]$1165
     8/8: $1$bitselwrite$pos$/usr/bin/../share/yosys/xilinx/cells_sim.v:1988$1139[5:0]$1161
Creating decoders for process `\RAM32M.$proc$/usr/bin/../share/yosys/xilinx/cells_sim.v:1806$1130'.
Creating decoders for process `\RAM32M.$proc$/usr/bin/../share/yosys/xilinx/cells_sim.v:1805$1129'.
Creating decoders for process `\RAM32M.$proc$/usr/bin/../share/yosys/xilinx/cells_sim.v:1804$1128'.
Creating decoders for process `\RAM32M.$proc$/usr/bin/../share/yosys/xilinx/cells_sim.v:1803$1127'.
Creating decoders for process `\RAM32M.$proc$/usr/bin/../share/yosys/xilinx/cells_sim.v:1812$1032'.
     1/8: $1$lookahead\mem_d$1031[63:0]$1048
     2/8: $1$bitselwrite$pos$/usr/bin/../share/yosys/xilinx/cells_sim.v:1817$1014[31:0]$1044
     3/8: $1$lookahead\mem_c$1030[63:0]$1047
     4/8: $1$bitselwrite$pos$/usr/bin/../share/yosys/xilinx/cells_sim.v:1816$1013[31:0]$1043
     5/8: $1$lookahead\mem_b$1029[63:0]$1046
     6/8: $1$bitselwrite$pos$/usr/bin/../share/yosys/xilinx/cells_sim.v:1815$1012[31:0]$1042
     7/8: $1$lookahead\mem_a$1028[63:0]$1045
     8/8: $1$bitselwrite$pos$/usr/bin/../share/yosys/xilinx/cells_sim.v:1814$1011[31:0]$1041
Creating decoders for process `\RAM128X1D.$proc$/usr/bin/../share/yosys/xilinx/cells_sim.v:1712$1009'.
Creating decoders for process `\RAM128X1D.$proc$/usr/bin/../share/yosys/xilinx/cells_sim.v:1716$979'.
     1/2: $1$lookahead\mem$978[127:0]$983
     2/2: $1$bitselwrite$pos$/usr/bin/../share/yosys/xilinx/cells_sim.v:1716$974[6:0]$982
Creating decoders for process `\RAM64X1D.$proc$/usr/bin/../share/yosys/xilinx/cells_sim.v:1607$972'.
Creating decoders for process `\RAM64X1D.$proc$/usr/bin/../share/yosys/xilinx/cells_sim.v:1611$942'.
     1/2: $1$lookahead\mem$941[63:0]$946
     2/2: $1$bitselwrite$pos$/usr/bin/../share/yosys/xilinx/cells_sim.v:1611$937[5:0]$945
Creating decoders for process `\RAM32X1D_1.$proc$/usr/bin/../share/yosys/xilinx/cells_sim.v:1561$936'.
Creating decoders for process `\RAM32X1D_1.$proc$/usr/bin/../share/yosys/xilinx/cells_sim.v:1565$924'.
     1/2: $1$lookahead\mem$923[31:0]$928
     2/2: $1$bitselwrite$pos$/usr/bin/../share/yosys/xilinx/cells_sim.v:1565$919[4:0]$927
Creating decoders for process `\RAM32X1D.$proc$/usr/bin/../share/yosys/xilinx/cells_sim.v:1502$918'.
Creating decoders for process `\RAM32X1D.$proc$/usr/bin/../share/yosys/xilinx/cells_sim.v:1506$894'.
     1/2: $1$lookahead\mem$893[31:0]$898
     2/2: $1$bitselwrite$pos$/usr/bin/../share/yosys/xilinx/cells_sim.v:1506$889[4:0]$897
Creating decoders for process `\FDPE_1.$proc$/usr/bin/../share/yosys/xilinx/cells_sim.v:0$846'.
Creating decoders for process `\FDPE_1.$proc$/usr/bin/../share/yosys/xilinx/cells_sim.v:815$843'.
     1/1: $0\Q[0:0]
Creating decoders for process `\FDPE.$proc$/usr/bin/../share/yosys/xilinx/cells_sim.v:0$842'.
Creating decoders for process `\FDPE.$proc$/usr/bin/../share/yosys/xilinx/cells_sim.v:774$840'.
     1/1: $0\Q[0:0]
Creating decoders for process `\FDCE_1.$proc$/usr/bin/../share/yosys/xilinx/cells_sim.v:0$828'.
Creating decoders for process `\FDCE_1.$proc$/usr/bin/../share/yosys/xilinx/cells_sim.v:736$825'.
     1/1: $0\Q[0:0]
Creating decoders for process `\FDCE.$proc$/usr/bin/../share/yosys/xilinx/cells_sim.v:0$824'.
Creating decoders for process `\FDCE.$proc$/usr/bin/../share/yosys/xilinx/cells_sim.v:695$822'.
     1/1: $0\Q[0:0]
Creating decoders for process `\FDSE_1.$proc$/usr/bin/../share/yosys/xilinx/cells_sim.v:0$810'.
Creating decoders for process `\FDSE_1.$proc$/usr/bin/../share/yosys/xilinx/cells_sim.v:592$807'.
     1/1: $0\Q[0:0]
Creating decoders for process `\FDSE.$proc$/usr/bin/../share/yosys/xilinx/cells_sim.v:0$806'.
Creating decoders for process `\FDSE.$proc$/usr/bin/../share/yosys/xilinx/cells_sim.v:559$803'.
     1/1: $0\Q[0:0]
Creating decoders for process `\FDRE_1.$proc$/usr/bin/../share/yosys/xilinx/cells_sim.v:0$788'.
Creating decoders for process `\FDRE_1.$proc$/usr/bin/../share/yosys/xilinx/cells_sim.v:527$785'.
     1/1: $0\Q[0:0]
Creating decoders for process `\FDRE.$proc$/usr/bin/../share/yosys/xilinx/cells_sim.v:0$784'.
Creating decoders for process `\FDRE.$proc$/usr/bin/../share/yosys/xilinx/cells_sim.v:494$781'.
     1/1: $0\Q[0:0]
Creating decoders for process `\core_multi.$flatten\u_alu.$proc$rtl/core/alu.sv:0$4'.
     1/1: $flatten\u_alu.$1\y[31:0]
Creating decoders for process `\core_multi.$flatten\u_imm.$proc$rtl/core/imm_gen.sv:0$39'.
     1/1: $flatten\u_imm.$1\imm[31:0]
Creating decoders for process `\core_multi.$flatten\u_rf.$proc$rtl/core/regfile.sv:32$210'.
     1/3: $flatten\u_rf.$1$memwr$\regs$rtl/core/regfile.sv:34$209_EN[31:0]$218
     2/3: $flatten\u_rf.$1$memwr$\regs$rtl/core/regfile.sv:34$209_DATA[31:0]$217
     3/3: $flatten\u_rf.$1$memwr$\regs$rtl/core/regfile.sv:34$209_ADDR[4:0]$216
Creating decoders for process `\core_multi.$flatten\u_rf.$proc$rtl/core/regfile.sv:0$229'.
     1/4: $flatten\u_rf.$2\rdata2[31:0]
     2/4: $flatten\u_rf.$1\rdata2[31:0]
     3/4: $flatten\u_rf.$2\rdata1[31:0]
     4/4: $flatten\u_rf.$1\rdata1[31:0]
Creating decoders for process `\core_multi.$flatten\u_dec.$proc$rtl/core/decoder.sv:0$40'.
     1/67: $flatten\u_dec.$3\is_cus[0:0]
     2/67: $flatten\u_dec.$3\is_mret[0:0]
     3/67: $flatten\u_dec.$4\br_type[2:0]
     4/67: $flatten\u_dec.$3\mem_we[0:0]
     5/67: $flatten\u_dec.$5\reg_we[0:0]
     6/67: $flatten\u_dec.$2\is_cus[0:0]
     7/67: $flatten\u_dec.$4\wb_sel[1:0]
     8/67: $flatten\u_dec.$4\reg_we[0:0]
     9/67: $flatten\u_dec.$23\illegal[0:0]
    10/67: $flatten\u_dec.$2\is_mret[0:0]
    11/67: $flatten\u_dec.$22\illegal[0:0]
    12/67: $flatten\u_dec.$21\illegal[0:0]
    13/67: $flatten\u_dec.$20\illegal[0:0]
    14/67: $flatten\u_dec.$12\alu_op[3:0]
    15/67: $flatten\u_dec.$19\illegal[0:0]
    16/67: $flatten\u_dec.$11\alu_op[3:0]
    17/67: $flatten\u_dec.$18\illegal[0:0]
    18/67: $flatten\u_dec.$17\illegal[0:0]
    19/67: $flatten\u_dec.$16\illegal[0:0]
    20/67: $flatten\u_dec.$15\illegal[0:0]
    21/67: $flatten\u_dec.$14\illegal[0:0]
    22/67: $flatten\u_dec.$10\alu_op[3:0]
    23/67: $flatten\u_dec.$13\illegal[0:0]
    24/67: $flatten\u_dec.$9\alu_op[3:0]
    25/67: $flatten\u_dec.$12\illegal[0:0]
    26/67: $flatten\u_dec.$8\alu_op[3:0]
    27/67: $flatten\u_dec.$11\illegal[0:0]
    28/67: $flatten\u_dec.$10\illegal[0:0]
    29/67: $flatten\u_dec.$7\alu_op[3:0]
    30/67: $flatten\u_dec.$6\alu_op[3:0]
    31/67: $flatten\u_dec.$9\illegal[0:0]
    32/67: $flatten\u_dec.$5\alu_op[3:0]
    33/67: $flatten\u_dec.$8\illegal[0:0]
    34/67: $flatten\u_dec.$7\illegal[0:0]
    35/67: $flatten\u_dec.$4\alu_op[3:0]
    36/67: $flatten\u_dec.$6\illegal[0:0]
    37/67: $flatten\u_dec.$4\imm_type[2:0]
    38/67: $flatten\u_dec.$3\alu_op[3:0]
    39/67: $flatten\u_dec.$3\alu_b_imm[0:0]
    40/67: $flatten\u_dec.$2\mem_we[0:0]
    41/67: $flatten\u_dec.$5\illegal[0:0]
    42/67: $flatten\u_dec.$3\imm_type[2:0]
    43/67: $flatten\u_dec.$2\alu_op[3:0]
    44/67: $flatten\u_dec.$2\alu_b_imm[0:0]
    45/67: $flatten\u_dec.$3\wb_sel[1:0]
    46/67: $flatten\u_dec.$3\reg_we[0:0]
    47/67: $flatten\u_dec.$4\illegal[0:0]
    48/67: $flatten\u_dec.$3\br_type[2:0]
    49/67: $flatten\u_dec.$3\illegal[0:0]
    50/67: $flatten\u_dec.$2\imm_type[2:0]
    51/67: $flatten\u_dec.$2\jalr[0:0]
    52/67: $flatten\u_dec.$2\br_type[2:0]
    53/67: $flatten\u_dec.$2\wb_sel[1:0]
    54/67: $flatten\u_dec.$2\reg_we[0:0]
    55/67: $flatten\u_dec.$2\illegal[0:0]
    56/67: $flatten\u_dec.$1\imm_type[2:0]
    57/67: $flatten\u_dec.$1\alu_op[3:0]
    58/67: $flatten\u_dec.$1\alu_b_imm[0:0]
    59/67: $flatten\u_dec.$1\alu_a_sel[1:0]
    60/67: $flatten\u_dec.$1\reg_we[0:0]
    61/67: $flatten\u_dec.$1\illegal[0:0]
    62/67: $flatten\u_dec.$1\is_cus[0:0]
    63/67: $flatten\u_dec.$1\is_mret[0:0]
    64/67: $flatten\u_dec.$1\jalr[0:0]
    65/67: $flatten\u_dec.$1\br_type[2:0]
    66/67: $flatten\u_dec.$1\mem_we[0:0]
    67/67: $flatten\u_dec.$1\wb_sel[1:0]
Creating decoders for process `\core_multi.$proc$rtl/core/core_multi.sv:194$199'.
     1/10: $0\load_data[31:0]
     2/10: $0\ex_result[31:0]
     3/10: $0\rs2_val[31:0]
     4/10: $0\rs1_val[31:0]
     5/10: $0\in_handler[0:0]
     6/10: $0\epc[31:0]
     7/10: $0\nextpc_q[31:0]
     8/10: $0\pc[31:0]
     9/10: $0\state[2:0]
    10/10: $0\instr[31:0]
Creating decoders for process `\core_multi.$proc$rtl/core/core_multi.sv:0$186'.
     1/1: $1\state_next[2:0]
Creating decoders for process `\core_multi.$proc$rtl/core/core_multi.sv:0$168'.
     1/1: $1\br_cond[0:0]
Creating decoders for process `\core_multi.$proc$rtl/core/core_multi.sv:0$166'.
     1/1: $1\alu_a[31:0]

15.4.8. Executing PROC_DLATCH pass (convert process syncs to latches).
No latch inferred for signal `\core_multi.\u_alu.y' from process `\core_multi.$flatten\u_alu.$proc$rtl/core/alu.sv:0$4'.
No latch inferred for signal `\core_multi.\u_imm.imm' from process `\core_multi.$flatten\u_imm.$proc$rtl/core/imm_gen.sv:0$39'.
No latch inferred for signal `\core_multi.\u_rf.rdata1' from process `\core_multi.$flatten\u_rf.$proc$rtl/core/regfile.sv:0$229'.
No latch inferred for signal `\core_multi.\u_rf.rdata2' from process `\core_multi.$flatten\u_rf.$proc$rtl/core/regfile.sv:0$229'.
No latch inferred for signal `\core_multi.\u_dec.imm_type' from process `\core_multi.$flatten\u_dec.$proc$rtl/core/decoder.sv:0$40'.
No latch inferred for signal `\core_multi.\u_dec.reg_we' from process `\core_multi.$flatten\u_dec.$proc$rtl/core/decoder.sv:0$40'.
No latch inferred for signal `\core_multi.\u_dec.wb_sel' from process `\core_multi.$flatten\u_dec.$proc$rtl/core/decoder.sv:0$40'.
No latch inferred for signal `\core_multi.\u_dec.mem_we' from process `\core_multi.$flatten\u_dec.$proc$rtl/core/decoder.sv:0$40'.
No latch inferred for signal `\core_multi.\u_dec.alu_a_sel' from process `\core_multi.$flatten\u_dec.$proc$rtl/core/decoder.sv:0$40'.
No latch inferred for signal `\core_multi.\u_dec.alu_b_imm' from process `\core_multi.$flatten\u_dec.$proc$rtl/core/decoder.sv:0$40'.
No latch inferred for signal `\core_multi.\u_dec.alu_op' from process `\core_multi.$flatten\u_dec.$proc$rtl/core/decoder.sv:0$40'.
No latch inferred for signal `\core_multi.\u_dec.br_type' from process `\core_multi.$flatten\u_dec.$proc$rtl/core/decoder.sv:0$40'.
No latch inferred for signal `\core_multi.\u_dec.jalr' from process `\core_multi.$flatten\u_dec.$proc$rtl/core/decoder.sv:0$40'.
No latch inferred for signal `\core_multi.\u_dec.is_mret' from process `\core_multi.$flatten\u_dec.$proc$rtl/core/decoder.sv:0$40'.
No latch inferred for signal `\core_multi.\u_dec.is_cus' from process `\core_multi.$flatten\u_dec.$proc$rtl/core/decoder.sv:0$40'.
No latch inferred for signal `\core_multi.\u_dec.illegal' from process `\core_multi.$flatten\u_dec.$proc$rtl/core/decoder.sv:0$40'.
No latch inferred for signal `\core_multi.\state_next' from process `\core_multi.$proc$rtl/core/core_multi.sv:0$186'.
No latch inferred for signal `\core_multi.\br_cond' from process `\core_multi.$proc$rtl/core/core_multi.sv:0$168'.
No latch inferred for signal `\core_multi.\alu_a' from process `\core_multi.$proc$rtl/core/core_multi.sv:0$166'.

15.4.9. Executing PROC_DFF pass (convert process syncs to FFs).
Creating register for signal `\SRLC32E.\r' using process `\SRLC32E.$proc$/usr/bin/../share/yosys/xilinx/cells_sim.v:2413$1280'.
  created $dff cell `$procdff$2341' with positive edge clock.
Creating register for signal `\SRLC16E.\r' using process `\SRLC16E.$proc$/usr/bin/../share/yosys/xilinx/cells_sim.v:2369$1273'.
  created $dff cell `$procdff$2342' with positive edge clock.
Creating register for signal `\SRLC16.\r' using process `\SRLC16.$proc$/usr/bin/../share/yosys/xilinx/cells_sim.v:2332$1266'.
  created $dff cell `$procdff$2343' with positive edge clock.
Creating register for signal `\SRL16E.\r' using process `\SRL16E.$proc$/usr/bin/../share/yosys/xilinx/cells_sim.v:2299$1263'.
  created $dff cell `$procdff$2344' with positive edge clock.
Creating register for signal `\SRL16.\r' using process `\SRL16.$proc$/usr/bin/../share/yosys/xilinx/cells_sim.v:2266$1256'.
  created $dff cell `$procdff$2345' with positive edge clock.
Creating register for signal `\RAM64M.\mem_a' using process `\RAM64M.$proc$/usr/bin/../share/yosys/xilinx/cells_sim.v:1986$1152'.
  created $dff cell `$procdff$2346' with positive edge clock.
Creating register for signal `\RAM64M.\mem_b' using process `\RAM64M.$proc$/usr/bin/../share/yosys/xilinx/cells_sim.v:1986$1152'.
  created $dff cell `$procdff$2347' with positive edge clock.
Creating register for signal `\RAM64M.\mem_c' using process `\RAM64M.$proc$/usr/bin/../share/yosys/xilinx/cells_sim.v:1986$1152'.
  created $dff cell `$procdff$2348' with positive edge clock.
Creating register for signal `\RAM64M.\mem_d' using process `\RAM64M.$proc$/usr/bin/../share/yosys/xilinx/cells_sim.v:1986$1152'.
  created $dff cell `$procdff$2349' with positive edge clock.
Creating register for signal `\RAM64M.$bitselwrite$pos$/usr/bin/../share/yosys/xilinx/cells_sim.v:1988$1139' using process `\RAM64M.$proc$/usr/bin/../share/yosys/xilinx/cells_sim.v:1986$1152'.
  created $dff cell `$procdff$2350' with positive edge clock.
Creating register for signal `\RAM64M.$bitselwrite$pos$/usr/bin/../share/yosys/xilinx/cells_sim.v:1989$1140' using process `\RAM64M.$proc$/usr/bin/../share/yosys/xilinx/cells_sim.v:1986$1152'.
  created $dff cell `$procdff$2351' with positive edge clock.
Creating register for signal `\RAM64M.$bitselwrite$pos$/usr/bin/../share/yosys/xilinx/cells_sim.v:1990$1141' using process `\RAM64M.$proc$/usr/bin/../share/yosys/xilinx/cells_sim.v:1986$1152'.
  created $dff cell `$procdff$2352' with positive edge clock.
Creating register for signal `\RAM64M.$bitselwrite$pos$/usr/bin/../share/yosys/xilinx/cells_sim.v:1991$1142' using process `\RAM64M.$proc$/usr/bin/../share/yosys/xilinx/cells_sim.v:1986$1152'.
  created $dff cell `$procdff$2353' with positive edge clock.
Creating register for signal `\RAM64M.$lookahead\mem_a$1148' using process `\RAM64M.$proc$/usr/bin/../share/yosys/xilinx/cells_sim.v:1986$1152'.
  created $dff cell `$procdff$2354' with positive edge clock.
Creating register for signal `\RAM64M.$lookahead\mem_b$1149' using process `\RAM64M.$proc$/usr/bin/../share/yosys/xilinx/cells_sim.v:1986$1152'.
  created $dff cell `$procdff$2355' with positive edge clock.
Creating register for signal `\RAM64M.$lookahead\mem_c$1150' using process `\RAM64M.$proc$/usr/bin/../share/yosys/xilinx/cells_sim.v:1986$1152'.
  created $dff cell `$procdff$2356' with positive edge clock.
Creating register for signal `\RAM64M.$lookahead\mem_d$1151' using process `\RAM64M.$proc$/usr/bin/../share/yosys/xilinx/cells_sim.v:1986$1152'.
  created $dff cell `$procdff$2357' with positive edge clock.
Creating register for signal `\RAM32M.\mem_a' using process `\RAM32M.$proc$/usr/bin/../share/yosys/xilinx/cells_sim.v:1812$1032'.
  created $dff cell `$procdff$2358' with positive edge clock.
Creating register for signal `\RAM32M.\mem_b' using process `\RAM32M.$proc$/usr/bin/../share/yosys/xilinx/cells_sim.v:1812$1032'.
  created $dff cell `$procdff$2359' with positive edge clock.
Creating register for signal `\RAM32M.\mem_c' using process `\RAM32M.$proc$/usr/bin/../share/yosys/xilinx/cells_sim.v:1812$1032'.
  created $dff cell `$procdff$2360' with positive edge clock.
Creating register for signal `\RAM32M.\mem_d' using process `\RAM32M.$proc$/usr/bin/../share/yosys/xilinx/cells_sim.v:1812$1032'.
  created $dff cell `$procdff$2361' with positive edge clock.
Creating register for signal `\RAM32M.$bitselwrite$pos$/usr/bin/../share/yosys/xilinx/cells_sim.v:1814$1011' using process `\RAM32M.$proc$/usr/bin/../share/yosys/xilinx/cells_sim.v:1812$1032'.
  created $dff cell `$procdff$2362' with positive edge clock.
Creating register for signal `\RAM32M.$bitselwrite$pos$/usr/bin/../share/yosys/xilinx/cells_sim.v:1815$1012' using process `\RAM32M.$proc$/usr/bin/../share/yosys/xilinx/cells_sim.v:1812$1032'.
  created $dff cell `$procdff$2363' with positive edge clock.
Creating register for signal `\RAM32M.$bitselwrite$pos$/usr/bin/../share/yosys/xilinx/cells_sim.v:1816$1013' using process `\RAM32M.$proc$/usr/bin/../share/yosys/xilinx/cells_sim.v:1812$1032'.
  created $dff cell `$procdff$2364' with positive edge clock.
Creating register for signal `\RAM32M.$bitselwrite$pos$/usr/bin/../share/yosys/xilinx/cells_sim.v:1817$1014' using process `\RAM32M.$proc$/usr/bin/../share/yosys/xilinx/cells_sim.v:1812$1032'.
  created $dff cell `$procdff$2365' with positive edge clock.
Creating register for signal `\RAM32M.$lookahead\mem_a$1028' using process `\RAM32M.$proc$/usr/bin/../share/yosys/xilinx/cells_sim.v:1812$1032'.
  created $dff cell `$procdff$2366' with positive edge clock.
Creating register for signal `\RAM32M.$lookahead\mem_b$1029' using process `\RAM32M.$proc$/usr/bin/../share/yosys/xilinx/cells_sim.v:1812$1032'.
  created $dff cell `$procdff$2367' with positive edge clock.
Creating register for signal `\RAM32M.$lookahead\mem_c$1030' using process `\RAM32M.$proc$/usr/bin/../share/yosys/xilinx/cells_sim.v:1812$1032'.
  created $dff cell `$procdff$2368' with positive edge clock.
Creating register for signal `\RAM32M.$lookahead\mem_d$1031' using process `\RAM32M.$proc$/usr/bin/../share/yosys/xilinx/cells_sim.v:1812$1032'.
  created $dff cell `$procdff$2369' with positive edge clock.
Creating register for signal `\RAM128X1D.\mem' using process `\RAM128X1D.$proc$/usr/bin/../share/yosys/xilinx/cells_sim.v:1716$979'.
  created $dff cell `$procdff$2370' with positive edge clock.
Creating register for signal `\RAM128X1D.$bitselwrite$pos$/usr/bin/../share/yosys/xilinx/cells_sim.v:1716$974' using process `\RAM128X1D.$proc$/usr/bin/../share/yosys/xilinx/cells_sim.v:1716$979'.
  created $dff cell `$procdff$2371' with positive edge clock.
Creating register for signal `\RAM128X1D.$lookahead\mem$978' using process `\RAM128X1D.$proc$/usr/bin/../share/yosys/xilinx/cells_sim.v:1716$979'.
  created $dff cell `$procdff$2372' with positive edge clock.
Creating register for signal `\RAM64X1D.\mem' using process `\RAM64X1D.$proc$/usr/bin/../share/yosys/xilinx/cells_sim.v:1611$942'.
  created $dff cell `$procdff$2373' with positive edge clock.
Creating register for signal `\RAM64X1D.$bitselwrite$pos$/usr/bin/../share/yosys/xilinx/cells_sim.v:1611$937' using process `\RAM64X1D.$proc$/usr/bin/../share/yosys/xilinx/cells_sim.v:1611$942'.
  created $dff cell `$procdff$2374' with positive edge clock.
Creating register for signal `\RAM64X1D.$lookahead\mem$941' using process `\RAM64X1D.$proc$/usr/bin/../share/yosys/xilinx/cells_sim.v:1611$942'.
  created $dff cell `$procdff$2375' with positive edge clock.
Creating register for signal `\RAM32X1D_1.\mem' using process `\RAM32X1D_1.$proc$/usr/bin/../share/yosys/xilinx/cells_sim.v:1565$924'.
  created $dff cell `$procdff$2376' with negative edge clock.
Creating register for signal `\RAM32X1D_1.$bitselwrite$pos$/usr/bin/../share/yosys/xilinx/cells_sim.v:1565$919' using process `\RAM32X1D_1.$proc$/usr/bin/../share/yosys/xilinx/cells_sim.v:1565$924'.
  created $dff cell `$procdff$2377' with negative edge clock.
Creating register for signal `\RAM32X1D_1.$lookahead\mem$923' using process `\RAM32X1D_1.$proc$/usr/bin/../share/yosys/xilinx/cells_sim.v:1565$924'.
  created $dff cell `$procdff$2378' with negative edge clock.
Creating register for signal `\RAM32X1D.\mem' using process `\RAM32X1D.$proc$/usr/bin/../share/yosys/xilinx/cells_sim.v:1506$894'.
  created $dff cell `$procdff$2379' with positive edge clock.
Creating register for signal `\RAM32X1D.$bitselwrite$pos$/usr/bin/../share/yosys/xilinx/cells_sim.v:1506$889' using process `\RAM32X1D.$proc$/usr/bin/../share/yosys/xilinx/cells_sim.v:1506$894'.
  created $dff cell `$procdff$2380' with positive edge clock.
Creating register for signal `\RAM32X1D.$lookahead\mem$893' using process `\RAM32X1D.$proc$/usr/bin/../share/yosys/xilinx/cells_sim.v:1506$894'.
  created $dff cell `$procdff$2381' with positive edge clock.
Creating register for signal `\FDPE_1.\Q' using process `\FDPE_1.$proc$/usr/bin/../share/yosys/xilinx/cells_sim.v:815$843'.
  created $adff cell `$procdff$2384' with negative edge clock and positive level reset.
Creating register for signal `\FDPE.\Q' using process `\FDPE.$proc$/usr/bin/../share/yosys/xilinx/cells_sim.v:774$840'.
  created $adff cell `$procdff$2387' with positive edge clock and positive level reset.
Creating register for signal `\FDCE_1.\Q' using process `\FDCE_1.$proc$/usr/bin/../share/yosys/xilinx/cells_sim.v:736$825'.
  created $adff cell `$procdff$2390' with negative edge clock and positive level reset.
Creating register for signal `\FDCE.\Q' using process `\FDCE.$proc$/usr/bin/../share/yosys/xilinx/cells_sim.v:695$822'.
  created $adff cell `$procdff$2393' with positive edge clock and positive level reset.
Creating register for signal `\FDSE_1.\Q' using process `\FDSE_1.$proc$/usr/bin/../share/yosys/xilinx/cells_sim.v:592$807'.
  created $dff cell `$procdff$2394' with negative edge clock.
Creating register for signal `\FDSE.\Q' using process `\FDSE.$proc$/usr/bin/../share/yosys/xilinx/cells_sim.v:559$803'.
  created $dff cell `$procdff$2395' with positive edge clock.
Creating register for signal `\FDRE_1.\Q' using process `\FDRE_1.$proc$/usr/bin/../share/yosys/xilinx/cells_sim.v:527$785'.
  created $dff cell `$procdff$2396' with negative edge clock.
Creating register for signal `\FDRE.\Q' using process `\FDRE.$proc$/usr/bin/../share/yosys/xilinx/cells_sim.v:494$781'.
  created $dff cell `$procdff$2397' with positive edge clock.
Creating register for signal `\core_multi.$flatten\u_rf.$memwr$\regs$rtl/core/regfile.sv:34$209_ADDR' using process `\core_multi.$flatten\u_rf.$proc$rtl/core/regfile.sv:32$210'.
  created $dff cell `$procdff$2398' with positive edge clock.
Creating register for signal `\core_multi.$flatten\u_rf.$memwr$\regs$rtl/core/regfile.sv:34$209_DATA' using process `\core_multi.$flatten\u_rf.$proc$rtl/core/regfile.sv:32$210'.
  created $dff cell `$procdff$2399' with positive edge clock.
Creating register for signal `\core_multi.$flatten\u_rf.$memwr$\regs$rtl/core/regfile.sv:34$209_EN' using process `\core_multi.$flatten\u_rf.$proc$rtl/core/regfile.sv:32$210'.
  created $dff cell `$procdff$2400' with positive edge clock.
Creating register for signal `\core_multi.\instr' using process `\core_multi.$proc$rtl/core/core_multi.sv:194$199'.
  created $adff cell `$procdff$2405' with positive edge clock and positive level reset.
Creating register for signal `\core_multi.\state' using process `\core_multi.$proc$rtl/core/core_multi.sv:194$199'.
  created $adff cell `$procdff$2410' with positive edge clock and positive level reset.
Creating register for signal `\core_multi.\pc' using process `\core_multi.$proc$rtl/core/core_multi.sv:194$199'.
  created $adff cell `$procdff$2415' with positive edge clock and positive level reset.
Creating register for signal `\core_multi.\nextpc_q' using process `\core_multi.$proc$rtl/core/core_multi.sv:194$199'.
  created $adff cell `$procdff$2420' with positive edge clock and positive level reset.
Creating register for signal `\core_multi.\epc' using process `\core_multi.$proc$rtl/core/core_multi.sv:194$199'.
  created $adff cell `$procdff$2425' with positive edge clock and positive level reset.
Creating register for signal `\core_multi.\in_handler' using process `\core_multi.$proc$rtl/core/core_multi.sv:194$199'.
  created $adff cell `$procdff$2430' with positive edge clock and positive level reset.
Creating register for signal `\core_multi.\rs1_val' using process `\core_multi.$proc$rtl/core/core_multi.sv:194$199'.
  created $adff cell `$procdff$2435' with positive edge clock and positive level reset.
Creating register for signal `\core_multi.\rs2_val' using process `\core_multi.$proc$rtl/core/core_multi.sv:194$199'.
  created $adff cell `$procdff$2440' with positive edge clock and positive level reset.
Creating register for signal `\core_multi.\ex_result' using process `\core_multi.$proc$rtl/core/core_multi.sv:194$199'.
  created $adff cell `$procdff$2445' with positive edge clock and positive level reset.
Creating register for signal `\core_multi.\load_data' using process `\core_multi.$proc$rtl/core/core_multi.sv:194$199'.
  created $adff cell `$procdff$2450' with positive edge clock and positive level reset.

15.4.10. Executing PROC_MEMWR pass (convert process memory writes to cells).

15.4.11. Executing PROC_CLEAN pass (remove empty switches from decision trees).
Removing empty process `SRLC32E.$proc$/usr/bin/../share/yosys/xilinx/cells_sim.v:2405$1281'.
Found and cleaned up 1 empty switch in `\SRLC32E.$proc$/usr/bin/../share/yosys/xilinx/cells_sim.v:2413$1280'.
Removing empty process `SRLC32E.$proc$/usr/bin/../share/yosys/xilinx/cells_sim.v:2413$1280'.
Removing empty process `SRLC16E.$proc$/usr/bin/../share/yosys/xilinx/cells_sim.v:2361$1274'.
Found and cleaned up 1 empty switch in `\SRLC16E.$proc$/usr/bin/../share/yosys/xilinx/cells_sim.v:2369$1273'.
Removing empty process `SRLC16E.$proc$/usr/bin/../share/yosys/xilinx/cells_sim.v:2369$1273'.
Removing empty process `SRLC16.$proc$/usr/bin/../share/yosys/xilinx/cells_sim.v:2329$1267'.
Removing empty process `SRLC16.$proc$/usr/bin/../share/yosys/xilinx/cells_sim.v:2332$1266'.
Removing empty process `SRL16E.$proc$/usr/bin/../share/yosys/xilinx/cells_sim.v:2292$1264'.
Found and cleaned up 1 empty switch in `\SRL16E.$proc$/usr/bin/../share/yosys/xilinx/cells_sim.v:2299$1263'.
Removing empty process `SRL16E.$proc$/usr/bin/../share/yosys/xilinx/cells_sim.v:2299$1263'.
Removing empty process `SRL16.$proc$/usr/bin/../share/yosys/xilinx/cells_sim.v:2264$1257'.
Removing empty process `SRL16.$proc$/usr/bin/../share/yosys/xilinx/cells_sim.v:2266$1256'.
Removing empty process `RAM64M.$proc$/usr/bin/../share/yosys/xilinx/cells_sim.v:1980$1230'.
Removing empty process `RAM64M.$proc$/usr/bin/../share/yosys/xilinx/cells_sim.v:1979$1229'.
Removing empty process `RAM64M.$proc$/usr/bin/../share/yosys/xilinx/cells_sim.v:1978$1228'.
Removing empty process `RAM64M.$proc$/usr/bin/../share/yosys/xilinx/cells_sim.v:1977$1227'.
Found and cleaned up 1 empty switch in `\RAM64M.$proc$/usr/bin/../share/yosys/xilinx/cells_sim.v:1986$1152'.
Removing empty process `RAM64M.$proc$/usr/bin/../share/yosys/xilinx/cells_sim.v:1986$1152'.
Removing empty process `RAM32M.$proc$/usr/bin/../share/yosys/xilinx/cells_sim.v:1806$1130'.
Removing empty process `RAM32M.$proc$/usr/bin/../share/yosys/xilinx/cells_sim.v:1805$1129'.
Removing empty process `RAM32M.$proc$/usr/bin/../share/yosys/xilinx/cells_sim.v:1804$1128'.
Removing empty process `RAM32M.$proc$/usr/bin/../share/yosys/xilinx/cells_sim.v:1803$1127'.
Found and cleaned up 1 empty switch in `\RAM32M.$proc$/usr/bin/../share/yosys/xilinx/cells_sim.v:1812$1032'.
Removing empty process `RAM32M.$proc$/usr/bin/../share/yosys/xilinx/cells_sim.v:1812$1032'.
Removing empty process `RAM128X1D.$proc$/usr/bin/../share/yosys/xilinx/cells_sim.v:1712$1009'.
Found and cleaned up 1 empty switch in `\RAM128X1D.$proc$/usr/bin/../share/yosys/xilinx/cells_sim.v:1716$979'.
Removing empty process `RAM128X1D.$proc$/usr/bin/../share/yosys/xilinx/cells_sim.v:1716$979'.
Removing empty process `RAM64X1D.$proc$/usr/bin/../share/yosys/xilinx/cells_sim.v:1607$972'.
Found and cleaned up 1 empty switch in `\RAM64X1D.$proc$/usr/bin/../share/yosys/xilinx/cells_sim.v:1611$942'.
Removing empty process `RAM64X1D.$proc$/usr/bin/../share/yosys/xilinx/cells_sim.v:1611$942'.
Removing empty process `RAM32X1D_1.$proc$/usr/bin/../share/yosys/xilinx/cells_sim.v:1561$936'.
Found and cleaned up 1 empty switch in `\RAM32X1D_1.$proc$/usr/bin/../share/yosys/xilinx/cells_sim.v:1565$924'.
Removing empty process `RAM32X1D_1.$proc$/usr/bin/../share/yosys/xilinx/cells_sim.v:1565$924'.
Removing empty process `RAM32X1D.$proc$/usr/bin/../share/yosys/xilinx/cells_sim.v:1502$918'.
Found and cleaned up 1 empty switch in `\RAM32X1D.$proc$/usr/bin/../share/yosys/xilinx/cells_sim.v:1506$894'.
Removing empty process `RAM32X1D.$proc$/usr/bin/../share/yosys/xilinx/cells_sim.v:1506$894'.
Removing empty process `FDPE_1.$proc$/usr/bin/../share/yosys/xilinx/cells_sim.v:0$846'.
Found and cleaned up 1 empty switch in `\FDPE_1.$proc$/usr/bin/../share/yosys/xilinx/cells_sim.v:815$843'.
Removing empty process `FDPE_1.$proc$/usr/bin/../share/yosys/xilinx/cells_sim.v:815$843'.
Removing empty process `FDPE.$proc$/usr/bin/../share/yosys/xilinx/cells_sim.v:0$842'.
Found and cleaned up 1 empty switch in `\FDPE.$proc$/usr/bin/../share/yosys/xilinx/cells_sim.v:774$840'.
Removing empty process `FDPE.$proc$/usr/bin/../share/yosys/xilinx/cells_sim.v:774$840'.
Removing empty process `FDCE_1.$proc$/usr/bin/../share/yosys/xilinx/cells_sim.v:0$828'.
Found and cleaned up 1 empty switch in `\FDCE_1.$proc$/usr/bin/../share/yosys/xilinx/cells_sim.v:736$825'.
Removing empty process `FDCE_1.$proc$/usr/bin/../share/yosys/xilinx/cells_sim.v:736$825'.
Removing empty process `FDCE.$proc$/usr/bin/../share/yosys/xilinx/cells_sim.v:0$824'.
Found and cleaned up 1 empty switch in `\FDCE.$proc$/usr/bin/../share/yosys/xilinx/cells_sim.v:695$822'.
Removing empty process `FDCE.$proc$/usr/bin/../share/yosys/xilinx/cells_sim.v:695$822'.
Removing empty process `FDSE_1.$proc$/usr/bin/../share/yosys/xilinx/cells_sim.v:0$810'.
Found and cleaned up 2 empty switches in `\FDSE_1.$proc$/usr/bin/../share/yosys/xilinx/cells_sim.v:592$807'.
Removing empty process `FDSE_1.$proc$/usr/bin/../share/yosys/xilinx/cells_sim.v:592$807'.
Removing empty process `FDSE.$proc$/usr/bin/../share/yosys/xilinx/cells_sim.v:0$806'.
Found and cleaned up 2 empty switches in `\FDSE.$proc$/usr/bin/../share/yosys/xilinx/cells_sim.v:559$803'.
Removing empty process `FDSE.$proc$/usr/bin/../share/yosys/xilinx/cells_sim.v:559$803'.
Removing empty process `FDRE_1.$proc$/usr/bin/../share/yosys/xilinx/cells_sim.v:0$788'.
Found and cleaned up 2 empty switches in `\FDRE_1.$proc$/usr/bin/../share/yosys/xilinx/cells_sim.v:527$785'.
Removing empty process `FDRE_1.$proc$/usr/bin/../share/yosys/xilinx/cells_sim.v:527$785'.
Removing empty process `FDRE.$proc$/usr/bin/../share/yosys/xilinx/cells_sim.v:0$784'.
Found and cleaned up 2 empty switches in `\FDRE.$proc$/usr/bin/../share/yosys/xilinx/cells_sim.v:494$781'.
Removing empty process `FDRE.$proc$/usr/bin/../share/yosys/xilinx/cells_sim.v:494$781'.
Found and cleaned up 1 empty switch in `\core_multi.$flatten\u_alu.$proc$rtl/core/alu.sv:0$4'.
Removing empty process `core_multi.$flatten\u_alu.$proc$rtl/core/alu.sv:0$4'.
Found and cleaned up 1 empty switch in `\core_multi.$flatten\u_imm.$proc$rtl/core/imm_gen.sv:0$39'.
Removing empty process `core_multi.$flatten\u_imm.$proc$rtl/core/imm_gen.sv:0$39'.
Found and cleaned up 1 empty switch in `\core_multi.$flatten\u_rf.$proc$rtl/core/regfile.sv:32$210'.
Removing empty process `core_multi.$flatten\u_rf.$proc$rtl/core/regfile.sv:32$210'.
Found and cleaned up 4 empty switches in `\core_multi.$flatten\u_rf.$proc$rtl/core/regfile.sv:0$229'.
Removing empty process `core_multi.$flatten\u_rf.$proc$rtl/core/regfile.sv:0$229'.
Found and cleaned up 24 empty switches in `\core_multi.$flatten\u_dec.$proc$rtl/core/decoder.sv:0$40'.
Removing empty process `core_multi.$flatten\u_dec.$proc$rtl/core/decoder.sv:0$40'.
Found and cleaned up 6 empty switches in `\core_multi.$proc$rtl/core/core_multi.sv:194$199'.
Removing empty process `core_multi.$proc$rtl/core/core_multi.sv:194$199'.
Found and cleaned up 1 empty switch in `\core_multi.$proc$rtl/core/core_multi.sv:0$186'.
Removing empty process `core_multi.$proc$rtl/core/core_multi.sv:0$186'.
Found and cleaned up 1 empty switch in `\core_multi.$proc$rtl/core/core_multi.sv:0$168'.
Removing empty process `core_multi.$proc$rtl/core/core_multi.sv:0$168'.
Found and cleaned up 1 empty switch in `\core_multi.$proc$rtl/core/core_multi.sv:0$166'.
Removing empty process `core_multi.$proc$rtl/core/core_multi.sv:0$166'.
Cleaned up 61 empty switches.

15.4.12. Executing OPT_EXPR pass (perform const folding).
Optimizing module core_multi.
<suppressed ~71 debug messages>

15.5. Executing TRIBUF pass.

15.6. Executing DEMINOUT pass (demote inout ports to input or output).

15.7. Executing OPT_EXPR pass (perform const folding).
Optimizing module core_multi.

15.8. Executing OPT_CLEAN pass (remove unused cells and wires).
Finding unused cells or wires in module \core_multi..
Removed 18 unused cells and 253 unused wires.
<suppressed ~19 debug messages>

15.9. Executing CHECK pass (checking for obvious problems).
Checking module core_multi...
Found and reported 0 problems.

15.10. Executing OPT pass (performing simple optimizations).

15.10.1. Executing OPT_EXPR pass (perform const folding).
Optimizing module core_multi.

15.10.2. Executing OPT_MERGE pass (detect identical cells).
Finding identical cells in module `\core_multi'.
<suppressed ~552 debug messages>
Removed a total of 184 cells.

15.10.3. Executing OPT_MUXTREE pass (detect dead branches in mux trees).
Running muxtree optimizer on module \core_multi..
  Creating internal representation of mux trees.
  Evaluating internal representation of mux trees.
  Analyzing evaluation results.
    dead port 1/2 on $mux $procmux$1709.
    dead port 1/2 on $mux $procmux$1712.
    dead port 2/2 on $mux $procmux$1714.
    dead port 2/2 on $mux $procmux$1716.
    dead port 1/2 on $mux $procmux$1732.
    dead port 2/2 on $mux $procmux$1734.
    dead port 2/2 on $mux $procmux$1736.
    dead port 1/2 on $mux $procmux$1752.
    dead port 2/2 on $mux $procmux$1754.
    dead port 2/2 on $mux $procmux$1756.
    dead port 2/2 on $mux $procmux$1771.
    dead port 2/2 on $mux $procmux$1773.
    dead port 2/2 on $mux $procmux$1788.
    dead port 2/2 on $mux $procmux$1790.
    dead port 2/2 on $mux $procmux$1804.
    dead port 2/2 on $mux $procmux$1818.
    dead port 1/2 on $mux $procmux$1828.
    dead port 2/2 on $mux $procmux$1830.
    dead port 2/2 on $mux $procmux$1832.
    dead port 1/2 on $mux $procmux$1842.
    dead port 2/2 on $mux $procmux$1844.
    dead port 2/2 on $mux $procmux$1846.
    dead port 2/2 on $mux $procmux$1855.
    dead port 2/2 on $mux $procmux$1857.
    dead port 2/2 on $mux $procmux$1866.
    dead port 2/2 on $mux $procmux$1868.
    dead port 2/2 on $mux $procmux$1878.
    dead port 2/2 on $mux $procmux$1880.
    dead port 2/2 on $mux $procmux$1895.
    dead port 2/2 on $mux $procmux$1910.
    dead port 2/2 on $mux $procmux$1920.
    dead port 2/2 on $mux $procmux$1929.
    dead port 2/2 on $mux $procmux$1939.
    dead port 2/2 on $mux $procmux$1949.
    dead port 2/2 on $mux $procmux$1959.
    dead port 2/2 on $mux $procmux$1969.
    dead port 2/2 on $mux $procmux$1979.
    dead port 2/2 on $mux $procmux$1990.
    dead port 2/2 on $mux $procmux$2001.
    dead port 2/2 on $mux $procmux$2012.
    dead port 1/2 on $mux $procmux$1473.
    dead port 2/2 on $mux $procmux$2023.
    dead port 1/2 on $mux $procmux$1482.
    dead port 2/2 on $mux $procmux$2040.
    dead port 2/2 on $mux $procmux$1506.
    dead port 2/2 on $mux $procmux$1511.
    dead port 2/2 on $mux $procmux$2057.
    dead port 2/2 on $mux $procmux$2069.
    dead port 2/2 on $mux $procmux$2082.
    dead port 2/2 on $mux $procmux$1517.
    dead port 2/2 on $mux $procmux$2095.
    dead port 2/2 on $mux $procmux$2108.
    dead port 2/2 on $mux $procmux$2121.
    dead port 2/2 on $mux $procmux$1523.
    dead port 2/2 on $mux $procmux$2134.
    dead port 2/2 on $mux $procmux$1530.
    dead port 2/2 on $mux $procmux$1537.
    dead port 2/2 on $mux $procmux$1545.
    dead port 2/2 on $mux $procmux$1547.
    dead port 2/2 on $mux $procmux$1556.
    dead port 2/2 on $mux $procmux$1558.
    dead port 1/2 on $mux $procmux$1569.
    dead port 2/2 on $mux $procmux$1571.
    dead port 2/2 on $mux $procmux$1573.
    dead port 1/2 on $mux $procmux$1584.
    dead port 2/2 on $mux $procmux$1586.
    dead port 2/2 on $mux $procmux$1588.
    dead port 2/2 on $mux $procmux$1598.
    dead port 2/2 on $mux $procmux$1600.
    dead port 2/2 on $mux $procmux$1610.
    dead port 2/2 on $mux $procmux$1612.
    dead port 2/2 on $mux $procmux$1623.
    dead port 2/2 on $mux $procmux$1625.
    dead port 2/2 on $mux $procmux$1637.
    dead port 2/2 on $mux $procmux$1639.
    dead port 2/2 on $mux $procmux$1652.
    dead port 2/2 on $mux $procmux$1654.
    dead port 2/2 on $mux $procmux$1668.
    dead port 2/2 on $mux $procmux$1670.
    dead port 1/2 on $mux $procmux$1686.
    dead port 1/2 on $mux $procmux$1689.
    dead port 2/2 on $mux $procmux$1691.
    dead port 2/2 on $mux $procmux$1693.
Removed 83 multiplexer ports.
<suppressed ~32 debug messages>

15.10.4. Executing OPT_REDUCE pass (consolidate $*mux and $reduce_* inputs).
  Optimizing cells in module \core_multi.
    New ctrl vector for $pmux cell $procmux$1901: { $auto$opt_reduce.cc:137:opt_pmux$2453 $procmux$1669_CMP $procmux$1572_CMP }
    Consolidated identical input bits for $mux cell $procmux$1461:
      Old ports: A=0, B=32'11111111111111111111111111111111, Y=$flatten\u_rf.$0$memwr$\regs$rtl/core/regfile.sv:34$209_EN[31:0]$213
      New ports: A=1'0, B=1'1, Y=$flatten\u_rf.$0$memwr$\regs$rtl/core/regfile.sv:34$209_EN[31:0]$213 [0]
      New connections: $flatten\u_rf.$0$memwr$\regs$rtl/core/regfile.sv:34$209_EN[31:0]$213 [31:1] = { $flatten\u_rf.$0$memwr$\regs$rtl/core/regfile.sv:34$209_EN[31:0]$213 [0] $flatten\u_rf.$0$memwr$\regs$rtl/core/regfile.sv:34$209_EN[31:0]$213 [0] $flatten\u_rf.$0$memwr$\regs$rtl/core/regfile.sv:34$209_EN[31:0]$213 [0] $flatten\u_rf.$0$memwr$\regs$rtl/core/regfile.sv:34$209_EN[31:0]$213 [0] $flatten\u_rf.$0$memwr$\regs$rtl/core/regfile.sv:34$209_EN[31:0]$213 [0] $flatten\u_rf.$0$memwr$\regs$rtl/core/regfile.sv:34$209_EN[31:0]$213 [0] $flatten\u_rf.$0$memwr$\regs$rtl/core/regfile.sv:34$209_EN[31:0]$213 [0] $flatten\u_rf.$0$memwr$\regs$rtl/core/regfile.sv:34$209_EN[31:0]$213 [0] $flatten\u_rf.$0$memwr$\regs$rtl/core/regfile.sv:34$209_EN[31:0]$213 [0] $flatten\u_rf.$0$memwr$\regs$rtl/core/regfile.sv:34$209_EN[31:0]$213 [0] $flatten\u_rf.$0$memwr$\regs$rtl/core/regfile.sv:34$209_EN[31:0]$213 [0] $flatten\u_rf.$0$memwr$\regs$rtl/core/regfile.sv:34$209_EN[31:0]$213 [0] $flatten\u_rf.$0$memwr$\regs$rtl/core/regfile.sv:34$209_EN[31:0]$213 [0] $flatten\u_rf.$0$memwr$\regs$rtl/core/regfile.sv:34$209_EN[31:0]$213 [0] $flatten\u_rf.$0$memwr$\regs$rtl/core/regfile.sv:34$209_EN[31:0]$213 [0] $flatten\u_rf.$0$memwr$\regs$rtl/core/regfile.sv:34$209_EN[31:0]$213 [0] $flatten\u_rf.$0$memwr$\regs$rtl/core/regfile.sv:34$209_EN[31:0]$213 [0] $flatten\u_rf.$0$memwr$\regs$rtl/core/regfile.sv:34$209_EN[31:0]$213 [0] $flatten\u_rf.$0$memwr$\regs$rtl/core/regfile.sv:34$209_EN[31:0]$213 [0] $flatten\u_rf.$0$memwr$\regs$rtl/core/regfile.sv:34$209_EN[31:0]$213 [0] $flatten\u_rf.$0$memwr$\regs$rtl/core/regfile.sv:34$209_EN[31:0]$213 [0] $flatten\u_rf.$0$memwr$\regs$rtl/core/regfile.sv:34$209_EN[31:0]$213 [0] $flatten\u_rf.$0$memwr$\regs$rtl/core/regfile.sv:34$209_EN[31:0]$213 [0] $flatten\u_rf.$0$memwr$\regs$rtl/core/regfile.sv:34$209_EN[31:0]$213 [0] $flatten\u_rf.$0$memwr$\regs$rtl/core/regfile.sv:34$209_EN[31:0]$213 [0] $flatten\u_rf.$0$memwr$\regs$rtl/core/regfile.sv:34$209_EN[31:0]$213 [0] $flatten\u_rf.$0$memwr$\regs$rtl/core/regfile.sv:34$209_EN[31:0]$213 [0] $flatten\u_rf.$0$memwr$\regs$rtl/core/regfile.sv:34$209_EN[31:0]$213 [0] $flatten\u_rf.$0$memwr$\regs$rtl/core/regfile.sv:34$209_EN[31:0]$213 [0] $flatten\u_rf.$0$memwr$\regs$rtl/core/regfile.sv:34$209_EN[31:0]$213 [0] $flatten\u_rf.$0$memwr$\regs$rtl/core/regfile.sv:34$209_EN[31:0]$213 [0] }
    New ctrl vector for $pmux cell $procmux$2050: $auto$opt_reduce.cc:137:opt_pmux$2455
    New ctrl vector for $pmux cell $procmux$2141: { $auto$opt_reduce.cc:137:opt_pmux$2457 $procmux$2146_CMP $procmux$2041_CMP $procmux$1921_CMP }
    New ctrl vector for $pmux cell $procmux$2152: { $procmux$1833_CMP $procmux$1548_CMP }
    New ctrl vector for $pmux cell $procmux$2161: { $procmux$1970_CMP $procmux$1921_CMP $auto$opt_reduce.cc:137:opt_pmux$2459 }
    New ctrl vector for $pmux cell $procmux$2181: { $procmux$2070_CMP $procmux$1970_CMP $auto$opt_reduce.cc:137:opt_pmux$2461 $procmux$1507_CMP }
    New ctrl vector for $pmux cell $procmux$2191: { $auto$opt_reduce.cc:137:opt_pmux$2463 $procmux$2070_CMP $procmux$2041_CMP $procmux$1970_CMP $procmux$1921_CMP $procmux$1833_CMP $procmux$1548_CMP $procmux$1531_CMP $procmux$1507_CMP }
    New ctrl vector for $pmux cell $procmux$2239: { $procmux$2146_CMP $procmux$2070_CMP $procmux$1970_CMP }
    New ctrl vector for $pmux cell $procmux$2303: { $eq$rtl/core/core_multi.sv:192$195_Y $procmux$2257_CMP $auto$opt_reduce.cc:137:opt_pmux$2465 $eq$rtl/core/core_multi.sv:110$162_Y }
  Optimizing cells in module \core_multi.
Performed a total of 10 changes.

15.10.5. Executing OPT_MERGE pass (detect identical cells).
Finding identical cells in module `\core_multi'.
<suppressed ~57 debug messages>
Removed a total of 19 cells.

15.10.6. Executing OPT_DFF pass (perform DFF optimizations).

15.10.7. Executing OPT_CLEAN pass (remove unused cells and wires).
Finding unused cells or wires in module \core_multi..
Removed 0 unused cells and 286 unused wires.
<suppressed ~1 debug messages>

15.10.8. Executing OPT_EXPR pass (perform const folding).
Optimizing module core_multi.

15.10.9. Rerunning OPT passes. (Maybe there is more to do..)

15.10.10. Executing OPT_MUXTREE pass (detect dead branches in mux trees).
Running muxtree optimizer on module \core_multi..
  Creating internal representation of mux trees.
  Evaluating internal representation of mux trees.
  Analyzing evaluation results.
Removed 0 multiplexer ports.
<suppressed ~38 debug messages>

15.10.11. Executing OPT_REDUCE pass (consolidate $*mux and $reduce_* inputs).
  Optimizing cells in module \core_multi.
    New ctrl vector for $pmux cell $procmux$1795: { $flatten\u_dec.$eq$rtl/core/decoder.sv:168$59_Y $procmux$1572_CMP $auto$opt_reduce.cc:137:opt_pmux$2467 }
    New ctrl vector for $pmux cell $procmux$2161: { $auto$opt_reduce.cc:137:opt_pmux$2469 $auto$opt_reduce.cc:137:opt_pmux$2459 }
    New ctrl vector for $pmux cell $procmux$2181: { $procmux$1970_CMP $auto$opt_reduce.cc:137:opt_pmux$2461 $auto$opt_reduce.cc:137:opt_pmux$2471 }
    New ctrl vector for $pmux cell $procmux$2191: { $auto$opt_reduce.cc:137:opt_pmux$2463 $procmux$2041_CMP $auto$opt_reduce.cc:137:opt_pmux$2475 $procmux$1833_CMP $procmux$1548_CMP $procmux$1531_CMP $auto$opt_reduce.cc:137:opt_pmux$2473 }
  Optimizing cells in module \core_multi.
Performed a total of 4 changes.

15.10.12. Executing OPT_MERGE pass (detect identical cells).
Finding identical cells in module `\core_multi'.
<suppressed ~6 debug messages>
Removed a total of 2 cells.

15.10.13. Executing OPT_DFF pass (perform DFF optimizations).

15.10.14. Executing OPT_CLEAN pass (remove unused cells and wires).
Finding unused cells or wires in module \core_multi..
Removed 0 unused cells and 2 unused wires.
<suppressed ~1 debug messages>

15.10.15. Executing OPT_EXPR pass (perform const folding).
Optimizing module core_multi.

15.10.16. Rerunning OPT passes. (Maybe there is more to do..)

15.10.17. Executing OPT_MUXTREE pass (detect dead branches in mux trees).
Running muxtree optimizer on module \core_multi..
  Creating internal representation of mux trees.
  Evaluating internal representation of mux trees.
  Analyzing evaluation results.
Removed 0 multiplexer ports.
<suppressed ~38 debug messages>

15.10.18. Executing OPT_REDUCE pass (consolidate $*mux and $reduce_* inputs).
  Optimizing cells in module \core_multi.
Performed a total of 0 changes.

15.10.19. Executing OPT_MERGE pass (detect identical cells).
Finding identical cells in module `\core_multi'.
Removed a total of 0 cells.

15.10.20. Executing OPT_DFF pass (perform DFF optimizations).

15.10.21. Executing OPT_CLEAN pass (remove unused cells and wires).
Finding unused cells or wires in module \core_multi..

15.10.22. Executing OPT_EXPR pass (perform const folding).
Optimizing module core_multi.

15.10.23. Finished OPT passes. (There is nothing left to do.)

15.11. Executing FSM pass (extract and optimize FSM).

15.11.1. Executing FSM_DETECT pass (finding FSMs in design).
Not marking core_multi.state as FSM state register:
    Users of register don't seem to benefit from recoding.

15.11.2. Executing FSM_EXTRACT pass (extracting FSM from design).

15.11.3. Executing FSM_OPT pass (simple optimizations of FSMs).

15.11.4. Executing OPT_CLEAN pass (remove unused cells and wires).
Finding unused cells or wires in module \core_multi..

15.11.5. Executing FSM_OPT pass (simple optimizations of FSMs).

15.11.6. Executing FSM_RECODE pass (re-assigning FSM state encoding).

15.11.7. Executing FSM_INFO pass (dumping all available information on FSM cells).

15.11.8. Executing FSM_MAP pass (mapping FSMs to basic logic).

15.12. Executing OPT pass (performing simple optimizations).

15.12.1. Executing OPT_EXPR pass (perform const folding).
Optimizing module core_multi.

15.12.2. Executing OPT_MERGE pass (detect identical cells).
Finding identical cells in module `\core_multi'.
Removed a total of 0 cells.

15.12.3. Executing OPT_MUXTREE pass (detect dead branches in mux trees).
Running muxtree optimizer on module \core_multi..
  Creating internal representation of mux trees.
  Evaluating internal representation of mux trees.
  Analyzing evaluation results.
Removed 0 multiplexer ports.
<suppressed ~38 debug messages>

15.12.4. Executing OPT_REDUCE pass (consolidate $*mux and $reduce_* inputs).
  Optimizing cells in module \core_multi.
Performed a total of 0 changes.

15.12.5. Executing OPT_MERGE pass (detect identical cells).
Finding identical cells in module `\core_multi'.
Removed a total of 0 cells.

15.12.6. Executing OPT_DFF pass (perform DFF optimizations).
Adding EN signal on $procdff$2450 ($adff) from module core_multi (D = \dmem_rdata, Q = \load_data).
Adding EN signal on $procdff$2445 ($adff) from module core_multi (D = $ternary$rtl/core/core_multi.sv:231$204_Y, Q = \ex_result).
Adding EN signal on $procdff$2440 ($adff) from module core_multi (D = \u_rf.rdata2, Q = \rs2_val).
Adding EN signal on $procdff$2435 ($adff) from module core_multi (D = \u_rf.rdata1, Q = \rs1_val).
Adding EN signal on $procdff$2430 ($adff) from module core_multi (D = $0\in_handler[0:0], Q = \in_handler).
Adding EN signal on $procdff$2425 ($adff) from module core_multi (D = \pc, Q = \epc).
Adding EN signal on $procdff$2420 ($adff) from module core_multi (D = $0\nextpc_q[31:0], Q = \nextpc_q).
Adding EN signal on $procdff$2410 ($adff) from module core_multi (D = $0\state[2:0], Q = \state).
Adding EN signal on $procdff$2405 ($adff) from module core_multi (D = \imem_rdata, Q = \instr).

15.12.7. Executing OPT_CLEAN pass (remove unused cells and wires).
Finding unused cells or wires in module \core_multi..
Removed 9 unused cells and 9 unused wires.
<suppressed ~10 debug messages>

15.12.8. Executing OPT_EXPR pass (perform const folding).
Optimizing module core_multi.
<suppressed ~3 debug messages>

15.12.9. Rerunning OPT passes. (Maybe there is more to do..)

15.12.10. Executing OPT_MUXTREE pass (detect dead branches in mux trees).
Running muxtree optimizer on module \core_multi..
  Creating internal representation of mux trees.
  Evaluating internal representation of mux trees.
  Analyzing evaluation results.
Removed 0 multiplexer ports.
<suppressed ~35 debug messages>

15.12.11. Executing OPT_REDUCE pass (consolidate $*mux and $reduce_* inputs).
  Optimizing cells in module \core_multi.
Performed a total of 0 changes.

15.12.12. Executing OPT_MERGE pass (detect identical cells).
Finding identical cells in module `\core_multi'.
<suppressed ~6 debug messages>
Removed a total of 2 cells.

15.12.13. Executing OPT_DFF pass (perform DFF optimizations).

15.12.14. Executing OPT_CLEAN pass (remove unused cells and wires).
Finding unused cells or wires in module \core_multi..
Removed 0 unused cells and 2 unused wires.
<suppressed ~1 debug messages>

15.12.15. Executing OPT_EXPR pass (perform const folding).
Optimizing module core_multi.

15.12.16. Rerunning OPT passes. (Maybe there is more to do..)

15.12.17. Executing OPT_MUXTREE pass (detect dead branches in mux trees).
Running muxtree optimizer on module \core_multi..
  Creating internal representation of mux trees.
  Evaluating internal representation of mux trees.
  Analyzing evaluation results.
Removed 0 multiplexer ports.
<suppressed ~35 debug messages>

15.12.18. Executing OPT_REDUCE pass (consolidate $*mux and $reduce_* inputs).
  Optimizing cells in module \core_multi.
Performed a total of 0 changes.

15.12.19. Executing OPT_MERGE pass (detect identical cells).
Finding identical cells in module `\core_multi'.
Removed a total of 0 cells.

15.12.20. Executing OPT_DFF pass (perform DFF optimizations).

15.12.21. Executing OPT_CLEAN pass (remove unused cells and wires).
Finding unused cells or wires in module \core_multi..

15.12.22. Executing OPT_EXPR pass (perform const folding).
Optimizing module core_multi.

15.12.23. Finished OPT passes. (There is nothing left to do.)

15.13. Executing WREDUCE pass (reducing word size of cells).
Removed top 2 bits (of 32) from port B of cell core_multi.$flatten\u_dec.$eq$rtl/core/decoder.sv:161$58 ($eq).
Removed top 1 bits (of 3) from port B of cell core_multi.$flatten\u_dec.$eq$rtl/core/decoder.sv:105$43 ($eq).
Removed top 1 bits (of 7) from port B of cell core_multi.$flatten\u_dec.$eq$rtl/core/decoder.sv:131$46 ($eq).
Removed top 6 bits (of 7) from port B of cell core_multi.$flatten\u_dec.$eq$rtl/core/decoder.sv:143$49 ($eq).
Removed top 1 bits (of 2) from port B of cell core_multi.$eq$rtl/core/core_multi.sv:112$164 ($eq).
Removed top 1 bits (of 3) from port B of cell core_multi.$eq$rtl/core/core_multi.sv:156$176 ($eq).
Removed top 1 bits (of 3) from port B of cell core_multi.$eq$rtl/core/core_multi.sv:164$178 ($eq).
Removed top 29 bits (of 32) from port B of cell core_multi.$add$rtl/core/core_multi.sv:171$183 ($add).
Removed top 1 bits (of 4) from port B of cell core_multi.$procmux$1445_CMP0 ($eq).
Removed top 1 bits (of 4) from port B of cell core_multi.$procmux$1446_CMP0 ($eq).
Removed top 1 bits (of 4) from port B of cell core_multi.$procmux$1447_CMP0 ($eq).
Removed top 1 bits (of 4) from port B of cell core_multi.$procmux$1448_CMP0 ($eq).
Removed top 2 bits (of 4) from port B of cell core_multi.$procmux$1449_CMP0 ($eq).
Removed top 2 bits (of 4) from port B of cell core_multi.$procmux$1450_CMP0 ($eq).
Removed top 3 bits (of 4) from port B of cell core_multi.$procmux$1451_CMP0 ($eq).
Removed top 1 bits (of 3) from port B of cell core_multi.$procmux$1456_CMP0 ($eq).
Removed top 1 bits (of 3) from port B of cell core_multi.$procmux$1457_CMP0 ($eq).
Removed top 2 bits (of 3) from port B of cell core_multi.$procmux$1458_CMP0 ($eq).
Removed top 3 bits (of 7) from port B of cell core_multi.$procmux$1507_CMP0 ($eq).
Removed top 1 bits (of 7) from port B of cell core_multi.$procmux$1548_CMP0 ($eq).
Removed top 1 bits (of 3) from port B of cell core_multi.$procmux$1638_CMP0 ($eq).
Removed top 2 bits (of 3) from port B of cell core_multi.$procmux$1669_CMP0 ($eq).
Removed top 1 bits (of 4) from mux cell core_multi.$procmux$1825 ($mux).
Removed top 2 bits (of 7) from port B of cell core_multi.$procmux$1833_CMP0 ($eq).
Removed top 1 bits (of 4) from mux cell core_multi.$procmux$1853 ($mux).
Removed top 2 bits (of 3) from mux cell core_multi.$procmux$1918 ($mux).
Removed top 1 bits (of 7) from port B of cell core_multi.$procmux$1921_CMP0 ($eq).
Removed top 5 bits (of 7) from port B of cell core_multi.$procmux$1970_CMP0 ($eq).
Removed top 1 bits (of 2) from mux cell core_multi.$procmux$1999 ($mux).
Removed top 2 bits (of 7) from port B of cell core_multi.$procmux$2147_CMP0 ($eq).
Removed top 1 bits (of 7) from port B of cell core_multi.$procmux$2148_CMP0 ($eq).
Removed top 2 bits (of 3) from port B of cell core_multi.$procmux$2257_CMP0 ($eq).
Removed top 2 bits (of 3) from mux cell core_multi.$procmux$2309 ($mux).
Removed top 1 bits (of 3) from port B of cell core_multi.$procmux$2334_CMP0 ($eq).
Removed top 1 bits (of 3) from port B of cell core_multi.$procmux$2335_CMP0 ($eq).
Removed top 2 bits (of 3) from port B of cell core_multi.$procmux$2336_CMP0 ($eq).
Removed top 1 bits (of 2) from port B of cell core_multi.$procmux$2340_CMP0 ($eq).
Removed top 1 bits (of 4) from wire core_multi.$flatten\u_dec.$11\alu_op[3:0].
Removed top 1 bits (of 4) from wire core_multi.$flatten\u_dec.$12\alu_op[3:0].
Removed top 1 bits (of 2) from wire core_multi.$flatten\u_dec.$3\wb_sel[1:0].
Removed top 2 bits (of 3) from wire core_multi.$procmux$2309_Y.

15.14. Executing PEEPOPT pass (run peephole optimizers).

15.15. Executing OPT_CLEAN pass (remove unused cells and wires).
Finding unused cells or wires in module \core_multi..
Removed 0 unused cells and 4 unused wires.
<suppressed ~1 debug messages>

15.16. Executing PMUX2SHIFTX pass.
Inspecting $pmux cell core_multi/$procmux$1441.
  data width: 32 (next power-of-2 = 32, log2 = 5)
  checking ctrl signal \u_alu.op
    best permutation: \u_alu.op
    best xor mask: 4'0000
      0: 4'1010 -> 4'1010 -> 4'1010: $flatten\u_alu.$mul$rtl/core/alu.sv:32$13_Y
      1: 4'1001 -> 4'1001 -> 4'1001: $flatten\u_alu.$and$rtl/core/alu.sv:31$12_Y
      2: 4'1000 -> 4'1000 -> 4'1000: $flatten\u_alu.$or$rtl/core/alu.sv:30$11_Y
      3: 4'0111 -> 4'0111 -> 4'0111: $flatten\u_alu.$sshr$rtl/core/alu.sv:29$10_Y
      4: 4'0110 -> 4'0110 -> 4'0110: $flatten\u_alu.$shr$rtl/core/alu.sv:28$9_Y
      5: 4'0101 -> 4'0101 -> 4'0101: $flatten\u_alu.$xor$rtl/core/alu.sv:27$8_Y
      6: 4'0100 -> 4'0100 -> 4'0100: { 31'0000000000000000000000000000000 \ltu }
      7: 4'0011 -> 4'0011 -> 4'0011: { 31'0000000000000000000000000000000 \lt }
      8: 4'0010 -> 4'0010 -> 4'0010: $flatten\u_alu.$shl$rtl/core/alu.sv:24$7_Y
      9: 4'0001 -> 4'0001 -> 4'0001: $flatten\u_alu.$sub$rtl/core/alu.sv:23$6_Y
     10: 4'0000 -> 4'0000 -> 4'0000: $flatten\u_alu.$add$rtl/core/alu.sv:22$5_Y
    choices: 11
    min choice: 0
    max choice: 10
    range density: 100%
    absolute density: 100%
    full density: 68%
    update to full case.
    new min choice: 0
    new max choice: 15
    full case: true
    created $shiftx cell $auto$pmux2shiftx.cc:712:execute$2514.
Inspecting $pmux cell core_multi/$procmux$1454.
  data width: 32 (next power-of-2 = 32, log2 = 5)
  checking ctrl signal \u_imm.imm_type
    best permutation: \u_imm.imm_type
    best xor mask: 3'000
      0: 3'100 -> 3'100 -> 3'100: { \instr [31] \instr [31] \instr [31] \instr [31] \instr [31] \instr [31] \instr [31] \instr [31] \instr [31] \instr [31] \instr [31] \instr [31] \instr [19:12] \instr [20] \instr [30:21] 1'0 }
      1: 3'011 -> 3'011 -> 3'011: { \instr [31:12] 12'000000000000 }
      2: 3'010 -> 3'010 -> 3'010: { \instr [31] \instr [31] \instr [31] \instr [31] \instr [31] \instr [31] \instr [31] \instr [31] \instr [31] \instr [31] \instr [31] \instr [31] \instr [31] \instr [31] \instr [31] \instr [31] \instr [31] \instr [31] \instr [31] \instr [31] \instr [7] \instr [30:25] \instr [11:8] 1'0 }
      3: 3'001 -> 3'001 -> 3'001: { \instr [31] \instr [31] \instr [31] \instr [31] \instr [31] \instr [31] \instr [31] \instr [31] \instr [31] \instr [31] \instr [31] \instr [31] \instr [31] \instr [31] \instr [31] \instr [31] \instr [31] \instr [31] \instr [31] \instr [31] \instr [31:25] \instr [11:7] }
      4: 3'000 -> 3'000 -> 3'000: { \instr [31] \instr [31] \instr [31] \instr [31] \instr [31] \instr [31] \instr [31] \instr [31] \instr [31] \instr [31] \instr [31] \instr [31] \instr [31] \instr [31] \instr [31] \instr [31] \instr [31] \instr [31] \instr [31] \instr [31] \instr [31:20] }
    choices: 5
    min choice: 0
    max choice: 4
    range density: 100%
    absolute density: 100%
    full density: 62%
    update to full case.
    new min choice: 0
    new max choice: 7
    full case: true
    created $shiftx cell $auto$pmux2shiftx.cc:712:execute$2516.
Inspecting $pmux cell core_multi/$procmux$1809.
  data width: 4 (next power-of-2 = 4, log2 = 2)
  checking ctrl signal \instr [14:12]
    best permutation: \instr [14:12]
    best xor mask: 3'000
      0: 3'111 -> 3'111 -> 3'111: 4'1001
      1: 3'110 -> 3'110 -> 3'110: 4'1000
      2: 3'101 -> 3'101 -> 3'101: { 1'0 $auto$wreduce.cc:514:run$2509 [2:0] }
      3: 3'100 -> 3'100 -> 3'100: 4'0101
      4: 3'011 -> 3'011 -> 3'011: 4'0100
      5: 3'010 -> 3'010 -> 3'010: 4'0011
      6: 3'001 -> 3'001 -> 3'001: 4'0010
      7: 3'000 -> 3'000 -> 3'000: $flatten\u_dec.$8\alu_op[3:0]
    choices: 8
    min choice: 0
    max choice: 7
    range density: 100%
    absolute density: 100%
    full density: 100%
    update to full case.
    new min choice: 0
    new max choice: 7
    full case: true
    created $shiftx cell $auto$pmux2shiftx.cc:712:execute$2518.
Inspecting $pmux cell core_multi/$procmux$1886.
  data width: 4 (next power-of-2 = 4, log2 = 2)
  checking ctrl signal \instr [14:12]
    best permutation: \instr [14:12]
    best xor mask: 3'000
      0: 3'101 -> 3'101 -> 3'101: { 1'0 $auto$wreduce.cc:514:run$2509 [2:0] }
      1: 3'001 -> 3'001 -> 3'001: 4'0010
      2: 3'111 -> 3'111 -> 3'111: 4'1001
      3: 3'110 -> 3'110 -> 3'110: 4'1000
      4: 3'100 -> 3'100 -> 3'100: 4'0101
      5: 3'011 -> 3'011 -> 3'011: 4'0100
      6: 3'010 -> 3'010 -> 3'010: 4'0011
      7: 3'000 -> 3'000 -> 3'000: 4'0000
    choices: 8
    min choice: 0
    max choice: 7
    range density: 100%
    absolute density: 100%
    full density: 100%
    update to full case.
    new min choice: 0
    new max choice: 7
    full case: true
    created $shiftx cell $auto$pmux2shiftx.cc:712:execute$2520.
Inspecting $pmux cell core_multi/$procmux$2033.
  data width: 3 (next power-of-2 = 4, log2 = 2)
  checking ctrl signal \instr [14:12]
    best permutation: \instr [14:12]
    best xor mask: 3'000
      0: 3'111 -> 3'111 -> 3'111: 3'110
      1: 3'110 -> 3'110 -> 3'110: 3'101
      2: 3'101 -> 3'101 -> 3'101: 3'100
      3: 3'100 -> 3'100 -> 3'100: 3'011
      4: 3'001 -> 3'001 -> 3'001: 3'010
      5: 3'000 -> 3'000 -> 3'000: 3'001
    choices: 6
    min choice: 0
    max choice: 7
    range density: 75%
    absolute density: 75%
    full density: 75%
    update to full case.
    new min choice: 0
    new max choice: 7
    full case: true
    created $shiftx cell $auto$pmux2shiftx.cc:712:execute$2522.
Inspecting $pmux cell core_multi/$procmux$2141.
  data width: 3 (next power-of-2 = 4, log2 = 2)
  checking ctrl signal \instr [6:0]
    best permutation: { \instr [5:4] \instr [1:0] \instr [6] \instr [3:2] }
    best xor mask: 7'1011000
      0: 7'0100011 -> 7'1011000 -> 7'0000000: { 2'00 $flatten\u_dec.$4\imm_type[2:0] [0] }
      1: 7'1100011 -> 7'1011100 -> 7'0000100: 3'010
      2: 7'1101111 -> 7'1011111 -> 7'0000111: 3'100
    choices: 3
    min choice: 0
    max choice: 7
    range density: 37%
    absolute density: 37%
    full case: false
    insufficient density.
Inspecting $pmux cell core_multi/$procmux$2191.
  data width: 1 (next power-of-2 = 1, log2 = 0)
  checking ctrl signal \instr [6:0]
    best permutation: { \instr [3:0] \instr [6:4] }
    best xor mask: 7'0011000
      1: 7'1110011 -> 7'0011111 -> 7'0000111: $flatten\u_dec.$22\illegal[0:0]
      2: 7'0110011 -> 7'0011011 -> 7'0000011: $flatten\u_dec.$10\illegal[0:0]
      3: 7'0010011 -> 7'0011001 -> 7'0000001: $flatten\u_dec.$6\illegal[0:0]
      5: 7'1100011 -> 7'0011110 -> 7'0000110: $flatten\u_dec.$3\illegal[0:0]
    choices: 4
    min choice: 1
    max choice: 7
    range density: 57%
    absolute density: 50%
    full case: false
    created $shiftx cell $auto$pmux2shiftx.cc:712:execute$2528.
Inspecting $pmux cell core_multi/$procmux$2227.
  data width: 3 (next power-of-2 = 4, log2 = 2)
  checking ctrl signal \instr [6:0]
    best permutation: { \instr [6:4] \instr [1:0] \instr [3:2] }
    best xor mask: 7'1101100
      0: 7'1100011 -> 7'1101100 -> 7'0000000: $flatten\u_dec.$3\br_type[2:0]
      1: 7'1100111 -> 7'1101101 -> 7'0000001: $flatten\u_dec.$2\br_type[2:0]
      2: 7'1101111 -> 7'1101111 -> 7'0000011: 3'111
    choices: 3
    min choice: 0
    max choice: 3
    range density: 75%
    absolute density: 75%
    full density: 2%
    full case: false
    created $shiftx cell $auto$pmux2shiftx.cc:712:execute$2534.
Inspecting $pmux cell core_multi/$procmux$2239.
  data width: 2 (next power-of-2 = 2, log2 = 1)
  checking ctrl signal \instr [6:0]
    best permutation: { \instr [4] \instr [1:0] \instr [6:5] \instr [3:2] }
    best xor mask: 7'0110000
      0: 7'0000011 -> 7'0110000 -> 7'0000000: { 1'0 $auto$wreduce.cc:514:run$2511 [0] }
      1: 7'1100111 -> 7'0111101 -> 7'0001101: $flatten\u_dec.$2\wb_sel[1:0]
      2: 7'1101111 -> 7'0111111 -> 7'0001111: 2'10
    choices: 3
    min choice: 0
    max choice: 15
    range density: 18%
    absolute density: 18%
    full density: 2%
    full case: false
    insufficient density.
Inspecting $pmux cell core_multi/$procmux$2303.
  data width: 3 (next power-of-2 = 4, log2 = 2)
  checking ctrl signal \state
    table of choices:
      0: 3'100: 3'000
      2: 3'001: 3'010
      3: 3'000: { 2'00 $auto$wreduce.cc:514:run$2512 [0] }
    failed to detect onehot driver. do not optimize.
Inspecting $pmux cell core_multi/$procmux$2323.
  data width: 3 (next power-of-2 = 4, log2 = 2)
  checking ctrl signal \state
    best permutation: \state
    best xor mask: 3'000
      0: 3'011 -> 3'011 -> 3'011: $ternary$rtl/core/core_multi.sv:180$189_Y
      1: 3'010 -> 3'010 -> 3'010: $ternary$rtl/core/core_multi.sv:179$190_Y
      2: 3'001 -> 3'001 -> 3'001: 3'010
      3: 3'000 -> 3'000 -> 3'000: 3'001
    choices: 4
    min choice: 0
    max choice: 3
    range density: 100%
    absolute density: 100%
    full density: 50%
    update to full case.
    new min choice: 0
    new max choice: 7
    full case: true
    created $shiftx cell $auto$pmux2shiftx.cc:712:execute$2536.
Inspecting $pmux cell core_multi/$procmux$2329.
  data width: 1 (next power-of-2 = 1, log2 = 0)
  checking ctrl signal \br_type
    best permutation: \br_type
    best xor mask: 3'000
      0: 3'111 -> 3'111 -> 3'111: 1'1
      1: 3'110 -> 3'110 -> 3'110: $logic_not$rtl/core/core_multi.sv:146$171_Y
      2: 3'101 -> 3'101 -> 3'101: \ltu
      3: 3'100 -> 3'100 -> 3'100: $logic_not$rtl/core/core_multi.sv:144$170_Y
      4: 3'011 -> 3'011 -> 3'011: \lt
      5: 3'010 -> 3'010 -> 3'010: $logic_not$rtl/core/core_multi.sv:142$169_Y
      6: 3'001 -> 3'001 -> 3'001: \eq
    choices: 7
    min choice: 1
    max choice: 7
    range density: 100%
    absolute density: 87%
    full density: 87%
    update to full case.
    new min choice: 0
    new max choice: 7
    full case: true
    created $shiftx cell $auto$pmux2shiftx.cc:712:execute$2538.
Removed 23 unused cells and 23 unused wires.

15.17. Executing MEMORY_DFF pass (merging $dff cells to $memrd).
Checking read port `\u_rf.regs'[0] in module `\core_multi': FF found, but with a mux select that doesn't seem to correspond to transparency logic.
Checking read port `\u_rf.regs'[1] in module `\core_multi': FF found, but with a mux select that doesn't seem to correspond to transparency logic.
Checking read port address `\u_rf.regs'[0] in module `\core_multi': address FF has async set and/or reset, not supported.
Checking read port address `\u_rf.regs'[1] in module `\core_multi': address FF has async set and/or reset, not supported.

15.18. Executing TECHMAP pass (map to technology primitives).

15.18.1. Executing Verilog-2005 frontend: /usr/bin/../share/yosys/mul2dsp.v
Parsing Verilog input from `/usr/bin/../share/yosys/mul2dsp.v' to AST representation.
Generating RTLIL representation for module `\_80_mul'.
Generating RTLIL representation for module `\_90_soft_mul'.
Successfully finished Verilog frontend.

15.18.2. Executing Verilog-2005 frontend: /usr/bin/../share/yosys/xilinx/xc7_dsp_map.v
Parsing Verilog input from `/usr/bin/../share/yosys/xilinx/xc7_dsp_map.v' to AST representation.
Generating RTLIL representation for module `\$__MUL25X18'.
Successfully finished Verilog frontend.

15.18.3. Continuing TECHMAP pass.
Using template $paramod$a6723094dea62072dba32ab67b56b3cb58dc0d5a\_80_mul for cells of type $mul.
Using template $paramod$395213c3917c8eeb1e1c3f3ae1e4925be9b6a279\_80_mul for cells of type $mul.
Using template $paramod$f0959df10ae1505b2ef291b098c3c46396c2eac6\_80_mul for cells of type $__mul.
Using template $paramod$0ca0a2beabfb02adcfc3d390a7383e9d741a383c\_80_mul for cells of type $__mul.
Using template $paramod$f972920bca387dff277a14b66740df03199c53c0\_80_mul for cells of type $__mul.
Using template $paramod$b326ef45623603cb0c298ae1eaab5028a2154cf7\_80_mul for cells of type $__mul.
Using template $paramod$cfb4b1dd2da69458d213ec6be14a680b5f99155d\_80_mul for cells of type $__mul.
Using template $paramod$602e0e7361d660412e3c0104fc9be56fc132949a\_80_mul for cells of type $__mul.
Using template $paramod$9aaf69a32d544a8319d193bef0e4e628b501c242\$__MUL25X18 for cells of type $__MUL25X18.
Using template $paramod$730e32f1699b3bb5ffc197cfe581372099362ff3\$__MUL25X18 for cells of type $__MUL25X18.
No more expansions possible.
<suppressed ~654 debug messages>

15.19. Executing OPT_EXPR pass (perform const folding).
Optimizing module core_multi.
<suppressed ~3 debug messages>

15.20. Executing WREDUCE pass (reducing word size of cells).
Removed top 17 bits (of 32) from port Y of cell core_multi.$techmap$flatten\u_alu.$mul$rtl/core/alu.sv:32$13.$add$/usr/bin/../share/yosys/mul2dsp.v:173$2546 ($add).
Removed top 17 bits (of 32) from port A of cell core_multi.$techmap$flatten\u_alu.$mul$rtl/core/alu.sv:32$13.$add$/usr/bin/../share/yosys/mul2dsp.v:173$2546 ($add).
Removed top 2 bits (of 17) from port Y of cell core_multi.$techmap$flatten\u_alu.$mul$rtl/core/alu.sv:32$13.genblk1.genblk1.genblk1.genblk1.genblk1.genblk1.genblk1.sliceA[0].mul.$add$/usr/bin/../share/yosys/mul2dsp.v:230$2549 ($add).
Removed top 2 bits (of 17) from port A of cell core_multi.$techmap$flatten\u_alu.$mul$rtl/core/alu.sv:32$13.genblk1.genblk1.genblk1.genblk1.genblk1.genblk1.genblk1.sliceA[0].mul.$add$/usr/bin/../share/yosys/mul2dsp.v:230$2549 ($add).
Removed top 15 bits (of 32) from port B of cell core_multi.$techmap$flatten\u_alu.$mul$rtl/core/alu.sv:32$13.genblk1.genblk1.genblk1.genblk1.genblk1.genblk1.genblk1.sliceA.last.$add$/usr/bin/../share/yosys/mul2dsp.v:230$2552 ($add).
Removed cell core_multi.$techmap$flatten\u_alu.$mul$rtl/core/alu.sv:32$13.genblk1.genblk1.genblk1.genblk1.genblk1.genblk1.genblk1.sliceA.last.$add$/usr/bin/../share/yosys/mul2dsp.v:230$2552 ($add).

15.21. Executing XILINX_DSP pass (pack resources into DSPs).
Analysing core_multi.$flatten\u_alu.$mul$rtl/core/alu.sv:32$13.genblk1.genblk1.genblk1.genblk1.genblk1.genblk1.genblk1.sliceA.last.genblk1.genblk1.genblk1.genblk1.genblk1.genblk1.genblk1.genblk1.sliceB[0].mul for Xilinx DSP packing.
  postadder $techmap$flatten\u_alu.$mul$rtl/core/alu.sv:32$13.$add$/usr/bin/../share/yosys/mul2dsp.v:173$2546 ($add)

Analysing core_multi.$flatten\u_alu.$mul$rtl/core/alu.sv:32$13.genblk1.genblk1.genblk1.genblk1.genblk1.genblk1.genblk1.sliceA[0].mul.genblk1.genblk1.genblk1.genblk1.genblk1.genblk1.genblk1.genblk1.mul_sliceB_last for Xilinx DSP packing.
  postadder $techmap$flatten\u_alu.$mul$rtl/core/alu.sv:32$13.genblk1.genblk1.genblk1.genblk1.genblk1.genblk1.genblk1.sliceA[0].mul.$add$/usr/bin/../share/yosys/mul2dsp.v:230$2549 ($add)

Analysing core_multi.$flatten\u_alu.$mul$rtl/core/alu.sv:32$13.genblk1.genblk1.genblk1.genblk1.genblk1.genblk1.genblk1.sliceA[0].mul.genblk1.genblk1.genblk1.genblk1.genblk1.genblk1.genblk1.genblk1.sliceB[0].mul for Xilinx DSP packing.

<suppressed ~42 debug messages>

15.22. Executing TECHMAP pass (map to technology primitives).

15.22.1. Executing Verilog-2005 frontend: /usr/bin/../share/yosys/cmp2lut.v
Parsing Verilog input from `/usr/bin/../share/yosys/cmp2lut.v' to AST representation.
Generating RTLIL representation for module `\_90_lut_cmp_'.
Successfully finished Verilog frontend.

15.22.2. Executing Verilog-2005 frontend: /usr/bin/../share/yosys/cmp2lcu.v
Parsing Verilog input from `/usr/bin/../share/yosys/cmp2lcu.v' to AST representation.
Generating RTLIL representation for module `\_80_lcu_cmp_'.
Generating RTLIL representation for module `\$__CMP2LCU'.
Successfully finished Verilog frontend.

15.22.3. Continuing TECHMAP pass.
Using template $paramod$d5de20e7d2f4e42d0bb14c5c99f5dd4d7cf7d159\_80_lcu_cmp_ for cells of type $lt.
Using template $paramod$5140946ee346318f29859a75f746d3d97c0b1c43\_80_lcu_cmp_ for cells of type $lt.
Using template $paramod$efc6276d5269699a74f97af6fbf0bafe6acc3e19\_80_lcu_cmp_ for cells of type $gt.
Using template $paramod$c6025fc778b17975e80833db9ed8575b2c5a9306\_80_lcu_cmp_ for cells of type $gt.
Using template $paramod$45f2f108157929267f6a876bda8209e58f25e0cd\$__CMP2LCU for cells of type $__CMP2LCU.
Using template $paramod$4324157e16a60fc2fe5e489d90325d8108981966\$__CMP2LCU for cells of type $__CMP2LCU.
Using template $paramod$6685b98533bd405fdb66177f608eed8f76d21e8d\$__CMP2LCU for cells of type $__CMP2LCU.
Using template $paramod$8a9e823e249a18cf40e8e3311ed4e0b87be604a3\$__CMP2LCU for cells of type $__CMP2LCU.
Using template $paramod$3e249468c598b509b2189213d155ba6eb7f2b51e\$__CMP2LCU for cells of type $__CMP2LCU.
Using template $paramod$8bd824ba2533c8480636f690575d8203304ffa5a\$__CMP2LCU for cells of type $__CMP2LCU.
Using template $paramod$c7212ca15062f404a4a2b88cc72c0bba52776650\$__CMP2LCU for cells of type $__CMP2LCU.
Using template $paramod$46d8cbacee00d8ff946ef2f8aaadd92906683b31\$__CMP2LCU for cells of type $__CMP2LCU.
Using template $paramod$f0e75a3f09301560d3386ea17b4f2c1327bc66dd\$__CMP2LCU for cells of type $__CMP2LCU.
Using template $paramod$304404e4f7c11f383c19ceb65b9570973a882e40\$__CMP2LCU for cells of type $__CMP2LCU.
Using template $paramod$4ba603f7f099c7c26d77d00610446050688190ee\$__CMP2LCU for cells of type $__CMP2LCU.
Using template $paramod$80f528699b7df9e1ac70774aaf402c997178d092\$__CMP2LCU for cells of type $__CMP2LCU.
Using template $paramod$744a3dbaebfdf08651817a6a3870fb6e34065a4b\$__CMP2LCU for cells of type $__CMP2LCU.
Using template $paramod$e31b294a0680e72a03b6421c4eff5316c662db3d\$__CMP2LCU for cells of type $__CMP2LCU.
Using template $paramod$7576c1d57da290ee243a300e703225fce44b9803\$__CMP2LCU for cells of type $__CMP2LCU.
Using template $paramod$53f2488f7b67c23d1fcbecae9e0ea65a2fa70428\$__CMP2LCU for cells of type $__CMP2LCU.
Using template $paramod$c9ed519a964df09a49f3e136e9a8f41840e8876a\$__CMP2LCU for cells of type $__CMP2LCU.
Using template $paramod$0c9c1994e65d84e02829afc11150d4ace924add3\$__CMP2LCU for cells of type $__CMP2LCU.
Using template $paramod$5e58b3bd644282af0bf8b48f45207bc98dc20ef3\$__CMP2LCU for cells of type $__CMP2LCU.
Using template $paramod$0a630c7ca44f699d41e14b58085cae102f4a57e6\$__CMP2LCU for cells of type $__CMP2LCU.
Using template $paramod$4d196030c0f57d436091051b21d6bb5652c88bdd\$__CMP2LCU for cells of type $__CMP2LCU.
Using template $paramod$a1604c510d79d890fb2868e900d37a29b4d33ee3\$__CMP2LCU for cells of type $__CMP2LCU.
Using template $paramod$b20bd01da13bb71480541a66493586b32ca46765\$__CMP2LCU for cells of type $__CMP2LCU.
Using template $paramod$5a250c323c4f8bfcef72ea167c7d79512a3e5405\$__CMP2LCU for cells of type $__CMP2LCU.
Using template $paramod$0d1c5d55b7717105a370eb36460beba579328517\$__CMP2LCU for cells of type $__CMP2LCU.
Using template $paramod$13d4153ea76e985055406d938a091c90f56b0277\$__CMP2LCU for cells of type $__CMP2LCU.
Using template $paramod$363e70ff8e24ba1bf2ed3f1f4d33b8ccb7ba185e\$__CMP2LCU for cells of type $__CMP2LCU.
Using template $paramod$11b8e473205c8b79e1be9acfa001660fb9d50bd1\$__CMP2LCU for cells of type $__CMP2LCU.
Using template $paramod$1ca700f56654682268050c8ab6733dff28f9b2a5\$__CMP2LCU for cells of type $__CMP2LCU.
Using template $paramod$94cda45a04705f83a6e7b7a966d2cbcd39ec8c26\$__CMP2LCU for cells of type $__CMP2LCU.
Using template $paramod$686e7902c0bb73ab4ee57ada26ce8851342c73af\$__CMP2LCU for cells of type $__CMP2LCU.
Using template $paramod$e480769f5d3ef623ff56c3d36800340fb75643ea\$__CMP2LCU for cells of type $__CMP2LCU.
Using template $paramod$be320ef6745d9eeeb33444d43da2a288ef0f44d5\$__CMP2LCU for cells of type $__CMP2LCU.
Using template $paramod$71110619de8135fa234c90ca2447467db547669d\$__CMP2LCU for cells of type $__CMP2LCU.
Using template $paramod$54b223acb87382da9e21d725275b34aa5e4c52d1\$__CMP2LCU for cells of type $__CMP2LCU.
Using template $paramod$38471edb7e30bdc6941190928d73c31f8cb982e5\$__CMP2LCU for cells of type $__CMP2LCU.
Using template $paramod$efa446ef96a12a9e243554fe24eef4fdcede1df2\$__CMP2LCU for cells of type $__CMP2LCU.
Using template $paramod$a6781ebb7c56c586e2d8d947dcb7aca1ee56d927\$__CMP2LCU for cells of type $__CMP2LCU.
Using template $paramod$a402a57fb4f8635f34f639590edc3af926716964\$__CMP2LCU for cells of type $__CMP2LCU.
Using template $paramod$54e2971e53f479d5081c818457fbe5faf0d4152b\$__CMP2LCU for cells of type $__CMP2LCU.
Using template $paramod$6e395552c29a4cc17a53ca4a0c9888b692696692\$__CMP2LCU for cells of type $__CMP2LCU.
Using template $paramod$9510b4ae2d2e1a5822e02239cb6f533a771aeddb\$__CMP2LCU for cells of type $__CMP2LCU.
Using template $paramod$9bf1cfecaccd5accd8939bf444a2be7c77effa2e\$__CMP2LCU for cells of type $__CMP2LCU.
Using template $paramod$a5a8361ebacb29a09a46635083622c4d035708f3\$__CMP2LCU for cells of type $__CMP2LCU.
No more expansions possible.
<suppressed ~1281 debug messages>

15.23. Executing ALUMACC pass (create $alu and $macc cells).
Extracting $alu and $macc cells in module core_multi:
  creating $macc model for $add$rtl/core/core_multi.sv:153$174 ($add).
  creating $macc model for $add$rtl/core/core_multi.sv:171$183 ($add).
  creating $macc model for $flatten\u_alu.$add$rtl/core/alu.sv:22$5 ($add).
  creating $macc model for $add$rtl/core/core_multi.sv:153$172 ($add).
  creating $macc model for $flatten\u_alu.$sub$rtl/core/alu.sv:23$6 ($sub).
  creating $alu model for $macc $flatten\u_alu.$sub$rtl/core/alu.sv:23$6.
  creating $alu model for $macc $add$rtl/core/core_multi.sv:153$172.
  creating $alu model for $macc $flatten\u_alu.$add$rtl/core/alu.sv:22$5.
  creating $alu model for $macc $add$rtl/core/core_multi.sv:171$183.
  creating $alu model for $macc $add$rtl/core/core_multi.sv:153$174.
  creating $alu model for $flatten\u_alu.$eq$rtl/core/alu.sv:16$1 ($eq): merged with $flatten\u_alu.$sub$rtl/core/alu.sv:23$6.
  creating $alu cell for $add$rtl/core/core_multi.sv:153$174: $auto$alumacc.cc:495:replace_alu$2855
  creating $alu cell for $add$rtl/core/core_multi.sv:171$183: $auto$alumacc.cc:495:replace_alu$2858
  creating $alu cell for $add$rtl/core/core_multi.sv:153$172: $auto$alumacc.cc:495:replace_alu$2861
  creating $alu cell for $flatten\u_alu.$add$rtl/core/alu.sv:22$5: $auto$alumacc.cc:495:replace_alu$2864
  creating $alu cell for $flatten\u_alu.$sub$rtl/core/alu.sv:23$6, $flatten\u_alu.$eq$rtl/core/alu.sv:16$1: $auto$alumacc.cc:495:replace_alu$2867
  created 5 $alu and 0 $macc cells.

15.24. Executing SHARE pass (SAT-based resource sharing).
Found 5 cells in module core_multi that may be considered for resource sharing.
  Analyzing resource sharing options for $flatten\u_rf.$memrd$\regs$rtl/core/regfile.sv:54$233 ($memrd):
    Found 1 activation_patterns using ctrl signal $flatten\u_rf.$eq$rtl/core/regfile.sv:49$232_Y.
    Found 1 candidates: $flatten\u_rf.$memrd$\regs$rtl/core/regfile.sv:47$231
    Analyzing resource sharing with $flatten\u_rf.$memrd$\regs$rtl/core/regfile.sv:47$231 ($memrd):
      Found 1 activation_patterns using ctrl signal $flatten\u_rf.$eq$rtl/core/regfile.sv:42$230_Y.
      Activation pattern for cell $flatten\u_rf.$memrd$\regs$rtl/core/regfile.sv:54$233: $flatten\u_rf.$eq$rtl/core/regfile.sv:49$232_Y = 1'0
      Activation pattern for cell $flatten\u_rf.$memrd$\regs$rtl/core/regfile.sv:47$231: $flatten\u_rf.$eq$rtl/core/regfile.sv:42$230_Y = 1'0
      Size of SAT problem: 2 cells, 27 variables, 51 clauses
      According to the SAT solver this pair of cells can not be shared.
      Model from SAT solver: { $flatten\u_rf.$eq$rtl/core/regfile.sv:49$232_Y $flatten\u_rf.$eq$rtl/core/regfile.sv:42$230_Y } = 2'00
  Analyzing resource sharing options for $flatten\u_rf.$memrd$\regs$rtl/core/regfile.sv:47$231 ($memrd):
    Found 1 activation_patterns using ctrl signal $flatten\u_rf.$eq$rtl/core/regfile.sv:42$230_Y.
    No candidates found.
  Analyzing resource sharing options for $flatten\u_alu.$sshr$rtl/core/alu.sv:29$10 ($sshr):
    Found 1 activation_patterns using ctrl signal { $eq$rtl/core/core_multi.sv:231$201_Y \is_cus 1'1 }.
    No candidates found.
  Analyzing resource sharing options for $flatten\u_alu.$shr$rtl/core/alu.sv:28$9 ($shr):
    Found 1 activation_patterns using ctrl signal { $eq$rtl/core/core_multi.sv:231$201_Y \is_cus 1'1 }.
    No candidates found.
  Analyzing resource sharing options for $flatten\u_alu.$shl$rtl/core/alu.sv:24$7 ($shl):
    Found 1 activation_patterns using ctrl signal { $eq$rtl/core/core_multi.sv:231$201_Y \is_cus 1'1 }.
    No candidates found.

15.25. Executing OPT pass (performing simple optimizations).

15.25.1. Executing OPT_EXPR pass (perform const folding).
Optimizing module core_multi.
<suppressed ~66 debug messages>

15.25.2. Executing OPT_MERGE pass (detect identical cells).
Finding identical cells in module `\core_multi'.
<suppressed ~465 debug messages>
Removed a total of 155 cells.

15.25.3. Executing OPT_MUXTREE pass (detect dead branches in mux trees).
Running muxtree optimizer on module \core_multi..
  Creating internal representation of mux trees.
  Evaluating internal representation of mux trees.
  Analyzing evaluation results.
    dead port 1/13 on $pmux $procmux$1441.
    dead port 2/13 on $pmux $procmux$1441.
    dead port 3/13 on $pmux $procmux$1441.
    dead port 4/13 on $pmux $procmux$1441.
    dead port 5/13 on $pmux $procmux$1441.
    dead port 6/13 on $pmux $procmux$1441.
    dead port 7/13 on $pmux $procmux$1441.
    dead port 8/13 on $pmux $procmux$1441.
    dead port 9/13 on $pmux $procmux$1441.
    dead port 10/13 on $pmux $procmux$1441.
    dead port 11/13 on $pmux $procmux$1441.
    dead port 13/13 on $pmux $procmux$1441.
    dead port 1/7 on $pmux $procmux$1454.
    dead port 2/7 on $pmux $procmux$1454.
    dead port 3/7 on $pmux $procmux$1454.
    dead port 4/7 on $pmux $procmux$1454.
    dead port 5/7 on $pmux $procmux$1454.
    dead port 7/7 on $pmux $procmux$1454.
    dead port 1/10 on $pmux $procmux$1809.
    dead port 2/10 on $pmux $procmux$1809.
    dead port 3/10 on $pmux $procmux$1809.
    dead port 4/10 on $pmux $procmux$1809.
    dead port 5/10 on $pmux $procmux$1809.
    dead port 6/10 on $pmux $procmux$1809.
    dead port 7/10 on $pmux $procmux$1809.
    dead port 8/10 on $pmux $procmux$1809.
    dead port 10/10 on $pmux $procmux$1809.
    dead port 1/10 on $pmux $procmux$1886.
    dead port 2/10 on $pmux $procmux$1886.
    dead port 3/10 on $pmux $procmux$1886.
    dead port 4/10 on $pmux $procmux$1886.
    dead port 5/10 on $pmux $procmux$1886.
    dead port 6/10 on $pmux $procmux$1886.
    dead port 7/10 on $pmux $procmux$1886.
    dead port 8/10 on $pmux $procmux$1886.
    dead port 10/10 on $pmux $procmux$1886.
    dead port 1/8 on $pmux $procmux$2033.
    dead port 2/8 on $pmux $procmux$2033.
    dead port 3/8 on $pmux $procmux$2033.
    dead port 4/8 on $pmux $procmux$2033.
    dead port 5/8 on $pmux $procmux$2033.
    dead port 6/8 on $pmux $procmux$2033.
    dead port 8/8 on $pmux $procmux$2033.
    dead port 2/9 on $pmux $procmux$2191.
    dead port 3/9 on $pmux $procmux$2191.
    dead port 4/9 on $pmux $procmux$2191.
    dead port 6/9 on $pmux $procmux$2191.
    dead port 1/5 on $pmux $procmux$2227.
    dead port 2/5 on $pmux $procmux$2227.
    dead port 3/5 on $pmux $procmux$2227.
    dead port 1/6 on $pmux $procmux$2323.
    dead port 2/6 on $pmux $procmux$2323.
    dead port 3/6 on $pmux $procmux$2323.
    dead port 4/6 on $pmux $procmux$2323.
    dead port 6/6 on $pmux $procmux$2323.
    dead port 1/9 on $pmux $procmux$2329.
    dead port 2/9 on $pmux $procmux$2329.
    dead port 3/9 on $pmux $procmux$2329.
    dead port 4/9 on $pmux $procmux$2329.
    dead port 5/9 on $pmux $procmux$2329.
    dead port 6/9 on $pmux $procmux$2329.
    dead port 7/9 on $pmux $procmux$2329.
    dead port 9/9 on $pmux $procmux$2329.
Removed 63 multiplexer ports.
<suppressed ~43 debug messages>

15.25.4. Executing OPT_REDUCE pass (consolidate $*mux and $reduce_* inputs).
  Optimizing cells in module \core_multi.
Performed a total of 0 changes.

15.25.5. Executing OPT_MERGE pass (detect identical cells).
Finding identical cells in module `\core_multi'.
<suppressed ~6 debug messages>
Removed a total of 2 cells.

15.25.6. Executing OPT_DFF pass (perform DFF optimizations).

15.25.7. Executing OPT_CLEAN pass (remove unused cells and wires).
Finding unused cells or wires in module \core_multi..
Removed 1 unused cells and 1000 unused wires.
<suppressed ~2 debug messages>

15.25.8. Executing OPT_EXPR pass (perform const folding).
Optimizing module core_multi.

15.25.9. Rerunning OPT passes. (Maybe there is more to do..)

15.25.10. Executing OPT_MUXTREE pass (detect dead branches in mux trees).
Running muxtree optimizer on module \core_multi..
  Creating internal representation of mux trees.
  Evaluating internal representation of mux trees.
  Analyzing evaluation results.
Removed 0 multiplexer ports.
<suppressed ~39 debug messages>

15.25.11. Executing OPT_REDUCE pass (consolidate $*mux and $reduce_* inputs).
  Optimizing cells in module \core_multi.
Performed a total of 0 changes.

15.25.12. Executing OPT_MERGE pass (detect identical cells).
Finding identical cells in module `\core_multi'.
Removed a total of 0 cells.

15.25.13. Executing OPT_DFF pass (perform DFF optimizations).

15.25.14. Executing OPT_CLEAN pass (remove unused cells and wires).
Finding unused cells or wires in module \core_multi..

15.25.15. Executing OPT_EXPR pass (perform const folding).
Optimizing module core_multi.

15.25.16. Finished OPT passes. (There is nothing left to do.)

15.26. Executing MEMORY pass.

15.26.1. Executing OPT_MEM pass (optimize memories).
Performed a total of 0 transformations.

15.26.2. Executing OPT_MEM_PRIORITY pass (removing unnecessary memory write priority relations).
Performed a total of 0 transformations.

15.26.3. Executing OPT_MEM_FEEDBACK pass (finding memory read-to-write feedback paths).
  Analyzing core_multi.u_rf.regs write port 0.

15.26.4. Executing MEMORY_BMUX2ROM pass (converting muxes to ROMs).

15.26.5. Executing MEMORY_DFF pass (merging $dff cells to $memrd).
Checking read port `\u_rf.regs'[0] in module `\core_multi': FF found, but with a mux select that doesn't seem to correspond to transparency logic.
Checking read port `\u_rf.regs'[1] in module `\core_multi': FF found, but with a mux select that doesn't seem to correspond to transparency logic.
Checking read port address `\u_rf.regs'[0] in module `\core_multi': address FF has async set and/or reset, not supported.
Checking read port address `\u_rf.regs'[1] in module `\core_multi': address FF has async set and/or reset, not supported.

15.26.6. Executing OPT_CLEAN pass (remove unused cells and wires).
Finding unused cells or wires in module \core_multi..

15.26.7. Executing MEMORY_SHARE pass (consolidating $memrd/$memwr cells).
Consolidating read ports of memory core_multi.u_rf.regs by address:

15.26.8. Executing OPT_MEM_WIDEN pass (optimize memories where all ports are wide).
Performed a total of 0 transformations.

15.26.9. Executing OPT_CLEAN pass (remove unused cells and wires).
Finding unused cells or wires in module \core_multi..

15.26.10. Executing MEMORY_COLLECT pass (generating $mem cells).

15.27. Executing OPT_CLEAN pass (remove unused cells and wires).
Finding unused cells or wires in module \core_multi..

15.28. Executing MEMORY_LIBMAP pass (mapping memories to cells).
mapping memory core_multi.u_rf.regs via $__XILINX_LUTRAM_SDP_
<suppressed ~252 debug messages>

15.29. Executing TECHMAP pass (map to technology primitives).

15.29.1. Executing Verilog-2005 frontend: /usr/bin/../share/yosys/xilinx/lutrams_xc5v_map.v
Parsing Verilog input from `/usr/bin/../share/yosys/xilinx/lutrams_xc5v_map.v' to AST representation.
Generating RTLIL representation for module `\$__XILINX_LUTRAM_SP_'.
Generating RTLIL representation for module `\$__XILINX_LUTRAM_DP_'.
Generating RTLIL representation for module `\$__XILINX_LUTRAM_QP_'.
Generating RTLIL representation for module `\$__XILINX_LUTRAM_OP_'.
Generating RTLIL representation for module `\$__XILINX_LUTRAM_SDP_'.
Generating RTLIL representation for module `\$__XILINX_LUTRAM_64X8SW_'.
Generating RTLIL representation for module `\$__XILINX_LUTRAM_32X16DR8_'.
Successfully finished Verilog frontend.

15.29.2. Continuing TECHMAP pass.
Using template $paramod$31933bc0586e304f9d4048cafdcf94ebf308e40b\$__XILINX_LUTRAM_SDP_ for cells of type $__XILINX_LUTRAM_SDP_.
Using template $paramod$b46e790e1a546c1d0fce1965900bc12ee9561e85\$__XILINX_LUTRAM_SDP_ for cells of type $__XILINX_LUTRAM_SDP_.
No more expansions possible.
<suppressed ~55 debug messages>

15.30. Executing TECHMAP pass (map to technology primitives).

15.30.1. Executing Verilog-2005 frontend: /usr/bin/../share/yosys/xilinx/brams_xc6v_map.v
Parsing Verilog input from `/usr/bin/../share/yosys/xilinx/brams_xc6v_map.v' to AST representation.
Generating RTLIL representation for module `\$__XILINX_BLOCKRAM_TDP_'.
Generating RTLIL representation for module `\$__XILINX_BLOCKRAM_SDP_'.
Successfully finished Verilog frontend.

15.30.2. Continuing TECHMAP pass.
No more expansions possible.
<suppressed ~4 debug messages>

15.31. Executing OPT pass (performing simple optimizations).

15.31.1. Executing OPT_EXPR pass (perform const folding).
Optimizing module core_multi.
<suppressed ~27 debug messages>

15.31.2. Executing OPT_MERGE pass (detect identical cells).
Finding identical cells in module `\core_multi'.
<suppressed ~3 debug messages>
Removed a total of 1 cells.

15.31.3. Executing OPT_DFF pass (perform DFF optimizations).

15.31.4. Executing OPT_CLEAN pass (remove unused cells and wires).
Finding unused cells or wires in module \core_multi..
Removed 1 unused cells and 86 unused wires.
<suppressed ~2 debug messages>

15.31.5. Finished fast OPT passes.

15.32. Executing MEMORY_MAP pass (converting memories to logic and flip-flops).

15.33. Executing OPT pass (performing simple optimizations).

15.33.1. Executing OPT_EXPR pass (perform const folding).
Optimizing module core_multi.
<suppressed ~1 debug messages>

15.33.2. Executing OPT_MERGE pass (detect identical cells).
Finding identical cells in module `\core_multi'.
Removed a total of 0 cells.

15.33.3. Executing OPT_MUXTREE pass (detect dead branches in mux trees).
Running muxtree optimizer on module \core_multi..
  Creating internal representation of mux trees.
  Evaluating internal representation of mux trees.
  Analyzing evaluation results.
Removed 0 multiplexer ports.
<suppressed ~30 debug messages>

15.33.4. Executing OPT_REDUCE pass (consolidate $*mux and $reduce_* inputs).
  Optimizing cells in module \core_multi.
    Consolidated identical input bits for $mux cell $procmux$1683:
      Old ports: A=4'0000, B=4'1010, Y=$flatten\u_dec.$10\alu_op[3:0]
      New ports: A=1'0, B=1'1, Y=$flatten\u_dec.$10\alu_op[3:0] [1]
      New connections: { $flatten\u_dec.$10\alu_op[3:0] [3:2] $flatten\u_dec.$10\alu_op[3:0] [0] } = { $flatten\u_dec.$10\alu_op[3:0] [1] 2'00 }
    Consolidated identical input bits for $mux cell $procmux$1825:
      Old ports: A=3'000, B=3'111, Y=$auto$wreduce.cc:514:run$2510 [2:0]
      New ports: A=1'0, B=1'1, Y=$auto$wreduce.cc:514:run$2510 [0]
      New connections: $auto$wreduce.cc:514:run$2510 [2:1] = { $auto$wreduce.cc:514:run$2510 [0] $auto$wreduce.cc:514:run$2510 [0] }
    Consolidated identical input bits for $mux cell $procmux$2093:
      Old ports: A=3'000, B=3'111, Y=$flatten\u_dec.$2\br_type[2:0]
      New ports: A=1'0, B=1'1, Y=$flatten\u_dec.$2\br_type[2:0] [0]
      New connections: $flatten\u_dec.$2\br_type[2:0] [2:1] = { $flatten\u_dec.$2\br_type[2:0] [0] $flatten\u_dec.$2\br_type[2:0] [0] }
    Consolidated identical input bits for $mux cell $procmux$2106:
      Old ports: A=2'00, B=2'10, Y=$flatten\u_dec.$2\wb_sel[1:0]
      New ports: A=1'0, B=1'1, Y=$flatten\u_dec.$2\wb_sel[1:0] [1]
      New connections: $flatten\u_dec.$2\wb_sel[1:0] [0] = 1'0
    Consolidated identical input bits for $mux cell $ternary$rtl/core/core_multi.sv:180$189:
      Old ports: A=3'000, B=3'100, Y=$ternary$rtl/core/core_multi.sv:180$189_Y
      New ports: A=1'0, B=1'1, Y=$ternary$rtl/core/core_multi.sv:180$189_Y [2]
      New connections: $ternary$rtl/core/core_multi.sv:180$189_Y [1:0] = 2'00
  Optimizing cells in module \core_multi.
    Consolidated identical input bits for $mux cell $procmux$1729:
      Old ports: A=$flatten\u_dec.$10\alu_op[3:0], B=4'0001, Y=$flatten\u_dec.$9\alu_op[3:0]
      New ports: A={ $flatten\u_dec.$10\alu_op[3:0] [1] 1'0 }, B=2'01, Y=$flatten\u_dec.$9\alu_op[3:0] [1:0]
      New connections: $flatten\u_dec.$9\alu_op[3:0] [3:2] = { $flatten\u_dec.$9\alu_op[3:0] [1] 1'0 }
    Consolidated identical input bits for $mux cell $procmux$1853:
      Old ports: A=$auto$wreduce.cc:514:run$2510 [2:0], B=3'110, Y=$auto$wreduce.cc:514:run$2509 [2:0]
      New ports: A={ $auto$wreduce.cc:514:run$2510 [0] $auto$wreduce.cc:514:run$2510 [0] }, B=2'10, Y=$auto$wreduce.cc:514:run$2509 [1:0]
      New connections: $auto$wreduce.cc:514:run$2509 [2] = $auto$wreduce.cc:514:run$2509 [1]
    Consolidated identical input bits for $mux cell $ternary$rtl/core/core_multi.sv:179$190:
      Old ports: A=$ternary$rtl/core/core_multi.sv:180$189_Y, B=3'011, Y=$ternary$rtl/core/core_multi.sv:179$190_Y
      New ports: A={ $ternary$rtl/core/core_multi.sv:180$189_Y [2] 1'0 }, B=2'01, Y={ $ternary$rtl/core/core_multi.sv:179$190_Y [2] $ternary$rtl/core/core_multi.sv:179$190_Y [0] }
      New connections: $ternary$rtl/core/core_multi.sv:179$190_Y [1] = $ternary$rtl/core/core_multi.sv:179$190_Y [0]
  Optimizing cells in module \core_multi.
    Consolidated identical input bits for $mux cell $procmux$1769:
      Old ports: A=$flatten\u_dec.$9\alu_op[3:0], B=4'0000, Y=$flatten\u_dec.$8\alu_op[3:0]
      New ports: A=$flatten\u_dec.$9\alu_op[3:0] [1:0], B=2'00, Y=$flatten\u_dec.$8\alu_op[3:0] [1:0]
      New connections: $flatten\u_dec.$8\alu_op[3:0] [3:2] = { $flatten\u_dec.$8\alu_op[3:0] [1] 1'0 }
  Optimizing cells in module \core_multi.
Performed a total of 9 changes.

15.33.5. Executing OPT_MERGE pass (detect identical cells).
Finding identical cells in module `\core_multi'.
<suppressed ~3 debug messages>
Removed a total of 1 cells.

15.33.6. Executing OPT_SHARE pass.
    Found cells that share an operand and can be merged by moving the $pmux $procmux$2152 in front of them:
        $auto$pmux2shiftx.cc:712:execute$2518
        $auto$pmux2shiftx.cc:712:execute$2520

15.33.7. Executing OPT_DFF pass (perform DFF optimizations).

15.33.8. Executing OPT_CLEAN pass (remove unused cells and wires).
Finding unused cells or wires in module \core_multi..
Removed 0 unused cells and 3 unused wires.
<suppressed ~1 debug messages>

15.33.9. Executing OPT_EXPR pass (perform const folding).
Optimizing module core_multi.
<suppressed ~5 debug messages>

15.33.10. Rerunning OPT passes. (Maybe there is more to do..)

15.33.11. Executing OPT_MUXTREE pass (detect dead branches in mux trees).
Running muxtree optimizer on module \core_multi..
  Creating internal representation of mux trees.
  Evaluating internal representation of mux trees.
  Analyzing evaluation results.
Removed 0 multiplexer ports.
<suppressed ~27 debug messages>

15.33.12. Executing OPT_REDUCE pass (consolidate $*mux and $reduce_* inputs).
  Optimizing cells in module \core_multi.
    Consolidated identical input bits for $mux cell $auto$opt_share.cc:246:merge_operators$3246:
      Old ports: A={ 9'100110000 $auto$wreduce.cc:514:run$2509 [2] $auto$wreduce.cc:514:run$2509 [2] $auto$wreduce.cc:514:run$2509 [0] 20'01010100001100100000 }, B={ 9'100110000 $auto$wreduce.cc:514:run$2509 [2] $auto$wreduce.cc:514:run$2509 [2] $auto$wreduce.cc:514:run$2509 [0] 16'0101010000110010 $flatten\u_dec.$8\alu_op[3:0] [3] 1'0 $flatten\u_dec.$8\alu_op[3:0] [3] $flatten\u_dec.$8\alu_op[3:0] [0] }, Y=$auto$rtlil.cc:2916:Pmux$3247
      New ports: A=2'00, B={ $flatten\u_dec.$8\alu_op[3:0] [3] $flatten\u_dec.$8\alu_op[3:0] [0] }, Y=$auto$rtlil.cc:2916:Pmux$3247 [1:0]
      New connections: $auto$rtlil.cc:2916:Pmux$3247 [31:2] = { 9'100110000 $auto$wreduce.cc:514:run$2509 [2] $auto$wreduce.cc:514:run$2509 [2] $auto$wreduce.cc:514:run$2509 [0] 16'0101010000110010 $auto$rtlil.cc:2916:Pmux$3247 [1] 1'0 }
    New ctrl vector for $pmux cell $procmux$2152: $auto$opt_reduce.cc:137:opt_pmux$3249
  Optimizing cells in module \core_multi.
Performed a total of 2 changes.

15.33.13. Executing OPT_MERGE pass (detect identical cells).
Finding identical cells in module `\core_multi'.
Removed a total of 0 cells.

15.33.14. Executing OPT_SHARE pass.

15.33.15. Executing OPT_DFF pass (perform DFF optimizations).

15.33.16. Executing OPT_CLEAN pass (remove unused cells and wires).
Finding unused cells or wires in module \core_multi..
Removed 0 unused cells and 5 unused wires.
<suppressed ~1 debug messages>

15.33.17. Executing OPT_EXPR pass (perform const folding).
Optimizing module core_multi.

15.33.18. Rerunning OPT passes. (Maybe there is more to do..)

15.33.19. Executing OPT_MUXTREE pass (detect dead branches in mux trees).
Running muxtree optimizer on module \core_multi..
  Creating internal representation of mux trees.
  Evaluating internal representation of mux trees.
  Analyzing evaluation results.
Removed 0 multiplexer ports.
<suppressed ~28 debug messages>

15.33.20. Executing OPT_REDUCE pass (consolidate $*mux and $reduce_* inputs).
  Optimizing cells in module \core_multi.
Performed a total of 0 changes.

15.33.21. Executing OPT_MERGE pass (detect identical cells).
Finding identical cells in module `\core_multi'.
Removed a total of 0 cells.

15.33.22. Executing OPT_SHARE pass.

15.33.23. Executing OPT_DFF pass (perform DFF optimizations).

15.33.24. Executing OPT_CLEAN pass (remove unused cells and wires).
Finding unused cells or wires in module \core_multi..

15.33.25. Executing OPT_EXPR pass (perform const folding).
Optimizing module core_multi.

15.33.26. Finished OPT passes. (There is nothing left to do.)

15.34. Executing XILINX_SRL pass (Xilinx shift register extraction).

15.35. Executing TECHMAP pass (map to technology primitives).

15.35.1. Executing Verilog-2005 frontend: /usr/bin/../share/yosys/techmap.v
Parsing Verilog input from `/usr/bin/../share/yosys/techmap.v' to AST representation.
Generating RTLIL representation for module `\_90_simplemap_bool_ops'.
Generating RTLIL representation for module `\_90_simplemap_reduce_ops'.
Generating RTLIL representation for module `\_90_simplemap_logic_ops'.
Generating RTLIL representation for module `\_90_simplemap_compare_ops'.
Generating RTLIL representation for module `\_90_simplemap_various'.
Generating RTLIL representation for module `\_90_simplemap_registers'.
Generating RTLIL representation for module `\_90_shift_ops_shr_shl_sshl_sshr'.
Generating RTLIL representation for module `\_90_shift_shiftx'.
Generating RTLIL representation for module `\_90_fa'.
Generating RTLIL representation for module `\_90_lcu_brent_kung'.
Generating RTLIL representation for module `\_90_alu'.
Generating RTLIL representation for module `\_90_macc'.
Generating RTLIL representation for module `\_90_alumacc'.
Generating RTLIL representation for module `\$__div_mod_u'.
Generating RTLIL representation for module `\$__div_mod_trunc'.
Generating RTLIL representation for module `\_90_div'.
Generating RTLIL representation for module `\_90_mod'.
Generating RTLIL representation for module `\$__div_mod_floor'.
Generating RTLIL representation for module `\_90_divfloor'.
Generating RTLIL representation for module `\_90_modfloor'.
Generating RTLIL representation for module `\_90_pow'.
Generating RTLIL representation for module `\_90_pmux'.
Generating RTLIL representation for module `\_90_demux'.
Generating RTLIL representation for module `\_90_lut'.
Successfully finished Verilog frontend.

15.35.2. Executing Verilog-2005 frontend: /usr/bin/../share/yosys/xilinx/arith_map.v
Parsing Verilog input from `/usr/bin/../share/yosys/xilinx/arith_map.v' to AST representation.
Generating RTLIL representation for module `\_80_xilinx_lcu'.
Generating RTLIL representation for module `\_80_xilinx_alu'.
Successfully finished Verilog frontend.

15.35.3. Continuing TECHMAP pass.
Using extmapper simplemap for cells of type $adffe.
Using template $paramod$8fabc56b80a569262acfc42757a02ca0b8e91278\_90_pmux for cells of type $pmux.
Using template $paramod$25c4246495a9f56061a0efa92b046161d5d15f2e\_80_xilinx_alu for cells of type $alu.
Using template $paramod$constmap:4621fcf06a436d1e2a4080e2ed9866a7d07a6e07$paramod$335cfd09f1afa8139c4aafcbbe5f361887b79c5e\_90_shift_ops_shr_shl_sshl_sshr for cells of type $shl.
Using template $paramod$constmap:4621fcf06a436d1e2a4080e2ed9866a7d07a6e07$paramod$feecc7a0dbd012970970f2858f15e786e251f677\_90_shift_ops_shr_shl_sshl_sshr for cells of type $shr.
Using template $paramod$constmap:4621fcf06a436d1e2a4080e2ed9866a7d07a6e07$paramod$e765c459d3029c22a22a27989e94858fd9ebfa9c\_90_shift_ops_shr_shl_sshl_sshr for cells of type $sshr.
Using template $paramod$4fc821520cb3a924f2bc6fa8576a539779b37dc8\_80_xilinx_alu for cells of type $alu.
Using template $paramod\_80_xilinx_lcu\WIDTH=s32'00000000000000000000000000001011 for cells of type $lcu.
Using template $paramod$constmap:c3c0e54796f72c4880c9f973b25cd7fc0f56aa4a$paramod$23cddbd406cf321b741f23b1783b917d9c668aa9\_90_shift_shiftx for cells of type $shiftx.
Using template $paramod$constmap:24a13675e54398d8c3dbe00204d41c46ed041e81$paramod$92adee9538f2381d8e5006822c900eb986d754e8\_90_shift_shiftx for cells of type $shiftx.
Using extmapper simplemap for cells of type $reduce_and.
Using extmapper simplemap for cells of type $ne.
Using template $paramod$constmap:2e76608aa786c01e26fb596bdf417dcf4747536c$paramod$7a189d0d77ebf62589ee491bddc7a9edc613a506\_90_shift_shiftx for cells of type $shiftx.
Using extmapper simplemap for cells of type $reduce_or.
Using extmapper simplemap for cells of type $not.
Using extmapper simplemap for cells of type $reduce_bool.
Using template $paramod$d31bf4d7d72e59528d18fbd4f322e9d608532043\_90_pmux for cells of type $pmux.
Using template $paramod$constmap:a245c3c7020783f21a95662ea383afbf2f432d09$paramod$70307b0c46f360cdc944ccde23e9e2e58bd145d8\_90_shift_shiftx for cells of type $shiftx.
Using extmapper simplemap for cells of type $eq.
Using extmapper simplemap for cells of type $logic_not.
Using extmapper simplemap for cells of type $xnor.
Using extmapper simplemap for cells of type $or.
Using extmapper simplemap for cells of type $and.
Using extmapper simplemap for cells of type $logic_and.
Using extmapper simplemap for cells of type $xor.
Using template $paramod$599fc21b257bc9b96c6caef6b35a2ec30d8fdbca\_80_xilinx_alu for cells of type $alu.
Analyzing pattern of constant bits for this cell:
  Constant input on bit 0 of port A: 1'1
  Constant input on bit 1 of port A: 1'0
  Constant input on bit 2 of port A: 1'0
  Constant input on bit 3 of port A: 1'x
  Constant input on bit 4 of port A: 1'0
  Constant input on bit 5 of port A: 1'1
  Constant input on bit 6 of port A: 1'0
  Constant input on bit 7 of port A: 1'x
  Constant input on bit 8 of port A: 1'0
  Constant input on bit 9 of port A: 1'0
  Constant input on bit 10 of port A: 1'0
  Constant input on bit 11 of port A: 1'x
  Constant input on bit 12 of port A: 1'0
  Constant input on bit 13 of port A: 1'0
  Constant input on bit 14 of port A: 1'0
  Constant input on bit 15 of port A: 1'x
  Constant input on bit 16 of port A: 1'1
  Constant input on bit 17 of port A: 1'1
  Constant input on bit 18 of port A: 1'0
  Constant input on bit 19 of port A: 1'x
  Constant input on bit 20 of port A: 1'0
  Constant input on bit 21 of port A: 1'0
  Constant input on bit 22 of port A: 1'1
  Constant input on bit 23 of port A: 1'x
  Constant input on bit 24 of port A: 1'1
  Constant input on bit 25 of port A: 1'0
  Constant input on bit 26 of port A: 1'1
  Constant input on bit 27 of port A: 1'x
  Constant input on bit 28 of port A: 1'0
  Constant input on bit 29 of port A: 1'1
  Constant input on bit 30 of port A: 1'1
  Constant input on bit 0 of port B: 1'0
  Constant input on bit 1 of port B: 1'0
Creating constmapped module `$paramod$constmap:673219142ba3f55256828599414e3b71f5aa4b05$paramod$7a189d0d77ebf62589ee491bddc7a9edc613a506\_90_shift_shiftx'.

15.35.51. Executing OPT_MUXTREE pass (detect dead branches in mux trees).
Running muxtree optimizer on module $paramod$constmap:673219142ba3f55256828599414e3b71f5aa4b05$paramod$7a189d0d77ebf62589ee491bddc7a9edc613a506\_90_shift_shiftx..
  Creating internal representation of mux trees.
  Evaluating internal representation of mux trees.
  Analyzing evaluation results.
    dead port 1/2 on $mux $procmux$4942.
    dead port 1/2 on $mux $procmux$4939.
    dead port 2/2 on $mux $procmux$4939.
    dead port 1/2 on $mux $procmux$4936.
    dead port 1/2 on $mux $procmux$4933.
    dead port 2/2 on $mux $procmux$4933.
    dead port 2/2 on $mux $procmux$4927.
    dead port 2/2 on $mux $procmux$4921.
    dead port 2/2 on $mux $procmux$4915.
Removed 9 multiplexer ports.
<suppressed ~2616 debug messages>

15.35.52. Executing OPT_EXPR pass (perform const folding).
Optimizing module $paramod$constmap:673219142ba3f55256828599414e3b71f5aa4b05$paramod$7a189d0d77ebf62589ee491bddc7a9edc613a506\_90_shift_shiftx.
<suppressed ~3 debug messages>
Removed 0 unused cells and 13 unused wires.
Using template $paramod$constmap:673219142ba3f55256828599414e3b71f5aa4b05$paramod$7a189d0d77ebf62589ee491bddc7a9edc613a506\_90_shift_shiftx for cells of type $shiftx.
Using template $paramod$constmap:ec455d513d4744e7d819c012011d7ac06067f0bd$paramod$1767781abb5510778c640b45ef027371b766e589\_90_shift_shiftx for cells of type $shiftx.
Using template $paramod$c5c783b17ab1d780abfad8cfe6563a0a7b47a3b0\_90_pmux for cells of type $pmux.
Using template $paramod$521ce43182eecb9f60c72393a788160d2c356bf5\_90_pmux for cells of type $pmux.
Using template $paramod$d629d85c8826a74239b9178d1930215a43b0ceb0\_90_pmux for cells of type $pmux.
Using template $paramod$constmap:de3323eac59213ccefff809d04b4036ff3be9853$paramod$b2e85733ada4e92472b617be42677b51fe476597\_90_shift_shiftx for cells of type $shiftx.
Using template $paramod$constmap:72d5c9d0672bd7fe71ca29259616905366285f54$paramod$2135cf178ab343577102d2d1f6f466e244799dcd\_90_shift_shiftx for cells of type $shift.
Using template $paramod$b3b6ac92d800c6f07aa48f510f923d86a674e5a7\_90_pmux for cells of type $pmux.
Using template $paramod$97565c3687be688407d1272a293bd9d0ae6852dc\_90_pmux for cells of type $pmux.
Using template $paramod$constmap:6f32aaea543adec5bc9691a1d5dc373bac6158ab$paramod$0cb9196b30d27697fac50e35166ae9dafb73bc50\_90_shift_shiftx for cells of type $shiftx.
Using template $paramod$constmap:2bc84b28b377a1f7607335a2fb61c73ebd237d44$paramod$3eb2d07227f5824664d1a7637f1590f1a70d6f13\_90_shift_shiftx for cells of type $shift.
Using template $paramod$85df5dc01c7df96a7d8e5f1fdf76ce9ac452af63\_90_pmux for cells of type $pmux.
Using extmapper simplemap for cells of type $adff.
Using extmapper simplemap for cells of type $pos.
No more expansions possible.
<suppressed ~1246 debug messages>

15.36. Executing OPT pass (performing simple optimizations).

15.36.1. Executing OPT_EXPR pass (perform const folding).
Optimizing module core_multi.
<suppressed ~1263 debug messages>

15.36.2. Executing OPT_MERGE pass (detect identical cells).
Finding identical cells in module `\core_multi'.
<suppressed ~3276 debug messages>
Removed a total of 1092 cells.

15.36.3. Executing OPT_DFF pass (perform DFF optimizations).

15.36.4. Executing OPT_CLEAN pass (remove unused cells and wires).
Finding unused cells or wires in module \core_multi..
Removed 1499 unused cells and 651 unused wires.
<suppressed ~1500 debug messages>

15.36.5. Finished fast OPT passes.

15.37. Executing IOPADMAP pass (mapping inputs/outputs to IO-PAD cells).
Mapping port core_multi.clk using IBUF.
Mapping port core_multi.cus_a using OBUF.
Mapping port core_multi.cus_b using OBUF.
Mapping port core_multi.cus_op using OBUF.
Mapping port core_multi.cus_req using OBUF.
Mapping port core_multi.cus_result using IBUF.
Mapping port core_multi.dbg_instr_retiring using OBUF.
Mapping port core_multi.dbg_pc using OBUF.
Mapping port core_multi.dmem_addr using OBUF.
Mapping port core_multi.dmem_rdata using IBUF.
Mapping port core_multi.dmem_re using OBUF.
Mapping port core_multi.dmem_wdata using OBUF.
Mapping port core_multi.dmem_we using OBUF.
Mapping port core_multi.imem_addr using OBUF.
Mapping port core_multi.imem_rdata using IBUF.
Mapping port core_multi.irq using IBUF.
Mapping port core_multi.rst_n using IBUF.

15.38. Executing TECHMAP pass (map to technology primitives).

15.38.1. Executing Verilog-2005 frontend: /usr/bin/../share/yosys/techmap.v
Parsing Verilog input from `/usr/bin/../share/yosys/techmap.v' to AST representation.
Generating RTLIL representation for module `\_90_simplemap_bool_ops'.
Generating RTLIL representation for module `\_90_simplemap_reduce_ops'.
Generating RTLIL representation for module `\_90_simplemap_logic_ops'.
Generating RTLIL representation for module `\_90_simplemap_compare_ops'.
Generating RTLIL representation for module `\_90_simplemap_various'.
Generating RTLIL representation for module `\_90_simplemap_registers'.
Generating RTLIL representation for module `\_90_shift_ops_shr_shl_sshl_sshr'.
Generating RTLIL representation for module `\_90_shift_shiftx'.
Generating RTLIL representation for module `\_90_fa'.
Generating RTLIL representation for module `\_90_lcu_brent_kung'.
Generating RTLIL representation for module `\_90_alu'.
Generating RTLIL representation for module `\_90_macc'.
Generating RTLIL representation for module `\_90_alumacc'.
Generating RTLIL representation for module `\$__div_mod_u'.
Generating RTLIL representation for module `\$__div_mod_trunc'.
Generating RTLIL representation for module `\_90_div'.
Generating RTLIL representation for module `\_90_mod'.
Generating RTLIL representation for module `\$__div_mod_floor'.
Generating RTLIL representation for module `\_90_divfloor'.
Generating RTLIL representation for module `\_90_modfloor'.
Generating RTLIL representation for module `\_90_pow'.
Generating RTLIL representation for module `\_90_pmux'.
Generating RTLIL representation for module `\_90_demux'.
Generating RTLIL representation for module `\_90_lut'.
Successfully finished Verilog frontend.

15.38.2. Executing Verilog-2005 frontend: /usr/bin/../share/yosys/xilinx/cells_map.v
Parsing Verilog input from `/usr/bin/../share/yosys/xilinx/cells_map.v' to AST representation.
Generating RTLIL representation for module `\$__SHREG_'.
Generating RTLIL representation for module `\$__XILINX_SHREG_'.
Generating RTLIL representation for module `\$__XILINX_MUXF78'.
Successfully finished Verilog frontend.

15.38.3. Continuing TECHMAP pass.
No more expansions possible.
<suppressed ~78 debug messages>
Removed 0 unused cells and 9 unused wires.

15.39. Executing DFFLEGALIZE pass (convert FFs to types supported by the target).

15.40. Executing OPT_EXPR pass (perform const folding).
Optimizing module core_multi.
<suppressed ~9 debug messages>

15.41. Executing ABC pass (technology mapping using ABC).

15.41.1. Extracting gate netlist of module `\core_multi' to `<abc-temp-dir>/input.blif'..
Extracted 2547 gates and 3098 wires to a netlist network with 549 inputs and 811 outputs.

15.41.1.1. Executing ABC.
Running ABC command: "<yosys-exe-dir>/yosys-abc" -s -f <abc-temp-dir>/abc.script 2>&1
ABC: ABC command line: "source <abc-temp-dir>/abc.script".
ABC: 
ABC: + read_blif <abc-temp-dir>/input.blif 
ABC: + read_lut <abc-temp-dir>/lutdefs.txt 
ABC: + strash 
ABC: + &get -n 
ABC: + &fraig -x 
ABC: + &put 
ABC: + scorr 
ABC: Warning: The network is combinational (run "fraig" or "fraig_sweep").
ABC: + dc2 
ABC: + dretime 
ABC: + strash 
ABC: + dch -f 
ABC: + if 
ABC: + mfs2 
ABC: + write_blif <abc-temp-dir>/output.blif 

15.41.1.2. Re-integrating ABC results.
ABC RESULTS:              $lut cells:     1408
ABC RESULTS:        internal signals:     1738
ABC RESULTS:           input signals:      549
ABC RESULTS:          output signals:      811
Removing temp directory.
Removed 0 unused cells and 1754 unused wires.

15.42. Executing TECHMAP pass (map to technology primitives).

15.42.1. Executing Verilog-2005 frontend: /usr/bin/../share/yosys/xilinx/ff_map.v
Parsing Verilog input from `/usr/bin/../share/yosys/xilinx/ff_map.v' to AST representation.
Generating RTLIL representation for module `\$_DFFE_NP0P_'.
Generating RTLIL representation for module `\$_DFFE_PP0P_'.
Generating RTLIL representation for module `\$_DFFE_NP1P_'.
Generating RTLIL representation for module `\$_DFFE_PP1P_'.
Generating RTLIL representation for module `\$_DFFSRE_NPPP_'.
Generating RTLIL representation for module `\$_DFFSRE_PPPP_'.
Generating RTLIL representation for module `\$_SDFFE_NP0P_'.
Generating RTLIL representation for module `\$_SDFFE_PP0P_'.
Generating RTLIL representation for module `\$_SDFFE_NP1P_'.
Generating RTLIL representation for module `\$_SDFFE_PP1P_'.
Generating RTLIL representation for module `\$_DLATCH_NP0_'.
Generating RTLIL representation for module `\$_DLATCH_PP0_'.
Generating RTLIL representation for module `\$_DLATCH_NP1_'.
Generating RTLIL representation for module `\$_DLATCH_PP1_'.
Generating RTLIL representation for module `\$_DLATCH_NPP_'.
Generating RTLIL representation for module `\$_DLATCH_PPP_'.
Successfully finished Verilog frontend.

15.42.2. Continuing TECHMAP pass.
Using template $paramod\$_DFFE_PP1P_\_TECHMAP_WIREINIT_Q_=1'x for cells of type $_DFFE_PP1P_.
Using template $paramod\$_DFFE_PP0P_\_TECHMAP_WIREINIT_Q_=1'x for cells of type $_DFFE_PP0P_.
No more expansions possible.
<suppressed ~300 debug messages>

15.43. Executing XILINX_SRL pass (Xilinx shift register extraction).

15.44. Executing TECHMAP pass (map to technology primitives).

15.44.1. Executing Verilog-2005 frontend: /usr/bin/../share/yosys/xilinx/lut_map.v
Parsing Verilog input from `/usr/bin/../share/yosys/xilinx/lut_map.v' to AST representation.
Generating RTLIL representation for module `\$lut'.
Successfully finished Verilog frontend.

15.44.2. Executing Verilog-2005 frontend: /usr/bin/../share/yosys/xilinx/cells_map.v
Parsing Verilog input from `/usr/bin/../share/yosys/xilinx/cells_map.v' to AST representation.
Generating RTLIL representation for module `\$__SHREG_'.
Generating RTLIL representation for module `\$__XILINX_SHREG_'.
Generating RTLIL representation for module `\$__XILINX_MUXF78'.
Successfully finished Verilog frontend.

15.44.3. Continuing TECHMAP pass.
Using template $paramod$c362ad8dedc7d166ed978091aca319ab1e81a2d4\$lut for cells of type $lut.
Using template $paramod$ae9b8abdb4f811ce37985dd5106af9cd21223954\$lut for cells of type $lut.
Using template $paramod$cffcdcfefee28cb7804202d59fcab831562282d3\$lut for cells of type $lut.
Using template $paramod$c35ad3063d5038410210ddc72c1fd5fed46413b4\$lut for cells of type $lut.
Using template $paramod$c5345dae3caec69010f85e0fefd1531ec6fb50e5\$lut for cells of type $lut.
Using template $paramod$9ae0f136c9ed34a2deb323e9b2a3a520eea61514\$lut for cells of type $lut.
Using template $paramod\$lut\WIDTH=32'00000000000000000000000000000011\LUT=8'00010000 for cells of type $lut.
Using template $paramod\$lut\WIDTH=32'00000000000000000000000000000011\LUT=8'01110000 for cells of type $lut.
Using template $paramod\$lut\WIDTH=32'00000000000000000000000000000011\LUT=8'11001010 for cells of type $lut.
Using template $paramod\$lut\WIDTH=32'00000000000000000000000000000010\LUT=4'0110 for cells of type $lut.
Using template $paramod\$lut\WIDTH=32'00000000000000000000000000000001\LUT=2'01 for cells of type $lut.
Using template $paramod\$lut\WIDTH=32'00000000000000000000000000000011\LUT=8'00010100 for cells of type $lut.
Using template $paramod\$lut\WIDTH=32'00000000000000000000000000000011\LUT=8'01000000 for cells of type $lut.
Using template $paramod\$lut\WIDTH=32'00000000000000000000000000000010\LUT=4'0001 for cells of type $lut.
Using template $paramod$ee19d45db61acb4c70d938b97483a4ed4b792645\$lut for cells of type $lut.
Using template $paramod$9cf044275e70b6dc34d2f815a6f8ffc23f9694a0\$lut for cells of type $lut.
Using template $paramod$5a6aa9a9b860e21d3193f38053193c8129a7c0cb\$lut for cells of type $lut.
Using template $paramod\$lut\WIDTH=32'00000000000000000000000000000010\LUT=4'1000 for cells of type $lut.
Using template $paramod$87c5d2a373998fc677477054aaf99209c62dda44\$lut for cells of type $lut.
Using template $paramod$262ff813f76f1e4b3f5facb6407d741452e5201b\$lut for cells of type $lut.
Using template $paramod$a5b9904a3865f60dc1b4129c44d9be8e26344e08\$lut for cells of type $lut.
Using template $paramod\$lut\WIDTH=32'00000000000000000000000000000010\LUT=4'0100 for cells of type $lut.
Using template $paramod\$lut\WIDTH=32'00000000000000000000000000000011\LUT=8'11111000 for cells of type $lut.
Using template $paramod\$lut\WIDTH=32'00000000000000000000000000000011\LUT=8'10110000 for cells of type $lut.
Using template $paramod\$lut\WIDTH=32'00000000000000000000000000000011\LUT=8'00001011 for cells of type $lut.
Using template $paramod$6e238df02989b317f10820a22773676e71120644\$lut for cells of type $lut.
Using template $paramod$cbb2dfe31d344d3326d567c2ed5a4b2a29f63219\$lut for cells of type $lut.
Using template $paramod$384a7984a5e8e066ce00f4dce304d73caba34c95\$lut for cells of type $lut.
Using template $paramod$9bdc414229f06e785dc8fd97a243faa9336e164a\$lut for cells of type $lut.
Using template $paramod$6069048ea7c45159713a0558424cdfb243a46dfe\$lut for cells of type $lut.
Using template $paramod$6c307f78bd9a6cea1da19b667b35c812f63cbe5d\$lut for cells of type $lut.
Using template $paramod$efc60783c939ae41b2f3555af407b17c007b27f8\$lut for cells of type $lut.
Using template $paramod$88644b1a202ed91adb89c54db2367f0a8862b5c0\$lut for cells of type $lut.
Using template $paramod$13898e2fb91dedd9c0efd3520b4a7cffabcfa8b5\$lut for cells of type $lut.
Using template $paramod$ebeb813097a0d73fcf652b0b87b686dea65f8424\$lut for cells of type $lut.
Using template $paramod$e0bde73e598487237493c8a43ca52c95a3727354\$lut for cells of type $lut.
Using template $paramod$f45429e380905f064bb0bad3a8bdb941708e63a7\$lut for cells of type $lut.
Using template $paramod$b4f85a6321a00b090afc4e21d68e7b99eb94d149\$lut for cells of type $lut.
Using template $paramod$fceec73bb8fcae56624653948721dd4b1c897807\$lut for cells of type $lut.
Using template $paramod$ca992e2c23c35446914e1bccc03e59d46f875d8d\$lut for cells of type $lut.
Using template $paramod$9d895bd6ca2f9c577ed971a06b40ebf550d94416\$lut for cells of type $lut.
Using template $paramod$733724a245035cdea1855dd6e12597fd4be15aeb\$lut for cells of type $lut.
Using template $paramod$ed12ce48a62ebeae61f2daa04d1d871232818fc6\$lut for cells of type $lut.
Using template $paramod$8b09f347504cfc0d3d65fbb4601497936543b1b3\$lut for cells of type $lut.
Using template $paramod$44960dc35f49a8c4e997cdf18d7790a12a0785ba\$lut for cells of type $lut.
Using template $paramod$4066e803c784326e1baaa09efce81847b756afdb\$lut for cells of type $lut.
Using template $paramod$bba54c1ef87367812b4c15f4aed5ac70773df775\$lut for cells of type $lut.
Using template $paramod$23a220052d03d9b2548eb27ce7f1990c39dcfe78\$lut for cells of type $lut.
Using template $paramod$c7fe5b42dfef201b6f7027bb7715f8c06a63472d\$lut for cells of type $lut.
Using template $paramod$fbaa101f85ce9570a94e7f76d92bb2209092136d\$lut for cells of type $lut.
Using template $paramod$ecae3ac793cbee084150ef4e35059b0aa9012645\$lut for cells of type $lut.
Using template $paramod$3bfc247a5b00cae12bc8dc0f7db236ec7bf51954\$lut for cells of type $lut.
Using template $paramod$9f97d5a426d57fc53c857f3431a1bb7616635a1f\$lut for cells of type $lut.
Using template $paramod$2cecf1d660c2bf7b93d3d21de029182a620c1f1c\$lut for cells of type $lut.
Using template $paramod$6a34cd5b50e324824168b4186d0b04ba5e83b039\$lut for cells of type $lut.
Using template $paramod$f1dc2bcd5860b4fddf77822c9a31277596dbd360\$lut for cells of type $lut.
Using template $paramod$0a79ebf88930011a1fe98cc52ffa0f55539604fb\$lut for cells of type $lut.
Using template $paramod$08cdb413ad88a7d17ae98665f8a462beaa62d744\$lut for cells of type $lut.
Using template $paramod\$lut\WIDTH=32'00000000000000000000000000000011\LUT=8'10000000 for cells of type $lut.
Using template $paramod\$lut\WIDTH=32'00000000000000000000000000000011\LUT=8'00110101 for cells of type $lut.
Using template $paramod$658b9ed803f0d3d335616d3858b53e0a2522f1e8\$lut for cells of type $lut.
Using template $paramod$272652f6c6fbe9a75eff76e45cc7e2788835518b\$lut for cells of type $lut.
Using template $paramod$7bb6a37e65823eeb4b38c370fec30ab082759a14\$lut for cells of type $lut.
Using template $paramod$33e58adf67c6b686a154c9ce8ebbc4b04b8cabc5\$lut for cells of type $lut.
Using template $paramod$c19fc9421e49d98b1619c69cb5ac0147143789d0\$lut for cells of type $lut.
Using template $paramod$56c6fc98268f6966dd23dcb4af9b8f5298fa7ead\$lut for cells of type $lut.
Using template $paramod$4303fdb3bcfdae2a0410687d64abf597fa497a08\$lut for cells of type $lut.
Using template $paramod$93a2de77daaad788b7b7db86fd9aeaaa749d64de\$lut for cells of type $lut.
Using template $paramod\$lut\WIDTH=32'00000000000000000000000000000010\LUT=4'1110 for cells of type $lut.
Using template $paramod$e84cbadb272cf6e7c0969270fa68324ae967d086\$lut for cells of type $lut.
Using template $paramod\$lut\WIDTH=32'00000000000000000000000000000011\LUT=8'11100000 for cells of type $lut.
Using template $paramod$b02965b43cd80cada5671b10a4eaf1a943c1f776\$lut for cells of type $lut.
Using template $paramod$7e0de11e2da5e37aa0dd2092b974d3fb64fe9100\$lut for cells of type $lut.
Using template $paramod$c225e12e3a5fb54c236437ee45dfa2712b52dbfc\$lut for cells of type $lut.
Using template $paramod$3ece1aa569783aca904ccbd446d2437c8f21e8ba\$lut for cells of type $lut.
Using template $paramod$4c6db797e434aa4478b361e987fa048c99dfb5c1\$lut for cells of type $lut.
Using template $paramod$fc73d9a1decf1f629db7242dca159a6c7f2ec3f6\$lut for cells of type $lut.
Using template $paramod$a50be0e6fa3a01511bb234559cb74fb8bd3e2061\$lut for cells of type $lut.
Using template $paramod$1b21bfe3f0f701f19b91b9d9f4b2cb25c52e0379\$lut for cells of type $lut.
Using template $paramod$9c52d2f0ba0274bd119cc05af7fe5988deff39d1\$lut for cells of type $lut.
Using template $paramod$eeed37ce45abdda29d3e180f2d1dfc0c4c376530\$lut for cells of type $lut.
Using template $paramod$faf9bb3152f59d223caf8dc93d1882a4f933d2e4\$lut for cells of type $lut.
Using template $paramod$8ed92e7843cb22ca2c42f03247c267b9da05e8af\$lut for cells of type $lut.
Using template $paramod\$lut\WIDTH=32'00000000000000000000000000000011\LUT=8'00001110 for cells of type $lut.
Using template $paramod$e49f6e3576ef1a6d2f58c54414dbb786af8cc869\$lut for cells of type $lut.
Using template $paramod$66abcf246b50afe69a4bb0b675504530b9cf68f9\$lut for cells of type $lut.
Using template $paramod$f936cf1f3ac2dfc4c0156fca74ede0b6752ba695\$lut for cells of type $lut.
Using template $paramod$1d6ae6a55c9b11f75f7a2756afb86b4b0936e9ce\$lut for cells of type $lut.
Using template $paramod$1c35ec58fd5f244289bea5f3fd769ec3e5c6fbc5\$lut for cells of type $lut.
Using template $paramod$d6e213adc8346412d9cec3c5768832cbe9edf32c\$lut for cells of type $lut.
Using template $paramod$83257959fe4408f2bcfe6587e3a4d2f02cd978dd\$lut for cells of type $lut.
Using template $paramod$35369ee2661bc6f22afa7fd33e082ebba93672ba\$lut for cells of type $lut.
Using template $paramod$68a8e44def0d3db1884b229e4dd1d9485321375c\$lut for cells of type $lut.
Using template $paramod$a5e400912b2a9b8ad9bf63b80e3d3093e5e62c01\$lut for cells of type $lut.
Using template $paramod$56310ff701860d13f2863d5da88c08ae3780813d\$lut for cells of type $lut.
Using template $paramod$9e79a13a55d249ef0f6436cf8d39a153087ef160\$lut for cells of type $lut.
Using template $paramod$c9231f05fd6aeb5fd6ca9011ab2b7d6a01452886\$lut for cells of type $lut.
Using template $paramod$87f066d02e69cfb2205a3d9b5b2c36b78ddc97d6\$lut for cells of type $lut.
Using template $paramod$785dd4f040e367001a52d21b5e044e98889d34c8\$lut for cells of type $lut.
Using template $paramod$2e42f4cdfa2b7be54cbecc74818d81b621a7793c\$lut for cells of type $lut.
Using template $paramod$a2d16d28086f82c13ca3d009286757fbf0a66285\$lut for cells of type $lut.
Using template $paramod$ed10455c824c2a3761aabdeb1e31dad905f66e6e\$lut for cells of type $lut.
Using template $paramod$4f79d472867f62e55dd736f8b9b25cd05a56667d\$lut for cells of type $lut.
Using template $paramod$42747cb776a263c703526507c569eee3f6c00461\$lut for cells of type $lut.
Using template $paramod$4fb38ae3f379fc0cc4eaa3f07fc7ab931070d5fa\$lut for cells of type $lut.
Using template $paramod$5d56108b7fb385799980cc8987d75b4d80b283b4\$lut for cells of type $lut.
Using template $paramod$06413d73861152719084c03da4066d17165287ff\$lut for cells of type $lut.
Using template $paramod$edf7f643dd3fcb3e98ae60752eb65334901cfbb6\$lut for cells of type $lut.
Using template $paramod$ea4af401b3e88df16c9bc91ab446d333325f99ae\$lut for cells of type $lut.
Using template $paramod$161f52eda9ff4c2d9742c0fecbf1372972957e5e\$lut for cells of type $lut.
Using template $paramod$caae9ccb9bc821b051d8df0e9fa00f8bac66f419\$lut for cells of type $lut.
Using template $paramod\$lut\WIDTH=32'00000000000000000000000000000011\LUT=8'01100000 for cells of type $lut.
Using template $paramod$fdc8188ce3f3010376ea4e8906d5f4843db68387\$lut for cells of type $lut.
Using template $paramod$2bfa57ed2d03b4fb262f860e1dc8e48f5d62d9c5\$lut for cells of type $lut.
Using template $paramod$d7d3023cdffb68086828ba9a023fb894dedc08c4\$lut for cells of type $lut.
Using template $paramod$8b24407096beec47292ddeb1567a058197a320b9\$lut for cells of type $lut.
Using template $paramod$f419e390bb1d43ef366a80d42c8326d03ecb28da\$lut for cells of type $lut.
Using template $paramod$d2ef43814113ff73f9ebc73be6b7b228fcced45d\$lut for cells of type $lut.
Using template $paramod$0cfa5e35fff96c0a134409f21f68915420233dd5\$lut for cells of type $lut.
Using template $paramod$ccefc01a8b547a433b129be313560ed4128c1652\$lut for cells of type $lut.
Using template $paramod$487783ad5646425196a260db449f1139da12d39c\$lut for cells of type $lut.
Using template $paramod$d518d8758f0f7cb3f29ea012f8f8b863560848fe\$lut for cells of type $lut.
Using template $paramod$e6c9ad94986bc86afe165f318af89e6b660a15d7\$lut for cells of type $lut.
Using template $paramod$c4e6af2fc5d8d04af41f970c2552a16a7c1c9841\$lut for cells of type $lut.
Using template $paramod$2aac9d0b5014d820782bbc01a741473446824bf6\$lut for cells of type $lut.
Using template $paramod$b9bfd102abf3477b7d1e2da033af2f4931f535bb\$lut for cells of type $lut.
Using template $paramod$611a71d1e1f1ceb626a480cd6a162d2f2a741a3d\$lut for cells of type $lut.
Using template $paramod$e8cd322d9b5e40420f56cbe5db8e4a00108e409c\$lut for cells of type $lut.
Using template $paramod$ac4fea81112e3f0ff9c41102acd15fc17a9a6a48\$lut for cells of type $lut.
Using template $paramod$c872b818d24e97f5cf70627ecd6df2558bc13db0\$lut for cells of type $lut.
Using template $paramod$ce3500c25da5392be033f9b6c2c6d3127327d026\$lut for cells of type $lut.
Using template $paramod$638444c0e41f38e421fe4f330f3567767a9b4814\$lut for cells of type $lut.
Using template $paramod$f3e1547c4b47e64c590e75cf09078b2507c8cc75\$lut for cells of type $lut.
Using template $paramod$38f9bf4dd2329347b8471f0a98443dd323386889\$lut for cells of type $lut.
Using template $paramod$420b1bef2c0d553e0283926a703c8a37e155d92e\$lut for cells of type $lut.
Using template $paramod$2e5f5f6dc235f52ed66c99010db19ef7c8d53adc\$lut for cells of type $lut.
Using template $paramod$1b4bbf5f586817db615f0e222a32c1463a08b16f\$lut for cells of type $lut.
Using template $paramod$f29ef1e095f9973e79799d2466cf6e87741d06b1\$lut for cells of type $lut.
Using template $paramod$e29d77caadfafd73aa5fe633bde045cc468a68f9\$lut for cells of type $lut.
Using template $paramod$8ff624c27fd38d1f4af0341b62a2dd84226c68cd\$lut for cells of type $lut.
Using template $paramod$5f36aa5c597ad3e405b7a734e5b33eeb831ea2f6\$lut for cells of type $lut.
Using template $paramod$d0e52e39200858a742affd5ca120943d8abde652\$lut for cells of type $lut.
Using template $paramod\$lut\WIDTH=32'00000000000000000000000000000011\LUT=8'01110001 for cells of type $lut.
Using template $paramod$fc7efe9c239a95a93d6341594bc6113b62b8b29b\$lut for cells of type $lut.
Using template $paramod$37197a458e104832921059490a66fba3622f2b12\$lut for cells of type $lut.
Using template $paramod$973818279bc95792902f3c09371fd2407d04a2a5\$lut for cells of type $lut.
Using template $paramod$8b0ea13812abbe97b558a0e031ca71e29ac05d12\$lut for cells of type $lut.
Using template $paramod$0f462d30e97e3a95497ed3ed4c5670bec4507088\$lut for cells of type $lut.
Using template $paramod$e856f6af4132f2ee9d4980afecb67ed58ab1c46f\$lut for cells of type $lut.
Using template $paramod$08bdcd7e2d31e0c91ab9b3b41c3d73debb4cca2f\$lut for cells of type $lut.
Using template $paramod$c657076da9e24631ab667b01aa64947f77f25a6a\$lut for cells of type $lut.
Using template $paramod$3ed07decd17861c83716780ce094af4c774098c9\$lut for cells of type $lut.
Using template $paramod$403e5f7fe5b72bc921fbe84f195421d1996766ca\$lut for cells of type $lut.
Using template $paramod$7862689e522b8b9912062817246dfc0eb9774cb8\$lut for cells of type $lut.
Using template $paramod$53a6e7e9426b5cf398168d7e60dbdad34f53fd3d\$lut for cells of type $lut.
Using template $paramod$e5759512db67494ff77fbdfc66dff4006376568f\$lut for cells of type $lut.
Using template $paramod$b93d1ea7a612a32c185108f67a153d44ffb9aac2\$lut for cells of type $lut.
Using template $paramod$9d506e8c6e909d93866afead4c9cee454210d7f8\$lut for cells of type $lut.
Using template $paramod$a63d84c9dd26caf4e75c7cc2f6f70f64a5b14aa1\$lut for cells of type $lut.
Using template $paramod$fa94f1974adb96937b278943821c241aabe78d29\$lut for cells of type $lut.
Using template $paramod$ab8bb87959c5d7cfa27886cee1355b38e054a61a\$lut for cells of type $lut.
Using template $paramod$a629103bef89b9c8432c0bc5bd80088754c0fd1b\$lut for cells of type $lut.
Using template $paramod$072264ac08b18c58d91366fc87d7a2a32dcfe64b\$lut for cells of type $lut.
Using template $paramod$3e01ac5407c471fc91bb1ad655e29aefaffa2ab7\$lut for cells of type $lut.
Using template $paramod$1890b55d7576a581cecf4c05db7733a2c1a6bd22\$lut for cells of type $lut.
Using template $paramod$0e891faa0f1fa25d1a494692e3d4f593175c0a06\$lut for cells of type $lut.
Using template $paramod$6ceb6597b4dde6c7f1ed8a2afa69cf30f83c9a10\$lut for cells of type $lut.
Using template $paramod$4530a3db82cb23e597edf4464c15c758e3701ce9\$lut for cells of type $lut.
Using template $paramod$7189f6aa63e76b090efd6e5968f5dbb782ea6e4b\$lut for cells of type $lut.
Using template $paramod$4b3a5d48b28e788a64ff497b1902211c3dfebe72\$lut for cells of type $lut.
Using template $paramod$8042ac568239a4050241f189deace032c03e58e6\$lut for cells of type $lut.
Using template $paramod$e1f01ba012f4aac0c2a983beb0a22871054fec5d\$lut for cells of type $lut.
Using template $paramod\$lut\WIDTH=32'00000000000000000000000000000011\LUT=8'11010000 for cells of type $lut.
Using template $paramod$5a480d1c6aa86bb65afd90acedc6d8b400eb8277\$lut for cells of type $lut.
Using template $paramod$2d3ba667e1bb663616320ee027494ac84a318704\$lut for cells of type $lut.
Using template $paramod$3db00b494b6c9f0324518ac057f16694f3913c82\$lut for cells of type $lut.
Using template $paramod$766040e6e1ba74292704a60b55e7c5d876e06ca8\$lut for cells of type $lut.
Using template $paramod$51307cdec77060d17363ea3d60427c9afef1ddc2\$lut for cells of type $lut.
Using template $paramod$01e90c1e82dc87999f6ae3c13360653b0273448f\$lut for cells of type $lut.
Using template $paramod$cafd785d89fc8f7de5f9c9a527c5aa6fbc508d1d\$lut for cells of type $lut.
Using template $paramod$4d375e8ebadb5ec6d1c3b4ffcfc15975eee4e5a7\$lut for cells of type $lut.
Using template $paramod$7868b1fe3b7dc4a5362a5404f2c0c00779904b5f\$lut for cells of type $lut.
Using template $paramod$3dd1c5623bb40c87982784046b32421ffe7538e8\$lut for cells of type $lut.
Using template $paramod$3064fa3e364da19b843fb7a78198773cdde447ba\$lut for cells of type $lut.
Using template $paramod$60d6ede71fa9ed9a8280a3c06bb1abeb8ad02690\$lut for cells of type $lut.
Using template $paramod$b18028ac8f560ba78076339c17becacbd8797da0\$lut for cells of type $lut.
Using template $paramod$714b1aa57d8c6b0b48176678a84f4abcf55aa562\$lut for cells of type $lut.
Using template $paramod\$lut\WIDTH=32'00000000000000000000000000000011\LUT=8'00000001 for cells of type $lut.
Using template $paramod$20ee32512b0b6b624969f152cf571660754c9bba\$lut for cells of type $lut.
Using template $paramod$5facb5df245cb8ec289163360073115461cc1b61\$lut for cells of type $lut.
Using template $paramod$904f1dc9798e81709aad21bfe77160d17b1ac9e4\$lut for cells of type $lut.
Using template $paramod$5ba0d50d22e853ac951a8dcbb8dd28ed0acc578b\$lut for cells of type $lut.
Using template $paramod$09aa03638106ca45c3cf90fdc5e2df1614e34721\$lut for cells of type $lut.
Using template $paramod$57b0544f41a25c72a09d87f02afdb1a58250c2f7\$lut for cells of type $lut.
Using template $paramod$ddd627ed8c8826629a27fe07ebab3bbd1a6adcb7\$lut for cells of type $lut.
Using template $paramod$cc21f54fb1f6d5b809553e0960dfb851f21cca10\$lut for cells of type $lut.
Using template $paramod$c5174224b9aab8f6c475715d4266f1507977a27c\$lut for cells of type $lut.
Using template $paramod$43b6d5cca7c41f619b5ada08f24089907a056e2a\$lut for cells of type $lut.
Using template $paramod$c9ddad5205f4da896208b68c85df7a45e15c8d87\$lut for cells of type $lut.
Using template $paramod$446e7f592e70cd026e03e9ab8ab84556ce5f251b\$lut for cells of type $lut.
Using template $paramod$133754c78e55fd01d1fa5bd3e853adaec30ccb3c\$lut for cells of type $lut.
Using template $paramod$424df253764e07630c55a5aa8bae06d26332e965\$lut for cells of type $lut.
Using template $paramod$d2c65720daeafc84186d9e49da67cdb529403f49\$lut for cells of type $lut.
Using template $paramod$c8df2004bb96cc9305397e91ae076786f45112c0\$lut for cells of type $lut.
Using template $paramod$77408d636866c94adba7b4afd01501f37364bf25\$lut for cells of type $lut.
Using template $paramod$94ac66a11090dca84889e55fcf03297912a5b7ec\$lut for cells of type $lut.
Using template $paramod$0b26e6f0e70b4d9c5ffd19dc6a5d52fa692dc97a\$lut for cells of type $lut.
Using template $paramod\$lut\WIDTH=32'00000000000000000000000000000011\LUT=8'11000101 for cells of type $lut.
Using template $paramod$eb384d943b12eec5606624a6751bceb796c0572f\$lut for cells of type $lut.
Using template $paramod$f63fe32f78d5f3c5de711945c592c8c5ec2303ae\$lut for cells of type $lut.
Using template $paramod$70ebb6cf5bc7d63c5c1a98ccefefa2af79e8f2a9\$lut for cells of type $lut.
Using template $paramod$45fe03ab743ca1d01ef953a043fd2f58888016d8\$lut for cells of type $lut.
Using template $paramod$251994398653c4cf8de320f1e306e535d5d2d624\$lut for cells of type $lut.
Using template $paramod$747538fe89ac2216c95a478404eb2cfb98879b3b\$lut for cells of type $lut.
Using template $paramod$ea88a06962d1884df863d9765f42571fd11bcb32\$lut for cells of type $lut.
Using template $paramod$7ebabdb962db28459b107bdfc640105981ac744d\$lut for cells of type $lut.
Using template $paramod$21258e4f137fd0b5b0eaf41c5b0d170364c0ec37\$lut for cells of type $lut.
Using template $paramod$4c849dd3dd0f06bb25246b4c4214337709b293de\$lut for cells of type $lut.
Using template $paramod$95f7aaf87bc97e279ed8d77acf5962ca869e1b0b\$lut for cells of type $lut.
Using template $paramod$8cfb93e36216da05ff4dcdcd07daa034f6b0b9b8\$lut for cells of type $lut.
Using template $paramod$cc615e96d0b61e339413f35950820e8e51bc5702\$lut for cells of type $lut.
Using template $paramod$d3d679a72bd0053380b7b9c8ed86fe894aa80b7d\$lut for cells of type $lut.
Using template $paramod$a8f85eb0f01c80e2ff20eab6bbddfe4f537f1423\$lut for cells of type $lut.
Using template $paramod$e86a1ade444e269e3300641bd18dcff0fd2b86d9\$lut for cells of type $lut.
Using template $paramod$83a094b6fe9fb738dfff353a8cb39fb4b34c4f40\$lut for cells of type $lut.
Using template $paramod$ff084b5194ed86c870f1791b4a2026f9083ee97c\$lut for cells of type $lut.
Using template $paramod$c6932d0419018208e5384761d78f0ead9bcc772f\$lut for cells of type $lut.
Using template $paramod$338157c566b76da572d12bdf96e4879595a1f970\$lut for cells of type $lut.
Using template $paramod$ddc6f4fe74ed36832c5cee6594285c38523f3d9c\$lut for cells of type $lut.
Using template $paramod$8a716e8f387d3376e1555548256f9be61aeae665\$lut for cells of type $lut.
Using template $paramod$b8c8d8c8d9b26979f28319ef28f05418e72e779d\$lut for cells of type $lut.
Using template $paramod$9584704027b5b4c682064eb210ab7f74a6e9f505\$lut for cells of type $lut.
Using template $paramod$e5e9da8fed769f971686eed8c5eea50e61f73aaa\$lut for cells of type $lut.
Using template $paramod$d04f174e4c9bf6feba9adafdd87449139bc129f0\$lut for cells of type $lut.
Using template $paramod\$lut\WIDTH=32'00000000000000000000000000000010\LUT=4'1011 for cells of type $lut.
Using template $paramod$53ce561f80f32d4298a3beadc88b6c5c78293221\$lut for cells of type $lut.
Using template $paramod$a2b4ddfa3906001b2ef9f2414d79c3048f2a3a6e\$lut for cells of type $lut.
Using template $paramod$692927e279b3d5c42ee4aacb287247c0b34943ed\$lut for cells of type $lut.
Using template $paramod$a06e4c88d8cb9f1bb69df53d034fba4a3f81c557\$lut for cells of type $lut.
Using template $paramod$e2f3f8abc1f783c85b054dd0909b69c2460c0007\$lut for cells of type $lut.
Using template $paramod$faa5dcc7bceac7e45c192b0707b378b7bb6b42c5\$lut for cells of type $lut.
Using template $paramod$c2cc02e8dc0cd4e2718f152a740ec82daadc65da\$lut for cells of type $lut.
Using template $paramod$05e0f9aaddbba22f859986d22e482ac679895162\$lut for cells of type $lut.
Using template $paramod$d87a490884ae9e6ce83c67663e76e87cdae32eab\$lut for cells of type $lut.
Using template $paramod$cdda1314e12ea43005b6105b86213bcd1235f273\$lut for cells of type $lut.
Using template $paramod$e799ebc1d5c0fbf442f6b47afee03012e10e9a3e\$lut for cells of type $lut.
Using template $paramod$43f34be469788eb5ce17f2b7d23c1309f123dc21\$lut for cells of type $lut.
Using template $paramod$91c0f3082ed88844ca5e888662a77171edff98d2\$lut for cells of type $lut.
Using template $paramod$ca031407765df0bb652753cfcd7ba4ab0b14d340\$lut for cells of type $lut.
Using template $paramod$d603f4de03a7f2489edb0b3a9222f3a8028b8a2e\$lut for cells of type $lut.
Using template $paramod$59e75a61b2e4a983c96d8aa2f40028bf6469834d\$lut for cells of type $lut.
Using template $paramod$4867fc86fff5b4093f5b59e02c45c10a4f01f5f0\$lut for cells of type $lut.
Using template $paramod$99039b286c8e665631ee370cf9d80337c9e81600\$lut for cells of type $lut.
Using template $paramod$ede3ec7ca66f4b0d81af050565e7400b28750263\$lut for cells of type $lut.
Using template $paramod$367a59effc1bb5c5515d305ed3d5673301aff03c\$lut for cells of type $lut.
Using template $paramod$6446e42e792083266d60580ee120e94af4eba880\$lut for cells of type $lut.
Using template $paramod$55a94c26f3f4504698bcc0c1d7dde1feffd8e844\$lut for cells of type $lut.
Using template $paramod$86884214986fbbea66b103f261220d21ecf19666\$lut for cells of type $lut.
Using template $paramod$8b2f01080cf89b9ecb8445b652053846caca15ee\$lut for cells of type $lut.
Using template $paramod$a60bc11b0ca2e46253f974353e5b37aa426c4670\$lut for cells of type $lut.
Using template $paramod$9c8743a9e4467f61964394a8cb2d759d0631ad9b\$lut for cells of type $lut.
Using template $paramod$25fa4a87ab18c296067c07ab6a68f9934e5c997c\$lut for cells of type $lut.
Using template $paramod$eee5c9f8ebe820e16f014535a272b270c662d59d\$lut for cells of type $lut.
Using template $paramod$fd65178cd21d2c61ecaeda9a51514b7763205bb5\$lut for cells of type $lut.
Using template $paramod$c315fd171a22ad0b563d890e3adda172ea240769\$lut for cells of type $lut.
Using template $paramod$6ac63e260ac9358393ce55a25a74c7e990c673c3\$lut for cells of type $lut.
Using template $paramod$17b39197fe9ca5c29551aaf13b1516045332eb9a\$lut for cells of type $lut.
Using template $paramod$9215ac92bac107ca60bd4fa8b17b542ee928d2a9\$lut for cells of type $lut.
Using template $paramod$fc2965ca29f993b0692e03c184760521ebaf78de\$lut for cells of type $lut.
Using template $paramod$a06d25462e9a0b6b64359c3836008d226393addd\$lut for cells of type $lut.
Using template $paramod$c64b7517fc2f663fc967e3272ed8f33ff1184910\$lut for cells of type $lut.
Using template $paramod$8f81f0c38ae541f955ad17f9f86b131d06265ffa\$lut for cells of type $lut.
Using template $paramod$4f54d8ae00617853e186657cd1ff2d0c54703b85\$lut for cells of type $lut.
Using template $paramod$d4e0a09fd5edb7c5dba648cf418d6c092b7833e8\$lut for cells of type $lut.
Using template $paramod$4d96c24f63c0b2f3c645824a2fe88f1a6a43c18e\$lut for cells of type $lut.
Using template $paramod$5a4a260c72888c781d6d00a593c2f987e4e0b8c1\$lut for cells of type $lut.
Using template $paramod$77d4567282786b873d94e009e28128bfbc7a5e7f\$lut for cells of type $lut.
Using template $paramod$e5fd3d0bc8d7651cdf3aaeaacccaa2951305bf0a\$lut for cells of type $lut.
Using template $paramod$e2b20e57d475ad6a9ac99231cd1b4226c0abd287\$lut for cells of type $lut.
Using template $paramod$eedeabff20f887f1927f5a3ca106cca6496f5b31\$lut for cells of type $lut.
Using template $paramod$0e0b568085824e9f7841013be5e14325b4e154e1\$lut for cells of type $lut.
Using template $paramod$7b4a60ee3124605bc41b96b9410c188d960c09f6\$lut for cells of type $lut.
Using template $paramod$483181d59022ca685a3bd73c15d7d743003ec189\$lut for cells of type $lut.
Using template $paramod$81fd824bad60848b723f6df485c6c7be613adf93\$lut for cells of type $lut.
Using template $paramod$64db19dc0ccafcf7ef00ec31f8d082a796a1e7cc\$lut for cells of type $lut.
Using template $paramod$9db7cf1409cfcc8ac579aaa4e2d2e65fdbc2bccc\$lut for cells of type $lut.
Using template $paramod$da019cf687eec5222689ebcc7d69a39911a0011d\$lut for cells of type $lut.
Using template $paramod$658f6a6ffe0165e7de8eec32e68969968bc12b30\$lut for cells of type $lut.
Using template $paramod$22a3078b47b832cc1075fcc19898f6d3831c29a5\$lut for cells of type $lut.
Using template $paramod$e76d4fdbdaee03c44542a888981bc8ce9d0d9ec6\$lut for cells of type $lut.
Using template $paramod$5d9d1fe41b84f848204cfa398fd3c8148d60980d\$lut for cells of type $lut.
Using template $paramod$34e531dc93cdec6b88bf30bc052a85f014ce6b53\$lut for cells of type $lut.
Using template $paramod$b23a4e8ceced5111db9d1a62bf3c11a550d28639\$lut for cells of type $lut.
Using template $paramod$5fc78adb44717ce42beb9e6347c09795bcc0385e\$lut for cells of type $lut.
Using template $paramod$4b2b2ee61bbf98884c62ed3346e925f298eaae94\$lut for cells of type $lut.
Using template $paramod$f7d26500693abbf91f4d200a514e6836aaa43ec9\$lut for cells of type $lut.
Using template $paramod$a02159c950e003cf8920bd1d1a4a874378bd4e0c\$lut for cells of type $lut.
Using template $paramod$2a35cab3f23851c29dccfcd24c229f5d94009dce\$lut for cells of type $lut.
Using template $paramod$473f211c68ba058cffc98830c17bb6de4cb09de2\$lut for cells of type $lut.
Using template $paramod$97a62589f0a2f921ebcd4a8892fc3b1def363467\$lut for cells of type $lut.
Using template $paramod$3821cce40a4eb9093b6f4c72198dea972a778a30\$lut for cells of type $lut.
Using template $paramod$a5763bf6276dba640667d9b925e2f79f0771d14c\$lut for cells of type $lut.
Using template $paramod$df0cd37173347e3686d73edc7676056497f725c4\$lut for cells of type $lut.
Using template $paramod$855dbe394fb1d687a83733599c253816ed806c80\$lut for cells of type $lut.
Using template $paramod$7175731c0560e3dd751daae557f6e46cfc1a380e\$lut for cells of type $lut.
Using template $paramod$eaf83a4d184a0d0c8b65f0484cbc091b6367be8c\$lut for cells of type $lut.
Using template $paramod$b42ae7a75c19da7cc14c6b2821c7740e60241be3\$lut for cells of type $lut.
Using template $paramod$99cfe285058ab4106f228dbbfb5b1b2551d3fbb1\$lut for cells of type $lut.
Using template $paramod$936fdfe5b8f023f6232c21b0b4a9df67eb322c90\$lut for cells of type $lut.
Using template $paramod$648d41bad226d666cbc7a3933c28ffcaba1feaa9\$lut for cells of type $lut.
Using template $paramod$6a9e6a7be18da3b2738a3c440c25aefc246735de\$lut for cells of type $lut.
Using template $paramod$38e19bc8a17d791fd30d8835121fae5207f046b5\$lut for cells of type $lut.
Using template $paramod$76627dd104685e3b65cf03514e459d654c30ea93\$lut for cells of type $lut.
Using template $paramod$d703c8d60c4e86f69bdbdd744ed4a0210b5dca21\$lut for cells of type $lut.
Using template $paramod$b83857a12a880389eaddf372ddc57b8b5e5e18fa\$lut for cells of type $lut.
Using template $paramod$58deafcbe586213b76c1cf2d959cf08e3f151c16\$lut for cells of type $lut.
Using template $paramod$8f9df5f78689253601ffce03bdf088e63e08b4e7\$lut for cells of type $lut.
Using template $paramod$e91a2bfe95506d52eccdac5c039fac8b7e4b5540\$lut for cells of type $lut.
Using template $paramod$1a00d8cbd94a59b79e9923db18167712dafda9e8\$lut for cells of type $lut.
Using template $paramod$a3a2c4d91dcd63126f8383063f6f48af83689046\$lut for cells of type $lut.
Using template $paramod$d2610f710d84f04eec617e687203b3eca23169fd\$lut for cells of type $lut.
Using template $paramod$ca3c1e7df0b2a92d79c63c953e383fc013fac32a\$lut for cells of type $lut.
Using template $paramod$9c52dbf3d6c0c1a95a6e1c767ed665652ee1fa98\$lut for cells of type $lut.
Using template $paramod$430e30b3eefc519e47ddc3e32ff6951d616126a6\$lut for cells of type $lut.
Using template $paramod$cdc6b66b3d96e7b4db71e536a0588991797905c5\$lut for cells of type $lut.
Using template $paramod$a0a4e9ca713763b5492afb67d121ed49978691a5\$lut for cells of type $lut.
Using template $paramod$861191bbb507381fbbf7dd0e97d1474f9831e265\$lut for cells of type $lut.
Using template $paramod$5f7ffcf185ed761ba0cfe54455dacda8504cf03f\$lut for cells of type $lut.
Using template $paramod$8624727913771efde308fbcebb75d46a8b031b11\$lut for cells of type $lut.
Using template $paramod$c3acd14f355a50e334f8e9dba73502c9545ecc5e\$lut for cells of type $lut.
Using template $paramod$f3ecaa161d72ac7c123c06c170132c6fe90c8247\$lut for cells of type $lut.
Using template $paramod$ccc50eabb7d94f0584e17e70f785e495a04ae0c8\$lut for cells of type $lut.
Using template $paramod$46e2f79d4e2163e445cae9e45ef3ebbd85e62ecc\$lut for cells of type $lut.
Using template $paramod$2de3d9498f140285401a5e5754b07f8ee8dcd99c\$lut for cells of type $lut.
Using template $paramod$1bd8df4f5549422220ae5de4acb7cacd99e3f66b\$lut for cells of type $lut.
Using template $paramod$9317e0d0af5427128114fb60d8493d23a54e9e67\$lut for cells of type $lut.
Using template $paramod$1f56355929e248161a1278ae0e6e33297c5adaba\$lut for cells of type $lut.
Using template $paramod$eadbb715167668a6d0f1d2438bc06324c4de4255\$lut for cells of type $lut.
Using template $paramod$8aa95e0e962fe90367eec43448c18b012e7bcfc3\$lut for cells of type $lut.
Using template $paramod$5ac8b17ed3eb0ef3bb1d22c021568739a75bf27a\$lut for cells of type $lut.
Using template $paramod$dd2d1ed75b0e355141d976e32de9ab5d6d03c077\$lut for cells of type $lut.
Using template $paramod$89ec2c51e33b344e3ea044c8e734c2daf34fdcbc\$lut for cells of type $lut.
Using template $paramod$7ecd602894dbb79c5dc81fa5ba592864f3c82aac\$lut for cells of type $lut.
Using template $paramod$12f96ca7aea3fb3fc4e3bd6f1e00773a8c58acf3\$lut for cells of type $lut.
Using template $paramod$445153289fd13e6225bc98cfa116da03a6e7cf1d\$lut for cells of type $lut.
Using template $paramod$a1eb6ffbdaf8b4f3829b77ff1ae9a8e4d31a07b6\$lut for cells of type $lut.
Using template $paramod$f232a4cbebd995d133a0864ab55bdaf320b26b9e\$lut for cells of type $lut.
Using template $paramod$9b997518edfb4aa14fea84092eb1268ae2f1557a\$lut for cells of type $lut.
Using template $paramod$e872ba8d74c87dbc8bfa934d1358fa7dbe519d0d\$lut for cells of type $lut.
Using template $paramod$1fc24f04c9d167ae205e81437168472c81ec935a\$lut for cells of type $lut.
Using template $paramod$becfa4be1cbf62cb6d3b232ddcf44f1e574aebf7\$lut for cells of type $lut.
Using template $paramod$a38b55cd89af359e4caab1f54e90b9afd695e8af\$lut for cells of type $lut.
Using template $paramod$1b50331b90b04382b33c15fba4a70fbf2b6549b2\$lut for cells of type $lut.
Using template $paramod$552c54a44f22c5fb2e95c58915635f2a2f213caa\$lut for cells of type $lut.
Using template $paramod$d11220df11224de9408ee4da3d273d2a3e1f1567\$lut for cells of type $lut.
Using template $paramod$cdf0d21344bc4554ae5c4f2b05d6ec482f8f1fba\$lut for cells of type $lut.
Using template $paramod$cecf5c99b093768aae3082b4d06c3e04b86888ba\$lut for cells of type $lut.
Using template $paramod$3594ac645613e1c6b5a489dee9c8ca317760cde9\$lut for cells of type $lut.
Using template $paramod$ea70550d393f2b3b6f0c73a4379c1623409abf03\$lut for cells of type $lut.
Using template $paramod$766498fc585f2e2fa06e72b7bc432f5788344c10\$lut for cells of type $lut.
Using template $paramod$73d2ddbcf0c99b0860f6475e18e6dbcb2c5b34c2\$lut for cells of type $lut.
Using template $paramod$04497dbe1e413a8b276631d980db8db8067e7014\$lut for cells of type $lut.
Using template $paramod$269a600b91f9f9c102e25133b9d5c7461d78a012\$lut for cells of type $lut.
Using template $paramod$7668ed9f6ebd090504a2744e94cc2239338aea32\$lut for cells of type $lut.
Using template $paramod$9d023b0052bd9735a5c5c2879bdc6b3b15bc57eb\$lut for cells of type $lut.
Using template $paramod$9d7b7b647bdfb84c8d2e249b3daf583559e1695e\$lut for cells of type $lut.
Using template $paramod$5d6c1369509ce6e416b98c0222a9c7f692b65e39\$lut for cells of type $lut.
Using template $paramod$bf513c203dec393475f319626cfec4c389285c25\$lut for cells of type $lut.
Using template $paramod$54e2c1a00657c9c10b73d19bbef5988343f3fd85\$lut for cells of type $lut.
Using template $paramod$22aaaafc9aa1842e3bb70a225892d3f69c4d558f\$lut for cells of type $lut.
Using template $paramod$da6c2837f16b977f62971043a28383c616d24bf8\$lut for cells of type $lut.
Using template $paramod$4b34184d82638a4f4460a9486ab924607160a37d\$lut for cells of type $lut.
Using template $paramod$3ccd2c8c5d7980e424e31b16511243609a3d74c2\$lut for cells of type $lut.
Using template $paramod$6cf5c350605678538f2d058acba211e640ca3a0b\$lut for cells of type $lut.
Using template $paramod$e317baca36c78f7b6b63aadc6cf7d5d3b975304b\$lut for cells of type $lut.
Using template $paramod$b0c9a8d4fd3ac93bb888fedb5df24d60064cc6a7\$lut for cells of type $lut.
Using template $paramod$c3d22881b71e8f769d40a81d252dac6ad2168c54\$lut for cells of type $lut.
Using template $paramod$a29891d6f45a469424974f925bd89a876506ea5a\$lut for cells of type $lut.
Using template $paramod$3bdf9ec3253fc40d1d6eb04695898491d79ee029\$lut for cells of type $lut.
Using template $paramod$80224914615fb7c9f0b2e109882e87beffcc27cc\$lut for cells of type $lut.
Using template $paramod$d9d69537053325c66d9b989cc60976c15bbfc782\$lut for cells of type $lut.
Using template $paramod$ff01c4236ba776d569ca21e4125a8f9b30b41c75\$lut for cells of type $lut.
Using template $paramod$c801ce482c875f91fc52e75da3847c8bac202f41\$lut for cells of type $lut.
Using template $paramod$5a91a618dd73cd5feab308b094eb53564abcbef4\$lut for cells of type $lut.
Using template $paramod$e71acd1fd0d505c5322a040014ca4f2fbd36a053\$lut for cells of type $lut.
Using template $paramod$cbcad7797bfc5e0b3e1b59f5d73b315189d80352\$lut for cells of type $lut.
Using template $paramod$dcb92c0d7e74e19526d4b3ec62b6200ff7f0288b\$lut for cells of type $lut.
Using template $paramod$0962036af51b175f4b15ae9bbdbfc54ec906232f\$lut for cells of type $lut.
Using template $paramod$679967ef1962a06ca70132bf4c9189c00d461c00\$lut for cells of type $lut.
Using template $paramod$64dee05be3853e871e8eab1d90e93b80924b77b8\$lut for cells of type $lut.
Using template $paramod$5cd9b92259454791a1ddf572464ef8c25fce0fba\$lut for cells of type $lut.
Using template $paramod$7b58b2eeecdc1771a9da450c3a389e394f9103ed\$lut for cells of type $lut.
Using template $paramod$527085d04556b60c14739e5a21044a0bfc719af9\$lut for cells of type $lut.
Using template $paramod$aacda40b555c79f40b5a9ac24fb3dab152c09774\$lut for cells of type $lut.
Using template $paramod$90108309663ceebd5a40af735f795efa7e0b97b5\$lut for cells of type $lut.
Using template $paramod$45c5cef3e0676aa87a46a410d32317e2c23aa32e\$lut for cells of type $lut.
Using template $paramod$8223d1489cb7be712b9b7e026bd811522da97fc4\$lut for cells of type $lut.
Using template $paramod$e2c74232b475ad71eb2fb078d9bdc27cbed2ceda\$lut for cells of type $lut.
Using template $paramod$c533a43f489f572260bbc0f54c2f5f22ee3abe11\$lut for cells of type $lut.
Using template $paramod$b965f57f3f36481c3c916420b1b1d6d29a80567f\$lut for cells of type $lut.
Using template $paramod$6bcb8bb6276a8e6abc73d22d02c4a126804efd78\$lut for cells of type $lut.
Using template $paramod$b693cad950131fdea35bb9cb064592d60831e76b\$lut for cells of type $lut.
Using template $paramod$f18da3355eedbd3288de7ba8a87faf44cae42aeb\$lut for cells of type $lut.
Using template $paramod$de5b8121e1157627faaafeced3888d52ff0fd35b\$lut for cells of type $lut.
Using template $paramod$0b8ddc2113b543c3bd32c141d76f3e4ea07f4ff5\$lut for cells of type $lut.
Using template $paramod$3893954f3dfb895cbed7cef3e88cd7ecc885bf49\$lut for cells of type $lut.
Using template $paramod$3736f9c708886fb32c6e2aa0ec47d7ede8d48e28\$lut for cells of type $lut.
Using template $paramod$c7962f1e9f6b33776d3c7576162a8f91be31f84e\$lut for cells of type $lut.
Using template $paramod$d7084ff62a44d7fed5cb321a4b490b49782b2157\$lut for cells of type $lut.
Using template $paramod$a0251872e0a67afa87244026ccfb1f80bab1d8d2\$lut for cells of type $lut.
No more expansions possible.
<suppressed ~7404 debug messages>

15.45. Executing XILINX_DFFOPT pass (optimize FF control signal usage).
Optimizing FFs in core_multi.
  Merging D + CE LUTs for $auto$ff.cc:266:slice$6700/in_handler (1 -> 4)
  Merging D + CE LUTs for $auto$ff.cc:266:slice$6702/rs1_val (2 -> 6)
  Merging D + CE LUTs for $auto$ff.cc:266:slice$6703/rs1_val (2 -> 6)
  Merging D + CE LUTs for $auto$ff.cc:266:slice$6704/rs1_val (2 -> 6)
  Merging D + CE LUTs for $auto$ff.cc:266:slice$6705/rs1_val (2 -> 6)
  Merging D + CE LUTs for $auto$ff.cc:266:slice$6706/rs1_val (2 -> 6)
  Merging D + CE LUTs for $auto$ff.cc:266:slice$6707/rs1_val (2 -> 6)
  Merging D + CE LUTs for $auto$ff.cc:266:slice$6708/rs1_val (2 -> 6)
  Merging D + CE LUTs for $auto$ff.cc:266:slice$6709/rs1_val (2 -> 6)
  Merging D + CE LUTs for $auto$ff.cc:266:slice$6710/rs1_val (2 -> 6)
  Merging D + CE LUTs for $auto$ff.cc:266:slice$6711/rs1_val (2 -> 6)
  Merging D + CE LUTs for $auto$ff.cc:266:slice$6712/rs1_val (2 -> 6)
  Merging D + CE LUTs for $auto$ff.cc:266:slice$6713/rs1_val (2 -> 6)
  Merging D + CE LUTs for $auto$ff.cc:266:slice$6714/rs1_val (2 -> 6)
  Merging D + CE LUTs for $auto$ff.cc:266:slice$6715/rs1_val (2 -> 6)
  Merging D + CE LUTs for $auto$ff.cc:266:slice$6716/rs1_val (2 -> 6)
  Merging D + CE LUTs for $auto$ff.cc:266:slice$6717/rs1_val (2 -> 6)
  Merging D + CE LUTs for $auto$ff.cc:266:slice$6718/rs1_val (2 -> 6)
  Merging D + CE LUTs for $auto$ff.cc:266:slice$6719/rs1_val (2 -> 6)
  Merging D + CE LUTs for $auto$ff.cc:266:slice$6720/rs1_val (2 -> 6)
  Merging D + CE LUTs for $auto$ff.cc:266:slice$6721/rs1_val (2 -> 6)
  Merging D + CE LUTs for $auto$ff.cc:266:slice$6722/rs1_val (2 -> 6)
  Merging D + CE LUTs for $auto$ff.cc:266:slice$6723/rs1_val (2 -> 6)
  Merging D + CE LUTs for $auto$ff.cc:266:slice$6724/rs1_val (2 -> 6)
  Merging D + CE LUTs for $auto$ff.cc:266:slice$6725/rs1_val (2 -> 6)
  Merging D + CE LUTs for $auto$ff.cc:266:slice$6726/rs1_val (2 -> 6)
  Merging D + CE LUTs for $auto$ff.cc:266:slice$6727/rs1_val (2 -> 6)
  Merging D + CE LUTs for $auto$ff.cc:266:slice$6728/rs1_val (2 -> 6)
  Merging D + CE LUTs for $auto$ff.cc:266:slice$6729/rs1_val (2 -> 6)
  Merging D + CE LUTs for $auto$ff.cc:266:slice$6730/rs1_val (2 -> 6)
  Merging D + CE LUTs for $auto$ff.cc:266:slice$6731/rs1_val (2 -> 6)
  Merging D + CE LUTs for $auto$ff.cc:266:slice$6701/rs1_val (2 -> 6)
  Merging D + CE LUTs for $auto$ff.cc:266:slice$6732/rs1_val (2 -> 6)
  Merging D + CE LUTs for $auto$ff.cc:266:slice$6734/rs2_val (2 -> 6)
  Merging D + CE LUTs for $auto$ff.cc:266:slice$6735/rs2_val (2 -> 6)
  Merging D + CE LUTs for $auto$ff.cc:266:slice$6736/rs2_val (2 -> 6)
  Merging D + CE LUTs for $auto$ff.cc:266:slice$6737/rs2_val (2 -> 6)
  Merging D + CE LUTs for $auto$ff.cc:266:slice$6738/rs2_val (2 -> 6)
  Merging D + CE LUTs for $auto$ff.cc:266:slice$6739/rs2_val (2 -> 6)
  Merging D + CE LUTs for $auto$ff.cc:266:slice$6740/rs2_val (2 -> 6)
  Merging D + CE LUTs for $auto$ff.cc:266:slice$6741/rs2_val (2 -> 6)
  Merging D + CE LUTs for $auto$ff.cc:266:slice$6742/rs2_val (2 -> 6)
  Merging D + CE LUTs for $auto$ff.cc:266:slice$6743/rs2_val (2 -> 6)
  Merging D + CE LUTs for $auto$ff.cc:266:slice$6744/rs2_val (2 -> 6)
  Merging D + CE LUTs for $auto$ff.cc:266:slice$6745/rs2_val (2 -> 6)
  Merging D + CE LUTs for $auto$ff.cc:266:slice$6746/rs2_val (2 -> 6)
  Merging D + CE LUTs for $auto$ff.cc:266:slice$6747/rs2_val (2 -> 6)
  Merging D + CE LUTs for $auto$ff.cc:266:slice$6748/rs2_val (2 -> 6)
  Merging D + CE LUTs for $auto$ff.cc:266:slice$6749/rs2_val (2 -> 6)
  Merging D + CE LUTs for $auto$ff.cc:266:slice$6750/rs2_val (2 -> 6)
  Merging D + CE LUTs for $auto$ff.cc:266:slice$6751/rs2_val (2 -> 6)
  Merging D + CE LUTs for $auto$ff.cc:266:slice$6752/rs2_val (2 -> 6)
  Merging D + CE LUTs for $auto$ff.cc:266:slice$6753/rs2_val (2 -> 6)
  Merging D + CE LUTs for $auto$ff.cc:266:slice$6754/rs2_val (2 -> 6)
  Merging D + CE LUTs for $auto$ff.cc:266:slice$6755/rs2_val (2 -> 6)
  Merging D + CE LUTs for $auto$ff.cc:266:slice$6756/rs2_val (2 -> 6)
  Merging D + CE LUTs for $auto$ff.cc:266:slice$6757/rs2_val (2 -> 6)
  Merging D + CE LUTs for $auto$ff.cc:266:slice$6758/rs2_val (2 -> 6)
  Merging D + CE LUTs for $auto$ff.cc:266:slice$6759/rs2_val (2 -> 6)
  Merging D + CE LUTs for $auto$ff.cc:266:slice$6760/rs2_val (2 -> 6)
  Merging D + CE LUTs for $auto$ff.cc:266:slice$6761/rs2_val (2 -> 6)
  Merging D + CE LUTs for $auto$ff.cc:266:slice$6762/rs2_val (2 -> 6)
  Merging D + CE LUTs for $auto$ff.cc:266:slice$6763/rs2_val (2 -> 6)
  Merging D + CE LUTs for $auto$ff.cc:266:slice$6733/rs2_val (2 -> 6)
  Merging D + CE LUTs for $auto$ff.cc:266:slice$6764/rs2_val (2 -> 6)

15.46. Executing OPT_LUT_INS pass (discard unused LUT inputs).
Optimizing LUTs in core_multi.
  Optimizing lut $abc$11943$auto$blifparse.cc:535:parse_blif$12006.genblk1.genblk1.genblk1.genblk1.genblk1.genblk1.genblk1.genblk1.genblk1.genblk1.lut1.genblk1.genblk1.genblk1.genblk1.genblk1.genblk1.genblk1.genblk1.genblk1.lut0 (6 -> 0)
  Optimizing lut $abc$11943$auto$blifparse.cc:535:parse_blif$12079.genblk1.genblk1.genblk1.genblk1.genblk1.genblk1.genblk1.genblk1.genblk1.genblk1.lut0.genblk1.genblk1.genblk1.genblk1.genblk1.genblk1.genblk1.genblk1.genblk1.lut0 (6 -> 0)
  Optimizing lut $abc$11943$auto$blifparse.cc:535:parse_blif$12009.genblk1.genblk1.genblk1.genblk1.genblk1.genblk1.genblk1.genblk1.genblk1.lut0 (6 -> 0)
  Optimizing lut $abc$11943$auto$blifparse.cc:535:parse_blif$12005.genblk1.genblk1.genblk1.genblk1.genblk1.genblk1.genblk1.genblk1.genblk1.lut0 (6 -> 0)
  Optimizing lut $abc$11943$auto$blifparse.cc:535:parse_blif$12370.genblk1.genblk1.genblk1.genblk1.genblk1.genblk1.genblk1.genblk1.genblk1.genblk1.lut0.genblk1.genblk1.genblk1.genblk1.genblk1.genblk1.genblk1.genblk1.genblk1.lut0 (6 -> 0)
  Optimizing lut $abc$11943$auto$blifparse.cc:535:parse_blif$12330.genblk1.genblk1.genblk1.genblk1.genblk1.genblk1.genblk1.genblk1.genblk1.lut1 (6 -> 4)
  Optimizing lut $abc$11943$auto$blifparse.cc:535:parse_blif$12079.genblk1.genblk1.genblk1.genblk1.genblk1.genblk1.genblk1.genblk1.genblk1.genblk1.lut1.genblk1.genblk1.genblk1.genblk1.genblk1.genblk1.genblk1.genblk1.genblk1.lut0 (6 -> 0)
  Optimizing lut $abc$11943$auto$blifparse.cc:535:parse_blif$12804.genblk1.genblk1.genblk1.genblk1.genblk1.genblk1.genblk1.genblk1.genblk1.genblk1.lut1.genblk1.genblk1.genblk1.genblk1.genblk1.genblk1.genblk1.genblk1.genblk1.lut0 (6 -> 0)
  Optimizing lut $abc$11943$auto$blifparse.cc:535:parse_blif$12083.genblk1.genblk1.genblk1.genblk1.genblk1.genblk1.genblk1.genblk1.genblk1.genblk1.lut0.genblk1.genblk1.genblk1.genblk1.genblk1.genblk1.genblk1.genblk1.genblk1.lut0 (6 -> 0)
  Optimizing lut $abc$11943$auto$blifparse.cc:535:parse_blif$12327.genblk1.genblk1.genblk1.genblk1.genblk1.genblk1.genblk1.genblk1.genblk1.lut0 (6 -> 0)
  Optimizing lut $abc$11943$auto$blifparse.cc:535:parse_blif$12840.genblk1.genblk1.genblk1.genblk1.genblk1.genblk1.genblk1.genblk1.genblk1.genblk1.lut1.genblk1.genblk1.genblk1.genblk1.genblk1.genblk1.genblk1.genblk1.genblk1.lut0 (6 -> 0)
  Optimizing lut $abc$11943$auto$blifparse.cc:535:parse_blif$12840.genblk1.genblk1.genblk1.genblk1.genblk1.genblk1.genblk1.genblk1.genblk1.genblk1.lut0.genblk1.genblk1.genblk1.genblk1.genblk1.genblk1.genblk1.genblk1.genblk1.lut0 (6 -> 1)
  Optimizing lut $abc$11943$auto$blifparse.cc:535:parse_blif$12017.genblk1.genblk1.genblk1.genblk1.genblk1.genblk1.genblk1.genblk1.genblk1.genblk1.lut1.genblk1.genblk1.genblk1.genblk1.genblk1.genblk1.genblk1.genblk1.genblk1.lut0 (6 -> 0)
  Optimizing lut $abc$11943$auto$blifparse.cc:535:parse_blif$12795.genblk1.genblk1.genblk1.genblk1.genblk1.genblk1.genblk1.genblk1.genblk1.genblk1.lut0.genblk1.genblk1.genblk1.genblk1.genblk1.genblk1.genblk1.genblk1.genblk1.lut0 (6 -> 1)
  Optimizing lut $abc$11943$auto$blifparse.cc:535:parse_blif$12087.genblk1.genblk1.genblk1.genblk1.genblk1.genblk1.genblk1.genblk1.genblk1.genblk1.lut0.genblk1.genblk1.genblk1.genblk1.genblk1.genblk1.genblk1.genblk1.genblk1.lut0 (6 -> 0)
  Optimizing lut $abc$11943$auto$blifparse.cc:535:parse_blif$12087.genblk1.genblk1.genblk1.genblk1.genblk1.genblk1.genblk1.genblk1.genblk1.genblk1.lut1.genblk1.genblk1.genblk1.genblk1.genblk1.genblk1.genblk1.genblk1.genblk1.lut0 (6 -> 0)
  Optimizing lut $abc$11943$auto$blifparse.cc:535:parse_blif$12254.genblk1.genblk1.genblk1.genblk1.genblk1.genblk1.genblk1.genblk1.genblk1.lut1 (6 -> 4)
  Optimizing lut $abc$11943$auto$blifparse.cc:535:parse_blif$12254.genblk1.genblk1.genblk1.genblk1.genblk1.genblk1.genblk1.genblk1.genblk1.lut0 (6 -> 4)
  Optimizing lut $abc$11943$auto$blifparse.cc:535:parse_blif$12810.genblk1.genblk1.genblk1.genblk1.genblk1.genblk1.genblk1.genblk1.genblk1.genblk1.lut0.genblk1.genblk1.genblk1.genblk1.genblk1.genblk1.genblk1.genblk1.genblk1.lut0 (6 -> 1)
  Optimizing lut $abc$11943$auto$blifparse.cc:535:parse_blif$12876.genblk1.genblk1.genblk1.genblk1.genblk1.genblk1.genblk1.genblk1.genblk1.genblk1.lut0.genblk1.genblk1.genblk1.genblk1.genblk1.genblk1.genblk1.genblk1.genblk1.lut0 (6 -> 1)
  Optimizing lut $abc$11943$auto$blifparse.cc:535:parse_blif$12876.genblk1.genblk1.genblk1.genblk1.genblk1.genblk1.genblk1.genblk1.genblk1.genblk1.lut1.genblk1.genblk1.genblk1.genblk1.genblk1.genblk1.genblk1.genblk1.genblk1.lut0 (6 -> 0)
  Optimizing lut $abc$11943$auto$blifparse.cc:535:parse_blif$12372.genblk1.genblk1.genblk1.genblk1.genblk1.genblk1.genblk1.genblk1.genblk1.genblk1.lut1.genblk1.genblk1.genblk1.genblk1.genblk1.genblk1.genblk1.genblk1.genblk1.lut0 (6 -> 3)
  Optimizing lut $abc$11943$auto$blifparse.cc:535:parse_blif$12091.genblk1.genblk1.genblk1.genblk1.genblk1.genblk1.genblk1.genblk1.genblk1.genblk1.lut0.genblk1.genblk1.genblk1.genblk1.genblk1.genblk1.genblk1.genblk1.genblk1.lut0 (6 -> 0)
  Optimizing lut $abc$11943$auto$blifparse.cc:535:parse_blif$12579.genblk1.genblk1.genblk1.genblk1.genblk1.genblk1.genblk1.genblk1.genblk1.lut0 (6 -> 1)
  Optimizing lut $abc$11943$auto$blifparse.cc:535:parse_blif$12279.genblk1.genblk1.genblk1.genblk1.genblk1.genblk1.genblk1.genblk1.genblk1.genblk1.lut1.genblk1.genblk1.genblk1.genblk1.genblk1.genblk1.genblk1.genblk1.genblk1.lut0 (6 -> 3)
  Optimizing lut $abc$11943$auto$blifparse.cc:535:parse_blif$12091.genblk1.genblk1.genblk1.genblk1.genblk1.genblk1.genblk1.genblk1.genblk1.genblk1.lut1.genblk1.genblk1.genblk1.genblk1.genblk1.genblk1.genblk1.genblk1.genblk1.lut0 (6 -> 0)
  Optimizing lut $abc$11943$auto$blifparse.cc:535:parse_blif$12280.genblk1.genblk1.genblk1.genblk1.genblk1.genblk1.genblk1.genblk1.genblk1.genblk1.lut0.genblk1.genblk1.genblk1.genblk1.genblk1.genblk1.genblk1.genblk1.genblk1.lut0 (6 -> 0)
  Optimizing lut $abc$11943$auto$blifparse.cc:535:parse_blif$12280.genblk1.genblk1.genblk1.genblk1.genblk1.genblk1.genblk1.genblk1.genblk1.genblk1.lut1.genblk1.genblk1.genblk1.genblk1.genblk1.genblk1.genblk1.genblk1.genblk1.lut0 (6 -> 3)
  Optimizing lut $abc$11943$auto$blifparse.cc:535:parse_blif$12395.genblk1.genblk1.genblk1.genblk1.genblk1.genblk1.genblk1.genblk1.genblk1.genblk1.lut1.genblk1.genblk1.genblk1.genblk1.genblk1.genblk1.genblk1.genblk1.genblk1.lut0 (6 -> 3)
  Optimizing lut $abc$11943$auto$blifparse.cc:535:parse_blif$12580.genblk1.genblk1.genblk1.genblk1.genblk1.genblk1.genblk1.genblk1.genblk1.lut0 (6 -> 0)
  Optimizing lut $abc$11943$auto$blifparse.cc:535:parse_blif$12349.genblk1.genblk1.genblk1.genblk1.genblk1.genblk1.genblk1.genblk1.genblk1.genblk1.lut1.genblk1.genblk1.genblk1.genblk1.genblk1.genblk1.genblk1.genblk1.genblk1.lut0 (6 -> 3)
  Optimizing lut $abc$11943$auto$blifparse.cc:535:parse_blif$12709.genblk1.genblk1.genblk1.genblk1.genblk1.genblk1.genblk1.genblk1.genblk1.genblk1.lut0.genblk1.genblk1.genblk1.genblk1.genblk1.genblk1.genblk1.genblk1.genblk1.lut0 (6 -> 5)
  Optimizing lut $abc$11943$auto$blifparse.cc:535:parse_blif$12051.genblk1.genblk1.genblk1.genblk1.genblk1.genblk1.genblk1.genblk1.genblk1.genblk1.lut0.genblk1.genblk1.genblk1.genblk1.genblk1.genblk1.genblk1.genblk1.genblk1.lut0 (6 -> 0)
  Optimizing lut $abc$11943$auto$blifparse.cc:535:parse_blif$12807.genblk1.genblk1.genblk1.genblk1.genblk1.genblk1.genblk1.genblk1.genblk1.genblk1.lut0.genblk1.genblk1.genblk1.genblk1.genblk1.genblk1.genblk1.genblk1.genblk1.lut0 (6 -> 1)
  Optimizing lut $abc$11943$auto$blifparse.cc:535:parse_blif$12051.genblk1.genblk1.genblk1.genblk1.genblk1.genblk1.genblk1.genblk1.genblk1.genblk1.lut1.genblk1.genblk1.genblk1.genblk1.genblk1.genblk1.genblk1.genblk1.genblk1.lut0 (6 -> 0)
  Optimizing lut $abc$11943$auto$blifparse.cc:535:parse_blif$12807.genblk1.genblk1.genblk1.genblk1.genblk1.genblk1.genblk1.genblk1.genblk1.genblk1.lut1.genblk1.genblk1.genblk1.genblk1.genblk1.genblk1.genblk1.genblk1.genblk1.lut0 (6 -> 0)
  Optimizing lut $abc$11943$auto$blifparse.cc:535:parse_blif$12711.genblk1.genblk1.genblk1.genblk1.genblk1.genblk1.genblk1.genblk1.genblk1.genblk1.lut0.genblk1.genblk1.genblk1.genblk1.genblk1.genblk1.genblk1.genblk1.genblk1.lut0 (6 -> 5)
  Optimizing lut $abc$11943$auto$blifparse.cc:535:parse_blif$12843.genblk1.genblk1.genblk1.genblk1.genblk1.genblk1.genblk1.genblk1.genblk1.genblk1.lut0.genblk1.genblk1.genblk1.genblk1.genblk1.genblk1.genblk1.genblk1.genblk1.lut0 (6 -> 1)
  Optimizing lut $abc$11943$auto$blifparse.cc:535:parse_blif$12843.genblk1.genblk1.genblk1.genblk1.genblk1.genblk1.genblk1.genblk1.genblk1.genblk1.lut1.genblk1.genblk1.genblk1.genblk1.genblk1.genblk1.genblk1.genblk1.genblk1.lut0 (6 -> 0)
  Optimizing lut $abc$11943$auto$blifparse.cc:535:parse_blif$12711.genblk1.genblk1.genblk1.genblk1.genblk1.genblk1.genblk1.genblk1.genblk1.genblk1.lut1.genblk1.genblk1.genblk1.genblk1.genblk1.genblk1.genblk1.genblk1.genblk1.lut0 (6 -> 5)
  Optimizing lut $abc$11943$auto$blifparse.cc:535:parse_blif$12035.genblk1.genblk1.genblk1.genblk1.genblk1.genblk1.genblk1.genblk1.genblk1.genblk1.lut0.genblk1.genblk1.genblk1.genblk1.genblk1.genblk1.genblk1.genblk1.genblk1.lut0 (6 -> 0)
  Optimizing lut $abc$11943$auto$blifparse.cc:535:parse_blif$12039.genblk1.genblk1.genblk1.genblk1.genblk1.genblk1.genblk1.genblk1.genblk1.genblk1.lut0.genblk1.genblk1.genblk1.genblk1.genblk1.genblk1.genblk1.genblk1.genblk1.lut0 (6 -> 0)
  Optimizing lut $abc$11943$auto$blifparse.cc:535:parse_blif$12530.genblk1.genblk1.genblk1.genblk1.genblk1.genblk1.genblk1.genblk1.genblk1.lut0 (6 -> 4)
  Optimizing lut $abc$11943$auto$blifparse.cc:535:parse_blif$12816.genblk1.genblk1.genblk1.genblk1.genblk1.genblk1.genblk1.genblk1.genblk1.genblk1.lut0.genblk1.genblk1.genblk1.genblk1.genblk1.genblk1.genblk1.genblk1.genblk1.lut0 (6 -> 1)
  Optimizing lut $abc$11943$auto$blifparse.cc:535:parse_blif$12104.genblk1.genblk1.genblk1.genblk1.genblk1.genblk1.genblk1.genblk1.genblk1.genblk1.lut0.genblk1.genblk1.genblk1.genblk1.genblk1.genblk1.genblk1.genblk1.genblk1.lut0 (6 -> 0)
  Optimizing lut $abc$11943$auto$blifparse.cc:535:parse_blif$12104.genblk1.genblk1.genblk1.genblk1.genblk1.genblk1.genblk1.genblk1.genblk1.genblk1.lut1.genblk1.genblk1.genblk1.genblk1.genblk1.genblk1.genblk1.genblk1.genblk1.lut0 (6 -> 0)
  Optimizing lut $abc$11943$auto$blifparse.cc:535:parse_blif$12324.genblk1.genblk1.genblk1.genblk1.genblk1.genblk1.genblk1.genblk1.genblk1.genblk1.lut0.genblk1.genblk1.genblk1.genblk1.genblk1.genblk1.genblk1.genblk1.genblk1.lut0 (6 -> 5)
  Optimizing lut $abc$11943$auto$blifparse.cc:535:parse_blif$12870.genblk1.genblk1.genblk1.genblk1.genblk1.genblk1.genblk1.genblk1.genblk1.genblk1.lut0.genblk1.genblk1.genblk1.genblk1.genblk1.genblk1.genblk1.genblk1.genblk1.lut0 (6 -> 1)
  Optimizing lut $abc$11943$auto$blifparse.cc:535:parse_blif$12600.genblk1.genblk1.genblk1.genblk1.genblk1.genblk1.genblk1.genblk1.genblk1.lut0 (6 -> 0)
  Optimizing lut $abc$11943$auto$blifparse.cc:535:parse_blif$12864.genblk1.genblk1.genblk1.genblk1.genblk1.genblk1.genblk1.genblk1.genblk1.genblk1.lut0.genblk1.genblk1.genblk1.genblk1.genblk1.genblk1.genblk1.genblk1.genblk1.lut0 (6 -> 1)
  Optimizing lut $abc$11943$auto$blifparse.cc:535:parse_blif$12864.genblk1.genblk1.genblk1.genblk1.genblk1.genblk1.genblk1.genblk1.genblk1.genblk1.lut1.genblk1.genblk1.genblk1.genblk1.genblk1.genblk1.genblk1.genblk1.genblk1.lut0 (6 -> 0)
  Optimizing lut $abc$11943$auto$blifparse.cc:535:parse_blif$12867.genblk1.genblk1.genblk1.genblk1.genblk1.genblk1.genblk1.genblk1.genblk1.genblk1.lut0.genblk1.genblk1.genblk1.genblk1.genblk1.genblk1.genblk1.genblk1.genblk1.lut0 (6 -> 1)
  Optimizing lut $abc$11943$auto$blifparse.cc:535:parse_blif$12867.genblk1.genblk1.genblk1.genblk1.genblk1.genblk1.genblk1.genblk1.genblk1.genblk1.lut1.genblk1.genblk1.genblk1.genblk1.genblk1.genblk1.genblk1.genblk1.genblk1.lut0 (6 -> 0)
  Optimizing lut $abc$11943$auto$blifparse.cc:535:parse_blif$12858.genblk1.genblk1.genblk1.genblk1.genblk1.genblk1.genblk1.genblk1.genblk1.genblk1.lut0.genblk1.genblk1.genblk1.genblk1.genblk1.genblk1.genblk1.genblk1.genblk1.lut0 (6 -> 1)
  Optimizing lut $abc$11943$auto$blifparse.cc:535:parse_blif$12858.genblk1.genblk1.genblk1.genblk1.genblk1.genblk1.genblk1.genblk1.genblk1.genblk1.lut1.genblk1.genblk1.genblk1.genblk1.genblk1.genblk1.genblk1.genblk1.genblk1.lut0 (6 -> 0)
  Optimizing lut $abc$11943$auto$blifparse.cc:535:parse_blif$12861.genblk1.genblk1.genblk1.genblk1.genblk1.genblk1.genblk1.genblk1.genblk1.genblk1.lut0.genblk1.genblk1.genblk1.genblk1.genblk1.genblk1.genblk1.genblk1.genblk1.lut0 (6 -> 1)
  Optimizing lut $abc$11943$auto$blifparse.cc:535:parse_blif$12861.genblk1.genblk1.genblk1.genblk1.genblk1.genblk1.genblk1.genblk1.genblk1.genblk1.lut1.genblk1.genblk1.genblk1.genblk1.genblk1.genblk1.genblk1.genblk1.genblk1.lut0 (6 -> 0)
  Optimizing lut $abc$11943$auto$blifparse.cc:535:parse_blif$12294.genblk1.genblk1.genblk1.genblk1.genblk1.genblk1.genblk1.genblk1.genblk1.genblk1.lut0.genblk1.genblk1.genblk1.genblk1.genblk1.genblk1.genblk1.genblk1.genblk1.lut0 (6 -> 0)
  Optimizing lut $abc$11943$auto$blifparse.cc:535:parse_blif$12294.genblk1.genblk1.genblk1.genblk1.genblk1.genblk1.genblk1.genblk1.genblk1.genblk1.lut1.genblk1.genblk1.genblk1.genblk1.genblk1.genblk1.genblk1.genblk1.genblk1.lut0 (6 -> 2)
  Optimizing lut $abc$11943$auto$blifparse.cc:535:parse_blif$12591.genblk1.genblk1.genblk1.genblk1.genblk1.genblk1.genblk1.genblk1.genblk1.genblk1.lut0.genblk1.genblk1.genblk1.genblk1.genblk1.genblk1.genblk1.genblk1.genblk1.lut0 (6 -> 0)
  Optimizing lut $abc$11943$auto$blifparse.cc:535:parse_blif$12297.genblk1.genblk1.genblk1.genblk1.genblk1.genblk1.genblk1.genblk1.genblk1.lut0 (6 -> 0)
  Optimizing lut $abc$11943$auto$blifparse.cc:535:parse_blif$12516.genblk1.genblk1.genblk1.genblk1.genblk1.genblk1.genblk1.genblk1.genblk1.genblk1.lut0.genblk1.genblk1.genblk1.genblk1.genblk1.genblk1.genblk1.genblk1.genblk1.lut0 (6 -> 0)
  Optimizing lut $abc$11943$auto$blifparse.cc:535:parse_blif$12592.genblk1.genblk1.genblk1.genblk1.genblk1.genblk1.genblk1.genblk1.genblk1.lut0 (6 -> 0)
  Optimizing lut $abc$11943$auto$blifparse.cc:535:parse_blif$12623.genblk1.genblk1.genblk1.genblk1.genblk1.genblk1.genblk1.genblk1.genblk1.genblk1.lut0.genblk1.genblk1.genblk1.genblk1.genblk1.genblk1.genblk1.genblk1.genblk1.lut0 (6 -> 0)
  Optimizing lut $abc$11943$auto$blifparse.cc:535:parse_blif$12263.genblk1.genblk1.genblk1.genblk1.genblk1.genblk1.genblk1.genblk1.genblk1.genblk1.lut0.genblk1.genblk1.genblk1.genblk1.genblk1.genblk1.genblk1.genblk1.genblk1.lut0 (6 -> 3)
  Optimizing lut $abc$11943$auto$blifparse.cc:535:parse_blif$12264.genblk1.genblk1.genblk1.genblk1.genblk1.genblk1.genblk1.genblk1.genblk1.lut0 (6 -> 2)
  Optimizing lut $abc$11943$auto$blifparse.cc:535:parse_blif$12389.genblk1.genblk1.genblk1.genblk1.genblk1.genblk1.genblk1.genblk1.genblk1.genblk1.lut1.genblk1.genblk1.genblk1.genblk1.genblk1.genblk1.genblk1.genblk1.genblk1.lut0 (6 -> 3)
  Optimizing lut $abc$11943$auto$blifparse.cc:535:parse_blif$12358.genblk1.genblk1.genblk1.genblk1.genblk1.genblk1.genblk1.genblk1.genblk1.genblk1.lut0.genblk1.genblk1.genblk1.genblk1.genblk1.genblk1.genblk1.genblk1.genblk1.lut0 (6 -> 4)
  Optimizing lut $abc$11943$auto$blifparse.cc:535:parse_blif$12358.genblk1.genblk1.genblk1.genblk1.genblk1.genblk1.genblk1.genblk1.genblk1.genblk1.lut1.genblk1.genblk1.genblk1.genblk1.genblk1.genblk1.genblk1.genblk1.genblk1.lut0 (6 -> 0)
  Optimizing lut $abc$11943$auto$blifparse.cc:535:parse_blif$12361.genblk1.genblk1.genblk1.genblk1.genblk1.genblk1.genblk1.genblk1.genblk1.genblk1.lut0.genblk1.genblk1.genblk1.genblk1.genblk1.genblk1.genblk1.genblk1.genblk1.lut0 (6 -> 3)
  Optimizing lut $abc$11943$auto$blifparse.cc:535:parse_blif$12548.genblk1.genblk1.genblk1.genblk1.genblk1.genblk1.genblk1.genblk1.genblk1.lut0 (6 -> 4)
  Optimizing lut $abc$11943$auto$blifparse.cc:535:parse_blif$12210.genblk1.genblk1.genblk1.genblk1.genblk1.genblk1.genblk1.genblk1.genblk1.genblk1.lut0.genblk1.genblk1.genblk1.genblk1.genblk1.genblk1.genblk1.genblk1.genblk1.lut0 (6 -> 0)
  Optimizing lut $abc$11943$auto$blifparse.cc:535:parse_blif$12210.genblk1.genblk1.genblk1.genblk1.genblk1.genblk1.genblk1.genblk1.genblk1.genblk1.lut1.genblk1.genblk1.genblk1.genblk1.genblk1.genblk1.genblk1.genblk1.genblk1.lut0 (6 -> 3)
  Optimizing lut $abc$11943$auto$blifparse.cc:535:parse_blif$12507.genblk1.genblk1.genblk1.genblk1.genblk1.genblk1.genblk1.genblk1.genblk1.genblk1.lut0.genblk1.genblk1.genblk1.genblk1.genblk1.genblk1.genblk1.genblk1.genblk1.lut0 (6 -> 0)
  Optimizing lut $abc$11943$auto$blifparse.cc:535:parse_blif$11974.genblk1.genblk1.genblk1.genblk1.genblk1.genblk1.genblk1.genblk1.genblk1.lut0 (6 -> 0)
  Optimizing lut $abc$11943$auto$blifparse.cc:535:parse_blif$12834.genblk1.genblk1.genblk1.genblk1.genblk1.genblk1.genblk1.genblk1.genblk1.genblk1.lut0.genblk1.genblk1.genblk1.genblk1.genblk1.genblk1.genblk1.genblk1.genblk1.lut0 (6 -> 1)
  Optimizing lut $abc$11943$auto$blifparse.cc:535:parse_blif$12296.genblk1.genblk1.genblk1.genblk1.genblk1.genblk1.genblk1.genblk1.genblk1.lut0 (6 -> 4)
  Optimizing lut $abc$11943$auto$blifparse.cc:535:parse_blif$12846.genblk1.genblk1.genblk1.genblk1.genblk1.genblk1.genblk1.genblk1.genblk1.genblk1.lut0.genblk1.genblk1.genblk1.genblk1.genblk1.genblk1.genblk1.genblk1.genblk1.lut0 (6 -> 1)
  Optimizing lut $abc$11943$auto$blifparse.cc:535:parse_blif$12341.genblk1.genblk1.genblk1.genblk1.genblk1.genblk1.genblk1.genblk1.genblk1.genblk1.lut0.genblk1.genblk1.genblk1.genblk1.genblk1.genblk1.genblk1.genblk1.genblk1.lut0 (6 -> 3)
  Optimizing lut $abc$11943$auto$blifparse.cc:535:parse_blif$12345.genblk1.genblk1.genblk1.genblk1.genblk1.genblk1.genblk1.genblk1.genblk1.lut0 (6 -> 4)
  Optimizing lut $abc$11943$auto$blifparse.cc:535:parse_blif$12232.genblk1.genblk1.genblk1.genblk1.genblk1.genblk1.genblk1.genblk1.genblk1.genblk1.lut1.genblk1.genblk1.genblk1.genblk1.genblk1.genblk1.genblk1.genblk1.genblk1.lut0 (6 -> 3)
  Optimizing lut $abc$11943$auto$blifparse.cc:535:parse_blif$12234.genblk1.genblk1.genblk1.genblk1.genblk1.genblk1.genblk1.genblk1.genblk1.genblk1.lut1.genblk1.genblk1.genblk1.genblk1.genblk1.genblk1.genblk1.genblk1.genblk1.lut0 (6 -> 3)
  Optimizing lut $abc$11943$auto$blifparse.cc:535:parse_blif$12276.genblk1.genblk1.genblk1.genblk1.genblk1.genblk1.genblk1.genblk1.genblk1.genblk1.lut0.genblk1.genblk1.genblk1.genblk1.genblk1.genblk1.genblk1.genblk1.genblk1.lut1 (6 -> 3)
  Optimizing lut $abc$11943$auto$blifparse.cc:535:parse_blif$12276.genblk1.genblk1.genblk1.genblk1.genblk1.genblk1.genblk1.genblk1.genblk1.genblk1.lut1.genblk1.genblk1.genblk1.genblk1.genblk1.genblk1.genblk1.genblk1.genblk1.lut0 (6 -> 3)
  Optimizing lut $abc$11943$auto$blifparse.cc:535:parse_blif$12454.genblk1.genblk1.genblk1.genblk1.genblk1.genblk1.genblk1.genblk1.genblk1.lut0 (6 -> 4)
  Optimizing lut $abc$11943$auto$blifparse.cc:535:parse_blif$12318.genblk1.genblk1.genblk1.genblk1.genblk1.genblk1.genblk1.genblk1.genblk1.genblk1.lut1.genblk1.genblk1.genblk1.genblk1.genblk1.genblk1.genblk1.genblk1.genblk1.lut0 (6 -> 3)
  Optimizing lut $abc$11943$auto$blifparse.cc:535:parse_blif$12431.genblk1.genblk1.genblk1.genblk1.genblk1.genblk1.genblk1.genblk1.genblk1.genblk1.lut1.genblk1.genblk1.genblk1.genblk1.genblk1.genblk1.genblk1.genblk1.genblk1.lut0 (6 -> 1)
  Optimizing lut $abc$11943$auto$blifparse.cc:535:parse_blif$12245.genblk1.genblk1.genblk1.genblk1.genblk1.genblk1.genblk1.genblk1.genblk1.genblk1.lut0.genblk1.genblk1.genblk1.genblk1.genblk1.genblk1.genblk1.genblk1.genblk1.lut0 (6 -> 3)
  Optimizing lut $abc$11943$auto$blifparse.cc:535:parse_blif$12250.genblk1.genblk1.genblk1.genblk1.genblk1.genblk1.genblk1.genblk1.genblk1.genblk1.lut0.genblk1.genblk1.genblk1.genblk1.genblk1.genblk1.genblk1.genblk1.genblk1.lut1 (6 -> 3)
  Optimizing lut $abc$11943$auto$blifparse.cc:535:parse_blif$12330.genblk1.genblk1.genblk1.genblk1.genblk1.genblk1.genblk1.genblk1.genblk1.lut0 (6 -> 4)
  Optimizing lut $abc$11943$auto$blifparse.cc:535:parse_blif$12837.genblk1.genblk1.genblk1.genblk1.genblk1.genblk1.genblk1.genblk1.genblk1.genblk1.lut0.genblk1.genblk1.genblk1.genblk1.genblk1.genblk1.genblk1.genblk1.genblk1.lut0 (6 -> 1)
  Optimizing lut $abc$11943$auto$blifparse.cc:535:parse_blif$12828.genblk1.genblk1.genblk1.genblk1.genblk1.genblk1.genblk1.genblk1.genblk1.genblk1.lut1.genblk1.genblk1.genblk1.genblk1.genblk1.genblk1.genblk1.genblk1.genblk1.lut1 (6 -> 0)
  Optimizing lut $abc$11943$auto$blifparse.cc:535:parse_blif$12497.genblk1.genblk1.genblk1.genblk1.genblk1.genblk1.genblk1.genblk1.genblk1.genblk1.lut0.genblk1.genblk1.genblk1.genblk1.genblk1.genblk1.genblk1.genblk1.genblk1.lut0 (6 -> 0)
  Optimizing lut $abc$11943$auto$blifparse.cc:535:parse_blif$12174.genblk1.genblk1.genblk1.genblk1.genblk1.genblk1.genblk1.genblk1.genblk1.genblk1.lut0.genblk1.genblk1.genblk1.genblk1.genblk1.genblk1.genblk1.genblk1.genblk1.lut0 (6 -> 4)
  Optimizing lut $abc$11943$auto$blifparse.cc:535:parse_blif$12497.genblk1.genblk1.genblk1.genblk1.genblk1.genblk1.genblk1.genblk1.genblk1.genblk1.lut0.genblk1.genblk1.genblk1.genblk1.genblk1.genblk1.genblk1.genblk1.genblk1.lut1 (6 -> 0)
  Optimizing lut $abc$11943$auto$blifparse.cc:535:parse_blif$12071.genblk1.genblk1.genblk1.genblk1.genblk1.genblk1.genblk1.genblk1.genblk1.genblk1.lut1.genblk1.genblk1.genblk1.genblk1.genblk1.genblk1.genblk1.genblk1.genblk1.lut0 (6 -> 0)
  Optimizing lut $abc$11943$auto$blifparse.cc:535:parse_blif$12059.genblk1.genblk1.genblk1.genblk1.genblk1.genblk1.genblk1.genblk1.genblk1.genblk1.lut0.genblk1.genblk1.genblk1.genblk1.genblk1.genblk1.genblk1.genblk1.genblk1.lut0 (6 -> 0)
  Optimizing lut $abc$11943$auto$blifparse.cc:535:parse_blif$12334.genblk1.genblk1.genblk1.genblk1.genblk1.genblk1.genblk1.genblk1.genblk1.genblk1.lut1.genblk1.genblk1.genblk1.genblk1.genblk1.genblk1.genblk1.genblk1.genblk1.lut1 (6 -> 1)
  Optimizing lut $abc$11943$auto$blifparse.cc:535:parse_blif$12486.genblk1.genblk1.genblk1.genblk1.genblk1.genblk1.genblk1.genblk1.genblk1.lut0 (6 -> 0)
  Optimizing lut $abc$11943$auto$blifparse.cc:535:parse_blif$12247.genblk1.genblk1.genblk1.genblk1.genblk1.genblk1.genblk1.genblk1.genblk1.lut0 (6 -> 4)
  Optimizing lut $abc$11943$auto$blifparse.cc:535:parse_blif$12855.genblk1.genblk1.genblk1.genblk1.genblk1.genblk1.genblk1.genblk1.genblk1.genblk1.lut1.genblk1.genblk1.genblk1.genblk1.genblk1.genblk1.genblk1.genblk1.genblk1.lut1 (6 -> 0)
  Optimizing lut $abc$11943$auto$blifparse.cc:535:parse_blif$12010.genblk1.genblk1.genblk1.genblk1.genblk1.genblk1.genblk1.genblk1.genblk1.genblk1.lut1.genblk1.genblk1.genblk1.genblk1.genblk1.genblk1.genblk1.genblk1.genblk1.lut0 (6 -> 0)
  Optimizing lut $abc$11943$auto$blifparse.cc:535:parse_blif$12849.genblk1.genblk1.genblk1.genblk1.genblk1.genblk1.genblk1.genblk1.genblk1.genblk1.lut1.genblk1.genblk1.genblk1.genblk1.genblk1.genblk1.genblk1.genblk1.genblk1.lut0 (6 -> 0)
  Optimizing lut $abc$11943$auto$blifparse.cc:535:parse_blif$12828.genblk1.genblk1.genblk1.genblk1.genblk1.genblk1.genblk1.genblk1.genblk1.genblk1.lut0.genblk1.genblk1.genblk1.genblk1.genblk1.genblk1.genblk1.genblk1.genblk1.lut0 (6 -> 1)
  Optimizing lut $abc$11943$auto$blifparse.cc:535:parse_blif$12571.genblk1.genblk1.genblk1.genblk1.genblk1.genblk1.genblk1.genblk1.genblk1.lut0 (6 -> 4)
  Optimizing lut $abc$11943$auto$blifparse.cc:535:parse_blif$12813.genblk1.genblk1.genblk1.genblk1.genblk1.genblk1.genblk1.genblk1.genblk1.genblk1.lut1.genblk1.genblk1.genblk1.genblk1.genblk1.genblk1.genblk1.genblk1.genblk1.lut0 (6 -> 0)
  Optimizing lut $abc$11943$auto$blifparse.cc:535:parse_blif$11999.genblk1.genblk1.genblk1.genblk1.genblk1.genblk1.genblk1.genblk1.genblk1.genblk1.lut1.genblk1.genblk1.genblk1.genblk1.genblk1.genblk1.genblk1.genblk1.genblk1.lut0 (6 -> 0)
  Optimizing lut $abc$11943$auto$blifparse.cc:535:parse_blif$11998.genblk1.genblk1.genblk1.genblk1.genblk1.genblk1.genblk1.genblk1.genblk1.lut0 (6 -> 0)
  Optimizing lut $abc$11943$auto$blifparse.cc:535:parse_blif$11999.genblk1.genblk1.genblk1.genblk1.genblk1.genblk1.genblk1.genblk1.genblk1.genblk1.lut0.genblk1.genblk1.genblk1.genblk1.genblk1.genblk1.genblk1.genblk1.genblk1.lut0 (6 -> 0)
  Optimizing lut $abc$11943$auto$blifparse.cc:535:parse_blif$12000.genblk1.genblk1.genblk1.genblk1.genblk1.genblk1.genblk1.genblk1.genblk1.lut0 (6 -> 0)
  Optimizing lut $abc$11943$auto$blifparse.cc:535:parse_blif$12846.genblk1.genblk1.genblk1.genblk1.genblk1.genblk1.genblk1.genblk1.genblk1.genblk1.lut1.genblk1.genblk1.genblk1.genblk1.genblk1.genblk1.genblk1.genblk1.genblk1.lut0 (6 -> 0)
  Optimizing lut $abc$11943$auto$blifparse.cc:535:parse_blif$11983.genblk1.genblk1.genblk1.genblk1.genblk1.genblk1.genblk1.genblk1.genblk1.lut0 (6 -> 0)
  Optimizing lut $abc$11943$auto$blifparse.cc:535:parse_blif$12822.genblk1.genblk1.genblk1.genblk1.genblk1.genblk1.genblk1.genblk1.genblk1.genblk1.lut1.genblk1.genblk1.genblk1.genblk1.genblk1.genblk1.genblk1.genblk1.genblk1.lut0 (6 -> 0)
  Optimizing lut $abc$11943$auto$blifparse.cc:535:parse_blif$12355.genblk1.genblk1.genblk1.genblk1.genblk1.genblk1.genblk1.genblk1.genblk1.lut0 (6 -> 1)
  Optimizing lut $abc$11943$auto$blifparse.cc:535:parse_blif$12831.genblk1.genblk1.genblk1.genblk1.genblk1.genblk1.genblk1.genblk1.genblk1.genblk1.lut1.genblk1.genblk1.genblk1.genblk1.genblk1.genblk1.genblk1.genblk1.genblk1.lut1 (6 -> 0)
  Optimizing lut $abc$11943$auto$blifparse.cc:535:parse_blif$12831.genblk1.genblk1.genblk1.genblk1.genblk1.genblk1.genblk1.genblk1.genblk1.genblk1.lut0.genblk1.genblk1.genblk1.genblk1.genblk1.genblk1.genblk1.genblk1.genblk1.lut0 (6 -> 1)
  Optimizing lut $abc$11943$auto$blifparse.cc:535:parse_blif$12822.genblk1.genblk1.genblk1.genblk1.genblk1.genblk1.genblk1.genblk1.genblk1.genblk1.lut1.genblk1.genblk1.genblk1.genblk1.genblk1.genblk1.genblk1.genblk1.genblk1.lut1 (6 -> 0)
  Optimizing lut $abc$11943$auto$blifparse.cc:535:parse_blif$12612.genblk1.genblk1.genblk1.genblk1.genblk1.genblk1.genblk1.genblk1.genblk1.lut0 (6 -> 0)
  Optimizing lut $abc$11943$auto$blifparse.cc:535:parse_blif$12047.genblk1.genblk1.genblk1.genblk1.genblk1.genblk1.genblk1.genblk1.genblk1.genblk1.lut1.genblk1.genblk1.genblk1.genblk1.genblk1.genblk1.genblk1.genblk1.genblk1.lut0 (6 -> 0)
  Optimizing lut $abc$11943$auto$blifparse.cc:535:parse_blif$12399.genblk1.genblk1.genblk1.genblk1.genblk1.genblk1.genblk1.genblk1.genblk1.genblk1.lut1.genblk1.genblk1.genblk1.genblk1.genblk1.genblk1.genblk1.genblk1.genblk1.lut1 (6 -> 4)
  Optimizing lut $abc$11943$auto$blifparse.cc:535:parse_blif$12116.genblk1.genblk1.genblk1.genblk1.genblk1.genblk1.genblk1.genblk1.genblk1.lut0 (6 -> 0)
  Optimizing lut $abc$11943$auto$blifparse.cc:535:parse_blif$12067.genblk1.genblk1.genblk1.genblk1.genblk1.genblk1.genblk1.genblk1.genblk1.genblk1.lut1.genblk1.genblk1.genblk1.genblk1.genblk1.genblk1.genblk1.genblk1.genblk1.lut0 (6 -> 0)
  Optimizing lut $abc$11943$auto$blifparse.cc:535:parse_blif$12095.genblk1.genblk1.genblk1.genblk1.genblk1.genblk1.genblk1.genblk1.genblk1.genblk1.lut0.genblk1.genblk1.genblk1.genblk1.genblk1.genblk1.genblk1.genblk1.genblk1.lut0 (6 -> 0)
  Optimizing lut $abc$11943$auto$blifparse.cc:535:parse_blif$12837.genblk1.genblk1.genblk1.genblk1.genblk1.genblk1.genblk1.genblk1.genblk1.genblk1.lut1.genblk1.genblk1.genblk1.genblk1.genblk1.genblk1.genblk1.genblk1.genblk1.lut1 (6 -> 0)
  Optimizing lut $abc$11943$auto$blifparse.cc:535:parse_blif$11999.genblk1.genblk1.genblk1.genblk1.genblk1.genblk1.genblk1.genblk1.genblk1.genblk1.lut0.genblk1.genblk1.genblk1.genblk1.genblk1.genblk1.genblk1.genblk1.genblk1.lut1 (6 -> 0)
  Optimizing lut $abc$11943$auto$blifparse.cc:535:parse_blif$12537.genblk1.genblk1.genblk1.genblk1.genblk1.genblk1.genblk1.genblk1.genblk1.genblk1.lut1.genblk1.genblk1.genblk1.genblk1.genblk1.genblk1.genblk1.genblk1.genblk1.lut0 (6 -> 5)
  Optimizing lut $abc$11943$auto$blifparse.cc:535:parse_blif$12442.genblk1.genblk1.genblk1.genblk1.genblk1.genblk1.genblk1.genblk1.genblk1.genblk1.lut0.genblk1.genblk1.genblk1.genblk1.genblk1.genblk1.genblk1.genblk1.genblk1.lut0 (6 -> 3)
  Optimizing lut $abc$11943$auto$blifparse.cc:535:parse_blif$12250.genblk1.genblk1.genblk1.genblk1.genblk1.genblk1.genblk1.genblk1.genblk1.genblk1.lut1.genblk1.genblk1.genblk1.genblk1.genblk1.genblk1.genblk1.genblk1.genblk1.lut1 (6 -> 1)
  Optimizing lut $abc$11943$auto$blifparse.cc:535:parse_blif$12386.genblk1.genblk1.genblk1.genblk1.genblk1.genblk1.genblk1.genblk1.genblk1.lut1 (6 -> 4)
  Optimizing lut $abc$11943$auto$blifparse.cc:535:parse_blif$11970.genblk1.genblk1.genblk1.genblk1.genblk1.genblk1.genblk1.genblk1.genblk1.lut0 (6 -> 0)
  Optimizing lut $abc$11943$auto$blifparse.cc:535:parse_blif$12431.genblk1.genblk1.genblk1.genblk1.genblk1.genblk1.genblk1.genblk1.genblk1.genblk1.lut0.genblk1.genblk1.genblk1.genblk1.genblk1.genblk1.genblk1.genblk1.genblk1.lut0 (6 -> 3)
  Optimizing lut $abc$11943$auto$blifparse.cc:535:parse_blif$12852.genblk1.genblk1.genblk1.genblk1.genblk1.genblk1.genblk1.genblk1.genblk1.genblk1.lut1.genblk1.genblk1.genblk1.genblk1.genblk1.genblk1.genblk1.genblk1.genblk1.lut0 (6 -> 0)
  Optimizing lut $abc$11943$auto$blifparse.cc:535:parse_blif$12386.genblk1.genblk1.genblk1.genblk1.genblk1.genblk1.genblk1.genblk1.genblk1.lut0 (6 -> 4)
  Optimizing lut $abc$11943$auto$blifparse.cc:535:parse_blif$12837.genblk1.genblk1.genblk1.genblk1.genblk1.genblk1.genblk1.genblk1.genblk1.genblk1.lut1.genblk1.genblk1.genblk1.genblk1.genblk1.genblk1.genblk1.genblk1.genblk1.lut0 (6 -> 0)
  Optimizing lut $abc$11943$auto$blifparse.cc:535:parse_blif$12008.genblk1.genblk1.genblk1.genblk1.genblk1.genblk1.genblk1.genblk1.genblk1.lut0 (6 -> 3)
  Optimizing lut $abc$11943$auto$blifparse.cc:535:parse_blif$12804.genblk1.genblk1.genblk1.genblk1.genblk1.genblk1.genblk1.genblk1.genblk1.genblk1.lut1.genblk1.genblk1.genblk1.genblk1.genblk1.genblk1.genblk1.genblk1.genblk1.lut1 (6 -> 0)
  Optimizing lut $abc$11943$auto$blifparse.cc:535:parse_blif$12798.genblk1.genblk1.genblk1.genblk1.genblk1.genblk1.genblk1.genblk1.genblk1.genblk1.lut1.genblk1.genblk1.genblk1.genblk1.genblk1.genblk1.genblk1.genblk1.genblk1.lut1 (6 -> 0)
  Optimizing lut $abc$11943$auto$blifparse.cc:535:parse_blif$12095.genblk1.genblk1.genblk1.genblk1.genblk1.genblk1.genblk1.genblk1.genblk1.genblk1.lut1.genblk1.genblk1.genblk1.genblk1.genblk1.genblk1.genblk1.genblk1.genblk1.lut0 (6 -> 0)
  Optimizing lut $abc$11943$auto$blifparse.cc:535:parse_blif$12039.genblk1.genblk1.genblk1.genblk1.genblk1.genblk1.genblk1.genblk1.genblk1.genblk1.lut1.genblk1.genblk1.genblk1.genblk1.genblk1.genblk1.genblk1.genblk1.genblk1.lut0 (6 -> 0)
  Optimizing lut $abc$11943$auto$blifparse.cc:535:parse_blif$12613.genblk1.genblk1.genblk1.genblk1.genblk1.genblk1.genblk1.genblk1.genblk1.lut0 (6 -> 4)
  Optimizing lut $abc$11943$auto$blifparse.cc:535:parse_blif$12623.genblk1.genblk1.genblk1.genblk1.genblk1.genblk1.genblk1.genblk1.genblk1.genblk1.lut1.genblk1.genblk1.genblk1.genblk1.genblk1.genblk1.genblk1.genblk1.genblk1.lut1 (6 -> 3)
  Optimizing lut $abc$11943$auto$blifparse.cc:535:parse_blif$12626.genblk1.genblk1.genblk1.genblk1.genblk1.genblk1.genblk1.genblk1.genblk1.lut0 (6 -> 0)
  Optimizing lut $abc$11943$auto$blifparse.cc:535:parse_blif$12270.genblk1.genblk1.genblk1.genblk1.genblk1.genblk1.genblk1.genblk1.genblk1.lut0 (6 -> 4)
  Optimizing lut $abc$11943$auto$blifparse.cc:535:parse_blif$12230.genblk1.genblk1.genblk1.genblk1.genblk1.genblk1.genblk1.genblk1.genblk1.lut0 (6 -> 4)
  Optimizing lut $abc$11943$auto$blifparse.cc:535:parse_blif$12825.genblk1.genblk1.genblk1.genblk1.genblk1.genblk1.genblk1.genblk1.genblk1.genblk1.lut0.genblk1.genblk1.genblk1.genblk1.genblk1.genblk1.genblk1.genblk1.genblk1.lut0 (6 -> 1)
  Optimizing lut $abc$11943$auto$blifparse.cc:535:parse_blif$12426.genblk1.genblk1.genblk1.genblk1.genblk1.genblk1.genblk1.genblk1.genblk1.lut0 (6 -> 4)
  Optimizing lut $abc$11943$auto$blifparse.cc:535:parse_blif$12404.genblk1.genblk1.genblk1.genblk1.genblk1.genblk1.genblk1.genblk1.genblk1.lut0 (6 -> 4)
  Optimizing lut $abc$11943$auto$blifparse.cc:535:parse_blif$12381.genblk1.genblk1.genblk1.genblk1.genblk1.genblk1.genblk1.genblk1.genblk1.lut0 (6 -> 1)
  Optimizing lut $abc$11943$auto$blifparse.cc:535:parse_blif$12221.genblk1.genblk1.genblk1.genblk1.genblk1.genblk1.genblk1.genblk1.genblk1.genblk1.lut1.genblk1.genblk1.genblk1.genblk1.genblk1.genblk1.genblk1.genblk1.genblk1.lut0 (6 -> 3)
  Optimizing lut $abc$11943$auto$blifparse.cc:535:parse_blif$12462.genblk1.genblk1.genblk1.genblk1.genblk1.genblk1.genblk1.genblk1.genblk1.lut0 (6 -> 0)
  Optimizing lut $abc$11943$auto$blifparse.cc:535:parse_blif$12399.genblk1.genblk1.genblk1.genblk1.genblk1.genblk1.genblk1.genblk1.genblk1.genblk1.lut0.genblk1.genblk1.genblk1.genblk1.genblk1.genblk1.genblk1.genblk1.genblk1.lut0 (6 -> 2)
  Optimizing lut $abc$11943$auto$blifparse.cc:535:parse_blif$12431.genblk1.genblk1.genblk1.genblk1.genblk1.genblk1.genblk1.genblk1.genblk1.genblk1.lut1.genblk1.genblk1.genblk1.genblk1.genblk1.genblk1.genblk1.genblk1.genblk1.lut1 (6 -> 2)
  Optimizing lut $abc$11943$auto$blifparse.cc:535:parse_blif$12411.genblk1.genblk1.genblk1.genblk1.genblk1.genblk1.genblk1.genblk1.genblk1.lut0 (6 -> 4)
  Optimizing lut $abc$11943$auto$blifparse.cc:535:parse_blif$12280.genblk1.genblk1.genblk1.genblk1.genblk1.genblk1.genblk1.genblk1.genblk1.genblk1.lut1.genblk1.genblk1.genblk1.genblk1.genblk1.genblk1.genblk1.genblk1.genblk1.lut1 (6 -> 3)
  Optimizing lut $abc$11943$auto$blifparse.cc:535:parse_blif$12349.genblk1.genblk1.genblk1.genblk1.genblk1.genblk1.genblk1.genblk1.genblk1.genblk1.lut1.genblk1.genblk1.genblk1.genblk1.genblk1.genblk1.genblk1.genblk1.genblk1.lut1 (6 -> 1)
  Optimizing lut $abc$11943$auto$blifparse.cc:535:parse_blif$12233.genblk1.genblk1.genblk1.genblk1.genblk1.genblk1.genblk1.genblk1.genblk1.genblk1.lut1.genblk1.genblk1.genblk1.genblk1.genblk1.genblk1.genblk1.genblk1.genblk1.lut1 (6 -> 1)
  Optimizing lut $abc$11943$auto$blifparse.cc:535:parse_blif$12361.genblk1.genblk1.genblk1.genblk1.genblk1.genblk1.genblk1.genblk1.genblk1.genblk1.lut1.genblk1.genblk1.genblk1.genblk1.genblk1.genblk1.genblk1.genblk1.genblk1.lut1 (6 -> 1)
  Optimizing lut $abc$11943$auto$blifparse.cc:535:parse_blif$12210.genblk1.genblk1.genblk1.genblk1.genblk1.genblk1.genblk1.genblk1.genblk1.genblk1.lut1.genblk1.genblk1.genblk1.genblk1.genblk1.genblk1.genblk1.genblk1.genblk1.lut1 (6 -> 3)
  Optimizing lut $abc$11943$auto$blifparse.cc:535:parse_blif$12232.genblk1.genblk1.genblk1.genblk1.genblk1.genblk1.genblk1.genblk1.genblk1.genblk1.lut1.genblk1.genblk1.genblk1.genblk1.genblk1.genblk1.genblk1.genblk1.genblk1.lut1 (6 -> 1)
  Optimizing lut $abc$11943$auto$blifparse.cc:535:parse_blif$12234.genblk1.genblk1.genblk1.genblk1.genblk1.genblk1.genblk1.genblk1.genblk1.genblk1.lut1.genblk1.genblk1.genblk1.genblk1.genblk1.genblk1.genblk1.genblk1.genblk1.lut1 (6 -> 1)
  Optimizing lut $abc$11943$auto$blifparse.cc:535:parse_blif$12852.genblk1.genblk1.genblk1.genblk1.genblk1.genblk1.genblk1.genblk1.genblk1.genblk1.lut1.genblk1.genblk1.genblk1.genblk1.genblk1.genblk1.genblk1.genblk1.genblk1.lut1 (6 -> 0)
  Optimizing lut $abc$11943$auto$blifparse.cc:535:parse_blif$12786.genblk1.genblk1.genblk1.genblk1.genblk1.genblk1.genblk1.genblk1.genblk1.lut1 (6 -> 0)
  Optimizing lut $abc$11943$auto$blifparse.cc:535:parse_blif$12801.genblk1.genblk1.genblk1.genblk1.genblk1.genblk1.genblk1.genblk1.genblk1.genblk1.lut0.genblk1.genblk1.genblk1.genblk1.genblk1.genblk1.genblk1.genblk1.genblk1.lut0 (6 -> 1)
  Optimizing lut $abc$11943$auto$blifparse.cc:535:parse_blif$12395.genblk1.genblk1.genblk1.genblk1.genblk1.genblk1.genblk1.genblk1.genblk1.genblk1.lut0.genblk1.genblk1.genblk1.genblk1.genblk1.genblk1.genblk1.genblk1.genblk1.lut0 (6 -> 3)
  Optimizing lut $abc$11943$auto$blifparse.cc:535:parse_blif$12016.genblk1.genblk1.genblk1.genblk1.genblk1.genblk1.genblk1.genblk1.genblk1.lut0 (6 -> 0)
  Optimizing lut $abc$11943$auto$blifparse.cc:535:parse_blif$12018.genblk1.genblk1.genblk1.genblk1.genblk1.genblk1.genblk1.genblk1.genblk1.lut0 (6 -> 0)
  Optimizing lut $abc$11943$auto$blifparse.cc:535:parse_blif$12004.genblk1.genblk1.genblk1.genblk1.genblk1.genblk1.genblk1.genblk1.genblk1.lut0 (6 -> 3)
  Optimizing lut $abc$11943$auto$blifparse.cc:535:parse_blif$12801.genblk1.genblk1.genblk1.genblk1.genblk1.genblk1.genblk1.genblk1.genblk1.genblk1.lut1.genblk1.genblk1.genblk1.genblk1.genblk1.genblk1.genblk1.genblk1.genblk1.lut0 (6 -> 0)
  Optimizing lut $abc$11943$auto$blifparse.cc:535:parse_blif$12473.genblk1.genblk1.genblk1.genblk1.genblk1.genblk1.genblk1.genblk1.genblk1.lut0 (6 -> 0)
  Optimizing lut $abc$11943$auto$blifparse.cc:535:parse_blif$11981.genblk1.genblk1.genblk1.genblk1.genblk1.genblk1.genblk1.genblk1.genblk1.lut0 (6 -> 0)
  Optimizing lut $abc$11943$auto$blifparse.cc:535:parse_blif$12783.genblk1.genblk1.genblk1.genblk1.genblk1.genblk1.genblk1.genblk1.genblk1.lut1 (6 -> 0)
  Optimizing lut $abc$11943$auto$blifparse.cc:535:parse_blif$12501.genblk1.genblk1.genblk1.genblk1.genblk1.genblk1.genblk1.genblk1.genblk1.lut0 (6 -> 4)
  Optimizing lut $abc$11943$auto$blifparse.cc:535:parse_blif$12219.genblk1.genblk1.genblk1.genblk1.genblk1.genblk1.genblk1.genblk1.genblk1.lut0 (6 -> 0)
  Optimizing lut $abc$11943$auto$blifparse.cc:535:parse_blif$12822.genblk1.genblk1.genblk1.genblk1.genblk1.genblk1.genblk1.genblk1.genblk1.genblk1.lut0.genblk1.genblk1.genblk1.genblk1.genblk1.genblk1.genblk1.genblk1.genblk1.lut0 (6 -> 1)
  Optimizing lut $abc$11943$auto$blifparse.cc:535:parse_blif$12059.genblk1.genblk1.genblk1.genblk1.genblk1.genblk1.genblk1.genblk1.genblk1.genblk1.lut1.genblk1.genblk1.genblk1.genblk1.genblk1.genblk1.genblk1.genblk1.genblk1.lut0 (6 -> 0)
  Optimizing lut $abc$11943$auto$blifparse.cc:535:parse_blif$12006.genblk1.genblk1.genblk1.genblk1.genblk1.genblk1.genblk1.genblk1.genblk1.genblk1.lut0.genblk1.genblk1.genblk1.genblk1.genblk1.genblk1.genblk1.genblk1.genblk1.lut0 (6 -> 0)
  Optimizing lut $abc$11943$auto$blifparse.cc:535:parse_blif$12804.genblk1.genblk1.genblk1.genblk1.genblk1.genblk1.genblk1.genblk1.genblk1.genblk1.lut0.genblk1.genblk1.genblk1.genblk1.genblk1.genblk1.genblk1.genblk1.genblk1.lut0 (6 -> 1)
  Optimizing lut $abc$11943$auto$blifparse.cc:535:parse_blif$12010.genblk1.genblk1.genblk1.genblk1.genblk1.genblk1.genblk1.genblk1.genblk1.genblk1.lut0.genblk1.genblk1.genblk1.genblk1.genblk1.genblk1.genblk1.genblk1.genblk1.lut0 (6 -> 0)
  Optimizing lut $abc$11943$auto$blifparse.cc:535:parse_blif$12006.genblk1.genblk1.genblk1.genblk1.genblk1.genblk1.genblk1.genblk1.genblk1.genblk1.lut0.genblk1.genblk1.genblk1.genblk1.genblk1.genblk1.genblk1.genblk1.genblk1.lut1 (6 -> 0)
  Optimizing lut $abc$11943$auto$blifparse.cc:535:parse_blif$12819.genblk1.genblk1.genblk1.genblk1.genblk1.genblk1.genblk1.genblk1.genblk1.genblk1.lut1.genblk1.genblk1.genblk1.genblk1.genblk1.genblk1.genblk1.genblk1.genblk1.lut0 (6 -> 0)
  Optimizing lut $abc$11943$auto$blifparse.cc:535:parse_blif$12010.genblk1.genblk1.genblk1.genblk1.genblk1.genblk1.genblk1.genblk1.genblk1.genblk1.lut0.genblk1.genblk1.genblk1.genblk1.genblk1.genblk1.genblk1.genblk1.genblk1.lut1 (6 -> 0)
  Optimizing lut $abc$11943$auto$blifparse.cc:535:parse_blif$12015.genblk1.genblk1.genblk1.genblk1.genblk1.genblk1.genblk1.genblk1.genblk1.lut0 (6 -> 3)
  Optimizing lut $abc$11943$auto$blifparse.cc:535:parse_blif$12017.genblk1.genblk1.genblk1.genblk1.genblk1.genblk1.genblk1.genblk1.genblk1.genblk1.lut0.genblk1.genblk1.genblk1.genblk1.genblk1.genblk1.genblk1.genblk1.genblk1.lut1 (6 -> 0)
  Optimizing lut $abc$11943$auto$blifparse.cc:535:parse_blif$12017.genblk1.genblk1.genblk1.genblk1.genblk1.genblk1.genblk1.genblk1.genblk1.genblk1.lut0.genblk1.genblk1.genblk1.genblk1.genblk1.genblk1.genblk1.genblk1.genblk1.lut0 (6 -> 0)
  Optimizing lut $abc$11943$auto$blifparse.cc:535:parse_blif$12385.genblk1.genblk1.genblk1.genblk1.genblk1.genblk1.genblk1.genblk1.genblk1.lut0 (6 -> 0)
  Optimizing lut $abc$11943$auto$blifparse.cc:535:parse_blif$12709.genblk1.genblk1.genblk1.genblk1.genblk1.genblk1.genblk1.genblk1.genblk1.genblk1.lut1.genblk1.genblk1.genblk1.genblk1.genblk1.genblk1.genblk1.genblk1.genblk1.lut0 (6 -> 5)
  Optimizing lut $abc$11943$auto$blifparse.cc:535:parse_blif$12709.genblk1.genblk1.genblk1.genblk1.genblk1.genblk1.genblk1.genblk1.genblk1.genblk1.lut1.genblk1.genblk1.genblk1.genblk1.genblk1.genblk1.genblk1.genblk1.genblk1.lut1 (6 -> 5)
  Optimizing lut $abc$11943$auto$blifparse.cc:535:parse_blif$12023.genblk1.genblk1.genblk1.genblk1.genblk1.genblk1.genblk1.genblk1.genblk1.lut0 (6 -> 0)
  Optimizing lut $abc$11943$auto$blifparse.cc:535:parse_blif$12711.genblk1.genblk1.genblk1.genblk1.genblk1.genblk1.genblk1.genblk1.genblk1.genblk1.lut1.genblk1.genblk1.genblk1.genblk1.genblk1.genblk1.genblk1.genblk1.genblk1.lut1 (6 -> 5)
  Optimizing lut $abc$11943$auto$blifparse.cc:535:parse_blif$12311.genblk1.genblk1.genblk1.genblk1.genblk1.genblk1.genblk1.genblk1.genblk1.lut0 (6 -> 2)
  Optimizing lut $abc$11943$auto$blifparse.cc:535:parse_blif$12849.genblk1.genblk1.genblk1.genblk1.genblk1.genblk1.genblk1.genblk1.genblk1.genblk1.lut0.genblk1.genblk1.genblk1.genblk1.genblk1.genblk1.genblk1.genblk1.genblk1.lut0 (6 -> 1)
  Optimizing lut $abc$11943$auto$blifparse.cc:535:parse_blif$12063.genblk1.genblk1.genblk1.genblk1.genblk1.genblk1.genblk1.genblk1.genblk1.genblk1.lut1.genblk1.genblk1.genblk1.genblk1.genblk1.genblk1.genblk1.genblk1.genblk1.lut0 (6 -> 0)
  Optimizing lut $abc$11943$auto$blifparse.cc:535:parse_blif$12231.genblk1.genblk1.genblk1.genblk1.genblk1.genblk1.genblk1.genblk1.genblk1.genblk1.lut0.genblk1.genblk1.genblk1.genblk1.genblk1.genblk1.genblk1.genblk1.genblk1.lut1 (6 -> 3)
  Optimizing lut $abc$11943$auto$blifparse.cc:535:parse_blif$12395.genblk1.genblk1.genblk1.genblk1.genblk1.genblk1.genblk1.genblk1.genblk1.genblk1.lut0.genblk1.genblk1.genblk1.genblk1.genblk1.genblk1.genblk1.genblk1.genblk1.lut1 (6 -> 1)
  Optimizing lut $abc$11943$auto$blifparse.cc:535:parse_blif$12358.genblk1.genblk1.genblk1.genblk1.genblk1.genblk1.genblk1.genblk1.genblk1.genblk1.lut1.genblk1.genblk1.genblk1.genblk1.genblk1.genblk1.genblk1.genblk1.genblk1.lut1 (6 -> 0)
  Optimizing lut $abc$11943$auto$blifparse.cc:535:parse_blif$12075.genblk1.genblk1.genblk1.genblk1.genblk1.genblk1.genblk1.genblk1.genblk1.genblk1.lut1.genblk1.genblk1.genblk1.genblk1.genblk1.genblk1.genblk1.genblk1.genblk1.lut0 (6 -> 0)
  Optimizing lut $abc$11943$auto$blifparse.cc:535:parse_blif$12560.genblk1.genblk1.genblk1.genblk1.genblk1.genblk1.genblk1.genblk1.genblk1.lut0 (6 -> 4)
  Optimizing lut $abc$11943$auto$blifparse.cc:535:parse_blif$12356.genblk1.genblk1.genblk1.genblk1.genblk1.genblk1.genblk1.genblk1.genblk1.lut0 (6 -> 0)
  Optimizing lut $abc$11943$auto$blifparse.cc:535:parse_blif$12174.genblk1.genblk1.genblk1.genblk1.genblk1.genblk1.genblk1.genblk1.genblk1.genblk1.lut1.genblk1.genblk1.genblk1.genblk1.genblk1.genblk1.genblk1.genblk1.genblk1.lut0 (6 -> 4)
  Optimizing lut $abc$11943$auto$blifparse.cc:535:parse_blif$12104.genblk1.genblk1.genblk1.genblk1.genblk1.genblk1.genblk1.genblk1.genblk1.genblk1.lut0.genblk1.genblk1.genblk1.genblk1.genblk1.genblk1.genblk1.genblk1.genblk1.lut1 (6 -> 3)
  Optimizing lut $abc$11943$auto$blifparse.cc:535:parse_blif$12426.genblk1.genblk1.genblk1.genblk1.genblk1.genblk1.genblk1.genblk1.genblk1.lut1 (6 -> 5)
  Optimizing lut $abc$11943$auto$blifparse.cc:535:parse_blif$12298.genblk1.genblk1.genblk1.genblk1.genblk1.genblk1.genblk1.genblk1.genblk1.lut0 (6 -> 4)
  Optimizing lut $abc$11943$auto$blifparse.cc:535:parse_blif$12870.genblk1.genblk1.genblk1.genblk1.genblk1.genblk1.genblk1.genblk1.genblk1.genblk1.lut1.genblk1.genblk1.genblk1.genblk1.genblk1.genblk1.genblk1.genblk1.genblk1.lut1 (6 -> 0)
  Optimizing lut $abc$11943$auto$blifparse.cc:535:parse_blif$11979.genblk1.genblk1.genblk1.genblk1.genblk1.genblk1.genblk1.genblk1.genblk1.lut0 (6 -> 3)
  Optimizing lut $abc$11943$auto$blifparse.cc:535:parse_blif$12099.genblk1.genblk1.genblk1.genblk1.genblk1.genblk1.genblk1.genblk1.genblk1.genblk1.lut0.genblk1.genblk1.genblk1.genblk1.genblk1.genblk1.genblk1.genblk1.genblk1.lut0 (6 -> 0)
  Optimizing lut $abc$11943$auto$blifparse.cc:535:parse_blif$12341.genblk1.genblk1.genblk1.genblk1.genblk1.genblk1.genblk1.genblk1.genblk1.genblk1.lut1.genblk1.genblk1.genblk1.genblk1.genblk1.genblk1.genblk1.genblk1.genblk1.lut1 (6 -> 3)
  Optimizing lut $abc$11943$auto$blifparse.cc:535:parse_blif$12442.genblk1.genblk1.genblk1.genblk1.genblk1.genblk1.genblk1.genblk1.genblk1.genblk1.lut1.genblk1.genblk1.genblk1.genblk1.genblk1.genblk1.genblk1.genblk1.genblk1.lut0 (6 -> 1)
  Optimizing lut $abc$11943$auto$blifparse.cc:535:parse_blif$12828.genblk1.genblk1.genblk1.genblk1.genblk1.genblk1.genblk1.genblk1.genblk1.genblk1.lut1.genblk1.genblk1.genblk1.genblk1.genblk1.genblk1.genblk1.genblk1.genblk1.lut0 (6 -> 0)
  Optimizing lut $abc$11943$auto$blifparse.cc:535:parse_blif$12840.genblk1.genblk1.genblk1.genblk1.genblk1.genblk1.genblk1.genblk1.genblk1.genblk1.lut1.genblk1.genblk1.genblk1.genblk1.genblk1.genblk1.genblk1.genblk1.genblk1.lut1 (6 -> 0)
  Optimizing lut $abc$11943$auto$blifparse.cc:535:parse_blif$12210.genblk1.genblk1.genblk1.genblk1.genblk1.genblk1.genblk1.genblk1.genblk1.genblk1.lut0.genblk1.genblk1.genblk1.genblk1.genblk1.genblk1.genblk1.genblk1.genblk1.lut1 (6 -> 0)
  Optimizing lut $abc$11943$auto$blifparse.cc:535:parse_blif$12011.genblk1.genblk1.genblk1.genblk1.genblk1.genblk1.genblk1.genblk1.genblk1.lut0 (6 -> 0)
  Optimizing lut $abc$11943$auto$blifparse.cc:535:parse_blif$12221.genblk1.genblk1.genblk1.genblk1.genblk1.genblk1.genblk1.genblk1.genblk1.genblk1.lut0.genblk1.genblk1.genblk1.genblk1.genblk1.genblk1.genblk1.genblk1.genblk1.lut1 (6 -> 3)
  Optimizing lut $abc$11943$auto$blifparse.cc:535:parse_blif$12810.genblk1.genblk1.genblk1.genblk1.genblk1.genblk1.genblk1.genblk1.genblk1.genblk1.lut1.genblk1.genblk1.genblk1.genblk1.genblk1.genblk1.genblk1.genblk1.genblk1.lut0 (6 -> 0)
  Optimizing lut $abc$11943$auto$blifparse.cc:535:parse_blif$12834.genblk1.genblk1.genblk1.genblk1.genblk1.genblk1.genblk1.genblk1.genblk1.genblk1.lut1.genblk1.genblk1.genblk1.genblk1.genblk1.genblk1.genblk1.genblk1.genblk1.lut1 (6 -> 0)
  Optimizing lut $abc$11943$auto$blifparse.cc:535:parse_blif$12227.genblk1.genblk1.genblk1.genblk1.genblk1.genblk1.genblk1.genblk1.genblk1.lut1 (6 -> 1)
  Optimizing lut $abc$11943$auto$blifparse.cc:535:parse_blif$12228.genblk1.genblk1.genblk1.genblk1.genblk1.genblk1.genblk1.genblk1.genblk1.lut1 (6 -> 0)
  Optimizing lut $abc$11943$auto$blifparse.cc:535:parse_blif$12229.genblk1.genblk1.genblk1.genblk1.genblk1.genblk1.genblk1.genblk1.genblk1.lut1 (6 -> 3)
  Optimizing lut $abc$11943$auto$blifparse.cc:535:parse_blif$12230.genblk1.genblk1.genblk1.genblk1.genblk1.genblk1.genblk1.genblk1.genblk1.lut1 (6 -> 4)
  Optimizing lut $abc$11943$auto$blifparse.cc:535:parse_blif$12232.genblk1.genblk1.genblk1.genblk1.genblk1.genblk1.genblk1.genblk1.genblk1.genblk1.lut0.genblk1.genblk1.genblk1.genblk1.genblk1.genblk1.genblk1.genblk1.genblk1.lut1 (6 -> 3)
  Optimizing lut $abc$11943$auto$blifparse.cc:535:parse_blif$12233.genblk1.genblk1.genblk1.genblk1.genblk1.genblk1.genblk1.genblk1.genblk1.genblk1.lut0.genblk1.genblk1.genblk1.genblk1.genblk1.genblk1.genblk1.genblk1.genblk1.lut1 (6 -> 3)
  Optimizing lut $abc$11943$auto$blifparse.cc:535:parse_blif$12234.genblk1.genblk1.genblk1.genblk1.genblk1.genblk1.genblk1.genblk1.genblk1.genblk1.lut0.genblk1.genblk1.genblk1.genblk1.genblk1.genblk1.genblk1.genblk1.genblk1.lut1 (6 -> 3)
  Optimizing lut $abc$11943$auto$blifparse.cc:535:parse_blif$12231.genblk1.genblk1.genblk1.genblk1.genblk1.genblk1.genblk1.genblk1.genblk1.genblk1.lut1.genblk1.genblk1.genblk1.genblk1.genblk1.genblk1.genblk1.genblk1.genblk1.lut0 (6 -> 3)
  Optimizing lut $abc$11943$auto$blifparse.cc:535:parse_blif$12813.genblk1.genblk1.genblk1.genblk1.genblk1.genblk1.genblk1.genblk1.genblk1.genblk1.lut1.genblk1.genblk1.genblk1.genblk1.genblk1.genblk1.genblk1.genblk1.genblk1.lut1 (6 -> 0)
  Optimizing lut $abc$11943$auto$blifparse.cc:535:parse_blif$12247.genblk1.genblk1.genblk1.genblk1.genblk1.genblk1.genblk1.genblk1.genblk1.lut1 (6 -> 4)
  Optimizing lut $abc$11943$auto$blifparse.cc:535:parse_blif$12075.genblk1.genblk1.genblk1.genblk1.genblk1.genblk1.genblk1.genblk1.genblk1.genblk1.lut0.genblk1.genblk1.genblk1.genblk1.genblk1.genblk1.genblk1.genblk1.genblk1.lut0 (6 -> 0)
  Optimizing lut $abc$11943$auto$blifparse.cc:535:parse_blif$12438.genblk1.genblk1.genblk1.genblk1.genblk1.genblk1.genblk1.genblk1.genblk1.genblk1.lut0.genblk1.genblk1.genblk1.genblk1.genblk1.genblk1.genblk1.genblk1.genblk1.lut0 (6 -> 5)
  Optimizing lut $abc$11943$auto$blifparse.cc:535:parse_blif$12855.genblk1.genblk1.genblk1.genblk1.genblk1.genblk1.genblk1.genblk1.genblk1.genblk1.lut0.genblk1.genblk1.genblk1.genblk1.genblk1.genblk1.genblk1.genblk1.genblk1.lut0 (6 -> 1)
  Optimizing lut $abc$11943$auto$blifparse.cc:535:parse_blif$12700.genblk1.genblk1.genblk1.genblk1.genblk1.genblk1.genblk1.genblk1.genblk1.genblk1.lut0.genblk1.genblk1.genblk1.genblk1.genblk1.genblk1.genblk1.genblk1.genblk1.lut0 (6 -> 0)
  Optimizing lut $abc$11943$auto$blifparse.cc:535:parse_blif$12795.genblk1.genblk1.genblk1.genblk1.genblk1.genblk1.genblk1.genblk1.genblk1.genblk1.lut1.genblk1.genblk1.genblk1.genblk1.genblk1.genblk1.genblk1.genblk1.genblk1.lut0 (6 -> 0)
  Optimizing lut $abc$11943$auto$blifparse.cc:535:parse_blif$12258.genblk1.genblk1.genblk1.genblk1.genblk1.genblk1.genblk1.genblk1.genblk1.lut1 (6 -> 3)
  Optimizing lut $abc$11943$auto$blifparse.cc:535:parse_blif$12264.genblk1.genblk1.genblk1.genblk1.genblk1.genblk1.genblk1.genblk1.genblk1.lut1 (6 -> 4)
  Optimizing lut $abc$11943$auto$blifparse.cc:535:parse_blif$12270.genblk1.genblk1.genblk1.genblk1.genblk1.genblk1.genblk1.genblk1.genblk1.lut1 (6 -> 4)
  Optimizing lut $abc$11943$auto$blifparse.cc:535:parse_blif$12276.genblk1.genblk1.genblk1.genblk1.genblk1.genblk1.genblk1.genblk1.genblk1.genblk1.lut1.genblk1.genblk1.genblk1.genblk1.genblk1.genblk1.genblk1.genblk1.genblk1.lut1 (6 -> 1)
  Optimizing lut $abc$11943$auto$blifparse.cc:535:parse_blif$12277.genblk1.genblk1.genblk1.genblk1.genblk1.genblk1.genblk1.genblk1.genblk1.genblk1.lut0.genblk1.genblk1.genblk1.genblk1.genblk1.genblk1.genblk1.genblk1.genblk1.lut1 (6 -> 3)
  Optimizing lut $abc$11943$auto$blifparse.cc:535:parse_blif$12278.genblk1.genblk1.genblk1.genblk1.genblk1.genblk1.genblk1.genblk1.genblk1.lut1 (6 -> 4)
  Optimizing lut $abc$11943$auto$blifparse.cc:535:parse_blif$12279.genblk1.genblk1.genblk1.genblk1.genblk1.genblk1.genblk1.genblk1.genblk1.genblk1.lut0.genblk1.genblk1.genblk1.genblk1.genblk1.genblk1.genblk1.genblk1.genblk1.lut1 (6 -> 3)
  Optimizing lut $abc$11943$auto$blifparse.cc:535:parse_blif$12280.genblk1.genblk1.genblk1.genblk1.genblk1.genblk1.genblk1.genblk1.genblk1.genblk1.lut0.genblk1.genblk1.genblk1.genblk1.genblk1.genblk1.genblk1.genblk1.genblk1.lut1 (6 -> 0)
  Optimizing lut $abc$11943$auto$blifparse.cc:535:parse_blif$12834.genblk1.genblk1.genblk1.genblk1.genblk1.genblk1.genblk1.genblk1.genblk1.genblk1.lut1.genblk1.genblk1.genblk1.genblk1.genblk1.genblk1.genblk1.genblk1.genblk1.lut0 (6 -> 0)
  Optimizing lut $abc$11943$auto$blifparse.cc:535:parse_blif$12265.genblk1.genblk1.genblk1.genblk1.genblk1.genblk1.genblk1.genblk1.genblk1.lut0 (6 -> 0)
  Optimizing lut $abc$11943$auto$blifparse.cc:535:parse_blif$12294.genblk1.genblk1.genblk1.genblk1.genblk1.genblk1.genblk1.genblk1.genblk1.genblk1.lut0.genblk1.genblk1.genblk1.genblk1.genblk1.genblk1.genblk1.genblk1.genblk1.lut1 (6 -> 0)
  Optimizing lut $abc$11943$auto$blifparse.cc:535:parse_blif$12296.genblk1.genblk1.genblk1.genblk1.genblk1.genblk1.genblk1.genblk1.genblk1.lut1 (6 -> 4)
  Optimizing lut $abc$11943$auto$blifparse.cc:535:parse_blif$12298.genblk1.genblk1.genblk1.genblk1.genblk1.genblk1.genblk1.genblk1.genblk1.lut1 (6 -> 4)
  Optimizing lut $abc$11943$auto$blifparse.cc:535:parse_blif$12312.genblk1.genblk1.genblk1.genblk1.genblk1.genblk1.genblk1.genblk1.genblk1.lut0 (6 -> 4)
  Optimizing lut $abc$11943$auto$blifparse.cc:535:parse_blif$12294.genblk1.genblk1.genblk1.genblk1.genblk1.genblk1.genblk1.genblk1.genblk1.genblk1.lut1.genblk1.genblk1.genblk1.genblk1.genblk1.genblk1.genblk1.genblk1.genblk1.lut1 (6 -> 4)
  Optimizing lut $abc$11943$auto$blifparse.cc:535:parse_blif$12311.genblk1.genblk1.genblk1.genblk1.genblk1.genblk1.genblk1.genblk1.genblk1.lut1 (6 -> 5)
  Optimizing lut $abc$11943$auto$blifparse.cc:535:parse_blif$12312.genblk1.genblk1.genblk1.genblk1.genblk1.genblk1.genblk1.genblk1.genblk1.lut1 (6 -> 4)
  Optimizing lut $abc$11943$auto$blifparse.cc:535:parse_blif$12539.genblk1.genblk1.genblk1.genblk1.genblk1.genblk1.genblk1.genblk1.genblk1.lut0 (6 -> 0)
  Optimizing lut $abc$11943$auto$blifparse.cc:535:parse_blif$12221.genblk1.genblk1.genblk1.genblk1.genblk1.genblk1.genblk1.genblk1.genblk1.genblk1.lut1.genblk1.genblk1.genblk1.genblk1.genblk1.genblk1.genblk1.genblk1.genblk1.lut1 (6 -> 1)
  Optimizing lut $abc$11943$auto$blifparse.cc:535:parse_blif$12318.genblk1.genblk1.genblk1.genblk1.genblk1.genblk1.genblk1.genblk1.genblk1.genblk1.lut0.genblk1.genblk1.genblk1.genblk1.genblk1.genblk1.genblk1.genblk1.genblk1.lut1 (6 -> 3)
  Optimizing lut $abc$11943$auto$blifparse.cc:535:parse_blif$12370.genblk1.genblk1.genblk1.genblk1.genblk1.genblk1.genblk1.genblk1.genblk1.genblk1.lut1.genblk1.genblk1.genblk1.genblk1.genblk1.genblk1.genblk1.genblk1.genblk1.lut0 (6 -> 1)
  Optimizing lut $abc$11943$auto$blifparse.cc:535:parse_blif$12245.genblk1.genblk1.genblk1.genblk1.genblk1.genblk1.genblk1.genblk1.genblk1.genblk1.lut1.genblk1.genblk1.genblk1.genblk1.genblk1.genblk1.genblk1.genblk1.genblk1.lut0 (6 -> 4)
  Optimizing lut $abc$11943$auto$blifparse.cc:535:parse_blif$12334.genblk1.genblk1.genblk1.genblk1.genblk1.genblk1.genblk1.genblk1.genblk1.genblk1.lut0.genblk1.genblk1.genblk1.genblk1.genblk1.genblk1.genblk1.genblk1.genblk1.lut1 (6 -> 3)
  Optimizing lut $abc$11943$auto$blifparse.cc:535:parse_blif$12083.genblk1.genblk1.genblk1.genblk1.genblk1.genblk1.genblk1.genblk1.genblk1.genblk1.lut1.genblk1.genblk1.genblk1.genblk1.genblk1.genblk1.genblk1.genblk1.genblk1.lut0 (6 -> 0)
  Optimizing lut $abc$11943$auto$blifparse.cc:535:parse_blif$12047.genblk1.genblk1.genblk1.genblk1.genblk1.genblk1.genblk1.genblk1.genblk1.genblk1.lut0.genblk1.genblk1.genblk1.genblk1.genblk1.genblk1.genblk1.genblk1.genblk1.lut0 (6 -> 0)
  Optimizing lut $abc$11943$auto$blifparse.cc:535:parse_blif$12341.genblk1.genblk1.genblk1.genblk1.genblk1.genblk1.genblk1.genblk1.genblk1.genblk1.lut0.genblk1.genblk1.genblk1.genblk1.genblk1.genblk1.genblk1.genblk1.genblk1.lut1 (6 -> 3)
  Optimizing lut $abc$11943$auto$blifparse.cc:535:parse_blif$12368.genblk1.genblk1.genblk1.genblk1.genblk1.genblk1.genblk1.genblk1.genblk1.genblk1.lut0.genblk1.genblk1.genblk1.genblk1.genblk1.genblk1.genblk1.genblk1.genblk1.lut1 (6 -> 0)
  Optimizing lut $abc$11943$auto$blifparse.cc:535:parse_blif$12345.genblk1.genblk1.genblk1.genblk1.genblk1.genblk1.genblk1.genblk1.genblk1.lut1 (6 -> 4)
  Optimizing lut $abc$11943$auto$blifparse.cc:535:parse_blif$12450.genblk1.genblk1.genblk1.genblk1.genblk1.genblk1.genblk1.genblk1.genblk1.lut0 (6 -> 0)
  Optimizing lut $abc$11943$auto$blifparse.cc:535:parse_blif$12349.genblk1.genblk1.genblk1.genblk1.genblk1.genblk1.genblk1.genblk1.genblk1.genblk1.lut0.genblk1.genblk1.genblk1.genblk1.genblk1.genblk1.genblk1.genblk1.genblk1.lut1 (6 -> 3)
  Optimizing lut $abc$11943$auto$blifparse.cc:535:parse_blif$12355.genblk1.genblk1.genblk1.genblk1.genblk1.genblk1.genblk1.genblk1.genblk1.lut1 (6 -> 5)
  Optimizing lut $abc$11943$auto$blifparse.cc:535:parse_blif$12358.genblk1.genblk1.genblk1.genblk1.genblk1.genblk1.genblk1.genblk1.genblk1.genblk1.lut0.genblk1.genblk1.genblk1.genblk1.genblk1.genblk1.genblk1.genblk1.genblk1.lut1 (6 -> 4)
  Optimizing lut $abc$11943$auto$blifparse.cc:535:parse_blif$12361.genblk1.genblk1.genblk1.genblk1.genblk1.genblk1.genblk1.genblk1.genblk1.genblk1.lut0.genblk1.genblk1.genblk1.genblk1.genblk1.genblk1.genblk1.genblk1.genblk1.lut1 (6 -> 3)
  Optimizing lut $abc$11943$auto$blifparse.cc:535:parse_blif$12873.genblk1.genblk1.genblk1.genblk1.genblk1.genblk1.genblk1.genblk1.genblk1.genblk1.lut1.genblk1.genblk1.genblk1.genblk1.genblk1.genblk1.genblk1.genblk1.genblk1.lut0 (6 -> 0)
  Optimizing lut $abc$11943$auto$blifparse.cc:535:parse_blif$12370.genblk1.genblk1.genblk1.genblk1.genblk1.genblk1.genblk1.genblk1.genblk1.genblk1.lut0.genblk1.genblk1.genblk1.genblk1.genblk1.genblk1.genblk1.genblk1.genblk1.lut1 (6 -> 0)
  Optimizing lut $abc$11943$auto$blifparse.cc:535:parse_blif$12372.genblk1.genblk1.genblk1.genblk1.genblk1.genblk1.genblk1.genblk1.genblk1.genblk1.lut0.genblk1.genblk1.genblk1.genblk1.genblk1.genblk1.genblk1.genblk1.genblk1.lut1 (6 -> 3)
  Optimizing lut $abc$11943$auto$blifparse.cc:535:parse_blif$12373.genblk1.genblk1.genblk1.genblk1.genblk1.genblk1.genblk1.genblk1.genblk1.lut1 (6 -> 0)
  Optimizing lut $abc$11943$auto$blifparse.cc:535:parse_blif$12374.genblk1.genblk1.genblk1.genblk1.genblk1.genblk1.genblk1.genblk1.genblk1.lut1 (6 -> 0)
  Optimizing lut $abc$11943$auto$blifparse.cc:535:parse_blif$12063.genblk1.genblk1.genblk1.genblk1.genblk1.genblk1.genblk1.genblk1.genblk1.genblk1.lut0.genblk1.genblk1.genblk1.genblk1.genblk1.genblk1.genblk1.genblk1.genblk1.lut0 (6 -> 0)
  Optimizing lut $abc$11943$auto$blifparse.cc:535:parse_blif$12442.genblk1.genblk1.genblk1.genblk1.genblk1.genblk1.genblk1.genblk1.genblk1.genblk1.lut0.genblk1.genblk1.genblk1.genblk1.genblk1.genblk1.genblk1.genblk1.genblk1.lut1 (6 -> 1)
  Optimizing lut $abc$11943$auto$blifparse.cc:535:parse_blif$12706.genblk1.genblk1.genblk1.genblk1.genblk1.genblk1.genblk1.genblk1.genblk1.genblk1.lut1.genblk1.genblk1.genblk1.genblk1.genblk1.genblk1.genblk1.genblk1.genblk1.lut0 (6 -> 0)
  Optimizing lut $abc$11943$auto$blifparse.cc:535:parse_blif$12278.genblk1.genblk1.genblk1.genblk1.genblk1.genblk1.genblk1.genblk1.genblk1.lut0 (6 -> 4)
  Optimizing lut $abc$11943$auto$blifparse.cc:535:parse_blif$12570.genblk1.genblk1.genblk1.genblk1.genblk1.genblk1.genblk1.genblk1.genblk1.lut0 (6 -> 0)
  Optimizing lut $abc$11943$auto$blifparse.cc:535:parse_blif$12389.genblk1.genblk1.genblk1.genblk1.genblk1.genblk1.genblk1.genblk1.genblk1.genblk1.lut0.genblk1.genblk1.genblk1.genblk1.genblk1.genblk1.genblk1.genblk1.genblk1.lut1 (6 -> 3)
  Optimizing lut $abc$11943$auto$blifparse.cc:535:parse_blif$12813.genblk1.genblk1.genblk1.genblk1.genblk1.genblk1.genblk1.genblk1.genblk1.genblk1.lut0.genblk1.genblk1.genblk1.genblk1.genblk1.genblk1.genblk1.genblk1.genblk1.lut0 (6 -> 1)
  Optimizing lut $abc$11943$auto$blifparse.cc:535:parse_blif$12071.genblk1.genblk1.genblk1.genblk1.genblk1.genblk1.genblk1.genblk1.genblk1.genblk1.lut0.genblk1.genblk1.genblk1.genblk1.genblk1.genblk1.genblk1.genblk1.genblk1.lut0 (6 -> 0)
  Optimizing lut $abc$11943$auto$blifparse.cc:535:parse_blif$12399.genblk1.genblk1.genblk1.genblk1.genblk1.genblk1.genblk1.genblk1.genblk1.genblk1.lut1.genblk1.genblk1.genblk1.genblk1.genblk1.genblk1.genblk1.genblk1.genblk1.lut0 (6 -> 4)
  Optimizing lut $abc$11943$auto$blifparse.cc:535:parse_blif$12465.genblk1.genblk1.genblk1.genblk1.genblk1.genblk1.genblk1.genblk1.genblk1.lut0 (6 -> 1)
  Optimizing lut $abc$11943$auto$blifparse.cc:535:parse_blif$12279.genblk1.genblk1.genblk1.genblk1.genblk1.genblk1.genblk1.genblk1.genblk1.genblk1.lut1.genblk1.genblk1.genblk1.genblk1.genblk1.genblk1.genblk1.genblk1.genblk1.lut1 (6 -> 1)
  Optimizing lut $abc$11943$auto$blifparse.cc:535:parse_blif$12789.genblk1.genblk1.genblk1.genblk1.genblk1.genblk1.genblk1.genblk1.genblk1.lut1 (6 -> 0)
  Optimizing lut $abc$11943$auto$blifparse.cc:535:parse_blif$12409.genblk1.genblk1.genblk1.genblk1.genblk1.genblk1.genblk1.genblk1.genblk1.lut1 (6 -> 5)
  Optimizing lut $abc$11943$auto$blifparse.cc:535:parse_blif$12411.genblk1.genblk1.genblk1.genblk1.genblk1.genblk1.genblk1.genblk1.genblk1.lut1 (6 -> 4)
  Optimizing lut $abc$11943$auto$blifparse.cc:535:parse_blif$12368.genblk1.genblk1.genblk1.genblk1.genblk1.genblk1.genblk1.genblk1.genblk1.genblk1.lut0.genblk1.genblk1.genblk1.genblk1.genblk1.genblk1.genblk1.genblk1.genblk1.lut0 (6 -> 0)
  Optimizing lut $abc$11943$auto$blifparse.cc:535:parse_blif$12425.genblk1.genblk1.genblk1.genblk1.genblk1.genblk1.genblk1.genblk1.genblk1.lut0 (6 -> 0)
  Optimizing lut $abc$11943$auto$blifparse.cc:535:parse_blif$12427.genblk1.genblk1.genblk1.genblk1.genblk1.genblk1.genblk1.genblk1.genblk1.lut0 (6 -> 0)
  Optimizing lut $abc$11943$auto$blifparse.cc:535:parse_blif$12798.genblk1.genblk1.genblk1.genblk1.genblk1.genblk1.genblk1.genblk1.genblk1.genblk1.lut1.genblk1.genblk1.genblk1.genblk1.genblk1.genblk1.genblk1.genblk1.genblk1.lut0 (6 -> 0)
  Optimizing lut $abc$11943$auto$blifparse.cc:535:parse_blif$12277.genblk1.genblk1.genblk1.genblk1.genblk1.genblk1.genblk1.genblk1.genblk1.genblk1.lut1.genblk1.genblk1.genblk1.genblk1.genblk1.genblk1.genblk1.genblk1.genblk1.lut0 (6 -> 3)
  Optimizing lut $abc$11943$auto$blifparse.cc:535:parse_blif$12537.genblk1.genblk1.genblk1.genblk1.genblk1.genblk1.genblk1.genblk1.genblk1.genblk1.lut0.genblk1.genblk1.genblk1.genblk1.genblk1.genblk1.genblk1.genblk1.genblk1.lut0 (6 -> 0)
  Optimizing lut $abc$11943$auto$blifparse.cc:535:parse_blif$12438.genblk1.genblk1.genblk1.genblk1.genblk1.genblk1.genblk1.genblk1.genblk1.genblk1.lut0.genblk1.genblk1.genblk1.genblk1.genblk1.genblk1.genblk1.genblk1.genblk1.lut1 (6 -> 1)
  Optimizing lut $abc$11943$auto$blifparse.cc:535:parse_blif$12438.genblk1.genblk1.genblk1.genblk1.genblk1.genblk1.genblk1.genblk1.genblk1.genblk1.lut1.genblk1.genblk1.genblk1.genblk1.genblk1.genblk1.genblk1.genblk1.genblk1.lut1 (6 -> 2)
  Optimizing lut $abc$11943$auto$blifparse.cc:535:parse_blif$12431.genblk1.genblk1.genblk1.genblk1.genblk1.genblk1.genblk1.genblk1.genblk1.genblk1.lut0.genblk1.genblk1.genblk1.genblk1.genblk1.genblk1.genblk1.genblk1.genblk1.lut1 (6 -> 1)
  Optimizing lut $abc$11943$auto$blifparse.cc:535:parse_blif$12852.genblk1.genblk1.genblk1.genblk1.genblk1.genblk1.genblk1.genblk1.genblk1.genblk1.lut0.genblk1.genblk1.genblk1.genblk1.genblk1.genblk1.genblk1.genblk1.genblk1.lut0 (6 -> 1)
  Optimizing lut $abc$11943$auto$blifparse.cc:535:parse_blif$12437.genblk1.genblk1.genblk1.genblk1.genblk1.genblk1.genblk1.genblk1.genblk1.lut0 (6 -> 0)
  Optimizing lut $abc$11943$auto$blifparse.cc:535:parse_blif$12454.genblk1.genblk1.genblk1.genblk1.genblk1.genblk1.genblk1.genblk1.genblk1.lut1 (6 -> 4)
  Optimizing lut $abc$11943$auto$blifparse.cc:535:parse_blif$12233.genblk1.genblk1.genblk1.genblk1.genblk1.genblk1.genblk1.genblk1.genblk1.genblk1.lut1.genblk1.genblk1.genblk1.genblk1.genblk1.genblk1.genblk1.genblk1.genblk1.lut0 (6 -> 3)
  Optimizing lut $abc$11943$auto$blifparse.cc:535:parse_blif$12007.genblk1.genblk1.genblk1.genblk1.genblk1.genblk1.genblk1.genblk1.genblk1.lut0 (6 -> 0)
  Optimizing lut $abc$11943$auto$blifparse.cc:535:parse_blif$12372.genblk1.genblk1.genblk1.genblk1.genblk1.genblk1.genblk1.genblk1.genblk1.genblk1.lut1.genblk1.genblk1.genblk1.genblk1.genblk1.genblk1.genblk1.genblk1.genblk1.lut1 (6 -> 1)
  Optimizing lut $abc$11943$auto$blifparse.cc:535:parse_blif$12207.genblk1.genblk1.genblk1.genblk1.genblk1.genblk1.genblk1.genblk1.genblk1.lut0 (6 -> 0)
  Optimizing lut $abc$11943$auto$blifparse.cc:535:parse_blif$12334.genblk1.genblk1.genblk1.genblk1.genblk1.genblk1.genblk1.genblk1.genblk1.genblk1.lut1.genblk1.genblk1.genblk1.genblk1.genblk1.genblk1.genblk1.genblk1.genblk1.lut0 (6 -> 3)
  Optimizing lut $abc$11943$auto$blifparse.cc:535:parse_blif$12501.genblk1.genblk1.genblk1.genblk1.genblk1.genblk1.genblk1.genblk1.genblk1.lut1 (6 -> 4)
  Optimizing lut $abc$11943$auto$blifparse.cc:535:parse_blif$12507.genblk1.genblk1.genblk1.genblk1.genblk1.genblk1.genblk1.genblk1.genblk1.genblk1.lut0.genblk1.genblk1.genblk1.genblk1.genblk1.genblk1.genblk1.genblk1.genblk1.lut1 (6 -> 0)
  Optimizing lut $abc$11943$auto$blifparse.cc:535:parse_blif$12507.genblk1.genblk1.genblk1.genblk1.genblk1.genblk1.genblk1.genblk1.genblk1.genblk1.lut1.genblk1.genblk1.genblk1.genblk1.genblk1.genblk1.genblk1.genblk1.genblk1.lut0 (6 -> 5)
  Optimizing lut $abc$11943$auto$blifparse.cc:535:parse_blif$12516.genblk1.genblk1.genblk1.genblk1.genblk1.genblk1.genblk1.genblk1.genblk1.genblk1.lut0.genblk1.genblk1.genblk1.genblk1.genblk1.genblk1.genblk1.genblk1.genblk1.lut1 (6 -> 0)
  Optimizing lut $abc$11943$auto$blifparse.cc:535:parse_blif$12519.genblk1.genblk1.genblk1.genblk1.genblk1.genblk1.genblk1.genblk1.genblk1.lut1 (6 -> 4)
  Optimizing lut $abc$11943$auto$blifparse.cc:535:parse_blif$12516.genblk1.genblk1.genblk1.genblk1.genblk1.genblk1.genblk1.genblk1.genblk1.genblk1.lut1.genblk1.genblk1.genblk1.genblk1.genblk1.genblk1.genblk1.genblk1.genblk1.lut0 (6 -> 3)
  Optimizing lut $abc$11943$auto$blifparse.cc:535:parse_blif$12527.genblk1.genblk1.genblk1.genblk1.genblk1.genblk1.genblk1.genblk1.genblk1.lut0 (6 -> 0)
  Optimizing lut $abc$11943$auto$blifparse.cc:535:parse_blif$12530.genblk1.genblk1.genblk1.genblk1.genblk1.genblk1.genblk1.genblk1.genblk1.lut1 (6 -> 4)
  Optimizing lut $abc$11943$auto$blifparse.cc:535:parse_blif$12389.genblk1.genblk1.genblk1.genblk1.genblk1.genblk1.genblk1.genblk1.genblk1.genblk1.lut1.genblk1.genblk1.genblk1.genblk1.genblk1.genblk1.genblk1.genblk1.genblk1.lut1 (6 -> 1)
  Optimizing lut $abc$11943$auto$blifparse.cc:535:parse_blif$12798.genblk1.genblk1.genblk1.genblk1.genblk1.genblk1.genblk1.genblk1.genblk1.genblk1.lut0.genblk1.genblk1.genblk1.genblk1.genblk1.genblk1.genblk1.genblk1.genblk1.lut0 (6 -> 1)
  Optimizing lut $abc$11943$auto$blifparse.cc:535:parse_blif$12537.genblk1.genblk1.genblk1.genblk1.genblk1.genblk1.genblk1.genblk1.genblk1.genblk1.lut0.genblk1.genblk1.genblk1.genblk1.genblk1.genblk1.genblk1.genblk1.genblk1.lut1 (6 -> 0)
  Optimizing lut $abc$11943$auto$blifparse.cc:535:parse_blif$12550.genblk1.genblk1.genblk1.genblk1.genblk1.genblk1.genblk1.genblk1.genblk1.lut0 (6 -> 0)
  Optimizing lut $abc$11943$auto$blifparse.cc:535:parse_blif$12548.genblk1.genblk1.genblk1.genblk1.genblk1.genblk1.genblk1.genblk1.genblk1.lut1 (6 -> 4)
  Optimizing lut $abc$11943$auto$blifparse.cc:535:parse_blif$12361.genblk1.genblk1.genblk1.genblk1.genblk1.genblk1.genblk1.genblk1.genblk1.genblk1.lut1.genblk1.genblk1.genblk1.genblk1.genblk1.genblk1.genblk1.genblk1.genblk1.lut0 (6 -> 1)
  Optimizing lut $abc$11943$auto$blifparse.cc:535:parse_blif$12557.genblk1.genblk1.genblk1.genblk1.genblk1.genblk1.genblk1.genblk1.genblk1.lut1 (6 -> 0)
  Optimizing lut $abc$11943$auto$blifparse.cc:535:parse_blif$12559.genblk1.genblk1.genblk1.genblk1.genblk1.genblk1.genblk1.genblk1.genblk1.lut0 (6 -> 0)
  Optimizing lut $abc$11943$auto$blifparse.cc:535:parse_blif$12560.genblk1.genblk1.genblk1.genblk1.genblk1.genblk1.genblk1.genblk1.genblk1.lut1 (6 -> 4)
  Optimizing lut $abc$11943$auto$blifparse.cc:535:parse_blif$12564.genblk1.genblk1.genblk1.genblk1.genblk1.genblk1.genblk1.genblk1.genblk1.lut1 (6 -> 0)
  Optimizing lut $abc$11943$auto$blifparse.cc:535:parse_blif$12404.genblk1.genblk1.genblk1.genblk1.genblk1.genblk1.genblk1.genblk1.genblk1.lut1 (6 -> 4)
  Optimizing lut $abc$11943$auto$blifparse.cc:535:parse_blif$12571.genblk1.genblk1.genblk1.genblk1.genblk1.genblk1.genblk1.genblk1.genblk1.lut1 (6 -> 4)
  Optimizing lut $abc$11943$auto$blifparse.cc:535:parse_blif$12414.genblk1.genblk1.genblk1.genblk1.genblk1.genblk1.genblk1.genblk1.genblk1.lut0 (6 -> 0)
  Optimizing lut $abc$11943$auto$blifparse.cc:535:parse_blif$12579.genblk1.genblk1.genblk1.genblk1.genblk1.genblk1.genblk1.genblk1.genblk1.lut1 (6 -> 5)
  Optimizing lut $abc$11943$auto$blifparse.cc:535:parse_blif$12395.genblk1.genblk1.genblk1.genblk1.genblk1.genblk1.genblk1.genblk1.genblk1.genblk1.lut1.genblk1.genblk1.genblk1.genblk1.genblk1.genblk1.genblk1.genblk1.genblk1.lut1 (6 -> 0)
  Optimizing lut $abc$11943$auto$blifparse.cc:535:parse_blif$12591.genblk1.genblk1.genblk1.genblk1.genblk1.genblk1.genblk1.genblk1.genblk1.genblk1.lut0.genblk1.genblk1.genblk1.genblk1.genblk1.genblk1.genblk1.genblk1.genblk1.lut1 (6 -> 0)
  Optimizing lut $abc$11943$auto$blifparse.cc:535:parse_blif$12591.genblk1.genblk1.genblk1.genblk1.genblk1.genblk1.genblk1.genblk1.genblk1.genblk1.lut1.genblk1.genblk1.genblk1.genblk1.genblk1.genblk1.genblk1.genblk1.genblk1.lut1 (6 -> 4)
  Optimizing lut $abc$11943$auto$blifparse.cc:535:parse_blif$12591.genblk1.genblk1.genblk1.genblk1.genblk1.genblk1.genblk1.genblk1.genblk1.genblk1.lut1.genblk1.genblk1.genblk1.genblk1.genblk1.genblk1.genblk1.genblk1.genblk1.lut0 (6 -> 4)
  Optimizing lut $abc$11943$auto$blifparse.cc:535:parse_blif$12613.genblk1.genblk1.genblk1.genblk1.genblk1.genblk1.genblk1.genblk1.genblk1.lut1 (6 -> 4)
  Optimizing lut $abc$11943$auto$blifparse.cc:535:parse_blif$12623.genblk1.genblk1.genblk1.genblk1.genblk1.genblk1.genblk1.genblk1.genblk1.genblk1.lut0.genblk1.genblk1.genblk1.genblk1.genblk1.genblk1.genblk1.genblk1.genblk1.lut1 (6 -> 0)
  Optimizing lut $abc$11943$auto$blifparse.cc:535:parse_blif$12263.genblk1.genblk1.genblk1.genblk1.genblk1.genblk1.genblk1.genblk1.genblk1.genblk1.lut1.genblk1.genblk1.genblk1.genblk1.genblk1.genblk1.genblk1.genblk1.genblk1.lut0 (6 -> 4)
  Optimizing lut $abc$11943$auto$blifparse.cc:535:parse_blif$12625.genblk1.genblk1.genblk1.genblk1.genblk1.genblk1.genblk1.genblk1.genblk1.lut1 (6 -> 0)
  Optimizing lut $abc$11943$auto$blifparse.cc:535:parse_blif$12873.genblk1.genblk1.genblk1.genblk1.genblk1.genblk1.genblk1.genblk1.genblk1.genblk1.lut1.genblk1.genblk1.genblk1.genblk1.genblk1.genblk1.genblk1.genblk1.genblk1.lut1 (6 -> 0)
  Optimizing lut $abc$11943$auto$blifparse.cc:535:parse_blif$12412.genblk1.genblk1.genblk1.genblk1.genblk1.genblk1.genblk1.genblk1.genblk1.lut0 (6 -> 0)
  Optimizing lut $abc$11943$auto$blifparse.cc:535:parse_blif$12231.genblk1.genblk1.genblk1.genblk1.genblk1.genblk1.genblk1.genblk1.genblk1.genblk1.lut1.genblk1.genblk1.genblk1.genblk1.genblk1.genblk1.genblk1.genblk1.genblk1.lut1 (6 -> 1)
  Optimizing lut $abc$11943$auto$blifparse.cc:535:parse_blif$12519.genblk1.genblk1.genblk1.genblk1.genblk1.genblk1.genblk1.genblk1.genblk1.lut0 (6 -> 4)
  Optimizing lut $abc$11943$auto$blifparse.cc:535:parse_blif$12623.genblk1.genblk1.genblk1.genblk1.genblk1.genblk1.genblk1.genblk1.genblk1.genblk1.lut1.genblk1.genblk1.genblk1.genblk1.genblk1.genblk1.genblk1.genblk1.genblk1.lut0 (6 -> 4)
  Optimizing lut $abc$11943$auto$blifparse.cc:535:parse_blif$12399.genblk1.genblk1.genblk1.genblk1.genblk1.genblk1.genblk1.genblk1.genblk1.genblk1.lut0.genblk1.genblk1.genblk1.genblk1.genblk1.genblk1.genblk1.genblk1.genblk1.lut1 (6 -> 2)
  Optimizing lut $abc$11943$auto$blifparse.cc:535:parse_blif$12843.genblk1.genblk1.genblk1.genblk1.genblk1.genblk1.genblk1.genblk1.genblk1.genblk1.lut1.genblk1.genblk1.genblk1.genblk1.genblk1.genblk1.genblk1.genblk1.genblk1.lut1 (6 -> 0)
  Optimizing lut $abc$11943$auto$blifparse.cc:535:parse_blif$12341.genblk1.genblk1.genblk1.genblk1.genblk1.genblk1.genblk1.genblk1.genblk1.genblk1.lut1.genblk1.genblk1.genblk1.genblk1.genblk1.genblk1.genblk1.genblk1.genblk1.lut0 (6 -> 3)
  Optimizing lut $abc$11943$auto$blifparse.cc:535:parse_blif$12700.genblk1.genblk1.genblk1.genblk1.genblk1.genblk1.genblk1.genblk1.genblk1.genblk1.lut0.genblk1.genblk1.genblk1.genblk1.genblk1.genblk1.genblk1.genblk1.genblk1.lut1 (6 -> 0)
  Optimizing lut $abc$11943$auto$blifparse.cc:535:parse_blif$12706.genblk1.genblk1.genblk1.genblk1.genblk1.genblk1.genblk1.genblk1.genblk1.genblk1.lut0.genblk1.genblk1.genblk1.genblk1.genblk1.genblk1.genblk1.genblk1.genblk1.lut1 (6 -> 0)
  Optimizing lut $abc$11943$auto$blifparse.cc:535:parse_blif$12873.genblk1.genblk1.genblk1.genblk1.genblk1.genblk1.genblk1.genblk1.genblk1.genblk1.lut0.genblk1.genblk1.genblk1.genblk1.genblk1.genblk1.genblk1.genblk1.genblk1.lut0 (6 -> 1)
  Optimizing lut $abc$11943$auto$blifparse.cc:535:parse_blif$12709.genblk1.genblk1.genblk1.genblk1.genblk1.genblk1.genblk1.genblk1.genblk1.genblk1.lut0.genblk1.genblk1.genblk1.genblk1.genblk1.genblk1.genblk1.genblk1.genblk1.lut1 (6 -> 5)
  Optimizing lut $abc$11943$auto$blifparse.cc:535:parse_blif$12711.genblk1.genblk1.genblk1.genblk1.genblk1.genblk1.genblk1.genblk1.genblk1.genblk1.lut0.genblk1.genblk1.genblk1.genblk1.genblk1.genblk1.genblk1.genblk1.genblk1.lut1 (6 -> 5)
  Optimizing lut $abc$11943$auto$blifparse.cc:535:parse_blif$12819.genblk1.genblk1.genblk1.genblk1.genblk1.genblk1.genblk1.genblk1.genblk1.genblk1.lut1.genblk1.genblk1.genblk1.genblk1.genblk1.genblk1.genblk1.genblk1.genblk1.lut1 (6 -> 0)
  Optimizing lut $abc$11943$auto$blifparse.cc:535:parse_blif$12831.genblk1.genblk1.genblk1.genblk1.genblk1.genblk1.genblk1.genblk1.genblk1.genblk1.lut1.genblk1.genblk1.genblk1.genblk1.genblk1.genblk1.genblk1.genblk1.genblk1.lut0 (6 -> 0)
  Optimizing lut $abc$11943$auto$blifparse.cc:535:parse_blif$12067.genblk1.genblk1.genblk1.genblk1.genblk1.genblk1.genblk1.genblk1.genblk1.genblk1.lut0.genblk1.genblk1.genblk1.genblk1.genblk1.genblk1.genblk1.genblk1.genblk1.lut0 (6 -> 0)
  Optimizing lut $abc$11943$auto$blifparse.cc:535:parse_blif$12801.genblk1.genblk1.genblk1.genblk1.genblk1.genblk1.genblk1.genblk1.genblk1.genblk1.lut1.genblk1.genblk1.genblk1.genblk1.genblk1.genblk1.genblk1.genblk1.genblk1.lut1 (6 -> 0)
  Optimizing lut $abc$11943$auto$blifparse.cc:535:parse_blif$12099.genblk1.genblk1.genblk1.genblk1.genblk1.genblk1.genblk1.genblk1.genblk1.genblk1.lut1.genblk1.genblk1.genblk1.genblk1.genblk1.genblk1.genblk1.genblk1.genblk1.lut0 (6 -> 0)
  Optimizing lut $abc$11943$auto$blifparse.cc:535:parse_blif$12497.genblk1.genblk1.genblk1.genblk1.genblk1.genblk1.genblk1.genblk1.genblk1.genblk1.lut1.genblk1.genblk1.genblk1.genblk1.genblk1.genblk1.genblk1.genblk1.genblk1.lut0 (6 -> 2)
  Optimizing lut $abc$11943$auto$blifparse.cc:535:parse_blif$12816.genblk1.genblk1.genblk1.genblk1.genblk1.genblk1.genblk1.genblk1.genblk1.genblk1.lut1.genblk1.genblk1.genblk1.genblk1.genblk1.genblk1.genblk1.genblk1.genblk1.lut1 (6 -> 0)
  Optimizing lut $abc$11943$auto$blifparse.cc:535:parse_blif$12324.genblk1.genblk1.genblk1.genblk1.genblk1.genblk1.genblk1.genblk1.genblk1.genblk1.lut1.genblk1.genblk1.genblk1.genblk1.genblk1.genblk1.genblk1.genblk1.genblk1.lut0 (6 -> 3)
  Optimizing lut $abc$11943$auto$blifparse.cc:535:parse_blif$12791.genblk1.genblk1.genblk1.genblk1.genblk1.genblk1.genblk1.genblk1.genblk1.lut1 (6 -> 0)
  Optimizing lut $abc$11943$auto$blifparse.cc:535:parse_blif$12792.genblk1.genblk1.genblk1.genblk1.genblk1.genblk1.genblk1.genblk1.genblk1.lut1 (6 -> 0)
  Optimizing lut $abc$11943$auto$blifparse.cc:535:parse_blif$12807.genblk1.genblk1.genblk1.genblk1.genblk1.genblk1.genblk1.genblk1.genblk1.genblk1.lut1.genblk1.genblk1.genblk1.genblk1.genblk1.genblk1.genblk1.genblk1.genblk1.lut1 (6 -> 0)
  Optimizing lut $abc$11943$auto$blifparse.cc:535:parse_blif$12816.genblk1.genblk1.genblk1.genblk1.genblk1.genblk1.genblk1.genblk1.genblk1.genblk1.lut1.genblk1.genblk1.genblk1.genblk1.genblk1.genblk1.genblk1.genblk1.genblk1.lut0 (6 -> 0)
  Optimizing lut $abc$11943$auto$blifparse.cc:535:parse_blif$12846.genblk1.genblk1.genblk1.genblk1.genblk1.genblk1.genblk1.genblk1.genblk1.genblk1.lut1.genblk1.genblk1.genblk1.genblk1.genblk1.genblk1.genblk1.genblk1.genblk1.lut1 (6 -> 0)
  Optimizing lut $abc$11943$auto$blifparse.cc:535:parse_blif$12819.genblk1.genblk1.genblk1.genblk1.genblk1.genblk1.genblk1.genblk1.genblk1.genblk1.lut0.genblk1.genblk1.genblk1.genblk1.genblk1.genblk1.genblk1.genblk1.genblk1.lut0 (6 -> 1)
  Optimizing lut $abc$11943$auto$blifparse.cc:535:parse_blif$12825.genblk1.genblk1.genblk1.genblk1.genblk1.genblk1.genblk1.genblk1.genblk1.genblk1.lut1.genblk1.genblk1.genblk1.genblk1.genblk1.genblk1.genblk1.genblk1.genblk1.lut1 (6 -> 0)
  Optimizing lut $abc$11943$auto$blifparse.cc:535:parse_blif$12250.genblk1.genblk1.genblk1.genblk1.genblk1.genblk1.genblk1.genblk1.genblk1.genblk1.lut1.genblk1.genblk1.genblk1.genblk1.genblk1.genblk1.genblk1.genblk1.genblk1.lut0 (6 -> 3)
  Optimizing lut $abc$11943$auto$blifparse.cc:535:parse_blif$12825.genblk1.genblk1.genblk1.genblk1.genblk1.genblk1.genblk1.genblk1.genblk1.genblk1.lut1.genblk1.genblk1.genblk1.genblk1.genblk1.genblk1.genblk1.genblk1.genblk1.lut0 (6 -> 0)
  Optimizing lut $abc$11943$auto$blifparse.cc:535:parse_blif$12318.genblk1.genblk1.genblk1.genblk1.genblk1.genblk1.genblk1.genblk1.genblk1.genblk1.lut1.genblk1.genblk1.genblk1.genblk1.genblk1.genblk1.genblk1.genblk1.genblk1.lut1 (6 -> 1)
  Optimizing lut $abc$11943$auto$blifparse.cc:535:parse_blif$12509.genblk1.genblk1.genblk1.genblk1.genblk1.genblk1.genblk1.genblk1.genblk1.lut0 (6 -> 0)
  Optimizing lut $abc$11943$auto$blifparse.cc:535:parse_blif$12035.genblk1.genblk1.genblk1.genblk1.genblk1.genblk1.genblk1.genblk1.genblk1.genblk1.lut1.genblk1.genblk1.genblk1.genblk1.genblk1.genblk1.genblk1.genblk1.genblk1.lut0 (6 -> 0)
  Optimizing lut $abc$11943$auto$blifparse.cc:535:parse_blif$12442.genblk1.genblk1.genblk1.genblk1.genblk1.genblk1.genblk1.genblk1.genblk1.genblk1.lut1.genblk1.genblk1.genblk1.genblk1.genblk1.genblk1.genblk1.genblk1.genblk1.lut1 (6 -> 1)
  Optimizing lut $abc$11943$auto$blifparse.cc:535:parse_blif$12855.genblk1.genblk1.genblk1.genblk1.genblk1.genblk1.genblk1.genblk1.genblk1.genblk1.lut1.genblk1.genblk1.genblk1.genblk1.genblk1.genblk1.genblk1.genblk1.genblk1.lut0 (6 -> 0)
  Optimizing lut $abc$11943$auto$blifparse.cc:535:parse_blif$12700.genblk1.genblk1.genblk1.genblk1.genblk1.genblk1.genblk1.genblk1.genblk1.genblk1.lut1.genblk1.genblk1.genblk1.genblk1.genblk1.genblk1.genblk1.genblk1.genblk1.lut0 (6 -> 0)
  Optimizing lut $abc$11943$auto$blifparse.cc:535:parse_blif$12861.genblk1.genblk1.genblk1.genblk1.genblk1.genblk1.genblk1.genblk1.genblk1.genblk1.lut1.genblk1.genblk1.genblk1.genblk1.genblk1.genblk1.genblk1.genblk1.genblk1.lut1 (6 -> 0)
  Optimizing lut $abc$11943$auto$blifparse.cc:535:parse_blif$12858.genblk1.genblk1.genblk1.genblk1.genblk1.genblk1.genblk1.genblk1.genblk1.genblk1.lut1.genblk1.genblk1.genblk1.genblk1.genblk1.genblk1.genblk1.genblk1.genblk1.lut1 (6 -> 0)
  Optimizing lut $abc$11943$auto$blifparse.cc:535:parse_blif$12867.genblk1.genblk1.genblk1.genblk1.genblk1.genblk1.genblk1.genblk1.genblk1.genblk1.lut1.genblk1.genblk1.genblk1.genblk1.genblk1.genblk1.genblk1.genblk1.genblk1.lut1 (6 -> 0)
  Optimizing lut $abc$11943$auto$blifparse.cc:535:parse_blif$12864.genblk1.genblk1.genblk1.genblk1.genblk1.genblk1.genblk1.genblk1.genblk1.genblk1.lut1.genblk1.genblk1.genblk1.genblk1.genblk1.genblk1.genblk1.genblk1.genblk1.lut1 (6 -> 0)
  Optimizing lut $abc$11943$auto$blifparse.cc:535:parse_blif$12368.genblk1.genblk1.genblk1.genblk1.genblk1.genblk1.genblk1.genblk1.genblk1.genblk1.lut1.genblk1.genblk1.genblk1.genblk1.genblk1.genblk1.genblk1.genblk1.genblk1.lut0 (6 -> 0)
  Optimizing lut $abc$11943$auto$blifparse.cc:535:parse_blif$12795.genblk1.genblk1.genblk1.genblk1.genblk1.genblk1.genblk1.genblk1.genblk1.genblk1.lut1.genblk1.genblk1.genblk1.genblk1.genblk1.genblk1.genblk1.genblk1.genblk1.lut1 (6 -> 0)
  Optimizing lut $abc$11943$auto$blifparse.cc:535:parse_blif$12810.genblk1.genblk1.genblk1.genblk1.genblk1.genblk1.genblk1.genblk1.genblk1.genblk1.lut1.genblk1.genblk1.genblk1.genblk1.genblk1.genblk1.genblk1.genblk1.genblk1.lut1 (6 -> 0)
  Optimizing lut $abc$11943$auto$blifparse.cc:535:parse_blif$12870.genblk1.genblk1.genblk1.genblk1.genblk1.genblk1.genblk1.genblk1.genblk1.genblk1.lut1.genblk1.genblk1.genblk1.genblk1.genblk1.genblk1.genblk1.genblk1.genblk1.lut0 (6 -> 0)
  Optimizing lut $abc$11943$auto$blifparse.cc:535:parse_blif$12876.genblk1.genblk1.genblk1.genblk1.genblk1.genblk1.genblk1.genblk1.genblk1.genblk1.lut1.genblk1.genblk1.genblk1.genblk1.genblk1.genblk1.genblk1.genblk1.genblk1.lut1 (6 -> 0)
  Optimizing lut $abc$11943$auto$blifparse.cc:535:parse_blif$12849.genblk1.genblk1.genblk1.genblk1.genblk1.genblk1.genblk1.genblk1.genblk1.genblk1.lut1.genblk1.genblk1.genblk1.genblk1.genblk1.genblk1.genblk1.genblk1.genblk1.lut1 (6 -> 0)
  Optimizing lut $abc$11943$auto$blifparse.cc:535:parse_blif$12409.genblk1.genblk1.genblk1.genblk1.genblk1.genblk1.genblk1.genblk1.genblk1.lut0 (6 -> 1)
  Optimizing lut $abc$11943$auto$blifparse.cc:535:parse_blif$12277.genblk1.genblk1.genblk1.genblk1.genblk1.genblk1.genblk1.genblk1.genblk1.genblk1.lut1.genblk1.genblk1.genblk1.genblk1.genblk1.genblk1.genblk1.genblk1.genblk1.lut1 (6 -> 1)
  Optimizing lut $abc$11943$auto$blifparse.cc:535:parse_blif$11997.genblk1.genblk1.genblk1.genblk1.genblk1.genblk1.genblk1.genblk1.genblk1.lut0 (6 -> 3)

15.47. Executing CLKBUFMAP pass (inserting clock buffers).
Inserting BUFG on core_multi.u_rf.clk[0].
Removed 66 unused cells and 6272 unused wires.

15.48. Executing HIERARCHY pass (managing design hierarchy).
Attribute `top' found on module `core_multi'. Setting top module to core_multi.

15.48.1. Analyzing design hierarchy..
Top module:  \core_multi

15.48.2. Analyzing design hierarchy..
Top module:  \core_multi
Removed 0 unused modules.

15.49. Printing statistics.

=== core_multi ===

   Number of wires:               1342
   Number of wire bits:           4931
   Number of public wires:          53
   Number of public wire bits:     901
   Number of ports:                 17
   Number of port bits:            298
   Number of memories:               0
   Number of memory bits:            0
   Number of processes:              0
   Number of cells:               2508
     $scopeinfo                      4
     BUFG                            1
     CARRY4                         46
     DSP48E1                         3
     FDCE                          257
     FDPE                            3
     IBUF                           99
     INV                           296
     LUT1                           58
     LUT2                          143
     LUT3                          230
     LUT4                          190
     LUT5                          157
     LUT6                          432
     MUXF7                         289
     MUXF8                          89
     OBUF                          199
     RAM32M                         12

   Estimated number of LCs:       1009

15.50. Executing CHECK pass (checking for obvious problems).
Checking module core_multi...
Found and reported 0 problems.

16. Printing statistics.

=== core_multi ===

   Number of wires:               1342
   Number of wire bits:           4931
   Number of public wires:          53
   Number of public wire bits:     901
   Number of ports:                 17
   Number of port bits:            298
   Number of memories:               0
   Number of memory bits:            0
   Number of processes:              0
   Number of cells:               2508
     $scopeinfo                      4
     BUFG                            1
     CARRY4                         46
     DSP48E1                         3
     FDCE                          257
     FDPE                            3
     IBUF                           99
     INV                           296
     LUT1                           58
     LUT2                          143
     LUT3                          230
     LUT4                          190
     LUT5                          157
     LUT6                          432
     MUXF7                         289
     MUXF8                          89
     OBUF                          199
     RAM32M                         12

Warnings: 2 unique messages, 2 total
End of script. Logfile hash: c4374ee154, CPU: user 3.49s system 0.10s, MEM: 175.11 MB peak
Yosys 0.52 (git sha1 fee39a3284c90249e1d9684cf6944ffbbcbb8f90)
Time spent: 27% 30x read_verilog (1 sec), 20% 1x abc (0 sec), ...
