
 /----------------------------------------------------------------------------\
 |  yosys -- Yosys Open SYnthesis Suite                                       |
 |  Copyright (C) 2012 - 2025  Claire Xenia Wolf <claire@yosyshq.com>         |
 |  Distributed under an ISC-like license, type "license" to see terms        |
 \----------------------------------------------------------------------------/
 Yosys 0.52 (git sha1 fee39a3284c90249e1d9684cf6944ffbbcbb8f90)

-- Executing script file `/dev/stdin' --

1. Executing Verilog-2005 frontend: rtl/core/alu.sv
Parsing SystemVerilog input from `rtl/core/alu.sv' to AST representation.
Generating RTLIL representation for module `\alu'.
Successfully finished Verilog frontend.

2. Executing Verilog-2005 frontend: rtl/core/regfile.sv
Parsing SystemVerilog input from `rtl/core/regfile.sv' to AST representation.
Generating RTLIL representation for module `\regfile'.
Successfully finished Verilog frontend.

3. Executing Verilog-2005 frontend: rtl/core/imm_gen.sv
Parsing SystemVerilog input from `rtl/core/imm_gen.sv' to AST representation.
Generating RTLIL representation for module `\imm_gen'.
Successfully finished Verilog frontend.

4. Executing Verilog-2005 frontend: rtl/core/decoder.sv
Parsing SystemVerilog input from `rtl/core/decoder.sv' to AST representation.
Generating RTLIL representation for module `\decoder'.
Successfully finished Verilog frontend.

5. Executing Verilog-2005 frontend: rtl/mem/imem.sv
Parsing SystemVerilog input from `rtl/mem/imem.sv' to AST representation.
Generating RTLIL representation for module `\imem'.
Successfully finished Verilog frontend.

6. Executing Verilog-2005 frontend: rtl/mem/dmem.sv
Parsing SystemVerilog input from `rtl/mem/dmem.sv' to AST representation.
Generating RTLIL representation for module `\dmem'.
Successfully finished Verilog frontend.

7. Executing Verilog-2005 frontend: rtl/periph/uart_tx.sv
Parsing SystemVerilog input from `rtl/periph/uart_tx.sv' to AST representation.
Generating RTLIL representation for module `\uart_tx'.
Successfully finished Verilog frontend.

8. Executing Verilog-2005 frontend: rtl/periph/uart_rx.sv
Parsing SystemVerilog input from `rtl/periph/uart_rx.sv' to AST representation.
Generating RTLIL representation for module `\uart_rx'.
Successfully finished Verilog frontend.

9. Executing Verilog-2005 frontend: rtl/periph/uart.sv
Parsing SystemVerilog input from `rtl/periph/uart.sv' to AST representation.
Generating RTLIL representation for module `\uart'.
Successfully finished Verilog frontend.

10. Executing Verilog-2005 frontend: rtl/periph/timer.sv
Parsing SystemVerilog input from `rtl/periph/timer.sv' to AST representation.
Generating RTLIL representation for module `\timer'.
Successfully finished Verilog frontend.

11. Executing Verilog-2005 frontend: rtl/custom/dotp.sv
Parsing SystemVerilog input from `rtl/custom/dotp.sv' to AST representation.
Generating RTLIL representation for module `\dotp'.
Warning: Replacing memory \b with list of registers. See rtl/custom/dotp.sv:63
Warning: Replacing memory \a with list of registers. See rtl/custom/dotp.sv:62
Successfully finished Verilog frontend.

12. Executing Verilog-2005 frontend: rtl/core/core_pipe.sv
Parsing SystemVerilog input from `rtl/core/core_pipe.sv' to AST representation.
Generating RTLIL representation for module `\core_pipe'.
Successfully finished Verilog frontend.

13. Executing HIERARCHY pass (managing design hierarchy).

13.1. Analyzing design hierarchy..
Top module:  \core_pipe
Used module:     \alu
Used module:     \regfile
Used module:     \imm_gen
Used module:     \decoder
Parameter \BYPASS = 1'1

13.2. Executing AST frontend in derive mode using pre-parsed AST for module `\regfile'.
Parameter \BYPASS = 1'1
Generating RTLIL representation for module `$paramod\regfile\BYPASS=1'1'.

13.3. Analyzing design hierarchy..
Top module:  \core_pipe
Used module:     \alu
Used module:     $paramod\regfile\BYPASS=1'1
Used module:     \imm_gen
Used module:     \decoder

13.4. Analyzing design hierarchy..
Top module:  \core_pipe
Used module:     \alu
Used module:     $paramod\regfile\BYPASS=1'1
Used module:     \imm_gen
Used module:     \decoder
Removing unused module `\dotp'.
Removing unused module `\timer'.
Removing unused module `\uart'.
Removing unused module `\uart_rx'.
Removing unused module `\uart_tx'.
Removing unused module `\dmem'.
Removing unused module `\imem'.
Removing unused module `\regfile'.
Removed 8 unused modules.

14. Executing FLATTEN pass (flatten design).
Deleting now unused module $paramod\regfile\BYPASS=1'1.
Deleting now unused module decoder.
Deleting now unused module imm_gen.
Deleting now unused module alu.
<suppressed ~4 debug messages>

15. Executing SYNTH_XILINX pass.

15.1. Executing Verilog-2005 frontend: /usr/bin/../share/yosys/xilinx/cells_sim.v
Parsing Verilog input from `/usr/bin/../share/yosys/xilinx/cells_sim.v' to AST representation.
Generating RTLIL representation for module `\VCC'.
Generating RTLIL representation for module `\GND'.
Generating RTLIL representation for module `\IBUF'.
Generating RTLIL representation for module `\IBUFG'.
Generating RTLIL representation for module `\OBUF'.
Generating RTLIL representation for module `\IOBUF'.
Generating RTLIL representation for module `\OBUFT'.
Generating RTLIL representation for module `\BUFG'.
Generating RTLIL representation for module `\BUFGCTRL'.
Generating RTLIL representation for module `\BUFHCE'.
Generating RTLIL representation for module `\INV'.
Generating RTLIL representation for module `\LUT1'.
Generating RTLIL representation for module `\LUT2'.
Generating RTLIL representation for module `\LUT3'.
Generating RTLIL representation for module `\LUT4'.
Generating RTLIL representation for module `\LUT5'.
Generating RTLIL representation for module `\LUT6'.
Generating RTLIL representation for module `\LUT6_2'.
Generating RTLIL representation for module `\$__ABC9_LUT7'.
Generating RTLIL representation for module `\$__ABC9_LUT8'.
Generating RTLIL representation for module `\MUXCY'.
Generating RTLIL representation for module `\MUXF5'.
Generating RTLIL representation for module `\MUXF6'.
Generating RTLIL representation for module `\MUXF7'.
Generating RTLIL representation for module `\MUXF8'.
Generating RTLIL representation for module `\MUXF9'.
Generating RTLIL representation for module `\XORCY'.
Generating RTLIL representation for module `\CARRY4'.
Generating RTLIL representation for module `\CARRY8'.
Generating RTLIL representation for module `\ORCY'.
Generating RTLIL representation for module `\MULT_AND'.
Generating RTLIL representation for module `\FDRE'.
Generating RTLIL representation for module `\FDRE_1'.
Generating RTLIL representation for module `\FDSE'.
Generating RTLIL representation for module `\FDSE_1'.
Generating RTLIL representation for module `\FDRSE'.
Generating RTLIL representation for module `\FDRSE_1'.
Generating RTLIL representation for module `\FDCE'.
Generating RTLIL representation for module `\FDCE_1'.
Generating RTLIL representation for module `\FDPE'.
Generating RTLIL representation for module `\FDPE_1'.
Generating RTLIL representation for module `\FDCPE'.
Generating RTLIL representation for module `\FDCPE_1'.
Generating RTLIL representation for module `\LDCE'.
Generating RTLIL representation for module `\LDPE'.
Generating RTLIL representation for module `\LDCPE'.
Generating RTLIL representation for module `\AND2B1L'.
Generating RTLIL representation for module `\OR2L'.
Generating RTLIL representation for module `\RAM16X1S'.
Generating RTLIL representation for module `\RAM16X1S_1'.
Generating RTLIL representation for module `\RAM32X1S'.
Generating RTLIL representation for module `\RAM32X1S_1'.
Generating RTLIL representation for module `\RAM64X1S'.
Generating RTLIL representation for module `\RAM64X1S_1'.
Generating RTLIL representation for module `\RAM128X1S'.
Generating RTLIL representation for module `\RAM128X1S_1'.
Generating RTLIL representation for module `\RAM256X1S'.
Generating RTLIL representation for module `\RAM512X1S'.
Generating RTLIL representation for module `\RAM16X2S'.
Generating RTLIL representation for module `\RAM32X2S'.
Generating RTLIL representation for module `\RAM64X2S'.
Generating RTLIL representation for module `\RAM16X4S'.
Generating RTLIL representation for module `\RAM32X4S'.
Generating RTLIL representation for module `\RAM16X8S'.
Generating RTLIL representation for module `\RAM32X8S'.
Generating RTLIL representation for module `\RAM16X1D'.
Generating RTLIL representation for module `\RAM16X1D_1'.
Generating RTLIL representation for module `\RAM32X1D'.
Generating RTLIL representation for module `\RAM32X1D_1'.
Generating RTLIL representation for module `\RAM64X1D'.
Generating RTLIL representation for module `\RAM64X1D_1'.
Generating RTLIL representation for module `\RAM128X1D'.
Generating RTLIL representation for module `\RAM256X1D'.
Generating RTLIL representation for module `\RAM32M'.
Generating RTLIL representation for module `\RAM32M16'.
Generating RTLIL representation for module `\RAM64M'.
Generating RTLIL representation for module `\RAM64M8'.
Generating RTLIL representation for module `\RAM32X16DR8'.
Generating RTLIL representation for module `\RAM64X8SW'.
Generating RTLIL representation for module `\ROM16X1'.
Generating RTLIL representation for module `\ROM32X1'.
Generating RTLIL representation for module `\ROM64X1'.
Generating RTLIL representation for module `\ROM128X1'.
Generating RTLIL representation for module `\ROM256X1'.
Generating RTLIL representation for module `\SRL16'.
Generating RTLIL representation for module `\SRL16E'.
Generating RTLIL representation for module `\SRLC16'.
Generating RTLIL representation for module `\SRLC16E'.
Generating RTLIL representation for module `\SRLC32E'.
Generating RTLIL representation for module `\CFGLUT5'.
Generating RTLIL representation for module `\MULT18X18'.
Generating RTLIL representation for module `\MULT18X18S'.
Generating RTLIL representation for module `\MULT18X18SIO'.
Generating RTLIL representation for module `\DSP48A'.
Generating RTLIL representation for module `\DSP48A1'.
Generating RTLIL representation for module `\DSP48'.
Generating RTLIL representation for module `\DSP48E1'.
Generating RTLIL representation for module `\RAMB18E1'.
Generating RTLIL representation for module `\RAMB36E1'.
Successfully finished Verilog frontend.

15.2. Executing Verilog-2005 frontend: /usr/bin/../share/yosys/xilinx/cells_xtra.v
Parsing Verilog input from `/usr/bin/../share/yosys/xilinx/cells_xtra.v' to AST representation.
Generating RTLIL representation for module `\RAMB4_S1'.
Generating RTLIL representation for module `\RAMB4_S2'.
Generating RTLIL representation for module `\RAMB4_S4'.
Generating RTLIL representation for module `\RAMB4_S8'.
Generating RTLIL representation for module `\RAMB4_S16'.
Generating RTLIL representation for module `\RAMB4_S1_S1'.
Generating RTLIL representation for module `\RAMB4_S1_S2'.
Generating RTLIL representation for module `\RAMB4_S1_S4'.
Generating RTLIL representation for module `\RAMB4_S1_S8'.
Generating RTLIL representation for module `\RAMB4_S1_S16'.
Generating RTLIL representation for module `\RAMB4_S2_S2'.
Generating RTLIL representation for module `\RAMB4_S2_S4'.
Generating RTLIL representation for module `\RAMB4_S2_S8'.
Generating RTLIL representation for module `\RAMB4_S2_S16'.
Generating RTLIL representation for module `\RAMB4_S4_S4'.
Generating RTLIL representation for module `\RAMB4_S4_S8'.
Generating RTLIL representation for module `\RAMB4_S4_S16'.
Generating RTLIL representation for module `\RAMB4_S8_S8'.
Generating RTLIL representation for module `\RAMB4_S8_S16'.
Generating RTLIL representation for module `\RAMB4_S16_S16'.
Generating RTLIL representation for module `\RAMB16_S1'.
Generating RTLIL representation for module `\RAMB16_S2'.
Generating RTLIL representation for module `\RAMB16_S4'.
Generating RTLIL representation for module `\RAMB16_S9'.
Generating RTLIL representation for module `\RAMB16_S18'.
Generating RTLIL representation for module `\RAMB16_S36'.
Generating RTLIL representation for module `\RAMB16_S1_S1'.
Generating RTLIL representation for module `\RAMB16_S1_S2'.
Generating RTLIL representation for module `\RAMB16_S1_S4'.
Generating RTLIL representation for module `\RAMB16_S1_S9'.
Generating RTLIL representation for module `\RAMB16_S1_S18'.
Generating RTLIL representation for module `\RAMB16_S1_S36'.
Generating RTLIL representation for module `\RAMB16_S2_S2'.
Generating RTLIL representation for module `\RAMB16_S2_S4'.
Generating RTLIL representation for module `\RAMB16_S2_S9'.
Generating RTLIL representation for module `\RAMB16_S2_S18'.
Generating RTLIL representation for module `\RAMB16_S2_S36'.
Generating RTLIL representation for module `\RAMB16_S4_S4'.
Generating RTLIL representation for module `\RAMB16_S4_S9'.
Generating RTLIL representation for module `\RAMB16_S4_S18'.
Generating RTLIL representation for module `\RAMB16_S4_S36'.
Generating RTLIL representation for module `\RAMB16_S9_S9'.
Generating RTLIL representation for module `\RAMB16_S9_S18'.
Generating RTLIL representation for module `\RAMB16_S9_S36'.
Generating RTLIL representation for module `\RAMB16_S18_S18'.
Generating RTLIL representation for module `\RAMB16_S18_S36'.
Generating RTLIL representation for module `\RAMB16_S36_S36'.
Generating RTLIL representation for module `\RAMB16BWE_S18'.
Generating RTLIL representation for module `\RAMB16BWE_S36'.
Generating RTLIL representation for module `\RAMB16BWE_S18_S9'.
Generating RTLIL representation for module `\RAMB16BWE_S18_S18'.
Generating RTLIL representation for module `\RAMB16BWE_S36_S9'.
Generating RTLIL representation for module `\RAMB16BWE_S36_S18'.
Generating RTLIL representation for module `\RAMB16BWE_S36_S36'.
Generating RTLIL representation for module `\RAMB16BWER'.
Generating RTLIL representation for module `\RAMB8BWER'.
Generating RTLIL representation for module `\FIFO16'.
Generating RTLIL representation for module `\RAMB16'.
Generating RTLIL representation for module `\RAMB32_S64_ECC'.
Generating RTLIL representation for module `\FIFO18'.
Generating RTLIL representation for module `\FIFO18_36'.
Generating RTLIL representation for module `\FIFO36'.
Generating RTLIL representation for module `\FIFO36_72'.
Generating RTLIL representation for module `\RAMB18'.
Generating RTLIL representation for module `\RAMB36'.
Generating RTLIL representation for module `\RAMB18SDP'.
Generating RTLIL representation for module `\RAMB36SDP'.
Generating RTLIL representation for module `\FIFO18E1'.
Generating RTLIL representation for module `\FIFO36E1'.
Generating RTLIL representation for module `\FIFO18E2'.
Generating RTLIL representation for module `\FIFO36E2'.
Generating RTLIL representation for module `\RAMB18E2'.
Generating RTLIL representation for module `\RAMB36E2'.
Generating RTLIL representation for module `\URAM288'.
Generating RTLIL representation for module `\URAM288_BASE'.
Generating RTLIL representation for module `\DSP48E'.
Generating RTLIL representation for module `\DSP48E2'.
Generating RTLIL representation for module `\FDDRCPE'.
Generating RTLIL representation for module `\FDDRRSE'.
Generating RTLIL representation for module `\IFDDRCPE'.
Generating RTLIL representation for module `\IFDDRRSE'.
Generating RTLIL representation for module `\OFDDRCPE'.
Generating RTLIL representation for module `\OFDDRRSE'.
Generating RTLIL representation for module `\OFDDRTCPE'.
Generating RTLIL representation for module `\OFDDRTRSE'.
Generating RTLIL representation for module `\IDDR2'.
Generating RTLIL representation for module `\ODDR2'.
Generating RTLIL representation for module `\IDDR'.
Generating RTLIL representation for module `\IDDR_2CLK'.
Generating RTLIL representation for module `\ODDR'.
Generating RTLIL representation for module `\IDELAYCTRL'.
Generating RTLIL representation for module `\IDELAY'.
Generating RTLIL representation for module `\ISERDES'.
Generating RTLIL representation for module `\OSERDES'.
Generating RTLIL representation for module `\IODELAY'.
Generating RTLIL representation for module `\ISERDES_NODELAY'.
Generating RTLIL representation for module `\IODELAYE1'.
Generating RTLIL representation for module `\ISERDESE1'.
Generating RTLIL representation for module `\OSERDESE1'.
Generating RTLIL representation for module `\IDELAYE2'.
Generating RTLIL representation for module `\ODELAYE2'.
Generating RTLIL representation for module `\ISERDESE2'.
Generating RTLIL representation for module `\OSERDESE2'.
Generating RTLIL representation for module `\PHASER_IN'.
Generating RTLIL representation for module `\PHASER_IN_PHY'.
Generating RTLIL representation for module `\PHASER_OUT'.
Generating RTLIL representation for module `\PHASER_OUT_PHY'.
Generating RTLIL representation for module `\PHASER_REF'.
Generating RTLIL representation for module `\PHY_CONTROL'.
Generating RTLIL representation for module `\IDDRE1'.
Generating RTLIL representation for module `\ODDRE1'.
Generating RTLIL representation for module `\IDELAYE3'.
Generating RTLIL representation for module `\ODELAYE3'.
Generating RTLIL representation for module `\ISERDESE3'.
Generating RTLIL representation for module `\OSERDESE3'.
Generating RTLIL representation for module `\BITSLICE_CONTROL'.
Generating RTLIL representation for module `\RIU_OR'.
Generating RTLIL representation for module `\RX_BITSLICE'.
Generating RTLIL representation for module `\RXTX_BITSLICE'.
Generating RTLIL representation for module `\TX_BITSLICE'.
Generating RTLIL representation for module `\TX_BITSLICE_TRI'.
Generating RTLIL representation for module `\IODELAY2'.
Generating RTLIL representation for module `\IODRP2'.
Generating RTLIL representation for module `\IODRP2_MCB'.
Generating RTLIL representation for module `\ISERDES2'.
Generating RTLIL representation for module `\OSERDES2'.
Generating RTLIL representation for module `\IBUF_DLY_ADJ'.
Generating RTLIL representation for module `\IBUF_IBUFDISABLE'.
Generating RTLIL representation for module `\IBUF_INTERMDISABLE'.
Generating RTLIL representation for module `\IBUF_ANALOG'.
Generating RTLIL representation for module `\IBUFE3'.
Generating RTLIL representation for module `\IBUFDS'.
Generating RTLIL representation for module `\IBUFDS_DLY_ADJ'.
Generating RTLIL representation for module `\IBUFDS_IBUFDISABLE'.
Generating RTLIL representation for module `\IBUFDS_INTERMDISABLE'.
Generating RTLIL representation for module `\IBUFDS_DIFF_OUT'.
Generating RTLIL representation for module `\IBUFDS_DIFF_OUT_IBUFDISABLE'.
Generating RTLIL representation for module `\IBUFDS_DIFF_OUT_INTERMDISABLE'.
Generating RTLIL representation for module `\IBUFDSE3'.
Generating RTLIL representation for module `\IBUFDS_DPHY'.
Generating RTLIL representation for module `\IBUFGDS'.
Generating RTLIL representation for module `\IBUFGDS_DIFF_OUT'.
Generating RTLIL representation for module `\IOBUF_DCIEN'.
Generating RTLIL representation for module `\IOBUF_INTERMDISABLE'.
Generating RTLIL representation for module `\IOBUFE3'.
Generating RTLIL representation for module `\IOBUFDS'.
Generating RTLIL representation for module `\IOBUFDS_DCIEN'.
Generating RTLIL representation for module `\IOBUFDS_INTERMDISABLE'.
Generating RTLIL representation for module `\IOBUFDS_DIFF_OUT'.
Generating RTLIL representation for module `\IOBUFDS_DIFF_OUT_DCIEN'.
Generating RTLIL representation for module `\IOBUFDS_DIFF_OUT_INTERMDISABLE'.
Generating RTLIL representation for module `\IOBUFDSE3'.
Generating RTLIL representation for module `\OBUFDS'.
Generating RTLIL representation for module `\OBUFDS_DPHY'.
Generating RTLIL representation for module `\OBUFTDS'.
Generating RTLIL representation for module `\KEEPER'.
Generating RTLIL representation for module `\PULLDOWN'.
Generating RTLIL representation for module `\PULLUP'.
Generating RTLIL representation for module `\DCIRESET'.
Generating RTLIL representation for module `\HPIO_VREF'.
Generating RTLIL representation for module `\BUFGCE'.
Generating RTLIL representation for module `\BUFGCE_1'.
Generating RTLIL representation for module `\BUFGMUX'.
Generating RTLIL representation for module `\BUFGMUX_1'.
Generating RTLIL representation for module `\BUFGMUX_CTRL'.
Generating RTLIL representation for module `\BUFGMUX_VIRTEX4'.
Generating RTLIL representation for module `\BUFG_GT'.
Generating RTLIL representation for module `\BUFG_GT_SYNC'.
Generating RTLIL representation for module `\BUFG_PS'.
Generating RTLIL representation for module `\BUFGCE_DIV'.
Generating RTLIL representation for module `\BUFH'.
Generating RTLIL representation for module `\BUFIO2'.
Generating RTLIL representation for module `\BUFIO2_2CLK'.
Generating RTLIL representation for module `\BUFIO2FB'.
Generating RTLIL representation for module `\BUFPLL'.
Generating RTLIL representation for module `\BUFPLL_MCB'.
Generating RTLIL representation for module `\BUFIO'.
Generating RTLIL representation for module `\BUFIODQS'.
Generating RTLIL representation for module `\BUFR'.
Generating RTLIL representation for module `\BUFMR'.
Generating RTLIL representation for module `\BUFMRCE'.
Generating RTLIL representation for module `\DCM'.
Generating RTLIL representation for module `\DCM_SP'.
Generating RTLIL representation for module `\DCM_CLKGEN'.
Generating RTLIL representation for module `\DCM_ADV'.
Generating RTLIL representation for module `\DCM_BASE'.
Generating RTLIL representation for module `\DCM_PS'.
Generating RTLIL representation for module `\PMCD'.
Generating RTLIL representation for module `\PLL_ADV'.
Generating RTLIL representation for module `\PLL_BASE'.
Generating RTLIL representation for module `\MMCM_ADV'.
Generating RTLIL representation for module `\MMCM_BASE'.
Generating RTLIL representation for module `\MMCME2_ADV'.
Generating RTLIL representation for module `\MMCME2_BASE'.
Generating RTLIL representation for module `\PLLE2_ADV'.
Generating RTLIL representation for module `\PLLE2_BASE'.
Generating RTLIL representation for module `\MMCME3_ADV'.
Generating RTLIL representation for module `\MMCME3_BASE'.
Generating RTLIL representation for module `\PLLE3_ADV'.
Generating RTLIL representation for module `\PLLE3_BASE'.
Generating RTLIL representation for module `\MMCME4_ADV'.
Generating RTLIL representation for module `\MMCME4_BASE'.
Generating RTLIL representation for module `\PLLE4_ADV'.
Generating RTLIL representation for module `\PLLE4_BASE'.
Generating RTLIL representation for module `\BUFT'.
Generating RTLIL representation for module `\IN_FIFO'.
Generating RTLIL representation for module `\OUT_FIFO'.
Generating RTLIL representation for module `\HARD_SYNC'.
Generating RTLIL representation for module `\STARTUP_SPARTAN3'.
Generating RTLIL representation for module `\STARTUP_SPARTAN3E'.
Generating RTLIL representation for module `\STARTUP_SPARTAN3A'.
Generating RTLIL representation for module `\STARTUP_SPARTAN6'.
Generating RTLIL representation for module `\STARTUP_VIRTEX4'.
Generating RTLIL representation for module `\STARTUP_VIRTEX5'.
Generating RTLIL representation for module `\STARTUP_VIRTEX6'.
Generating RTLIL representation for module `\STARTUPE2'.
Generating RTLIL representation for module `\STARTUPE3'.
Generating RTLIL representation for module `\CAPTURE_SPARTAN3'.
Generating RTLIL representation for module `\CAPTURE_SPARTAN3A'.
Generating RTLIL representation for module `\CAPTURE_VIRTEX4'.
Generating RTLIL representation for module `\CAPTURE_VIRTEX5'.
Generating RTLIL representation for module `\CAPTURE_VIRTEX6'.
Generating RTLIL representation for module `\CAPTUREE2'.
Generating RTLIL representation for module `\ICAP_SPARTAN3A'.
Generating RTLIL representation for module `\ICAP_SPARTAN6'.
Generating RTLIL representation for module `\ICAP_VIRTEX4'.
Generating RTLIL representation for module `\ICAP_VIRTEX5'.
Generating RTLIL representation for module `\ICAP_VIRTEX6'.
Generating RTLIL representation for module `\ICAPE2'.
Generating RTLIL representation for module `\ICAPE3'.
Generating RTLIL representation for module `\BSCAN_SPARTAN3'.
Generating RTLIL representation for module `\BSCAN_SPARTAN3A'.
Generating RTLIL representation for module `\BSCAN_SPARTAN6'.
Generating RTLIL representation for module `\BSCAN_VIRTEX4'.
Generating RTLIL representation for module `\BSCAN_VIRTEX5'.
Generating RTLIL representation for module `\BSCAN_VIRTEX6'.
Generating RTLIL representation for module `\BSCANE2'.
Generating RTLIL representation for module `\DNA_PORT'.
Generating RTLIL representation for module `\DNA_PORTE2'.
Generating RTLIL representation for module `\FRAME_ECC_VIRTEX4'.
Generating RTLIL representation for module `\FRAME_ECC_VIRTEX5'.
Generating RTLIL representation for module `\FRAME_ECC_VIRTEX6'.
Generating RTLIL representation for module `\FRAME_ECCE2'.
Generating RTLIL representation for module `\FRAME_ECCE3'.
Generating RTLIL representation for module `\FRAME_ECCE4'.
Generating RTLIL representation for module `\USR_ACCESS_VIRTEX4'.
Generating RTLIL representation for module `\USR_ACCESS_VIRTEX5'.
Generating RTLIL representation for module `\USR_ACCESS_VIRTEX6'.
Generating RTLIL representation for module `\USR_ACCESSE2'.
Generating RTLIL representation for module `\POST_CRC_INTERNAL'.
Generating RTLIL representation for module `\SUSPEND_SYNC'.
Generating RTLIL representation for module `\KEY_CLEAR'.
Generating RTLIL representation for module `\MASTER_JTAG'.
Generating RTLIL representation for module `\SPI_ACCESS'.
Generating RTLIL representation for module `\EFUSE_USR'.
Generating RTLIL representation for module `\SYSMON'.
Generating RTLIL representation for module `\XADC'.
Generating RTLIL representation for module `\SYSMONE1'.
Generating RTLIL representation for module `\SYSMONE4'.
Generating RTLIL representation for module `\GTPA1_DUAL'.
Generating RTLIL representation for module `\GT11_CUSTOM'.
Generating RTLIL representation for module `\GT11_DUAL'.
Generating RTLIL representation for module `\GT11CLK'.
Generating RTLIL representation for module `\GT11CLK_MGT'.
Generating RTLIL representation for module `\GTP_DUAL'.
Generating RTLIL representation for module `\GTX_DUAL'.
Generating RTLIL representation for module `\CRC32'.
Generating RTLIL representation for module `\CRC64'.
Generating RTLIL representation for module `\GTHE1_QUAD'.
Generating RTLIL representation for module `\GTXE1'.
Generating RTLIL representation for module `\IBUFDS_GTXE1'.
Generating RTLIL representation for module `\IBUFDS_GTHE1'.
Generating RTLIL representation for module `\GTHE2_CHANNEL'.
Generating RTLIL representation for module `\GTHE2_COMMON'.
Generating RTLIL representation for module `\GTPE2_CHANNEL'.
Generating RTLIL representation for module `\GTPE2_COMMON'.
Generating RTLIL representation for module `\GTXE2_CHANNEL'.
Generating RTLIL representation for module `\GTXE2_COMMON'.
Generating RTLIL representation for module `\IBUFDS_GTE2'.
Generating RTLIL representation for module `\GTHE3_CHANNEL'.
Generating RTLIL representation for module `\GTHE3_COMMON'.
Generating RTLIL representation for module `\GTYE3_CHANNEL'.
Generating RTLIL representation for module `\GTYE3_COMMON'.
Generating RTLIL representation for module `\IBUFDS_GTE3'.
Generating RTLIL representation for module `\OBUFDS_GTE3'.
Generating RTLIL representation for module `\OBUFDS_GTE3_ADV'.
Generating RTLIL representation for module `\GTHE4_CHANNEL'.
Generating RTLIL representation for module `\GTHE4_COMMON'.
Generating RTLIL representation for module `\GTYE4_CHANNEL'.
Generating RTLIL representation for module `\GTYE4_COMMON'.
Generating RTLIL representation for module `\IBUFDS_GTE4'.
Generating RTLIL representation for module `\OBUFDS_GTE4'.
Generating RTLIL representation for module `\OBUFDS_GTE4_ADV'.
Generating RTLIL representation for module `\GTM_DUAL'.
Generating RTLIL representation for module `\IBUFDS_GTM'.
Generating RTLIL representation for module `\OBUFDS_GTM'.
Generating RTLIL representation for module `\OBUFDS_GTM_ADV'.
Generating RTLIL representation for module `\HSDAC'.
Generating RTLIL representation for module `\HSADC'.
Generating RTLIL representation for module `\RFDAC'.
Generating RTLIL representation for module `\RFADC'.
Generating RTLIL representation for module `\PCIE_A1'.
Generating RTLIL representation for module `\PCIE_EP'.
Generating RTLIL representation for module `\PCIE_2_0'.
Generating RTLIL representation for module `\PCIE_2_1'.
Generating RTLIL representation for module `\PCIE_3_0'.
Generating RTLIL representation for module `\PCIE_3_1'.
Generating RTLIL representation for module `\PCIE40E4'.
Generating RTLIL representation for module `\PCIE4CE4'.
Generating RTLIL representation for module `\EMAC'.
Generating RTLIL representation for module `\TEMAC'.
Generating RTLIL representation for module `\TEMAC_SINGLE'.
Generating RTLIL representation for module `\CMAC'.
Generating RTLIL representation for module `\CMACE4'.
Generating RTLIL representation for module `\MCB'.
Generating RTLIL representation for module `\HBM_REF_CLK'.
Generating RTLIL representation for module `\HBM_SNGLBLI_INTF_APB'.
Generating RTLIL representation for module `\HBM_SNGLBLI_INTF_AXI'.
Generating RTLIL representation for module `\HBM_ONE_STACK_INTF'.
Generating RTLIL representation for module `\HBM_TWO_STACK_INTF'.
Generating RTLIL representation for module `\PPC405_ADV'.
Generating RTLIL representation for module `\PPC440'.
Generating RTLIL representation for module `\PS7'.
Generating RTLIL representation for module `\PS8'.
Generating RTLIL representation for module `\ILKN'.
Generating RTLIL representation for module `\ILKNE4'.
Generating RTLIL representation for module `\VCU'.
Generating RTLIL representation for module `\FE'.
Successfully finished Verilog frontend.

15.3. Executing HIERARCHY pass (managing design hierarchy).

15.3.1. Analyzing design hierarchy..
Top module:  \core_pipe

15.3.2. Analyzing design hierarchy..
Top module:  \core_pipe
Removed 0 unused modules.

15.4. Executing PROC pass (convert processes to netlists).

15.4.1. Executing PROC_CLEAN pass (remove empty switches from decision trees).
Cleaned up 0 empty switches.

15.4.2. Executing PROC_RMDEAD pass (remove dead branches from decision trees).
Marked 1 switch rules as full_case in process $proc$/usr/bin/../share/yosys/xilinx/cells_sim.v:1986$1172 in module RAM64M.
Marked 1 switch rules as full_case in process $proc$/usr/bin/../share/yosys/xilinx/cells_sim.v:1812$1052 in module RAM32M.
Marked 1 switch rules as full_case in process $proc$/usr/bin/../share/yosys/xilinx/cells_sim.v:1716$999 in module RAM128X1D.
Marked 1 switch rules as full_case in process $proc$/usr/bin/../share/yosys/xilinx/cells_sim.v:1611$962 in module RAM64X1D.
Marked 1 switch rules as full_case in process $proc$/usr/bin/../share/yosys/xilinx/cells_sim.v:1565$944 in module RAM32X1D_1.
Marked 1 switch rules as full_case in process $proc$/usr/bin/../share/yosys/xilinx/cells_sim.v:1506$914 in module RAM32X1D.
Marked 1 switch rules as full_case in process $proc$/usr/bin/../share/yosys/xilinx/cells_sim.v:815$863 in module FDPE_1.
Marked 1 switch rules as full_case in process $proc$/usr/bin/../share/yosys/xilinx/cells_sim.v:774$860 in module FDPE.
Marked 1 switch rules as full_case in process $proc$/usr/bin/../share/yosys/xilinx/cells_sim.v:736$845 in module FDCE_1.
Marked 1 switch rules as full_case in process $proc$/usr/bin/../share/yosys/xilinx/cells_sim.v:695$842 in module FDCE.
Marked 1 switch rules as full_case in process $proc$/usr/bin/../share/yosys/xilinx/cells_sim.v:592$827 in module FDSE_1.
Marked 1 switch rules as full_case in process $proc$/usr/bin/../share/yosys/xilinx/cells_sim.v:559$823 in module FDSE.
Marked 1 switch rules as full_case in process $proc$/usr/bin/../share/yosys/xilinx/cells_sim.v:527$805 in module FDRE_1.
Marked 1 switch rules as full_case in process $proc$/usr/bin/../share/yosys/xilinx/cells_sim.v:494$801 in module FDRE.
Marked 1 switch rules as full_case in process $flatten\u_alu.$proc$rtl/core/alu.sv:0$4 in module core_pipe.
Marked 1 switch rules as full_case in process $flatten\u_rf.$proc$rtl/core/regfile.sv:32$230 in module core_pipe.
Marked 4 switch rules as full_case in process $flatten\u_rf.$proc$rtl/core/regfile.sv:0$249 in module core_pipe.
Marked 1 switch rules as full_case in process $flatten\u_imm.$proc$rtl/core/imm_gen.sv:0$39 in module core_pipe.
Removed 2 dead cases from process $flatten\u_dec.$proc$rtl/core/decoder.sv:0$40 in module core_pipe.
Marked 24 switch rules as full_case in process $flatten\u_dec.$proc$rtl/core/decoder.sv:0$40 in module core_pipe.
Marked 4 switch rules as full_case in process $proc$rtl/core/core_pipe.sv:249$226 in module core_pipe.
Marked 3 switch rules as full_case in process $proc$rtl/core/core_pipe.sv:0$223 in module core_pipe.
Marked 1 switch rules as full_case in process $proc$rtl/core/core_pipe.sv:0$185 in module core_pipe.
Marked 1 switch rules as full_case in process $proc$rtl/core/core_pipe.sv:0$183 in module core_pipe.
Marked 4 switch rules as full_case in process $proc$rtl/core/core_pipe.sv:0$162 in module core_pipe.
Removed a total of 2 dead cases.

15.4.3. Executing PROC_PRUNE pass (remove redundant assignments in processes).
Removed 20 redundant assignments.
Promoted 87 assignments to connections.

15.4.4. Executing PROC_INIT pass (extract init attributes).
Found init rule in `\SRLC32E.$proc$/usr/bin/../share/yosys/xilinx/cells_sim.v:2405$1301'.
  Set init value: \r = 0
Found init rule in `\SRLC16E.$proc$/usr/bin/../share/yosys/xilinx/cells_sim.v:2361$1294'.
  Set init value: \r = 16'0000000000000000
Found init rule in `\SRLC16.$proc$/usr/bin/../share/yosys/xilinx/cells_sim.v:2329$1287'.
  Set init value: \r = 16'0000000000000000
Found init rule in `\SRL16E.$proc$/usr/bin/../share/yosys/xilinx/cells_sim.v:2292$1284'.
  Set init value: \r = 16'0000000000000000
Found init rule in `\SRL16.$proc$/usr/bin/../share/yosys/xilinx/cells_sim.v:2264$1277'.
  Set init value: \r = 16'0000000000000000
Found init rule in `\RAM64M.$proc$/usr/bin/../share/yosys/xilinx/cells_sim.v:1980$1250'.
  Set init value: \mem_d = 64'0000000000000000000000000000000000000000000000000000000000000000
Found init rule in `\RAM64M.$proc$/usr/bin/../share/yosys/xilinx/cells_sim.v:1979$1249'.
  Set init value: \mem_c = 64'0000000000000000000000000000000000000000000000000000000000000000
Found init rule in `\RAM64M.$proc$/usr/bin/../share/yosys/xilinx/cells_sim.v:1978$1248'.
  Set init value: \mem_b = 64'0000000000000000000000000000000000000000000000000000000000000000
Found init rule in `\RAM64M.$proc$/usr/bin/../share/yosys/xilinx/cells_sim.v:1977$1247'.
  Set init value: \mem_a = 64'0000000000000000000000000000000000000000000000000000000000000000
Found init rule in `\RAM32M.$proc$/usr/bin/../share/yosys/xilinx/cells_sim.v:1806$1150'.
  Set init value: \mem_d = 64'0000000000000000000000000000000000000000000000000000000000000000
Found init rule in `\RAM32M.$proc$/usr/bin/../share/yosys/xilinx/cells_sim.v:1805$1149'.
  Set init value: \mem_c = 64'0000000000000000000000000000000000000000000000000000000000000000
Found init rule in `\RAM32M.$proc$/usr/bin/../share/yosys/xilinx/cells_sim.v:1804$1148'.
  Set init value: \mem_b = 64'0000000000000000000000000000000000000000000000000000000000000000
Found init rule in `\RAM32M.$proc$/usr/bin/../share/yosys/xilinx/cells_sim.v:1803$1147'.
  Set init value: \mem_a = 64'0000000000000000000000000000000000000000000000000000000000000000
Found init rule in `\RAM128X1D.$proc$/usr/bin/../share/yosys/xilinx/cells_sim.v:1712$1029'.
  Set init value: \mem = 128'00000000000000000000000000000000000000000000000000000000000000000000000000000000000000000000000000000000000000000000000000000000
Found init rule in `\RAM64X1D.$proc$/usr/bin/../share/yosys/xilinx/cells_sim.v:1607$992'.
  Set init value: \mem = 64'0000000000000000000000000000000000000000000000000000000000000000
Found init rule in `\RAM32X1D_1.$proc$/usr/bin/../share/yosys/xilinx/cells_sim.v:1561$956'.
  Set init value: \mem = 0
Found init rule in `\RAM32X1D.$proc$/usr/bin/../share/yosys/xilinx/cells_sim.v:1502$938'.
  Set init value: \mem = 0
Found init rule in `\FDPE_1.$proc$/usr/bin/../share/yosys/xilinx/cells_sim.v:0$866'.
  Set init value: \Q = 1'1
Found init rule in `\FDPE.$proc$/usr/bin/../share/yosys/xilinx/cells_sim.v:0$862'.
  Set init value: \Q = 1'1
Found init rule in `\FDCE_1.$proc$/usr/bin/../share/yosys/xilinx/cells_sim.v:0$848'.
  Set init value: \Q = 1'0
Found init rule in `\FDCE.$proc$/usr/bin/../share/yosys/xilinx/cells_sim.v:0$844'.
  Set init value: \Q = 1'0
Found init rule in `\FDSE_1.$proc$/usr/bin/../share/yosys/xilinx/cells_sim.v:0$830'.
  Set init value: \Q = 1'1
Found init rule in `\FDSE.$proc$/usr/bin/../share/yosys/xilinx/cells_sim.v:0$826'.
  Set init value: \Q = 1'1
Found init rule in `\FDRE_1.$proc$/usr/bin/../share/yosys/xilinx/cells_sim.v:0$808'.
  Set init value: \Q = 1'0
Found init rule in `\FDRE.$proc$/usr/bin/../share/yosys/xilinx/cells_sim.v:0$804'.
  Set init value: \Q = 1'0

15.4.5. Executing PROC_ARST pass (detect async resets in processes).
Found async reset \PRE in `\FDPE_1.$proc$/usr/bin/../share/yosys/xilinx/cells_sim.v:815$863'.
Found async reset \PRE in `\FDPE.$proc$/usr/bin/../share/yosys/xilinx/cells_sim.v:774$860'.
Found async reset \CLR in `\FDCE_1.$proc$/usr/bin/../share/yosys/xilinx/cells_sim.v:736$845'.
Found async reset \CLR in `\FDCE.$proc$/usr/bin/../share/yosys/xilinx/cells_sim.v:695$842'.
Found async reset \rst_n in `\core_pipe.$proc$rtl/core/core_pipe.sv:249$226'.

15.4.6. Executing PROC_ROM pass (convert switches to ROMs).
Converted 0 switches.
<suppressed ~66 debug messages>

15.4.7. Executing PROC_MUX pass (convert decision trees to multiplexers).
Creating decoders for process `\SRLC32E.$proc$/usr/bin/../share/yosys/xilinx/cells_sim.v:2405$1301'.
Creating decoders for process `\SRLC32E.$proc$/usr/bin/../share/yosys/xilinx/cells_sim.v:2413$1300'.
     1/1: $0\r[31:0]
Creating decoders for process `\SRLC16E.$proc$/usr/bin/../share/yosys/xilinx/cells_sim.v:2361$1294'.
Creating decoders for process `\SRLC16E.$proc$/usr/bin/../share/yosys/xilinx/cells_sim.v:2369$1293'.
     1/1: $0\r[15:0]
Creating decoders for process `\SRLC16.$proc$/usr/bin/../share/yosys/xilinx/cells_sim.v:2329$1287'.
Creating decoders for process `\SRLC16.$proc$/usr/bin/../share/yosys/xilinx/cells_sim.v:2332$1286'.
Creating decoders for process `\SRL16E.$proc$/usr/bin/../share/yosys/xilinx/cells_sim.v:2292$1284'.
Creating decoders for process `\SRL16E.$proc$/usr/bin/../share/yosys/xilinx/cells_sim.v:2299$1283'.
     1/1: $0\r[15:0]
Creating decoders for process `\SRL16.$proc$/usr/bin/../share/yosys/xilinx/cells_sim.v:2264$1277'.
Creating decoders for process `\SRL16.$proc$/usr/bin/../share/yosys/xilinx/cells_sim.v:2266$1276'.
Creating decoders for process `\RAM64M.$proc$/usr/bin/../share/yosys/xilinx/cells_sim.v:1980$1250'.
Creating decoders for process `\RAM64M.$proc$/usr/bin/../share/yosys/xilinx/cells_sim.v:1979$1249'.
Creating decoders for process `\RAM64M.$proc$/usr/bin/../share/yosys/xilinx/cells_sim.v:1978$1248'.
Creating decoders for process `\RAM64M.$proc$/usr/bin/../share/yosys/xilinx/cells_sim.v:1977$1247'.
Creating decoders for process `\RAM64M.$proc$/usr/bin/../share/yosys/xilinx/cells_sim.v:1986$1172'.
     1/8: $1$lookahead\mem_d$1171[63:0]$1188
     2/8: $1$bitselwrite$pos$/usr/bin/../share/yosys/xilinx/cells_sim.v:1991$1162[5:0]$1184
     3/8: $1$lookahead\mem_c$1170[63:0]$1187
     4/8: $1$bitselwrite$pos$/usr/bin/../share/yosys/xilinx/cells_sim.v:1990$1161[5:0]$1183
     5/8: $1$lookahead\mem_b$1169[63:0]$1186
     6/8: $1$bitselwrite$pos$/usr/bin/../share/yosys/xilinx/cells_sim.v:1989$1160[5:0]$1182
     7/8: $1$lookahead\mem_a$1168[63:0]$1185
     8/8: $1$bitselwrite$pos$/usr/bin/../share/yosys/xilinx/cells_sim.v:1988$1159[5:0]$1181
Creating decoders for process `\RAM32M.$proc$/usr/bin/../share/yosys/xilinx/cells_sim.v:1806$1150'.
Creating decoders for process `\RAM32M.$proc$/usr/bin/../share/yosys/xilinx/cells_sim.v:1805$1149'.
Creating decoders for process `\RAM32M.$proc$/usr/bin/../share/yosys/xilinx/cells_sim.v:1804$1148'.
Creating decoders for process `\RAM32M.$proc$/usr/bin/../share/yosys/xilinx/cells_sim.v:1803$1147'.
Creating decoders for process `\RAM32M.$proc$/usr/bin/../share/yosys/xilinx/cells_sim.v:1812$1052'.
     1/8: $1$lookahead\mem_d$1051[63:0]$1068
     2/8: $1$bitselwrite$pos$/usr/bin/../share/yosys/xilinx/cells_sim.v:1817$1034[31:0]$1064
     3/8: $1$lookahead\mem_c$1050[63:0]$1067
     4/8: $1$bitselwrite$pos$/usr/bin/../share/yosys/xilinx/cells_sim.v:1816$1033[31:0]$1063
     5/8: $1$lookahead\mem_b$1049[63:0]$1066
     6/8: $1$bitselwrite$pos$/usr/bin/../share/yosys/xilinx/cells_sim.v:1815$1032[31:0]$1062
     7/8: $1$lookahead\mem_a$1048[63:0]$1065
     8/8: $1$bitselwrite$pos$/usr/bin/../share/yosys/xilinx/cells_sim.v:1814$1031[31:0]$1061
Creating decoders for process `\RAM128X1D.$proc$/usr/bin/../share/yosys/xilinx/cells_sim.v:1712$1029'.
Creating decoders for process `\RAM128X1D.$proc$/usr/bin/../share/yosys/xilinx/cells_sim.v:1716$999'.
     1/2: $1$lookahead\mem$998[127:0]$1003
     2/2: $1$bitselwrite$pos$/usr/bin/../share/yosys/xilinx/cells_sim.v:1716$994[6:0]$1002
Creating decoders for process `\RAM64X1D.$proc$/usr/bin/../share/yosys/xilinx/cells_sim.v:1607$992'.
Creating decoders for process `\RAM64X1D.$proc$/usr/bin/../share/yosys/xilinx/cells_sim.v:1611$962'.
     1/2: $1$lookahead\mem$961[63:0]$966
     2/2: $1$bitselwrite$pos$/usr/bin/../share/yosys/xilinx/cells_sim.v:1611$957[5:0]$965
Creating decoders for process `\RAM32X1D_1.$proc$/usr/bin/../share/yosys/xilinx/cells_sim.v:1561$956'.
Creating decoders for process `\RAM32X1D_1.$proc$/usr/bin/../share/yosys/xilinx/cells_sim.v:1565$944'.
     1/2: $1$lookahead\mem$943[31:0]$948
     2/2: $1$bitselwrite$pos$/usr/bin/../share/yosys/xilinx/cells_sim.v:1565$939[4:0]$947
Creating decoders for process `\RAM32X1D.$proc$/usr/bin/../share/yosys/xilinx/cells_sim.v:1502$938'.
Creating decoders for process `\RAM32X1D.$proc$/usr/bin/../share/yosys/xilinx/cells_sim.v:1506$914'.
     1/2: $1$lookahead\mem$913[31:0]$918
     2/2: $1$bitselwrite$pos$/usr/bin/../share/yosys/xilinx/cells_sim.v:1506$909[4:0]$917
Creating decoders for process `\FDPE_1.$proc$/usr/bin/../share/yosys/xilinx/cells_sim.v:0$866'.
Creating decoders for process `\FDPE_1.$proc$/usr/bin/../share/yosys/xilinx/cells_sim.v:815$863'.
     1/1: $0\Q[0:0]
Creating decoders for process `\FDPE.$proc$/usr/bin/../share/yosys/xilinx/cells_sim.v:0$862'.
Creating decoders for process `\FDPE.$proc$/usr/bin/../share/yosys/xilinx/cells_sim.v:774$860'.
     1/1: $0\Q[0:0]
Creating decoders for process `\FDCE_1.$proc$/usr/bin/../share/yosys/xilinx/cells_sim.v:0$848'.
Creating decoders for process `\FDCE_1.$proc$/usr/bin/../share/yosys/xilinx/cells_sim.v:736$845'.
     1/1: $0\Q[0:0]
Creating decoders for process `\FDCE.$proc$/usr/bin/../share/yosys/xilinx/cells_sim.v:0$844'.
Creating decoders for process `\FDCE.$proc$/usr/bin/../share/yosys/xilinx/cells_sim.v:695$842'.
     1/1: $0\Q[0:0]
Creating decoders for process `\FDSE_1.$proc$/usr/bin/../share/yosys/xilinx/cells_sim.v:0$830'.
Creating decoders for process `\FDSE_1.$proc$/usr/bin/../share/yosys/xilinx/cells_sim.v:592$827'.
     1/1: $0\Q[0:0]
Creating decoders for process `\FDSE.$proc$/usr/bin/../share/yosys/xilinx/cells_sim.v:0$826'.
Creating decoders for process `\FDSE.$proc$/usr/bin/../share/yosys/xilinx/cells_sim.v:559$823'.
     1/1: $0\Q[0:0]
Creating decoders for process `\FDRE_1.$proc$/usr/bin/../share/yosys/xilinx/cells_sim.v:0$808'.
Creating decoders for process `\FDRE_1.$proc$/usr/bin/../share/yosys/xilinx/cells_sim.v:527$805'.
     1/1: $0\Q[0:0]
Creating decoders for process `\FDRE.$proc$/usr/bin/../share/yosys/xilinx/cells_sim.v:0$804'.
Creating decoders for process `\FDRE.$proc$/usr/bin/../share/yosys/xilinx/cells_sim.v:494$801'.
     1/1: $0\Q[0:0]
Creating decoders for process `\core_pipe.$flatten\u_alu.$proc$rtl/core/alu.sv:0$4'.
     1/1: $flatten\u_alu.$1\y[31:0]
Creating decoders for process `\core_pipe.$flatten\u_rf.$proc$rtl/core/regfile.sv:32$230'.
     1/3: $flatten\u_rf.$1$memwr$\regs$rtl/core/regfile.sv:34$229_EN[31:0]$238
     2/3: $flatten\u_rf.$1$memwr$\regs$rtl/core/regfile.sv:34$229_DATA[31:0]$237
     3/3: $flatten\u_rf.$1$memwr$\regs$rtl/core/regfile.sv:34$229_ADDR[4:0]$236
Creating decoders for process `\core_pipe.$flatten\u_rf.$proc$rtl/core/regfile.sv:0$249'.
     1/4: $flatten\u_rf.$2\rdata2[31:0]
     2/4: $flatten\u_rf.$1\rdata2[31:0]
     3/4: $flatten\u_rf.$2\rdata1[31:0]
     4/4: $flatten\u_rf.$1\rdata1[31:0]
Creating decoders for process `\core_pipe.$flatten\u_imm.$proc$rtl/core/imm_gen.sv:0$39'.
     1/1: $flatten\u_imm.$1\imm[31:0]
Creating decoders for process `\core_pipe.$flatten\u_dec.$proc$rtl/core/decoder.sv:0$40'.
     1/67: $flatten\u_dec.$3\is_cus[0:0]
     2/67: $flatten\u_dec.$3\is_mret[0:0]
     3/67: $flatten\u_dec.$4\br_type[2:0]
     4/67: $flatten\u_dec.$3\mem_we[0:0]
     5/67: $flatten\u_dec.$5\reg_we[0:0]
     6/67: $flatten\u_dec.$2\is_cus[0:0]
     7/67: $flatten\u_dec.$4\wb_sel[1:0]
     8/67: $flatten\u_dec.$4\reg_we[0:0]
     9/67: $flatten\u_dec.$23\illegal[0:0]
    10/67: $flatten\u_dec.$2\is_mret[0:0]
    11/67: $flatten\u_dec.$22\illegal[0:0]
    12/67: $flatten\u_dec.$21\illegal[0:0]
    13/67: $flatten\u_dec.$20\illegal[0:0]
    14/67: $flatten\u_dec.$12\alu_op[3:0]
    15/67: $flatten\u_dec.$19\illegal[0:0]
    16/67: $flatten\u_dec.$11\alu_op[3:0]
    17/67: $flatten\u_dec.$18\illegal[0:0]
    18/67: $flatten\u_dec.$17\illegal[0:0]
    19/67: $flatten\u_dec.$16\illegal[0:0]
    20/67: $flatten\u_dec.$15\illegal[0:0]
    21/67: $flatten\u_dec.$14\illegal[0:0]
    22/67: $flatten\u_dec.$10\alu_op[3:0]
    23/67: $flatten\u_dec.$13\illegal[0:0]
    24/67: $flatten\u_dec.$9\alu_op[3:0]
    25/67: $flatten\u_dec.$12\illegal[0:0]
    26/67: $flatten\u_dec.$8\alu_op[3:0]
    27/67: $flatten\u_dec.$11\illegal[0:0]
    28/67: $flatten\u_dec.$10\illegal[0:0]
    29/67: $flatten\u_dec.$7\alu_op[3:0]
    30/67: $flatten\u_dec.$6\alu_op[3:0]
    31/67: $flatten\u_dec.$9\illegal[0:0]
    32/67: $flatten\u_dec.$5\alu_op[3:0]
    33/67: $flatten\u_dec.$8\illegal[0:0]
    34/67: $flatten\u_dec.$7\illegal[0:0]
    35/67: $flatten\u_dec.$4\alu_op[3:0]
    36/67: $flatten\u_dec.$6\illegal[0:0]
    37/67: $flatten\u_dec.$4\imm_type[2:0]
    38/67: $flatten\u_dec.$3\alu_op[3:0]
    39/67: $flatten\u_dec.$3\alu_b_imm[0:0]
    40/67: $flatten\u_dec.$2\mem_we[0:0]
    41/67: $flatten\u_dec.$5\illegal[0:0]
    42/67: $flatten\u_dec.$3\imm_type[2:0]
    43/67: $flatten\u_dec.$2\alu_op[3:0]
    44/67: $flatten\u_dec.$2\alu_b_imm[0:0]
    45/67: $flatten\u_dec.$3\wb_sel[1:0]
    46/67: $flatten\u_dec.$3\reg_we[0:0]
    47/67: $flatten\u_dec.$4\illegal[0:0]
    48/67: $flatten\u_dec.$3\br_type[2:0]
    49/67: $flatten\u_dec.$3\illegal[0:0]
    50/67: $flatten\u_dec.$2\imm_type[2:0]
    51/67: $flatten\u_dec.$2\jalr[0:0]
    52/67: $flatten\u_dec.$2\br_type[2:0]
    53/67: $flatten\u_dec.$2\wb_sel[1:0]
    54/67: $flatten\u_dec.$2\reg_we[0:0]
    55/67: $flatten\u_dec.$2\illegal[0:0]
    56/67: $flatten\u_dec.$1\imm_type[2:0]
    57/67: $flatten\u_dec.$1\alu_op[3:0]
    58/67: $flatten\u_dec.$1\alu_b_imm[0:0]
    59/67: $flatten\u_dec.$1\alu_a_sel[1:0]
    60/67: $flatten\u_dec.$1\reg_we[0:0]
    61/67: $flatten\u_dec.$1\illegal[0:0]
    62/67: $flatten\u_dec.$1\is_cus[0:0]
    63/67: $flatten\u_dec.$1\is_mret[0:0]
    64/67: $flatten\u_dec.$1\jalr[0:0]
    65/67: $flatten\u_dec.$1\br_type[2:0]
    66/67: $flatten\u_dec.$1\mem_we[0:0]
    67/67: $flatten\u_dec.$1\wb_sel[1:0]
Creating decoders for process `\core_pipe.$proc$rtl/core/core_pipe.sv:249$226'.
     1/40: $0\idex_valid[0:0]
     2/40: $0\ifid_instr[31:0]
     3/40: $0\ifid_pc[31:0]
     4/40: $0\ifid_valid[0:0]
     5/40: $0\memwb_is_mret[0:0]
     6/40: $0\memwb_wb_sel[1:0]
     7/40: $0\memwb_reg_we[0:0]
     8/40: $0\memwb_rd[4:0]
     9/40: $0\memwb_mem_data[31:0]
    10/40: $0\memwb_result[31:0]
    11/40: $0\memwb_valid[0:0]
    12/40: $0\exmem_is_mret[0:0]
    13/40: $0\exmem_wb_sel[1:0]
    14/40: $0\exmem_mem_we[0:0]
    15/40: $0\exmem_reg_we[0:0]
    16/40: $0\exmem_rd[4:0]
    17/40: $0\exmem_store_data[31:0]
    18/40: $0\exmem_result[31:0]
    19/40: $0\exmem_valid[0:0]
    20/40: $0\pc[31:0]
    21/40: $0\idex_br_type[2:0]
    22/40: $0\idex_alu_op[3:0]
    23/40: $0\idex_alu_a_sel[1:0]
    24/40: $0\idex_wb_sel[1:0]
    25/40: $0\idex_is_cus[0:0]
    26/40: $0\idex_is_mret[0:0]
    27/40: $0\idex_jalr[0:0]
    28/40: $0\idex_alu_b_imm[0:0]
    29/40: $0\idex_mem_we[0:0]
    30/40: $0\idex_reg_we[0:0]
    31/40: $0\idex_rs2[4:0]
    32/40: $0\idex_rs1[4:0]
    33/40: $0\idex_rd[4:0]
    34/40: $0\idex_imm[31:0]
    35/40: $0\idex_rs2_val[31:0]
    36/40: $0\idex_rs1_val[31:0]
    37/40: $0\idex_pc[31:0]
    38/40: $0\in_handler[0:0]
    39/40: $0\drain[0:0]
    40/40: $0\epc[31:0]
Creating decoders for process `\core_pipe.$proc$rtl/core/core_pipe.sv:0$223'.
     1/3: $3\pc_next[31:0]
     2/3: $2\pc_next[31:0]
     3/3: $1\pc_next[31:0]
Creating decoders for process `\core_pipe.$proc$rtl/core/core_pipe.sv:0$185'.
     1/1: $1\br_cond[0:0]
Creating decoders for process `\core_pipe.$proc$rtl/core/core_pipe.sv:0$183'.
     1/1: $1\alu_a[31:0]
Creating decoders for process `\core_pipe.$proc$rtl/core/core_pipe.sv:0$162'.
     1/4: $2\fwd_b[31:0]
     2/4: $2\fwd_a[31:0]
     3/4: $1\fwd_b[31:0]
     4/4: $1\fwd_a[31:0]

15.4.8. Executing PROC_DLATCH pass (convert process syncs to latches).
No latch inferred for signal `\core_pipe.\u_alu.y' from process `\core_pipe.$flatten\u_alu.$proc$rtl/core/alu.sv:0$4'.
No latch inferred for signal `\core_pipe.\u_rf.rdata1' from process `\core_pipe.$flatten\u_rf.$proc$rtl/core/regfile.sv:0$249'.
No latch inferred for signal `\core_pipe.\u_rf.rdata2' from process `\core_pipe.$flatten\u_rf.$proc$rtl/core/regfile.sv:0$249'.
No latch inferred for signal `\core_pipe.\u_imm.imm' from process `\core_pipe.$flatten\u_imm.$proc$rtl/core/imm_gen.sv:0$39'.
No latch inferred for signal `\core_pipe.\u_dec.imm_type' from process `\core_pipe.$flatten\u_dec.$proc$rtl/core/decoder.sv:0$40'.
No latch inferred for signal `\core_pipe.\u_dec.reg_we' from process `\core_pipe.$flatten\u_dec.$proc$rtl/core/decoder.sv:0$40'.
No latch inferred for signal `\core_pipe.\u_dec.wb_sel' from process `\core_pipe.$flatten\u_dec.$proc$rtl/core/decoder.sv:0$40'.
No latch inferred for signal `\core_pipe.\u_dec.mem_we' from process `\core_pipe.$flatten\u_dec.$proc$rtl/core/decoder.sv:0$40'.
No latch inferred for signal `\core_pipe.\u_dec.alu_a_sel' from process `\core_pipe.$flatten\u_dec.$proc$rtl/core/decoder.sv:0$40'.
No latch inferred for signal `\core_pipe.\u_dec.alu_b_imm' from process `\core_pipe.$flatten\u_dec.$proc$rtl/core/decoder.sv:0$40'.
No latch inferred for signal `\core_pipe.\u_dec.alu_op' from process `\core_pipe.$flatten\u_dec.$proc$rtl/core/decoder.sv:0$40'.
No latch inferred for signal `\core_pipe.\u_dec.br_type' from process `\core_pipe.$flatten\u_dec.$proc$rtl/core/decoder.sv:0$40'.
No latch inferred for signal `\core_pipe.\u_dec.jalr' from process `\core_pipe.$flatten\u_dec.$proc$rtl/core/decoder.sv:0$40'.
No latch inferred for signal `\core_pipe.\u_dec.is_mret' from process `\core_pipe.$flatten\u_dec.$proc$rtl/core/decoder.sv:0$40'.
No latch inferred for signal `\core_pipe.\u_dec.is_cus' from process `\core_pipe.$flatten\u_dec.$proc$rtl/core/decoder.sv:0$40'.
No latch inferred for signal `\core_pipe.\u_dec.illegal' from process `\core_pipe.$flatten\u_dec.$proc$rtl/core/decoder.sv:0$40'.
No latch inferred for signal `\core_pipe.\pc_next' from process `\core_pipe.$proc$rtl/core/core_pipe.sv:0$223'.
No latch inferred for signal `\core_pipe.\br_cond' from process `\core_pipe.$proc$rtl/core/core_pipe.sv:0$185'.
No latch inferred for signal `\core_pipe.\alu_a' from process `\core_pipe.$proc$rtl/core/core_pipe.sv:0$183'.
No latch inferred for signal `\core_pipe.\fwd_a' from process `\core_pipe.$proc$rtl/core/core_pipe.sv:0$162'.
No latch inferred for signal `\core_pipe.\fwd_b' from process `\core_pipe.$proc$rtl/core/core_pipe.sv:0$162'.

15.4.9. Executing PROC_DFF pass (convert process syncs to FFs).
Creating register for signal `\SRLC32E.\r' using process `\SRLC32E.$proc$/usr/bin/../share/yosys/xilinx/cells_sim.v:2413$1300'.
  created $dff cell `$procdff$2382' with positive edge clock.
Creating register for signal `\SRLC16E.\r' using process `\SRLC16E.$proc$/usr/bin/../share/yosys/xilinx/cells_sim.v:2369$1293'.
  created $dff cell `$procdff$2383' with positive edge clock.
Creating register for signal `\SRLC16.\r' using process `\SRLC16.$proc$/usr/bin/../share/yosys/xilinx/cells_sim.v:2332$1286'.
  created $dff cell `$procdff$2384' with positive edge clock.
Creating register for signal `\SRL16E.\r' using process `\SRL16E.$proc$/usr/bin/../share/yosys/xilinx/cells_sim.v:2299$1283'.
  created $dff cell `$procdff$2385' with positive edge clock.
Creating register for signal `\SRL16.\r' using process `\SRL16.$proc$/usr/bin/../share/yosys/xilinx/cells_sim.v:2266$1276'.
  created $dff cell `$procdff$2386' with positive edge clock.
Creating register for signal `\RAM64M.\mem_a' using process `\RAM64M.$proc$/usr/bin/../share/yosys/xilinx/cells_sim.v:1986$1172'.
  created $dff cell `$procdff$2387' with positive edge clock.
Creating register for signal `\RAM64M.\mem_b' using process `\RAM64M.$proc$/usr/bin/../share/yosys/xilinx/cells_sim.v:1986$1172'.
  created $dff cell `$procdff$2388' with positive edge clock.
Creating register for signal `\RAM64M.\mem_c' using process `\RAM64M.$proc$/usr/bin/../share/yosys/xilinx/cells_sim.v:1986$1172'.
  created $dff cell `$procdff$2389' with positive edge clock.
Creating register for signal `\RAM64M.\mem_d' using process `\RAM64M.$proc$/usr/bin/../share/yosys/xilinx/cells_sim.v:1986$1172'.
  created $dff cell `$procdff$2390' with positive edge clock.
Creating register for signal `\RAM64M.$bitselwrite$pos$/usr/bin/../share/yosys/xilinx/cells_sim.v:1988$1159' using process `\RAM64M.$proc$/usr/bin/../share/yosys/xilinx/cells_sim.v:1986$1172'.
  created $dff cell `$procdff$2391' with positive edge clock.
Creating register for signal `\RAM64M.$bitselwrite$pos$/usr/bin/../share/yosys/xilinx/cells_sim.v:1989$1160' using process `\RAM64M.$proc$/usr/bin/../share/yosys/xilinx/cells_sim.v:1986$1172'.
  created $dff cell `$procdff$2392' with positive edge clock.
Creating register for signal `\RAM64M.$bitselwrite$pos$/usr/bin/../share/yosys/xilinx/cells_sim.v:1990$1161' using process `\RAM64M.$proc$/usr/bin/../share/yosys/xilinx/cells_sim.v:1986$1172'.
  created $dff cell `$procdff$2393' with positive edge clock.
Creating register for signal `\RAM64M.$bitselwrite$pos$/usr/bin/../share/yosys/xilinx/cells_sim.v:1991$1162' using process `\RAM64M.$proc$/usr/bin/../share/yosys/xilinx/cells_sim.v:1986$1172'.
  created $dff cell `$procdff$2394' with positive edge clock.
Creating register for signal `\RAM64M.$lookahead\mem_a$1168' using process `\RAM64M.$proc$/usr/bin/../share/yosys/xilinx/cells_sim.v:1986$1172'.
  created $dff cell `$procdff$2395' with positive edge clock.
Creating register for signal `\RAM64M.$lookahead\mem_b$1169' using process `\RAM64M.$proc$/usr/bin/../share/yosys/xilinx/cells_sim.v:1986$1172'.
  created $dff cell `$procdff$2396' with positive edge clock.
Creating register for signal `\RAM64M.$lookahead\mem_c$1170' using process `\RAM64M.$proc$/usr/bin/../share/yosys/xilinx/cells_sim.v:1986$1172'.
  created $dff cell `$procdff$2397' with positive edge clock.
Creating register for signal `\RAM64M.$lookahead\mem_d$1171' using process `\RAM64M.$proc$/usr/bin/../share/yosys/xilinx/cells_sim.v:1986$1172'.
  created $dff cell `$procdff$2398' with positive edge clock.
Creating register for signal `\RAM32M.\mem_a' using process `\RAM32M.$proc$/usr/bin/../share/yosys/xilinx/cells_sim.v:1812$1052'.
  created $dff cell `$procdff$2399' with positive edge clock.
Creating register for signal `\RAM32M.\mem_b' using process `\RAM32M.$proc$/usr/bin/../share/yosys/xilinx/cells_sim.v:1812$1052'.
  created $dff cell `$procdff$2400' with positive edge clock.
Creating register for signal `\RAM32M.\mem_c' using process `\RAM32M.$proc$/usr/bin/../share/yosys/xilinx/cells_sim.v:1812$1052'.
  created $dff cell `$procdff$2401' with positive edge clock.
Creating register for signal `\RAM32M.\mem_d' using process `\RAM32M.$proc$/usr/bin/../share/yosys/xilinx/cells_sim.v:1812$1052'.
  created $dff cell `$procdff$2402' with positive edge clock.
Creating register for signal `\RAM32M.$bitselwrite$pos$/usr/bin/../share/yosys/xilinx/cells_sim.v:1814$1031' using process `\RAM32M.$proc$/usr/bin/../share/yosys/xilinx/cells_sim.v:1812$1052'.
  created $dff cell `$procdff$2403' with positive edge clock.
Creating register for signal `\RAM32M.$bitselwrite$pos$/usr/bin/../share/yosys/xilinx/cells_sim.v:1815$1032' using process `\RAM32M.$proc$/usr/bin/../share/yosys/xilinx/cells_sim.v:1812$1052'.
  created $dff cell `$procdff$2404' with positive edge clock.
Creating register for signal `\RAM32M.$bitselwrite$pos$/usr/bin/../share/yosys/xilinx/cells_sim.v:1816$1033' using process `\RAM32M.$proc$/usr/bin/../share/yosys/xilinx/cells_sim.v:1812$1052'.
  created $dff cell `$procdff$2405' with positive edge clock.
Creating register for signal `\RAM32M.$bitselwrite$pos$/usr/bin/../share/yosys/xilinx/cells_sim.v:1817$1034' using process `\RAM32M.$proc$/usr/bin/../share/yosys/xilinx/cells_sim.v:1812$1052'.
  created $dff cell `$procdff$2406' with positive edge clock.
Creating register for signal `\RAM32M.$lookahead\mem_a$1048' using process `\RAM32M.$proc$/usr/bin/../share/yosys/xilinx/cells_sim.v:1812$1052'.
  created $dff cell `$procdff$2407' with positive edge clock.
Creating register for signal `\RAM32M.$lookahead\mem_b$1049' using process `\RAM32M.$proc$/usr/bin/../share/yosys/xilinx/cells_sim.v:1812$1052'.
  created $dff cell `$procdff$2408' with positive edge clock.
Creating register for signal `\RAM32M.$lookahead\mem_c$1050' using process `\RAM32M.$proc$/usr/bin/../share/yosys/xilinx/cells_sim.v:1812$1052'.
  created $dff cell `$procdff$2409' with positive edge clock.
Creating register for signal `\RAM32M.$lookahead\mem_d$1051' using process `\RAM32M.$proc$/usr/bin/../share/yosys/xilinx/cells_sim.v:1812$1052'.
  created $dff cell `$procdff$2410' with positive edge clock.
Creating register for signal `\RAM128X1D.\mem' using process `\RAM128X1D.$proc$/usr/bin/../share/yosys/xilinx/cells_sim.v:1716$999'.
  created $dff cell `$procdff$2411' with positive edge clock.
Creating register for signal `\RAM128X1D.$bitselwrite$pos$/usr/bin/../share/yosys/xilinx/cells_sim.v:1716$994' using process `\RAM128X1D.$proc$/usr/bin/../share/yosys/xilinx/cells_sim.v:1716$999'.
  created $dff cell `$procdff$2412' with positive edge clock.
Creating register for signal `\RAM128X1D.$lookahead\mem$998' using process `\RAM128X1D.$proc$/usr/bin/../share/yosys/xilinx/cells_sim.v:1716$999'.
  created $dff cell `$procdff$2413' with positive edge clock.
Creating register for signal `\RAM64X1D.\mem' using process `\RAM64X1D.$proc$/usr/bin/../share/yosys/xilinx/cells_sim.v:1611$962'.
  created $dff cell `$procdff$2414' with positive edge clock.
Creating register for signal `\RAM64X1D.$bitselwrite$pos$/usr/bin/../share/yosys/xilinx/cells_sim.v:1611$957' using process `\RAM64X1D.$proc$/usr/bin/../share/yosys/xilinx/cells_sim.v:1611$962'.
  created $dff cell `$procdff$2415' with positive edge clock.
Creating register for signal `\RAM64X1D.$lookahead\mem$961' using process `\RAM64X1D.$proc$/usr/bin/../share/yosys/xilinx/cells_sim.v:1611$962'.
  created $dff cell `$procdff$2416' with positive edge clock.
Creating register for signal `\RAM32X1D_1.\mem' using process `\RAM32X1D_1.$proc$/usr/bin/../share/yosys/xilinx/cells_sim.v:1565$944'.
  created $dff cell `$procdff$2417' with negative edge clock.
Creating register for signal `\RAM32X1D_1.$bitselwrite$pos$/usr/bin/../share/yosys/xilinx/cells_sim.v:1565$939' using process `\RAM32X1D_1.$proc$/usr/bin/../share/yosys/xilinx/cells_sim.v:1565$944'.
  created $dff cell `$procdff$2418' with negative edge clock.
Creating register for signal `\RAM32X1D_1.$lookahead\mem$943' using process `\RAM32X1D_1.$proc$/usr/bin/../share/yosys/xilinx/cells_sim.v:1565$944'.
  created $dff cell `$procdff$2419' with negative edge clock.
Creating register for signal `\RAM32X1D.\mem' using process `\RAM32X1D.$proc$/usr/bin/../share/yosys/xilinx/cells_sim.v:1506$914'.
  created $dff cell `$procdff$2420' with positive edge clock.
Creating register for signal `\RAM32X1D.$bitselwrite$pos$/usr/bin/../share/yosys/xilinx/cells_sim.v:1506$909' using process `\RAM32X1D.$proc$/usr/bin/../share/yosys/xilinx/cells_sim.v:1506$914'.
  created $dff cell `$procdff$2421' with positive edge clock.
Creating register for signal `\RAM32X1D.$lookahead\mem$913' using process `\RAM32X1D.$proc$/usr/bin/../share/yosys/xilinx/cells_sim.v:1506$914'.
  created $dff cell `$procdff$2422' with positive edge clock.
Creating register for signal `\FDPE_1.\Q' using process `\FDPE_1.$proc$/usr/bin/../share/yosys/xilinx/cells_sim.v:815$863'.
  created $adff cell `$procdff$2425' with negative edge clock and positive level reset.
Creating register for signal `\FDPE.\Q' using process `\FDPE.$proc$/usr/bin/../share/yosys/xilinx/cells_sim.v:774$860'.
  created $adff cell `$procdff$2428' with positive edge clock and positive level reset.
Creating register for signal `\FDCE_1.\Q' using process `\FDCE_1.$proc$/usr/bin/../share/yosys/xilinx/cells_sim.v:736$845'.
  created $adff cell `$procdff$2431' with negative edge clock and positive level reset.
Creating register for signal `\FDCE.\Q' using process `\FDCE.$proc$/usr/bin/../share/yosys/xilinx/cells_sim.v:695$842'.
  created $adff cell `$procdff$2434' with positive edge clock and positive level reset.
Creating register for signal `\FDSE_1.\Q' using process `\FDSE_1.$proc$/usr/bin/../share/yosys/xilinx/cells_sim.v:592$827'.
  created $dff cell `$procdff$2435' with negative edge clock.
Creating register for signal `\FDSE.\Q' using process `\FDSE.$proc$/usr/bin/../share/yosys/xilinx/cells_sim.v:559$823'.
  created $dff cell `$procdff$2436' with positive edge clock.
Creating register for signal `\FDRE_1.\Q' using process `\FDRE_1.$proc$/usr/bin/../share/yosys/xilinx/cells_sim.v:527$805'.
  created $dff cell `$procdff$2437' with negative edge clock.
Creating register for signal `\FDRE.\Q' using process `\FDRE.$proc$/usr/bin/../share/yosys/xilinx/cells_sim.v:494$801'.
  created $dff cell `$procdff$2438' with positive edge clock.
Creating register for signal `\core_pipe.$flatten\u_rf.$memwr$\regs$rtl/core/regfile.sv:34$229_ADDR' using process `\core_pipe.$flatten\u_rf.$proc$rtl/core/regfile.sv:32$230'.
  created $dff cell `$procdff$2439' with positive edge clock.
Creating register for signal `\core_pipe.$flatten\u_rf.$memwr$\regs$rtl/core/regfile.sv:34$229_DATA' using process `\core_pipe.$flatten\u_rf.$proc$rtl/core/regfile.sv:32$230'.
  created $dff cell `$procdff$2440' with positive edge clock.
Creating register for signal `\core_pipe.$flatten\u_rf.$memwr$\regs$rtl/core/regfile.sv:34$229_EN' using process `\core_pipe.$flatten\u_rf.$proc$rtl/core/regfile.sv:32$230'.
  created $dff cell `$procdff$2441' with positive edge clock.
Creating register for signal `\core_pipe.\pc' using process `\core_pipe.$proc$rtl/core/core_pipe.sv:249$226'.
  created $adff cell `$procdff$2446' with positive edge clock and positive level reset.
Creating register for signal `\core_pipe.\epc' using process `\core_pipe.$proc$rtl/core/core_pipe.sv:249$226'.
  created $adff cell `$procdff$2451' with positive edge clock and positive level reset.
Creating register for signal `\core_pipe.\drain' using process `\core_pipe.$proc$rtl/core/core_pipe.sv:249$226'.
  created $adff cell `$procdff$2456' with positive edge clock and positive level reset.
Creating register for signal `\core_pipe.\in_handler' using process `\core_pipe.$proc$rtl/core/core_pipe.sv:249$226'.
  created $adff cell `$procdff$2461' with positive edge clock and positive level reset.
Creating register for signal `\core_pipe.\ifid_valid' using process `\core_pipe.$proc$rtl/core/core_pipe.sv:249$226'.
  created $adff cell `$procdff$2466' with positive edge clock and positive level reset.
Creating register for signal `\core_pipe.\ifid_pc' using process `\core_pipe.$proc$rtl/core/core_pipe.sv:249$226'.
  created $adff cell `$procdff$2471' with positive edge clock and positive level reset.
Creating register for signal `\core_pipe.\ifid_instr' using process `\core_pipe.$proc$rtl/core/core_pipe.sv:249$226'.
  created $adff cell `$procdff$2476' with positive edge clock and positive level reset.
Creating register for signal `\core_pipe.\idex_valid' using process `\core_pipe.$proc$rtl/core/core_pipe.sv:249$226'.
  created $adff cell `$procdff$2481' with positive edge clock and positive level reset.
Creating register for signal `\core_pipe.\idex_pc' using process `\core_pipe.$proc$rtl/core/core_pipe.sv:249$226'.
  created $adff cell `$procdff$2486' with positive edge clock and positive level reset.
Creating register for signal `\core_pipe.\idex_rs1_val' using process `\core_pipe.$proc$rtl/core/core_pipe.sv:249$226'.
  created $adff cell `$procdff$2491' with positive edge clock and positive level reset.
Creating register for signal `\core_pipe.\idex_rs2_val' using process `\core_pipe.$proc$rtl/core/core_pipe.sv:249$226'.
  created $adff cell `$procdff$2496' with positive edge clock and positive level reset.
Creating register for signal `\core_pipe.\idex_imm' using process `\core_pipe.$proc$rtl/core/core_pipe.sv:249$226'.
  created $adff cell `$procdff$2501' with positive edge clock and positive level reset.
Creating register for signal `\core_pipe.\idex_rd' using process `\core_pipe.$proc$rtl/core/core_pipe.sv:249$226'.
  created $adff cell `$procdff$2506' with positive edge clock and positive level reset.
Creating register for signal `\core_pipe.\idex_rs1' using process `\core_pipe.$proc$rtl/core/core_pipe.sv:249$226'.
  created $adff cell `$procdff$2511' with positive edge clock and positive level reset.
Creating register for signal `\core_pipe.\idex_rs2' using process `\core_pipe.$proc$rtl/core/core_pipe.sv:249$226'.
  created $adff cell `$procdff$2516' with positive edge clock and positive level reset.
Creating register for signal `\core_pipe.\idex_reg_we' using process `\core_pipe.$proc$rtl/core/core_pipe.sv:249$226'.
  created $adff cell `$procdff$2521' with positive edge clock and positive level reset.
Creating register for signal `\core_pipe.\idex_mem_we' using process `\core_pipe.$proc$rtl/core/core_pipe.sv:249$226'.
  created $adff cell `$procdff$2526' with positive edge clock and positive level reset.
Creating register for signal `\core_pipe.\idex_alu_b_imm' using process `\core_pipe.$proc$rtl/core/core_pipe.sv:249$226'.
  created $adff cell `$procdff$2531' with positive edge clock and positive level reset.
Creating register for signal `\core_pipe.\idex_jalr' using process `\core_pipe.$proc$rtl/core/core_pipe.sv:249$226'.
  created $adff cell `$procdff$2536' with positive edge clock and positive level reset.
Creating register for signal `\core_pipe.\idex_is_mret' using process `\core_pipe.$proc$rtl/core/core_pipe.sv:249$226'.
  created $adff cell `$procdff$2541' with positive edge clock and positive level reset.
Creating register for signal `\core_pipe.\idex_is_cus' using process `\core_pipe.$proc$rtl/core/core_pipe.sv:249$226'.
  created $adff cell `$procdff$2546' with positive edge clock and positive level reset.
Creating register for signal `\core_pipe.\idex_wb_sel' using process `\core_pipe.$proc$rtl/core/core_pipe.sv:249$226'.
  created $adff cell `$procdff$2551' with positive edge clock and positive level reset.
Creating register for signal `\core_pipe.\idex_alu_a_sel' using process `\core_pipe.$proc$rtl/core/core_pipe.sv:249$226'.
  created $adff cell `$procdff$2556' with positive edge clock and positive level reset.
Creating register for signal `\core_pipe.\idex_alu_op' using process `\core_pipe.$proc$rtl/core/core_pipe.sv:249$226'.
  created $adff cell `$procdff$2561' with positive edge clock and positive level reset.
Creating register for signal `\core_pipe.\idex_br_type' using process `\core_pipe.$proc$rtl/core/core_pipe.sv:249$226'.
  created $adff cell `$procdff$2566' with positive edge clock and positive level reset.
Creating register for signal `\core_pipe.\exmem_valid' using process `\core_pipe.$proc$rtl/core/core_pipe.sv:249$226'.
  created $adff cell `$procdff$2571' with positive edge clock and positive level reset.
Creating register for signal `\core_pipe.\exmem_result' using process `\core_pipe.$proc$rtl/core/core_pipe.sv:249$226'.
  created $adff cell `$procdff$2576' with positive edge clock and positive level reset.
Creating register for signal `\core_pipe.\exmem_store_data' using process `\core_pipe.$proc$rtl/core/core_pipe.sv:249$226'.
  created $adff cell `$procdff$2581' with positive edge clock and positive level reset.
Creating register for signal `\core_pipe.\exmem_rd' using process `\core_pipe.$proc$rtl/core/core_pipe.sv:249$226'.
  created $adff cell `$procdff$2586' with positive edge clock and positive level reset.
Creating register for signal `\core_pipe.\exmem_reg_we' using process `\core_pipe.$proc$rtl/core/core_pipe.sv:249$226'.
  created $adff cell `$procdff$2591' with positive edge clock and positive level reset.
Creating register for signal `\core_pipe.\exmem_mem_we' using process `\core_pipe.$proc$rtl/core/core_pipe.sv:249$226'.
  created $adff cell `$procdff$2596' with positive edge clock and positive level reset.
Creating register for signal `\core_pipe.\exmem_is_mret' using process `\core_pipe.$proc$rtl/core/core_pipe.sv:249$226'.
  created $adff cell `$procdff$2601' with positive edge clock and positive level reset.
Creating register for signal `\core_pipe.\exmem_wb_sel' using process `\core_pipe.$proc$rtl/core/core_pipe.sv:249$226'.
  created $adff cell `$procdff$2606' with positive edge clock and positive level reset.
Creating register for signal `\core_pipe.\memwb_valid' using process `\core_pipe.$proc$rtl/core/core_pipe.sv:249$226'.
  created $adff cell `$procdff$2611' with positive edge clock and positive level reset.
Creating register for signal `\core_pipe.\memwb_result' using process `\core_pipe.$proc$rtl/core/core_pipe.sv:249$226'.
  created $adff cell `$procdff$2616' with positive edge clock and positive level reset.
Creating register for signal `\core_pipe.\memwb_mem_data' using process `\core_pipe.$proc$rtl/core/core_pipe.sv:249$226'.
  created $adff cell `$procdff$2621' with positive edge clock and positive level reset.
Creating register for signal `\core_pipe.\memwb_rd' using process `\core_pipe.$proc$rtl/core/core_pipe.sv:249$226'.
  created $adff cell `$procdff$2626' with positive edge clock and positive level reset.
Creating register for signal `\core_pipe.\memwb_reg_we' using process `\core_pipe.$proc$rtl/core/core_pipe.sv:249$226'.
  created $adff cell `$procdff$2631' with positive edge clock and positive level reset.
Creating register for signal `\core_pipe.\memwb_is_mret' using process `\core_pipe.$proc$rtl/core/core_pipe.sv:249$226'.
  created $adff cell `$procdff$2636' with positive edge clock and positive level reset.
Creating register for signal `\core_pipe.\memwb_wb_sel' using process `\core_pipe.$proc$rtl/core/core_pipe.sv:249$226'.
  created $adff cell `$procdff$2641' with positive edge clock and positive level reset.

15.4.10. Executing PROC_MEMWR pass (convert process memory writes to cells).

15.4.11. Executing PROC_CLEAN pass (remove empty switches from decision trees).
Removing empty process `SRLC32E.$proc$/usr/bin/../share/yosys/xilinx/cells_sim.v:2405$1301'.
Found and cleaned up 1 empty switch in `\SRLC32E.$proc$/usr/bin/../share/yosys/xilinx/cells_sim.v:2413$1300'.
Removing empty process `SRLC32E.$proc$/usr/bin/../share/yosys/xilinx/cells_sim.v:2413$1300'.
Removing empty process `SRLC16E.$proc$/usr/bin/../share/yosys/xilinx/cells_sim.v:2361$1294'.
Found and cleaned up 1 empty switch in `\SRLC16E.$proc$/usr/bin/../share/yosys/xilinx/cells_sim.v:2369$1293'.
Removing empty process `SRLC16E.$proc$/usr/bin/../share/yosys/xilinx/cells_sim.v:2369$1293'.
Removing empty process `SRLC16.$proc$/usr/bin/../share/yosys/xilinx/cells_sim.v:2329$1287'.
Removing empty process `SRLC16.$proc$/usr/bin/../share/yosys/xilinx/cells_sim.v:2332$1286'.
Removing empty process `SRL16E.$proc$/usr/bin/../share/yosys/xilinx/cells_sim.v:2292$1284'.
Found and cleaned up 1 empty switch in `\SRL16E.$proc$/usr/bin/../share/yosys/xilinx/cells_sim.v:2299$1283'.
Removing empty process `SRL16E.$proc$/usr/bin/../share/yosys/xilinx/cells_sim.v:2299$1283'.
Removing empty process `SRL16.$proc$/usr/bin/../share/yosys/xilinx/cells_sim.v:2264$1277'.
Removing empty process `SRL16.$proc$/usr/bin/../share/yosys/xilinx/cells_sim.v:2266$1276'.
Removing empty process `RAM64M.$proc$/usr/bin/../share/yosys/xilinx/cells_sim.v:1980$1250'.
Removing empty process `RAM64M.$proc$/usr/bin/../share/yosys/xilinx/cells_sim.v:1979$1249'.
Removing empty process `RAM64M.$proc$/usr/bin/../share/yosys/xilinx/cells_sim.v:1978$1248'.
Removing empty process `RAM64M.$proc$/usr/bin/../share/yosys/xilinx/cells_sim.v:1977$1247'.
Found and cleaned up 1 empty switch in `\RAM64M.$proc$/usr/bin/../share/yosys/xilinx/cells_sim.v:1986$1172'.
Removing empty process `RAM64M.$proc$/usr/bin/../share/yosys/xilinx/cells_sim.v:1986$1172'.
Removing empty process `RAM32M.$proc$/usr/bin/../share/yosys/xilinx/cells_sim.v:1806$1150'.
Removing empty process `RAM32M.$proc$/usr/bin/../share/yosys/xilinx/cells_sim.v:1805$1149'.
Removing empty process `RAM32M.$proc$/usr/bin/../share/yosys/xilinx/cells_sim.v:1804$1148'.
Removing empty process `RAM32M.$proc$/usr/bin/../share/yosys/xilinx/cells_sim.v:1803$1147'.
Found and cleaned up 1 empty switch in `\RAM32M.$proc$/usr/bin/../share/yosys/xilinx/cells_sim.v:1812$1052'.
Removing empty process `RAM32M.$proc$/usr/bin/../share/yosys/xilinx/cells_sim.v:1812$1052'.
Removing empty process `RAM128X1D.$proc$/usr/bin/../share/yosys/xilinx/cells_sim.v:1712$1029'.
Found and cleaned up 1 empty switch in `\RAM128X1D.$proc$/usr/bin/../share/yosys/xilinx/cells_sim.v:1716$999'.
Removing empty process `RAM128X1D.$proc$/usr/bin/../share/yosys/xilinx/cells_sim.v:1716$999'.
Removing empty process `RAM64X1D.$proc$/usr/bin/../share/yosys/xilinx/cells_sim.v:1607$992'.
Found and cleaned up 1 empty switch in `\RAM64X1D.$proc$/usr/bin/../share/yosys/xilinx/cells_sim.v:1611$962'.
Removing empty process `RAM64X1D.$proc$/usr/bin/../share/yosys/xilinx/cells_sim.v:1611$962'.
Removing empty process `RAM32X1D_1.$proc$/usr/bin/../share/yosys/xilinx/cells_sim.v:1561$956'.
Found and cleaned up 1 empty switch in `\RAM32X1D_1.$proc$/usr/bin/../share/yosys/xilinx/cells_sim.v:1565$944'.
Removing empty process `RAM32X1D_1.$proc$/usr/bin/../share/yosys/xilinx/cells_sim.v:1565$944'.
Removing empty process `RAM32X1D.$proc$/usr/bin/../share/yosys/xilinx/cells_sim.v:1502$938'.
Found and cleaned up 1 empty switch in `\RAM32X1D.$proc$/usr/bin/../share/yosys/xilinx/cells_sim.v:1506$914'.
Removing empty process `RAM32X1D.$proc$/usr/bin/../share/yosys/xilinx/cells_sim.v:1506$914'.
Removing empty process `FDPE_1.$proc$/usr/bin/../share/yosys/xilinx/cells_sim.v:0$866'.
Found and cleaned up 1 empty switch in `\FDPE_1.$proc$/usr/bin/../share/yosys/xilinx/cells_sim.v:815$863'.
Removing empty process `FDPE_1.$proc$/usr/bin/../share/yosys/xilinx/cells_sim.v:815$863'.
Removing empty process `FDPE.$proc$/usr/bin/../share/yosys/xilinx/cells_sim.v:0$862'.
Found and cleaned up 1 empty switch in `\FDPE.$proc$/usr/bin/../share/yosys/xilinx/cells_sim.v:774$860'.
Removing empty process `FDPE.$proc$/usr/bin/../share/yosys/xilinx/cells_sim.v:774$860'.
Removing empty process `FDCE_1.$proc$/usr/bin/../share/yosys/xilinx/cells_sim.v:0$848'.
Found and cleaned up 1 empty switch in `\FDCE_1.$proc$/usr/bin/../share/yosys/xilinx/cells_sim.v:736$845'.
Removing empty process `FDCE_1.$proc$/usr/bin/../share/yosys/xilinx/cells_sim.v:736$845'.
Removing empty process `FDCE.$proc$/usr/bin/../share/yosys/xilinx/cells_sim.v:0$844'.
Found and cleaned up 1 empty switch in `\FDCE.$proc$/usr/bin/../share/yosys/xilinx/cells_sim.v:695$842'.
Removing empty process `FDCE.$proc$/usr/bin/../share/yosys/xilinx/cells_sim.v:695$842'.
Removing empty process `FDSE_1.$proc$/usr/bin/../share/yosys/xilinx/cells_sim.v:0$830'.
Found and cleaned up 2 empty switches in `\FDSE_1.$proc$/usr/bin/../share/yosys/xilinx/cells_sim.v:592$827'.
Removing empty process `FDSE_1.$proc$/usr/bin/../share/yosys/xilinx/cells_sim.v:592$827'.
Removing empty process `FDSE.$proc$/usr/bin/../share/yosys/xilinx/cells_sim.v:0$826'.
Found and cleaned up 2 empty switches in `\FDSE.$proc$/usr/bin/../share/yosys/xilinx/cells_sim.v:559$823'.
Removing empty process `FDSE.$proc$/usr/bin/../share/yosys/xilinx/cells_sim.v:559$823'.
Removing empty process `FDRE_1.$proc$/usr/bin/../share/yosys/xilinx/cells_sim.v:0$808'.
Found and cleaned up 2 empty switches in `\FDRE_1.$proc$/usr/bin/../share/yosys/xilinx/cells_sim.v:527$805'.
Removing empty process `FDRE_1.$proc$/usr/bin/../share/yosys/xilinx/cells_sim.v:527$805'.
Removing empty process `FDRE.$proc$/usr/bin/../share/yosys/xilinx/cells_sim.v:0$804'.
Found and cleaned up 2 empty switches in `\FDRE.$proc$/usr/bin/../share/yosys/xilinx/cells_sim.v:494$801'.
Removing empty process `FDRE.$proc$/usr/bin/../share/yosys/xilinx/cells_sim.v:494$801'.
Found and cleaned up 1 empty switch in `\core_pipe.$flatten\u_alu.$proc$rtl/core/alu.sv:0$4'.
Removing empty process `core_pipe.$flatten\u_alu.$proc$rtl/core/alu.sv:0$4'.
Found and cleaned up 1 empty switch in `\core_pipe.$flatten\u_rf.$proc$rtl/core/regfile.sv:32$230'.
Removing empty process `core_pipe.$flatten\u_rf.$proc$rtl/core/regfile.sv:32$230'.
Found and cleaned up 4 empty switches in `\core_pipe.$flatten\u_rf.$proc$rtl/core/regfile.sv:0$249'.
Removing empty process `core_pipe.$flatten\u_rf.$proc$rtl/core/regfile.sv:0$249'.
Found and cleaned up 1 empty switch in `\core_pipe.$flatten\u_imm.$proc$rtl/core/imm_gen.sv:0$39'.
Removing empty process `core_pipe.$flatten\u_imm.$proc$rtl/core/imm_gen.sv:0$39'.
Found and cleaned up 24 empty switches in `\core_pipe.$flatten\u_dec.$proc$rtl/core/decoder.sv:0$40'.
Removing empty process `core_pipe.$flatten\u_dec.$proc$rtl/core/decoder.sv:0$40'.
Found and cleaned up 5 empty switches in `\core_pipe.$proc$rtl/core/core_pipe.sv:249$226'.
Removing empty process `core_pipe.$proc$rtl/core/core_pipe.sv:249$226'.
Found and cleaned up 3 empty switches in `\core_pipe.$proc$rtl/core/core_pipe.sv:0$223'.
Removing empty process `core_pipe.$proc$rtl/core/core_pipe.sv:0$223'.
Found and cleaned up 1 empty switch in `\core_pipe.$proc$rtl/core/core_pipe.sv:0$185'.
Removing empty process `core_pipe.$proc$rtl/core/core_pipe.sv:0$185'.
Found and cleaned up 1 empty switch in `\core_pipe.$proc$rtl/core/core_pipe.sv:0$183'.
Removing empty process `core_pipe.$proc$rtl/core/core_pipe.sv:0$183'.
Found and cleaned up 4 empty switches in `\core_pipe.$proc$rtl/core/core_pipe.sv:0$162'.
Removing empty process `core_pipe.$proc$rtl/core/core_pipe.sv:0$162'.
Cleaned up 66 empty switches.

15.4.12. Executing OPT_EXPR pass (perform const folding).
Optimizing module core_pipe.
<suppressed ~118 debug messages>

15.5. Executing TRIBUF pass.

15.6. Executing DEMINOUT pass (demote inout ports to input or output).

15.7. Executing OPT_EXPR pass (perform const folding).
Optimizing module core_pipe.

15.8. Executing OPT_CLEAN pass (remove unused cells and wires).
Finding unused cells or wires in module \core_pipe..
Removed 44 unused cells and 375 unused wires.
<suppressed ~45 debug messages>

15.9. Executing CHECK pass (checking for obvious problems).
Checking module core_pipe...
Found and reported 0 problems.

15.10. Executing OPT pass (performing simple optimizations).

15.10.1. Executing OPT_EXPR pass (perform const folding).
Optimizing module core_pipe.

15.10.2. Executing OPT_MERGE pass (detect identical cells).
Finding identical cells in module `\core_pipe'.
<suppressed ~504 debug messages>
Removed a total of 168 cells.

15.10.3. Executing OPT_MUXTREE pass (detect dead branches in mux trees).
Running muxtree optimizer on module \core_pipe..
  Creating internal representation of mux trees.
  Evaluating internal representation of mux trees.
  Analyzing evaluation results.
    dead port 2/2 on $mux $procmux$1526.
    dead port 2/2 on $mux $procmux$1531.
    dead port 2/2 on $mux $procmux$1537.
    dead port 2/2 on $mux $procmux$1543.
    dead port 2/2 on $mux $procmux$1550.
    dead port 2/2 on $mux $procmux$1557.
    dead port 2/2 on $mux $procmux$1565.
    dead port 2/2 on $mux $procmux$1567.
    dead port 2/2 on $mux $procmux$1576.
    dead port 2/2 on $mux $procmux$1578.
    dead port 1/2 on $mux $procmux$1589.
    dead port 2/2 on $mux $procmux$1591.
    dead port 2/2 on $mux $procmux$1593.
    dead port 1/2 on $mux $procmux$1604.
    dead port 2/2 on $mux $procmux$1606.
    dead port 2/2 on $mux $procmux$1608.
    dead port 2/2 on $mux $procmux$1618.
    dead port 2/2 on $mux $procmux$1620.
    dead port 2/2 on $mux $procmux$1630.
    dead port 2/2 on $mux $procmux$1632.
    dead port 2/2 on $mux $procmux$1643.
    dead port 2/2 on $mux $procmux$1645.
    dead port 2/2 on $mux $procmux$1657.
    dead port 2/2 on $mux $procmux$1659.
    dead port 2/2 on $mux $procmux$1672.
    dead port 2/2 on $mux $procmux$1674.
    dead port 2/2 on $mux $procmux$1688.
    dead port 2/2 on $mux $procmux$1690.
    dead port 1/2 on $mux $procmux$1706.
    dead port 1/2 on $mux $procmux$1709.
    dead port 2/2 on $mux $procmux$1711.
    dead port 2/2 on $mux $procmux$1713.
    dead port 1/2 on $mux $procmux$1729.
    dead port 1/2 on $mux $procmux$1732.
    dead port 2/2 on $mux $procmux$1734.
    dead port 2/2 on $mux $procmux$1736.
    dead port 1/2 on $mux $procmux$1752.
    dead port 2/2 on $mux $procmux$1754.
    dead port 2/2 on $mux $procmux$1756.
    dead port 1/2 on $mux $procmux$1772.
    dead port 2/2 on $mux $procmux$1774.
    dead port 2/2 on $mux $procmux$1776.
    dead port 2/2 on $mux $procmux$1791.
    dead port 2/2 on $mux $procmux$1793.
    dead port 2/2 on $mux $procmux$1808.
    dead port 2/2 on $mux $procmux$1810.
    dead port 2/2 on $mux $procmux$1824.
    dead port 2/2 on $mux $procmux$1838.
    dead port 1/2 on $mux $procmux$1848.
    dead port 2/2 on $mux $procmux$1850.
    dead port 2/2 on $mux $procmux$1852.
    dead port 1/2 on $mux $procmux$1862.
    dead port 2/2 on $mux $procmux$1864.
    dead port 2/2 on $mux $procmux$1866.
    dead port 2/2 on $mux $procmux$1875.
    dead port 2/2 on $mux $procmux$1877.
    dead port 2/2 on $mux $procmux$1886.
    dead port 2/2 on $mux $procmux$1888.
    dead port 2/2 on $mux $procmux$1898.
    dead port 2/2 on $mux $procmux$1900.
    dead port 2/2 on $mux $procmux$1915.
    dead port 2/2 on $mux $procmux$1930.
    dead port 2/2 on $mux $procmux$1940.
    dead port 2/2 on $mux $procmux$1949.
    dead port 2/2 on $mux $procmux$1959.
    dead port 2/2 on $mux $procmux$1969.
    dead port 2/2 on $mux $procmux$1979.
    dead port 2/2 on $mux $procmux$1989.
    dead port 2/2 on $mux $procmux$1999.
    dead port 2/2 on $mux $procmux$2010.
    dead port 2/2 on $mux $procmux$2021.
    dead port 2/2 on $mux $procmux$2032.
    dead port 2/2 on $mux $procmux$2043.
    dead port 2/2 on $mux $procmux$2060.
    dead port 2/2 on $mux $procmux$2077.
    dead port 2/2 on $mux $procmux$2089.
    dead port 2/2 on $mux $procmux$2102.
    dead port 2/2 on $mux $procmux$2115.
    dead port 2/2 on $mux $procmux$2128.
    dead port 2/2 on $mux $procmux$2141.
    dead port 2/2 on $mux $procmux$2154.
    dead port 1/2 on $mux $procmux$1486.
    dead port 1/2 on $mux $procmux$1495.
    dead port 1/2 on $mux $procmux$2343.
    dead port 1/2 on $mux $procmux$2346.
    dead port 1/2 on $mux $procmux$2352.
Removed 86 multiplexer ports.
<suppressed ~37 debug messages>

15.10.4. Executing OPT_REDUCE pass (consolidate $*mux and $reduce_* inputs).
  Optimizing cells in module \core_pipe.
    New ctrl vector for $pmux cell $procmux$1921: { $auto$opt_reduce.cc:137:opt_pmux$2644 $procmux$1689_CMP $procmux$1592_CMP }
    New ctrl vector for $pmux cell $procmux$2070: $auto$opt_reduce.cc:137:opt_pmux$2646
    New ctrl vector for $pmux cell $procmux$2161: { $auto$opt_reduce.cc:137:opt_pmux$2648 $procmux$2166_CMP $procmux$2061_CMP $procmux$1941_CMP }
    New ctrl vector for $pmux cell $procmux$2172: { $procmux$1853_CMP $procmux$1568_CMP }
    New ctrl vector for $pmux cell $procmux$2181: { $procmux$1990_CMP $procmux$1941_CMP $auto$opt_reduce.cc:137:opt_pmux$2650 }
    New ctrl vector for $pmux cell $procmux$2201: { $procmux$2090_CMP $procmux$1990_CMP $auto$opt_reduce.cc:137:opt_pmux$2652 $procmux$1527_CMP }
    New ctrl vector for $pmux cell $procmux$2211: { $auto$opt_reduce.cc:137:opt_pmux$2654 $procmux$2090_CMP $procmux$2061_CMP $procmux$1990_CMP $procmux$1941_CMP $procmux$1853_CMP $procmux$1568_CMP $procmux$1551_CMP $procmux$1527_CMP }
    Consolidated identical input bits for $mux cell $procmux$1474:
      Old ports: A=0, B=32'11111111111111111111111111111111, Y=$flatten\u_rf.$0$memwr$\regs$rtl/core/regfile.sv:34$229_EN[31:0]$233
      New ports: A=1'0, B=1'1, Y=$flatten\u_rf.$0$memwr$\regs$rtl/core/regfile.sv:34$229_EN[31:0]$233 [0]
      New connections: $flatten\u_rf.$0$memwr$\regs$rtl/core/regfile.sv:34$229_EN[31:0]$233 [31:1] = { $flatten\u_rf.$0$memwr$\regs$rtl/core/regfile.sv:34$229_EN[31:0]$233 [0] $flatten\u_rf.$0$memwr$\regs$rtl/core/regfile.sv:34$229_EN[31:0]$233 [0] $flatten\u_rf.$0$memwr$\regs$rtl/core/regfile.sv:34$229_EN[31:0]$233 [0] $flatten\u_rf.$0$memwr$\regs$rtl/core/regfile.sv:34$229_EN[31:0]$233 [0] $flatten\u_rf.$0$memwr$\regs$rtl/core/regfile.sv:34$229_EN[31:0]$233 [0] $flatten\u_rf.$0$memwr$\regs$rtl/core/regfile.sv:34$229_EN[31:0]$233 [0] $flatten\u_rf.$0$memwr$\regs$rtl/core/regfile.sv:34$229_EN[31:0]$233 [0] $flatten\u_rf.$0$memwr$\regs$rtl/core/regfile.sv:34$229_EN[31:0]$233 [0] $flatten\u_rf.$0$memwr$\regs$rtl/core/regfile.sv:34$229_EN[31:0]$233 [0] $flatten\u_rf.$0$memwr$\regs$rtl/core/regfile.sv:34$229_EN[31:0]$233 [0] $flatten\u_rf.$0$memwr$\regs$rtl/core/regfile.sv:34$229_EN[31:0]$233 [0] $flatten\u_rf.$0$memwr$\regs$rtl/core/regfile.sv:34$229_EN[31:0]$233 [0] $flatten\u_rf.$0$memwr$\regs$rtl/core/regfile.sv:34$229_EN[31:0]$233 [0] $flatten\u_rf.$0$memwr$\regs$rtl/core/regfile.sv:34$229_EN[31:0]$233 [0] $flatten\u_rf.$0$memwr$\regs$rtl/core/regfile.sv:34$229_EN[31:0]$233 [0] $flatten\u_rf.$0$memwr$\regs$rtl/core/regfile.sv:34$229_EN[31:0]$233 [0] $flatten\u_rf.$0$memwr$\regs$rtl/core/regfile.sv:34$229_EN[31:0]$233 [0] $flatten\u_rf.$0$memwr$\regs$rtl/core/regfile.sv:34$229_EN[31:0]$233 [0] $flatten\u_rf.$0$memwr$\regs$rtl/core/regfile.sv:34$229_EN[31:0]$233 [0] $flatten\u_rf.$0$memwr$\regs$rtl/core/regfile.sv:34$229_EN[31:0]$233 [0] $flatten\u_rf.$0$memwr$\regs$rtl/core/regfile.sv:34$229_EN[31:0]$233 [0] $flatten\u_rf.$0$memwr$\regs$rtl/core/regfile.sv:34$229_EN[31:0]$233 [0] $flatten\u_rf.$0$memwr$\regs$rtl/core/regfile.sv:34$229_EN[31:0]$233 [0] $flatten\u_rf.$0$memwr$\regs$rtl/core/regfile.sv:34$229_EN[31:0]$233 [0] $flatten\u_rf.$0$memwr$\regs$rtl/core/regfile.sv:34$229_EN[31:0]$233 [0] $flatten\u_rf.$0$memwr$\regs$rtl/core/regfile.sv:34$229_EN[31:0]$233 [0] $flatten\u_rf.$0$memwr$\regs$rtl/core/regfile.sv:34$229_EN[31:0]$233 [0] $flatten\u_rf.$0$memwr$\regs$rtl/core/regfile.sv:34$229_EN[31:0]$233 [0] $flatten\u_rf.$0$memwr$\regs$rtl/core/regfile.sv:34$229_EN[31:0]$233 [0] $flatten\u_rf.$0$memwr$\regs$rtl/core/regfile.sv:34$229_EN[31:0]$233 [0] $flatten\u_rf.$0$memwr$\regs$rtl/core/regfile.sv:34$229_EN[31:0]$233 [0] }
    New ctrl vector for $pmux cell $procmux$2259: { $procmux$2166_CMP $procmux$2090_CMP $procmux$1990_CMP }
  Optimizing cells in module \core_pipe.
Performed a total of 9 changes.

15.10.5. Executing OPT_MERGE pass (detect identical cells).
Finding identical cells in module `\core_pipe'.
<suppressed ~54 debug messages>
Removed a total of 18 cells.

15.10.6. Executing OPT_DFF pass (perform DFF optimizations).

15.10.7. Executing OPT_CLEAN pass (remove unused cells and wires).
Finding unused cells or wires in module \core_pipe..
Removed 0 unused cells and 272 unused wires.
<suppressed ~1 debug messages>

15.10.8. Executing OPT_EXPR pass (perform const folding).
Optimizing module core_pipe.

15.10.9. Rerunning OPT passes. (Maybe there is more to do..)

15.10.10. Executing OPT_MUXTREE pass (detect dead branches in mux trees).
Running muxtree optimizer on module \core_pipe..
  Creating internal representation of mux trees.
  Evaluating internal representation of mux trees.
  Analyzing evaluation results.
Removed 0 multiplexer ports.
<suppressed ~42 debug messages>

15.10.11. Executing OPT_REDUCE pass (consolidate $*mux and $reduce_* inputs).
  Optimizing cells in module \core_pipe.
    New ctrl vector for $pmux cell $procmux$1815: { $flatten\u_dec.$eq$rtl/core/decoder.sv:168$59_Y $procmux$1592_CMP $auto$opt_reduce.cc:137:opt_pmux$2656 }
    New ctrl vector for $pmux cell $procmux$2181: { $auto$opt_reduce.cc:137:opt_pmux$2658 $auto$opt_reduce.cc:137:opt_pmux$2650 }
    New ctrl vector for $pmux cell $procmux$2201: { $procmux$1990_CMP $auto$opt_reduce.cc:137:opt_pmux$2652 $auto$opt_reduce.cc:137:opt_pmux$2660 }
    New ctrl vector for $pmux cell $procmux$2211: { $auto$opt_reduce.cc:137:opt_pmux$2654 $procmux$2061_CMP $auto$opt_reduce.cc:137:opt_pmux$2664 $procmux$1853_CMP $procmux$1568_CMP $procmux$1551_CMP $auto$opt_reduce.cc:137:opt_pmux$2662 }
  Optimizing cells in module \core_pipe.
Performed a total of 4 changes.

15.10.12. Executing OPT_MERGE pass (detect identical cells).
Finding identical cells in module `\core_pipe'.
<suppressed ~6 debug messages>
Removed a total of 2 cells.

15.10.13. Executing OPT_DFF pass (perform DFF optimizations).

15.10.14. Executing OPT_CLEAN pass (remove unused cells and wires).
Finding unused cells or wires in module \core_pipe..
Removed 0 unused cells and 2 unused wires.
<suppressed ~1 debug messages>

15.10.15. Executing OPT_EXPR pass (perform const folding).
Optimizing module core_pipe.

15.10.16. Rerunning OPT passes. (Maybe there is more to do..)

15.10.17. Executing OPT_MUXTREE pass (detect dead branches in mux trees).
Running muxtree optimizer on module \core_pipe..
  Creating internal representation of mux trees.
  Evaluating internal representation of mux trees.
  Analyzing evaluation results.
Removed 0 multiplexer ports.
<suppressed ~42 debug messages>

15.10.18. Executing OPT_REDUCE pass (consolidate $*mux and $reduce_* inputs).
  Optimizing cells in module \core_pipe.
Performed a total of 0 changes.

15.10.19. Executing OPT_MERGE pass (detect identical cells).
Finding identical cells in module `\core_pipe'.
Removed a total of 0 cells.

15.10.20. Executing OPT_DFF pass (perform DFF optimizations).

15.10.21. Executing OPT_CLEAN pass (remove unused cells and wires).
Finding unused cells or wires in module \core_pipe..

15.10.22. Executing OPT_EXPR pass (perform const folding).
Optimizing module core_pipe.

15.10.23. Finished OPT passes. (There is nothing left to do.)

15.11. Executing FSM pass (extract and optimize FSM).

15.11.1. Executing FSM_DETECT pass (finding FSMs in design).
Found FSM state register core_pipe.idex_alu_a_sel.
Found FSM state register core_pipe.idex_alu_op.
Found FSM state register core_pipe.idex_br_type.
Not marking core_pipe.idex_wb_sel as FSM state register:
    Users of register don't seem to benefit from recoding.

15.11.2. Executing FSM_EXTRACT pass (extracting FSM from design).
Extracting FSM `\idex_alu_a_sel' from module `\core_pipe'.
  found $adff cell for state register: $procdff$2556
  root of input selection tree: $0\idex_alu_a_sel[1:0]
  found reset state: 2'00 (from async reset)
  found ctrl input: \ex_redirect
  found ctrl input: $procmux$2167_CMP
  found ctrl input: $procmux$2168_CMP
  found state code: 2'01
  found state code: 2'10
  found ctrl output: $procmux$2368_CMP
  found ctrl output: $procmux$2369_CMP
  ctrl inputs: { $procmux$2168_CMP $procmux$2167_CMP \ex_redirect }
  ctrl outputs: { $procmux$2369_CMP $procmux$2368_CMP $0\idex_alu_a_sel[1:0] }
  transition:       2'00 3'000 ->       2'00 4'0000
  transition:       2'00 3'1-0 ->       2'10 4'0010
  transition:       2'00 3'-10 ->       2'01 4'0001
  transition:       2'00 3'--1 ->       2'00 4'0000
  transition:       2'10 3'000 ->       2'00 4'0100
  transition:       2'10 3'1-0 ->       2'10 4'0110
  transition:       2'10 3'-10 ->       2'01 4'0101
  transition:       2'10 3'--1 ->       2'10 4'0110
  transition:       2'01 3'000 ->       2'00 4'1000
  transition:       2'01 3'1-0 ->       2'10 4'1010
  transition:       2'01 3'-10 ->       2'01 4'1001
  transition:       2'01 3'--1 ->       2'01 4'1001
Extracting FSM `\idex_alu_op' from module `\core_pipe'.
  found $adff cell for state register: $procdff$2561
  root of input selection tree: $0\idex_alu_op[3:0]
  found reset state: 4'0000 (from async reset)
  found ctrl input: \ex_redirect
  found ctrl input: $procmux$1568_CMP
  found ctrl input: $procmux$1853_CMP
  found ctrl input: $procmux$1566_CMP
  found ctrl input: $procmux$1577_CMP
  found ctrl input: $procmux$1592_CMP
  found ctrl input: $procmux$1644_CMP
  found ctrl input: $procmux$1658_CMP
  found ctrl input: $flatten\u_dec.$eq$rtl/core/decoder.sv:105$43_Y
  found ctrl input: $procmux$1689_CMP
  found ctrl input: $flatten\u_dec.$eq$rtl/core/decoder.sv:168$59_Y
  found state code: 4'1001
  found state code: 4'1000
  found ctrl input: $flatten\u_dec.$eq$rtl/core/decoder.sv:130$45_Y
  found ctrl input: $flatten\u_dec.$eq$rtl/core/decoder.sv:131$46_Y
  found state code: 4'0111
  found state code: 4'0110
  found state code: 4'0101
  found state code: 4'0100
  found state code: 4'0011
  found state code: 4'0010
  found ctrl input: $flatten\u_dec.$eq$rtl/core/decoder.sv:143$49_Y
  found state code: 4'1010
  found state code: 4'0001
  found ctrl output: $procmux$1462_CMP
  found ctrl output: $procmux$1463_CMP
  found ctrl output: $procmux$1464_CMP
  found ctrl output: $procmux$1465_CMP
  found ctrl output: $procmux$1466_CMP
  found ctrl output: $procmux$1467_CMP
  found ctrl output: $procmux$1468_CMP
  found ctrl output: $procmux$1469_CMP
  found ctrl output: $procmux$1470_CMP
  found ctrl output: $procmux$1471_CMP
  found ctrl output: $procmux$1472_CMP
  ctrl inputs: { $procmux$1853_CMP $procmux$1689_CMP $procmux$1658_CMP $procmux$1644_CMP $procmux$1592_CMP $procmux$1577_CMP $procmux$1568_CMP $procmux$1566_CMP \ex_redirect $flatten\u_dec.$eq$rtl/core/decoder.sv:105$43_Y $flatten\u_dec.$eq$rtl/core/decoder.sv:131$46_Y $flatten\u_dec.$eq$rtl/core/decoder.sv:130$45_Y $flatten\u_dec.$eq$rtl/core/decoder.sv:143$49_Y $flatten\u_dec.$eq$rtl/core/decoder.sv:168$59_Y }
  ctrl outputs: { $procmux$1472_CMP $procmux$1471_CMP $procmux$1470_CMP $procmux$1469_CMP $procmux$1468_CMP $procmux$1467_CMP $procmux$1466_CMP $procmux$1465_CMP $procmux$1464_CMP $procmux$1463_CMP $procmux$1462_CMP $0\idex_alu_op[3:0] }
  transition:     4'0000 14'0-----0-0----- ->     4'0000 15'100000000000000
  transition:     4'0000 14'100000-000---0 -> INVALID_STATE(4'x) 15'10000000000xxxx  <ignored invalid transition!>
  transition:     4'0000 14'1-------0----1 ->     4'0000 15'100000000000000
  transition:     4'0000 14'1-------01---- ->     4'0011 15'100000000000011
  transition:     4'0000 14'1-1-----0----- ->     4'0100 15'100000000000100
  transition:     4'0000 14'1--1----0----- ->     4'0101 15'100000000000101
  transition:     4'0000 14'1----1--0----- ->     4'1000 15'100000000001000
  transition:     4'0000 14'1------10----- ->     4'1001 15'100000000001001
  transition:     4'0000 14'11------0----- ->     4'0010 15'100000000000010
  transition:     4'0000 14'1---1---0-00-- ->     4'0000 15'100000000000000
  transition:     4'0000 14'1---1---0-10-- ->     4'0111 15'100000000000111
  transition:     4'0000 14'1---1---0--1-- ->     4'0110 15'100000000000110
  transition:     4'0000 14'-000001000---0 -> INVALID_STATE(4'x) 15'10000000000xxxx  <ignored invalid transition!>
  transition:     4'0000 14'------1-0-0001 ->     4'0000 15'100000000000000
  transition:     4'0000 14'------1-0-0011 ->     4'1010 15'100000000001010
  transition:     4'0000 14'------1-0-10-1 ->     4'0001 15'100000000000001
  transition:     4'0000 14'------1-0--1-1 ->     4'0000 15'100000000000000
  transition:     4'0000 14'-1----1-0----- ->     4'0010 15'100000000000010
  transition:     4'0000 14'------1-01---- ->     4'0011 15'100000000000011
  transition:     4'0000 14'--1---1-0----- ->     4'0100 15'100000000000100
  transition:     4'0000 14'---1--1-0----- ->     4'0101 15'100000000000101
  transition:     4'0000 14'----1-1-0-00-- ->     4'0000 15'100000000000000
  transition:     4'0000 14'----1-1-0-10-- ->     4'0111 15'100000000000111
  transition:     4'0000 14'----1-1-0--1-- ->     4'0110 15'100000000000110
  transition:     4'0000 14'-----11-0----- ->     4'1000 15'100000000001000
  transition:     4'0000 14'------110----- ->     4'1001 15'100000000001001
  transition:     4'0000 14'--------1----- ->     4'0000 15'100000000000000
  transition:     4'1000 14'0-----0-0----- ->     4'0000 15'000000001000000
  transition:     4'1000 14'100000-000---0 -> INVALID_STATE(4'x) 15'00000000100xxxx  <ignored invalid transition!>
  transition:     4'1000 14'1-------0----1 ->     4'0000 15'000000001000000
  transition:     4'1000 14'1-------01---- ->     4'0011 15'000000001000011
  transition:     4'1000 14'1-1-----0----- ->     4'0100 15'000000001000100
  transition:     4'1000 14'1--1----0----- ->     4'0101 15'000000001000101
  transition:     4'1000 14'1----1--0----- ->     4'1000 15'000000001001000
  transition:     4'1000 14'1------10----- ->     4'1001 15'000000001001001
  transition:     4'1000 14'11------0----- ->     4'0010 15'000000001000010
  transition:     4'1000 14'1---1---0-00-- ->     4'0000 15'000000001000000
  transition:     4'1000 14'1---1---0-10-- ->     4'0111 15'000000001000111
  transition:     4'1000 14'1---1---0--1-- ->     4'0110 15'000000001000110
  transition:     4'1000 14'-000001000---0 -> INVALID_STATE(4'x) 15'00000000100xxxx  <ignored invalid transition!>
  transition:     4'1000 14'------1-0-0001 ->     4'0000 15'000000001000000
  transition:     4'1000 14'------1-0-0011 ->     4'1010 15'000000001001010
  transition:     4'1000 14'------1-0-10-1 ->     4'0001 15'000000001000001
  transition:     4'1000 14'------1-0--1-1 ->     4'0000 15'000000001000000
  transition:     4'1000 14'-1----1-0----- ->     4'0010 15'000000001000010
  transition:     4'1000 14'------1-01---- ->     4'0011 15'000000001000011
  transition:     4'1000 14'--1---1-0----- ->     4'0100 15'000000001000100
  transition:     4'1000 14'---1--1-0----- ->     4'0101 15'000000001000101
  transition:     4'1000 14'----1-1-0-00-- ->     4'0000 15'000000001000000
  transition:     4'1000 14'----1-1-0-10-- ->     4'0111 15'000000001000111
  transition:     4'1000 14'----1-1-0--1-- ->     4'0110 15'000000001000110
  transition:     4'1000 14'-----11-0----- ->     4'1000 15'000000001001000
  transition:     4'1000 14'------110----- ->     4'1001 15'000000001001001
  transition:     4'1000 14'--------1----- ->     4'1000 15'000000001001000
  transition:     4'0100 14'0-----0-0----- ->     4'0000 15'000010000000000
  transition:     4'0100 14'100000-000---0 -> INVALID_STATE(4'x) 15'00001000000xxxx  <ignored invalid transition!>
  transition:     4'0100 14'1-------0----1 ->     4'0000 15'000010000000000
  transition:     4'0100 14'1-------01---- ->     4'0011 15'000010000000011
  transition:     4'0100 14'1-1-----0----- ->     4'0100 15'000010000000100
  transition:     4'0100 14'1--1----0----- ->     4'0101 15'000010000000101
  transition:     4'0100 14'1----1--0----- ->     4'1000 15'000010000001000
  transition:     4'0100 14'1------10----- ->     4'1001 15'000010000001001
  transition:     4'0100 14'11------0----- ->     4'0010 15'000010000000010
  transition:     4'0100 14'1---1---0-00-- ->     4'0000 15'000010000000000
  transition:     4'0100 14'1---1---0-10-- ->     4'0111 15'000010000000111
  transition:     4'0100 14'1---1---0--1-- ->     4'0110 15'000010000000110
  transition:     4'0100 14'-000001000---0 -> INVALID_STATE(4'x) 15'00001000000xxxx  <ignored invalid transition!>
  transition:     4'0100 14'------1-0-0001 ->     4'0000 15'000010000000000
  transition:     4'0100 14'------1-0-0011 ->     4'1010 15'000010000001010
  transition:     4'0100 14'------1-0-10-1 ->     4'0001 15'000010000000001
  transition:     4'0100 14'------1-0--1-1 ->     4'0000 15'000010000000000
  transition:     4'0100 14'-1----1-0----- ->     4'0010 15'000010000000010
  transition:     4'0100 14'------1-01---- ->     4'0011 15'000010000000011
  transition:     4'0100 14'--1---1-0----- ->     4'0100 15'000010000000100
  transition:     4'0100 14'---1--1-0----- ->     4'0101 15'000010000000101
  transition:     4'0100 14'----1-1-0-00-- ->     4'0000 15'000010000000000
  transition:     4'0100 14'----1-1-0-10-- ->     4'0111 15'000010000000111
  transition:     4'0100 14'----1-1-0--1-- ->     4'0110 15'000010000000110
  transition:     4'0100 14'-----11-0----- ->     4'1000 15'000010000001000
  transition:     4'0100 14'------110----- ->     4'1001 15'000010000001001
  transition:     4'0100 14'--------1----- ->     4'0100 15'000010000000100
  transition:     4'0010 14'0-----0-0----- ->     4'0000 15'001000000000000
  transition:     4'0010 14'100000-000---0 -> INVALID_STATE(4'x) 15'00100000000xxxx  <ignored invalid transition!>
  transition:     4'0010 14'1-------0----1 ->     4'0000 15'001000000000000
  transition:     4'0010 14'1-------01---- ->     4'0011 15'001000000000011
  transition:     4'0010 14'1-1-----0----- ->     4'0100 15'001000000000100
  transition:     4'0010 14'1--1----0----- ->     4'0101 15'001000000000101
  transition:     4'0010 14'1----1--0----- ->     4'1000 15'001000000001000
  transition:     4'0010 14'1------10----- ->     4'1001 15'001000000001001
  transition:     4'0010 14'11------0----- ->     4'0010 15'001000000000010
  transition:     4'0010 14'1---1---0-00-- ->     4'0000 15'001000000000000
  transition:     4'0010 14'1---1---0-10-- ->     4'0111 15'001000000000111
  transition:     4'0010 14'1---1---0--1-- ->     4'0110 15'001000000000110
  transition:     4'0010 14'-000001000---0 -> INVALID_STATE(4'x) 15'00100000000xxxx  <ignored invalid transition!>
  transition:     4'0010 14'------1-0-0001 ->     4'0000 15'001000000000000
  transition:     4'0010 14'------1-0-0011 ->     4'1010 15'001000000001010
  transition:     4'0010 14'------1-0-10-1 ->     4'0001 15'001000000000001
  transition:     4'0010 14'------1-0--1-1 ->     4'0000 15'001000000000000
  transition:     4'0010 14'-1----1-0----- ->     4'0010 15'001000000000010
  transition:     4'0010 14'------1-01---- ->     4'0011 15'001000000000011
  transition:     4'0010 14'--1---1-0----- ->     4'0100 15'001000000000100
  transition:     4'0010 14'---1--1-0----- ->     4'0101 15'001000000000101
  transition:     4'0010 14'----1-1-0-00-- ->     4'0000 15'001000000000000
  transition:     4'0010 14'----1-1-0-10-- ->     4'0111 15'001000000000111
  transition:     4'0010 14'----1-1-0--1-- ->     4'0110 15'001000000000110
  transition:     4'0010 14'-----11-0----- ->     4'1000 15'001000000001000
  transition:     4'0010 14'------110----- ->     4'1001 15'001000000001001
  transition:     4'0010 14'--------1----- ->     4'0010 15'001000000000010
  transition:     4'1010 14'0-----0-0----- ->     4'0000 15'000000000010000
  transition:     4'1010 14'100000-000---0 -> INVALID_STATE(4'x) 15'00000000001xxxx  <ignored invalid transition!>
  transition:     4'1010 14'1-------0----1 ->     4'0000 15'000000000010000
  transition:     4'1010 14'1-------01---- ->     4'0011 15'000000000010011
  transition:     4'1010 14'1-1-----0----- ->     4'0100 15'000000000010100
  transition:     4'1010 14'1--1----0----- ->     4'0101 15'000000000010101
  transition:     4'1010 14'1----1--0----- ->     4'1000 15'000000000011000
  transition:     4'1010 14'1------10----- ->     4'1001 15'000000000011001
  transition:     4'1010 14'11------0----- ->     4'0010 15'000000000010010
  transition:     4'1010 14'1---1---0-00-- ->     4'0000 15'000000000010000
  transition:     4'1010 14'1---1---0-10-- ->     4'0111 15'000000000010111
  transition:     4'1010 14'1---1---0--1-- ->     4'0110 15'000000000010110
  transition:     4'1010 14'-000001000---0 -> INVALID_STATE(4'x) 15'00000000001xxxx  <ignored invalid transition!>
  transition:     4'1010 14'------1-0-0001 ->     4'0000 15'000000000010000
  transition:     4'1010 14'------1-0-0011 ->     4'1010 15'000000000011010
  transition:     4'1010 14'------1-0-10-1 ->     4'0001 15'000000000010001
  transition:     4'1010 14'------1-0--1-1 ->     4'0000 15'000000000010000
  transition:     4'1010 14'-1----1-0----- ->     4'0010 15'000000000010010
  transition:     4'1010 14'------1-01---- ->     4'0011 15'000000000010011
  transition:     4'1010 14'--1---1-0----- ->     4'0100 15'000000000010100
  transition:     4'1010 14'---1--1-0----- ->     4'0101 15'000000000010101
  transition:     4'1010 14'----1-1-0-00-- ->     4'0000 15'000000000010000
  transition:     4'1010 14'----1-1-0-10-- ->     4'0111 15'000000000010111
  transition:     4'1010 14'----1-1-0--1-- ->     4'0110 15'000000000010110
  transition:     4'1010 14'-----11-0----- ->     4'1000 15'000000000011000
  transition:     4'1010 14'------110----- ->     4'1001 15'000000000011001
  transition:     4'1010 14'--------1----- ->     4'1010 15'000000000011010
  transition:     4'0110 14'0-----0-0----- ->     4'0000 15'000000100000000
  transition:     4'0110 14'100000-000---0 -> INVALID_STATE(4'x) 15'00000010000xxxx  <ignored invalid transition!>
  transition:     4'0110 14'1-------0----1 ->     4'0000 15'000000100000000
  transition:     4'0110 14'1-------01---- ->     4'0011 15'000000100000011
  transition:     4'0110 14'1-1-----0----- ->     4'0100 15'000000100000100
  transition:     4'0110 14'1--1----0----- ->     4'0101 15'000000100000101
  transition:     4'0110 14'1----1--0----- ->     4'1000 15'000000100001000
  transition:     4'0110 14'1------10----- ->     4'1001 15'000000100001001
  transition:     4'0110 14'11------0----- ->     4'0010 15'000000100000010
  transition:     4'0110 14'1---1---0-00-- ->     4'0000 15'000000100000000
  transition:     4'0110 14'1---1---0-10-- ->     4'0111 15'000000100000111
  transition:     4'0110 14'1---1---0--1-- ->     4'0110 15'000000100000110
  transition:     4'0110 14'-000001000---0 -> INVALID_STATE(4'x) 15'00000010000xxxx  <ignored invalid transition!>
  transition:     4'0110 14'------1-0-0001 ->     4'0000 15'000000100000000
  transition:     4'0110 14'------1-0-0011 ->     4'1010 15'000000100001010
  transition:     4'0110 14'------1-0-10-1 ->     4'0001 15'000000100000001
  transition:     4'0110 14'------1-0--1-1 ->     4'0000 15'000000100000000
  transition:     4'0110 14'-1----1-0----- ->     4'0010 15'000000100000010
  transition:     4'0110 14'------1-01---- ->     4'0011 15'000000100000011
  transition:     4'0110 14'--1---1-0----- ->     4'0100 15'000000100000100
  transition:     4'0110 14'---1--1-0----- ->     4'0101 15'000000100000101
  transition:     4'0110 14'----1-1-0-00-- ->     4'0000 15'000000100000000
  transition:     4'0110 14'----1-1-0-10-- ->     4'0111 15'000000100000111
  transition:     4'0110 14'----1-1-0--1-- ->     4'0110 15'000000100000110
  transition:     4'0110 14'-----11-0----- ->     4'1000 15'000000100001000
  transition:     4'0110 14'------110----- ->     4'1001 15'000000100001001
  transition:     4'0110 14'--------1----- ->     4'0110 15'000000100000110
  transition:     4'0001 14'0-----0-0----- ->     4'0000 15'010000000000000
  transition:     4'0001 14'100000-000---0 -> INVALID_STATE(4'x) 15'01000000000xxxx  <ignored invalid transition!>
  transition:     4'0001 14'1-------0----1 ->     4'0000 15'010000000000000
  transition:     4'0001 14'1-------01---- ->     4'0011 15'010000000000011
  transition:     4'0001 14'1-1-----0----- ->     4'0100 15'010000000000100
  transition:     4'0001 14'1--1----0----- ->     4'0101 15'010000000000101
  transition:     4'0001 14'1----1--0----- ->     4'1000 15'010000000001000
  transition:     4'0001 14'1------10----- ->     4'1001 15'010000000001001
  transition:     4'0001 14'11------0----- ->     4'0010 15'010000000000010
  transition:     4'0001 14'1---1---0-00-- ->     4'0000 15'010000000000000
  transition:     4'0001 14'1---1---0-10-- ->     4'0111 15'010000000000111
  transition:     4'0001 14'1---1---0--1-- ->     4'0110 15'010000000000110
  transition:     4'0001 14'-000001000---0 -> INVALID_STATE(4'x) 15'01000000000xxxx  <ignored invalid transition!>
  transition:     4'0001 14'------1-0-0001 ->     4'0000 15'010000000000000
  transition:     4'0001 14'------1-0-0011 ->     4'1010 15'010000000001010
  transition:     4'0001 14'------1-0-10-1 ->     4'0001 15'010000000000001
  transition:     4'0001 14'------1-0--1-1 ->     4'0000 15'010000000000000
  transition:     4'0001 14'-1----1-0----- ->     4'0010 15'010000000000010
  transition:     4'0001 14'------1-01---- ->     4'0011 15'010000000000011
  transition:     4'0001 14'--1---1-0----- ->     4'0100 15'010000000000100
  transition:     4'0001 14'---1--1-0----- ->     4'0101 15'010000000000101
  transition:     4'0001 14'----1-1-0-00-- ->     4'0000 15'010000000000000
  transition:     4'0001 14'----1-1-0-10-- ->     4'0111 15'010000000000111
  transition:     4'0001 14'----1-1-0--1-- ->     4'0110 15'010000000000110
  transition:     4'0001 14'-----11-0----- ->     4'1000 15'010000000001000
  transition:     4'0001 14'------110----- ->     4'1001 15'010000000001001
  transition:     4'0001 14'--------1----- ->     4'0001 15'010000000000001
  transition:     4'1001 14'0-----0-0----- ->     4'0000 15'000000000100000
  transition:     4'1001 14'100000-000---0 -> INVALID_STATE(4'x) 15'00000000010xxxx  <ignored invalid transition!>
  transition:     4'1001 14'1-------0----1 ->     4'0000 15'000000000100000
  transition:     4'1001 14'1-------01---- ->     4'0011 15'000000000100011
  transition:     4'1001 14'1-1-----0----- ->     4'0100 15'000000000100100
  transition:     4'1001 14'1--1----0----- ->     4'0101 15'000000000100101
  transition:     4'1001 14'1----1--0----- ->     4'1000 15'000000000101000
  transition:     4'1001 14'1------10----- ->     4'1001 15'000000000101001
  transition:     4'1001 14'11------0----- ->     4'0010 15'000000000100010
  transition:     4'1001 14'1---1---0-00-- ->     4'0000 15'000000000100000
  transition:     4'1001 14'1---1---0-10-- ->     4'0111 15'000000000100111
  transition:     4'1001 14'1---1---0--1-- ->     4'0110 15'000000000100110
  transition:     4'1001 14'-000001000---0 -> INVALID_STATE(4'x) 15'00000000010xxxx  <ignored invalid transition!>
  transition:     4'1001 14'------1-0-0001 ->     4'0000 15'000000000100000
  transition:     4'1001 14'------1-0-0011 ->     4'1010 15'000000000101010
  transition:     4'1001 14'------1-0-10-1 ->     4'0001 15'000000000100001
  transition:     4'1001 14'------1-0--1-1 ->     4'0000 15'000000000100000
  transition:     4'1001 14'-1----1-0----- ->     4'0010 15'000000000100010
  transition:     4'1001 14'------1-01---- ->     4'0011 15'000000000100011
  transition:     4'1001 14'--1---1-0----- ->     4'0100 15'000000000100100
  transition:     4'1001 14'---1--1-0----- ->     4'0101 15'000000000100101
  transition:     4'1001 14'----1-1-0-00-- ->     4'0000 15'000000000100000
  transition:     4'1001 14'----1-1-0-10-- ->     4'0111 15'000000000100111
  transition:     4'1001 14'----1-1-0--1-- ->     4'0110 15'000000000100110
  transition:     4'1001 14'-----11-0----- ->     4'1000 15'000000000101000
  transition:     4'1001 14'------110----- ->     4'1001 15'000000000101001
  transition:     4'1001 14'--------1----- ->     4'1001 15'000000000101001
  transition:     4'0101 14'0-----0-0----- ->     4'0000 15'000001000000000
  transition:     4'0101 14'100000-000---0 -> INVALID_STATE(4'x) 15'00000100000xxxx  <ignored invalid transition!>
  transition:     4'0101 14'1-------0----1 ->     4'0000 15'000001000000000
  transition:     4'0101 14'1-------01---- ->     4'0011 15'000001000000011
  transition:     4'0101 14'1-1-----0----- ->     4'0100 15'000001000000100
  transition:     4'0101 14'1--1----0----- ->     4'0101 15'000001000000101
  transition:     4'0101 14'1----1--0----- ->     4'1000 15'000001000001000
  transition:     4'0101 14'1------10----- ->     4'1001 15'000001000001001
  transition:     4'0101 14'11------0----- ->     4'0010 15'000001000000010
  transition:     4'0101 14'1---1---0-00-- ->     4'0000 15'000001000000000
  transition:     4'0101 14'1---1---0-10-- ->     4'0111 15'000001000000111
  transition:     4'0101 14'1---1---0--1-- ->     4'0110 15'000001000000110
  transition:     4'0101 14'-000001000---0 -> INVALID_STATE(4'x) 15'00000100000xxxx  <ignored invalid transition!>
  transition:     4'0101 14'------1-0-0001 ->     4'0000 15'000001000000000
  transition:     4'0101 14'------1-0-0011 ->     4'1010 15'000001000001010
  transition:     4'0101 14'------1-0-10-1 ->     4'0001 15'000001000000001
  transition:     4'0101 14'------1-0--1-1 ->     4'0000 15'000001000000000
  transition:     4'0101 14'-1----1-0----- ->     4'0010 15'000001000000010
  transition:     4'0101 14'------1-01---- ->     4'0011 15'000001000000011
  transition:     4'0101 14'--1---1-0----- ->     4'0100 15'000001000000100
  transition:     4'0101 14'---1--1-0----- ->     4'0101 15'000001000000101
  transition:     4'0101 14'----1-1-0-00-- ->     4'0000 15'000001000000000
  transition:     4'0101 14'----1-1-0-10-- ->     4'0111 15'000001000000111
  transition:     4'0101 14'----1-1-0--1-- ->     4'0110 15'000001000000110
  transition:     4'0101 14'-----11-0----- ->     4'1000 15'000001000001000
  transition:     4'0101 14'------110----- ->     4'1001 15'000001000001001
  transition:     4'0101 14'--------1----- ->     4'0101 15'000001000000101
  transition:     4'0011 14'0-----0-0----- ->     4'0000 15'000100000000000
  transition:     4'0011 14'100000-000---0 -> INVALID_STATE(4'x) 15'00010000000xxxx  <ignored invalid transition!>
  transition:     4'0011 14'1-------0----1 ->     4'0000 15'000100000000000
  transition:     4'0011 14'1-------01---- ->     4'0011 15'000100000000011
  transition:     4'0011 14'1-1-----0----- ->     4'0100 15'000100000000100
  transition:     4'0011 14'1--1----0----- ->     4'0101 15'000100000000101
  transition:     4'0011 14'1----1--0----- ->     4'1000 15'000100000001000
  transition:     4'0011 14'1------10----- ->     4'1001 15'000100000001001
  transition:     4'0011 14'11------0----- ->     4'0010 15'000100000000010
  transition:     4'0011 14'1---1---0-00-- ->     4'0000 15'000100000000000
  transition:     4'0011 14'1---1---0-10-- ->     4'0111 15'000100000000111
  transition:     4'0011 14'1---1---0--1-- ->     4'0110 15'000100000000110
  transition:     4'0011 14'-000001000---0 -> INVALID_STATE(4'x) 15'00010000000xxxx  <ignored invalid transition!>
  transition:     4'0011 14'------1-0-0001 ->     4'0000 15'000100000000000
  transition:     4'0011 14'------1-0-0011 ->     4'1010 15'000100000001010
  transition:     4'0011 14'------1-0-10-1 ->     4'0001 15'000100000000001
  transition:     4'0011 14'------1-0--1-1 ->     4'0000 15'000100000000000
  transition:     4'0011 14'-1----1-0----- ->     4'0010 15'000100000000010
  transition:     4'0011 14'------1-01---- ->     4'0011 15'000100000000011
  transition:     4'0011 14'--1---1-0----- ->     4'0100 15'000100000000100
  transition:     4'0011 14'---1--1-0----- ->     4'0101 15'000100000000101
  transition:     4'0011 14'----1-1-0-00-- ->     4'0000 15'000100000000000
  transition:     4'0011 14'----1-1-0-10-- ->     4'0111 15'000100000000111
  transition:     4'0011 14'----1-1-0--1-- ->     4'0110 15'000100000000110
  transition:     4'0011 14'-----11-0----- ->     4'1000 15'000100000001000
  transition:     4'0011 14'------110----- ->     4'1001 15'000100000001001
  transition:     4'0011 14'--------1----- ->     4'0011 15'000100000000011
  transition:     4'0111 14'0-----0-0----- ->     4'0000 15'000000010000000
  transition:     4'0111 14'100000-000---0 -> INVALID_STATE(4'x) 15'00000001000xxxx  <ignored invalid transition!>
  transition:     4'0111 14'1-------0----1 ->     4'0000 15'000000010000000
  transition:     4'0111 14'1-------01---- ->     4'0011 15'000000010000011
  transition:     4'0111 14'1-1-----0----- ->     4'0100 15'000000010000100
  transition:     4'0111 14'1--1----0----- ->     4'0101 15'000000010000101
  transition:     4'0111 14'1----1--0----- ->     4'1000 15'000000010001000
  transition:     4'0111 14'1------10----- ->     4'1001 15'000000010001001
  transition:     4'0111 14'11------0----- ->     4'0010 15'000000010000010
  transition:     4'0111 14'1---1---0-00-- ->     4'0000 15'000000010000000
  transition:     4'0111 14'1---1---0-10-- ->     4'0111 15'000000010000111
  transition:     4'0111 14'1---1---0--1-- ->     4'0110 15'000000010000110
  transition:     4'0111 14'-000001000---0 -> INVALID_STATE(4'x) 15'00000001000xxxx  <ignored invalid transition!>
  transition:     4'0111 14'------1-0-0001 ->     4'0000 15'000000010000000
  transition:     4'0111 14'------1-0-0011 ->     4'1010 15'000000010001010
  transition:     4'0111 14'------1-0-10-1 ->     4'0001 15'000000010000001
  transition:     4'0111 14'------1-0--1-1 ->     4'0000 15'000000010000000
  transition:     4'0111 14'-1----1-0----- ->     4'0010 15'000000010000010
  transition:     4'0111 14'------1-01---- ->     4'0011 15'000000010000011
  transition:     4'0111 14'--1---1-0----- ->     4'0100 15'000000010000100
  transition:     4'0111 14'---1--1-0----- ->     4'0101 15'000000010000101
  transition:     4'0111 14'----1-1-0-00-- ->     4'0000 15'000000010000000
  transition:     4'0111 14'----1-1-0-10-- ->     4'0111 15'000000010000111
  transition:     4'0111 14'----1-1-0--1-- ->     4'0110 15'000000010000110
  transition:     4'0111 14'-----11-0----- ->     4'1000 15'000000010001000
  transition:     4'0111 14'------110----- ->     4'1001 15'000000010001001
  transition:     4'0111 14'--------1----- ->     4'0111 15'000000010000111
Extracting FSM `\idex_br_type' from module `\core_pipe'.
  found $adff cell for state register: $procdff$2566
  root of input selection tree: $0\idex_br_type[2:0]
  found reset state: 3'000 (from async reset)
  found ctrl input: \ex_redirect
  found ctrl input: \dec_illegal
  found ctrl input: $procmux$2061_CMP
  found ctrl input: $procmux$2090_CMP
  found ctrl input: $procmux$2166_CMP
  found ctrl input: $procmux$1566_CMP
  found ctrl input: $procmux$1577_CMP
  found ctrl input: $procmux$1592_CMP
  found ctrl input: $procmux$1644_CMP
  found ctrl input: $procmux$1689_CMP
  found ctrl input: $flatten\u_dec.$eq$rtl/core/decoder.sv:168$59_Y
  found state code: 3'110
  found state code: 3'101
  found state code: 3'100
  found state code: 3'011
  found state code: 3'010
  found state code: 3'001
  found state code: 3'111
  found ctrl output: $procmux$2359_CMP
  found ctrl output: $procmux$2360_CMP
  found ctrl output: $procmux$2361_CMP
  found ctrl output: $procmux$2362_CMP
  found ctrl output: $procmux$2363_CMP
  found ctrl output: $procmux$2364_CMP
  found ctrl output: $procmux$2365_CMP
  ctrl inputs: { $procmux$2166_CMP $procmux$2090_CMP $procmux$2061_CMP $procmux$1689_CMP $procmux$1644_CMP $procmux$1592_CMP $procmux$1577_CMP $procmux$1566_CMP \ex_redirect \dec_illegal $flatten\u_dec.$eq$rtl/core/decoder.sv:168$59_Y }
  ctrl outputs: { $procmux$2365_CMP $procmux$2364_CMP $procmux$2363_CMP $procmux$2362_CMP $procmux$2361_CMP $procmux$2360_CMP $procmux$2359_CMP $0\idex_br_type[2:0] }
  transition:      3'000 11'000-----00- ->      3'000 10'0000000000
  transition:      3'000 11'1-------00- ->      3'111 10'0000000111
  transition:      3'000 11'-1------000 ->      3'000 10'0000000000
  transition:      3'000 11'-1------001 ->      3'111 10'0000000111
  transition:      3'000 11'--100000000 ->      3'000 10'0000000000
  transition:      3'000 11'--1-----001 ->      3'001 10'0000000001
  transition:      3'000 11'--11----00- ->      3'010 10'0000000010
  transition:      3'000 11'--1-1---00- ->      3'011 10'0000000011
  transition:      3'000 11'--1--1--00- ->      3'100 10'0000000100
  transition:      3'000 11'--1---1-00- ->      3'101 10'0000000101
  transition:      3'000 11'--1----100- ->      3'110 10'0000000110
  transition:      3'000 11'--------01- ->      3'000 10'0000000000
  transition:      3'000 11'--------1-- ->      3'000 10'0000000000
  transition:      3'100 11'000-----00- ->      3'000 10'0001000000
  transition:      3'100 11'1-------00- ->      3'111 10'0001000111
  transition:      3'100 11'-1------000 ->      3'000 10'0001000000
  transition:      3'100 11'-1------001 ->      3'111 10'0001000111
  transition:      3'100 11'--100000000 ->      3'000 10'0001000000
  transition:      3'100 11'--1-----001 ->      3'001 10'0001000001
  transition:      3'100 11'--11----00- ->      3'010 10'0001000010
  transition:      3'100 11'--1-1---00- ->      3'011 10'0001000011
  transition:      3'100 11'--1--1--00- ->      3'100 10'0001000100
  transition:      3'100 11'--1---1-00- ->      3'101 10'0001000101
  transition:      3'100 11'--1----100- ->      3'110 10'0001000110
  transition:      3'100 11'--------01- ->      3'000 10'0001000000
  transition:      3'100 11'--------1-- ->      3'100 10'0001000100
  transition:      3'010 11'000-----00- ->      3'000 10'0100000000
  transition:      3'010 11'1-------00- ->      3'111 10'0100000111
  transition:      3'010 11'-1------000 ->      3'000 10'0100000000
  transition:      3'010 11'-1------001 ->      3'111 10'0100000111
  transition:      3'010 11'--100000000 ->      3'000 10'0100000000
  transition:      3'010 11'--1-----001 ->      3'001 10'0100000001
  transition:      3'010 11'--11----00- ->      3'010 10'0100000010
  transition:      3'010 11'--1-1---00- ->      3'011 10'0100000011
  transition:      3'010 11'--1--1--00- ->      3'100 10'0100000100
  transition:      3'010 11'--1---1-00- ->      3'101 10'0100000101
  transition:      3'010 11'--1----100- ->      3'110 10'0100000110
  transition:      3'010 11'--------01- ->      3'000 10'0100000000
  transition:      3'010 11'--------1-- ->      3'010 10'0100000010
  transition:      3'110 11'000-----00- ->      3'000 10'0000010000
  transition:      3'110 11'1-------00- ->      3'111 10'0000010111
  transition:      3'110 11'-1------000 ->      3'000 10'0000010000
  transition:      3'110 11'-1------001 ->      3'111 10'0000010111
  transition:      3'110 11'--100000000 ->      3'000 10'0000010000
  transition:      3'110 11'--1-----001 ->      3'001 10'0000010001
  transition:      3'110 11'--11----00- ->      3'010 10'0000010010
  transition:      3'110 11'--1-1---00- ->      3'011 10'0000010011
  transition:      3'110 11'--1--1--00- ->      3'100 10'0000010100
  transition:      3'110 11'--1---1-00- ->      3'101 10'0000010101
  transition:      3'110 11'--1----100- ->      3'110 10'0000010110
  transition:      3'110 11'--------01- ->      3'000 10'0000010000
  transition:      3'110 11'--------1-- ->      3'110 10'0000010110
  transition:      3'001 11'000-----00- ->      3'000 10'1000000000
  transition:      3'001 11'1-------00- ->      3'111 10'1000000111
  transition:      3'001 11'-1------000 ->      3'000 10'1000000000
  transition:      3'001 11'-1------001 ->      3'111 10'1000000111
  transition:      3'001 11'--100000000 ->      3'000 10'1000000000
  transition:      3'001 11'--1-----001 ->      3'001 10'1000000001
  transition:      3'001 11'--11----00- ->      3'010 10'1000000010
  transition:      3'001 11'--1-1---00- ->      3'011 10'1000000011
  transition:      3'001 11'--1--1--00- ->      3'100 10'1000000100
  transition:      3'001 11'--1---1-00- ->      3'101 10'1000000101
  transition:      3'001 11'--1----100- ->      3'110 10'1000000110
  transition:      3'001 11'--------01- ->      3'000 10'1000000000
  transition:      3'001 11'--------1-- ->      3'001 10'1000000001
  transition:      3'101 11'000-----00- ->      3'000 10'0000100000
  transition:      3'101 11'1-------00- ->      3'111 10'0000100111
  transition:      3'101 11'-1------000 ->      3'000 10'0000100000
  transition:      3'101 11'-1------001 ->      3'111 10'0000100111
  transition:      3'101 11'--100000000 ->      3'000 10'0000100000
  transition:      3'101 11'--1-----001 ->      3'001 10'0000100001
  transition:      3'101 11'--11----00- ->      3'010 10'0000100010
  transition:      3'101 11'--1-1---00- ->      3'011 10'0000100011
  transition:      3'101 11'--1--1--00- ->      3'100 10'0000100100
  transition:      3'101 11'--1---1-00- ->      3'101 10'0000100101
  transition:      3'101 11'--1----100- ->      3'110 10'0000100110
  transition:      3'101 11'--------01- ->      3'000 10'0000100000
  transition:      3'101 11'--------1-- ->      3'101 10'0000100101
  transition:      3'011 11'000-----00- ->      3'000 10'0010000000
  transition:      3'011 11'1-------00- ->      3'111 10'0010000111
  transition:      3'011 11'-1------000 ->      3'000 10'0010000000
  transition:      3'011 11'-1------001 ->      3'111 10'0010000111
  transition:      3'011 11'--100000000 ->      3'000 10'0010000000
  transition:      3'011 11'--1-----001 ->      3'001 10'0010000001
  transition:      3'011 11'--11----00- ->      3'010 10'0010000010
  transition:      3'011 11'--1-1---00- ->      3'011 10'0010000011
  transition:      3'011 11'--1--1--00- ->      3'100 10'0010000100
  transition:      3'011 11'--1---1-00- ->      3'101 10'0010000101
  transition:      3'011 11'--1----100- ->      3'110 10'0010000110
  transition:      3'011 11'--------01- ->      3'000 10'0010000000
  transition:      3'011 11'--------1-- ->      3'011 10'0010000011
  transition:      3'111 11'000-----00- ->      3'000 10'0000001000
  transition:      3'111 11'1-------00- ->      3'111 10'0000001111
  transition:      3'111 11'-1------000 ->      3'000 10'0000001000
  transition:      3'111 11'-1------001 ->      3'111 10'0000001111
  transition:      3'111 11'--100000000 ->      3'000 10'0000001000
  transition:      3'111 11'--1-----001 ->      3'001 10'0000001001
  transition:      3'111 11'--11----00- ->      3'010 10'0000001010
  transition:      3'111 11'--1-1---00- ->      3'011 10'0000001011
  transition:      3'111 11'--1--1--00- ->      3'100 10'0000001100
  transition:      3'111 11'--1---1-00- ->      3'101 10'0000001101
  transition:      3'111 11'--1----100- ->      3'110 10'0000001110
  transition:      3'111 11'--------01- ->      3'000 10'0000001000
  transition:      3'111 11'--------1-- ->      3'111 10'0000001111

15.11.3. Executing FSM_OPT pass (simple optimizations of FSMs).
Optimizing FSM `$fsm$\idex_br_type$2682' from module `\core_pipe'.
Optimizing FSM `$fsm$\idex_alu_op$2669' from module `\core_pipe'.
Optimizing FSM `$fsm$\idex_alu_a_sel$2665' from module `\core_pipe'.

15.11.4. Executing OPT_CLEAN pass (remove unused cells and wires).
Finding unused cells or wires in module \core_pipe..
Removed 39 unused cells and 43 unused wires.
<suppressed ~47 debug messages>

15.11.5. Executing FSM_OPT pass (simple optimizations of FSMs).
Optimizing FSM `$fsm$\idex_alu_a_sel$2665' from module `\core_pipe'.
  Removing unused output signal $0\idex_alu_a_sel[1:0] [0].
  Removing unused output signal $0\idex_alu_a_sel[1:0] [1].
Optimizing FSM `$fsm$\idex_alu_op$2669' from module `\core_pipe'.
  Removing unused output signal $0\idex_alu_op[3:0] [0].
  Removing unused output signal $0\idex_alu_op[3:0] [1].
  Removing unused output signal $0\idex_alu_op[3:0] [2].
  Removing unused output signal $0\idex_alu_op[3:0] [3].
Optimizing FSM `$fsm$\idex_br_type$2682' from module `\core_pipe'.
  Removing unused output signal $0\idex_br_type[2:0] [0].
  Removing unused output signal $0\idex_br_type[2:0] [1].
  Removing unused output signal $0\idex_br_type[2:0] [2].

15.11.6. Executing FSM_RECODE pass (re-assigning FSM state encoding).
Recoding FSM `$fsm$\idex_alu_a_sel$2665' from module `\core_pipe' using `auto' encoding:
  mapping auto encoding to `one-hot` for this FSM.
  00 -> --1
  10 -> -1-
  01 -> 1--
Recoding FSM `$fsm$\idex_alu_op$2669' from module `\core_pipe' using `auto' encoding:
  mapping auto encoding to `one-hot` for this FSM.
  0000 -> ----------1
  1000 -> ---------1-
  0100 -> --------1--
  0010 -> -------1---
  1010 -> ------1----
  0110 -> -----1-----
  0001 -> ----1------
  1001 -> ---1-------
  0101 -> --1--------
  0011 -> -1---------
  0111 -> 1----------
Recoding FSM `$fsm$\idex_br_type$2682' from module `\core_pipe' using `auto' encoding:
  mapping auto encoding to `one-hot` for this FSM.
  000 -> -------1
  100 -> ------1-
  010 -> -----1--
  110 -> ----1---
  001 -> ---1----
  101 -> --1-----
  011 -> -1------
  111 -> 1-------

15.11.7. Executing FSM_INFO pass (dumping all available information on FSM cells).

FSM `$fsm$\idex_alu_a_sel$2665' from module `core_pipe':
-------------------------------------

  Information on FSM $fsm$\idex_alu_a_sel$2665 (\idex_alu_a_sel):

  Number of input signals:    3
  Number of output signals:   2
  Number of state bits:       3

  Input signals:
    0: \ex_redirect
    1: $procmux$2167_CMP
    2: $procmux$2168_CMP

  Output signals:
    0: $procmux$2368_CMP
    1: $procmux$2369_CMP

  State encoding:
    0:      3'--1  <RESET STATE>
    1:      3'-1-
    2:      3'1--

  Transition Table (state_in, ctrl_in, state_out, ctrl_out):
      0:     0 3'000   ->     0 2'00
      1:     0 3'--1   ->     0 2'00
      2:     0 3'1-0   ->     1 2'00
      3:     0 3'-10   ->     2 2'00
      4:     1 3'000   ->     0 2'01
      5:     1 3'1-0   ->     1 2'01
      6:     1 3'--1   ->     1 2'01
      7:     1 3'-10   ->     2 2'01
      8:     2 3'000   ->     0 2'10
      9:     2 3'1-0   ->     1 2'10
     10:     2 3'-10   ->     2 2'10
     11:     2 3'--1   ->     2 2'10

-------------------------------------

FSM `$fsm$\idex_alu_op$2669' from module `core_pipe':
-------------------------------------

  Information on FSM $fsm$\idex_alu_op$2669 (\idex_alu_op):

  Number of input signals:   14
  Number of output signals:  11
  Number of state bits:      11

  Input signals:
    0: $flatten\u_dec.$eq$rtl/core/decoder.sv:168$59_Y
    1: $flatten\u_dec.$eq$rtl/core/decoder.sv:143$49_Y
    2: $flatten\u_dec.$eq$rtl/core/decoder.sv:130$45_Y
    3: $flatten\u_dec.$eq$rtl/core/decoder.sv:131$46_Y
    4: $flatten\u_dec.$eq$rtl/core/decoder.sv:105$43_Y
    5: \ex_redirect
    6: $procmux$1566_CMP
    7: $procmux$1568_CMP
    8: $procmux$1577_CMP
    9: $procmux$1592_CMP
   10: $procmux$1644_CMP
   11: $procmux$1658_CMP
   12: $procmux$1689_CMP
   13: $procmux$1853_CMP

  Output signals:
    0: $procmux$1462_CMP
    1: $procmux$1463_CMP
    2: $procmux$1464_CMP
    3: $procmux$1465_CMP
    4: $procmux$1466_CMP
    5: $procmux$1467_CMP
    6: $procmux$1468_CMP
    7: $procmux$1469_CMP
    8: $procmux$1470_CMP
    9: $procmux$1471_CMP
   10: $procmux$1472_CMP

  State encoding:
    0: 11'----------1  <RESET STATE>
    1: 11'---------1-
    2: 11'--------1--
    3: 11'-------1---
    4: 11'------1----
    5: 11'-----1-----
    6: 11'----1------
    7: 11'---1-------
    8: 11'--1--------
    9: 11'-1---------
   10: 11'1----------

  Transition Table (state_in, ctrl_in, state_out, ctrl_out):
      0:     0 14'------1-0-0001   ->     0 11'10000000000
      1:     0 14'------1-0--1-1   ->     0 11'10000000000
      2:     0 14'1-------0----1   ->     0 11'10000000000
      3:     0 14'----1-1-0-00--   ->     0 11'10000000000
      4:     0 14'1---1---0-00--   ->     0 11'10000000000
      5:     0 14'0-----0-0-----   ->     0 11'10000000000
      6:     0 14'--------1-----   ->     0 11'10000000000
      7:     0 14'-----11-0-----   ->     1 11'10000000000
      8:     0 14'1----1--0-----   ->     1 11'10000000000
      9:     0 14'--1---1-0-----   ->     2 11'10000000000
     10:     0 14'1-1-----0-----   ->     2 11'10000000000
     11:     0 14'-1----1-0-----   ->     3 11'10000000000
     12:     0 14'11------0-----   ->     3 11'10000000000
     13:     0 14'------1-0-0011   ->     4 11'10000000000
     14:     0 14'----1-1-0--1--   ->     5 11'10000000000
     15:     0 14'1---1---0--1--   ->     5 11'10000000000
     16:     0 14'------1-0-10-1   ->     6 11'10000000000
     17:     0 14'------110-----   ->     7 11'10000000000
     18:     0 14'1------10-----   ->     7 11'10000000000
     19:     0 14'---1--1-0-----   ->     8 11'10000000000
     20:     0 14'1--1----0-----   ->     8 11'10000000000
     21:     0 14'------1-01----   ->     9 11'10000000000
     22:     0 14'1-------01----   ->     9 11'10000000000
     23:     0 14'----1-1-0-10--   ->    10 11'10000000000
     24:     0 14'1---1---0-10--   ->    10 11'10000000000
     25:     1 14'------1-0-0001   ->     0 11'00000000100
     26:     1 14'------1-0--1-1   ->     0 11'00000000100
     27:     1 14'1-------0----1   ->     0 11'00000000100
     28:     1 14'----1-1-0-00--   ->     0 11'00000000100
     29:     1 14'1---1---0-00--   ->     0 11'00000000100
     30:     1 14'0-----0-0-----   ->     0 11'00000000100
     31:     1 14'-----11-0-----   ->     1 11'00000000100
     32:     1 14'1----1--0-----   ->     1 11'00000000100
     33:     1 14'--------1-----   ->     1 11'00000000100
     34:     1 14'--1---1-0-----   ->     2 11'00000000100
     35:     1 14'1-1-----0-----   ->     2 11'00000000100
     36:     1 14'-1----1-0-----   ->     3 11'00000000100
     37:     1 14'11------0-----   ->     3 11'00000000100
     38:     1 14'------1-0-0011   ->     4 11'00000000100
     39:     1 14'----1-1-0--1--   ->     5 11'00000000100
     40:     1 14'1---1---0--1--   ->     5 11'00000000100
     41:     1 14'------1-0-10-1   ->     6 11'00000000100
     42:     1 14'------110-----   ->     7 11'00000000100
     43:     1 14'1------10-----   ->     7 11'00000000100
     44:     1 14'---1--1-0-----   ->     8 11'00000000100
     45:     1 14'1--1----0-----   ->     8 11'00000000100
     46:     1 14'------1-01----   ->     9 11'00000000100
     47:     1 14'1-------01----   ->     9 11'00000000100
     48:     1 14'----1-1-0-10--   ->    10 11'00000000100
     49:     1 14'1---1---0-10--   ->    10 11'00000000100
     50:     2 14'------1-0-0001   ->     0 11'00001000000
     51:     2 14'------1-0--1-1   ->     0 11'00001000000
     52:     2 14'1-------0----1   ->     0 11'00001000000
     53:     2 14'----1-1-0-00--   ->     0 11'00001000000
     54:     2 14'1---1---0-00--   ->     0 11'00001000000
     55:     2 14'0-----0-0-----   ->     0 11'00001000000
     56:     2 14'-----11-0-----   ->     1 11'00001000000
     57:     2 14'1----1--0-----   ->     1 11'00001000000
     58:     2 14'--1---1-0-----   ->     2 11'00001000000
     59:     2 14'1-1-----0-----   ->     2 11'00001000000
     60:     2 14'--------1-----   ->     2 11'00001000000
     61:     2 14'-1----1-0-----   ->     3 11'00001000000
     62:     2 14'11------0-----   ->     3 11'00001000000
     63:     2 14'------1-0-0011   ->     4 11'00001000000
     64:     2 14'----1-1-0--1--   ->     5 11'00001000000
     65:     2 14'1---1---0--1--   ->     5 11'00001000000
     66:     2 14'------1-0-10-1   ->     6 11'00001000000
     67:     2 14'------110-----   ->     7 11'00001000000
     68:     2 14'1------10-----   ->     7 11'00001000000
     69:     2 14'---1--1-0-----   ->     8 11'00001000000
     70:     2 14'1--1----0-----   ->     8 11'00001000000
     71:     2 14'------1-01----   ->     9 11'00001000000
     72:     2 14'1-------01----   ->     9 11'00001000000
     73:     2 14'----1-1-0-10--   ->    10 11'00001000000
     74:     2 14'1---1---0-10--   ->    10 11'00001000000
     75:     3 14'------1-0-0001   ->     0 11'00100000000
     76:     3 14'------1-0--1-1   ->     0 11'00100000000
     77:     3 14'1-------0----1   ->     0 11'00100000000
     78:     3 14'----1-1-0-00--   ->     0 11'00100000000
     79:     3 14'1---1---0-00--   ->     0 11'00100000000
     80:     3 14'0-----0-0-----   ->     0 11'00100000000
     81:     3 14'-----11-0-----   ->     1 11'00100000000
     82:     3 14'1----1--0-----   ->     1 11'00100000000
     83:     3 14'--1---1-0-----   ->     2 11'00100000000
     84:     3 14'1-1-----0-----   ->     2 11'00100000000
     85:     3 14'-1----1-0-----   ->     3 11'00100000000
     86:     3 14'11------0-----   ->     3 11'00100000000
     87:     3 14'--------1-----   ->     3 11'00100000000
     88:     3 14'------1-0-0011   ->     4 11'00100000000
     89:     3 14'----1-1-0--1--   ->     5 11'00100000000
     90:     3 14'1---1---0--1--   ->     5 11'00100000000
     91:     3 14'------1-0-10-1   ->     6 11'00100000000
     92:     3 14'------110-----   ->     7 11'00100000000
     93:     3 14'1------10-----   ->     7 11'00100000000
     94:     3 14'---1--1-0-----   ->     8 11'00100000000
     95:     3 14'1--1----0-----   ->     8 11'00100000000
     96:     3 14'------1-01----   ->     9 11'00100000000
     97:     3 14'1-------01----   ->     9 11'00100000000
     98:     3 14'----1-1-0-10--   ->    10 11'00100000000
     99:     3 14'1---1---0-10--   ->    10 11'00100000000
    100:     4 14'------1-0-0001   ->     0 11'00000000001
    101:     4 14'------1-0--1-1   ->     0 11'00000000001
    102:     4 14'1-------0----1   ->     0 11'00000000001
    103:     4 14'----1-1-0-00--   ->     0 11'00000000001
    104:     4 14'1---1---0-00--   ->     0 11'00000000001
    105:     4 14'0-----0-0-----   ->     0 11'00000000001
    106:     4 14'-----11-0-----   ->     1 11'00000000001
    107:     4 14'1----1--0-----   ->     1 11'00000000001
    108:     4 14'--1---1-0-----   ->     2 11'00000000001
    109:     4 14'1-1-----0-----   ->     2 11'00000000001
    110:     4 14'-1----1-0-----   ->     3 11'00000000001
    111:     4 14'11------0-----   ->     3 11'00000000001
    112:     4 14'------1-0-0011   ->     4 11'00000000001
    113:     4 14'--------1-----   ->     4 11'00000000001
    114:     4 14'----1-1-0--1--   ->     5 11'00000000001
    115:     4 14'1---1---0--1--   ->     5 11'00000000001
    116:     4 14'------1-0-10-1   ->     6 11'00000000001
    117:     4 14'------110-----   ->     7 11'00000000001
    118:     4 14'1------10-----   ->     7 11'00000000001
    119:     4 14'---1--1-0-----   ->     8 11'00000000001
    120:     4 14'1--1----0-----   ->     8 11'00000000001
    121:     4 14'------1-01----   ->     9 11'00000000001
    122:     4 14'1-------01----   ->     9 11'00000000001
    123:     4 14'----1-1-0-10--   ->    10 11'00000000001
    124:     4 14'1---1---0-10--   ->    10 11'00000000001
    125:     5 14'------1-0-0001   ->     0 11'00000010000
    126:     5 14'------1-0--1-1   ->     0 11'00000010000
    127:     5 14'1-------0----1   ->     0 11'00000010000
    128:     5 14'----1-1-0-00--   ->     0 11'00000010000
    129:     5 14'1---1---0-00--   ->     0 11'00000010000
    130:     5 14'0-----0-0-----   ->     0 11'00000010000
    131:     5 14'-----11-0-----   ->     1 11'00000010000
    132:     5 14'1----1--0-----   ->     1 11'00000010000
    133:     5 14'--1---1-0-----   ->     2 11'00000010000
    134:     5 14'1-1-----0-----   ->     2 11'00000010000
    135:     5 14'-1----1-0-----   ->     3 11'00000010000
    136:     5 14'11------0-----   ->     3 11'00000010000
    137:     5 14'------1-0-0011   ->     4 11'00000010000
    138:     5 14'----1-1-0--1--   ->     5 11'00000010000
    139:     5 14'1---1---0--1--   ->     5 11'00000010000
    140:     5 14'--------1-----   ->     5 11'00000010000
    141:     5 14'------1-0-10-1   ->     6 11'00000010000
    142:     5 14'------110-----   ->     7 11'00000010000
    143:     5 14'1------10-----   ->     7 11'00000010000
    144:     5 14'---1--1-0-----   ->     8 11'00000010000
    145:     5 14'1--1----0-----   ->     8 11'00000010000
    146:     5 14'------1-01----   ->     9 11'00000010000
    147:     5 14'1-------01----   ->     9 11'00000010000
    148:     5 14'----1-1-0-10--   ->    10 11'00000010000
    149:     5 14'1---1---0-10--   ->    10 11'00000010000
    150:     6 14'------1-0-0001   ->     0 11'01000000000
    151:     6 14'------1-0--1-1   ->     0 11'01000000000
    152:     6 14'1-------0----1   ->     0 11'01000000000
    153:     6 14'----1-1-0-00--   ->     0 11'01000000000
    154:     6 14'1---1---0-00--   ->     0 11'01000000000
    155:     6 14'0-----0-0-----   ->     0 11'01000000000
    156:     6 14'-----11-0-----   ->     1 11'01000000000
    157:     6 14'1----1--0-----   ->     1 11'01000000000
    158:     6 14'--1---1-0-----   ->     2 11'01000000000
    159:     6 14'1-1-----0-----   ->     2 11'01000000000
    160:     6 14'-1----1-0-----   ->     3 11'01000000000
    161:     6 14'11------0-----   ->     3 11'01000000000
    162:     6 14'------1-0-0011   ->     4 11'01000000000
    163:     6 14'----1-1-0--1--   ->     5 11'01000000000
    164:     6 14'1---1---0--1--   ->     5 11'01000000000
    165:     6 14'------1-0-10-1   ->     6 11'01000000000
    166:     6 14'--------1-----   ->     6 11'01000000000
    167:     6 14'------110-----   ->     7 11'01000000000
    168:     6 14'1------10-----   ->     7 11'01000000000
    169:     6 14'---1--1-0-----   ->     8 11'01000000000
    170:     6 14'1--1----0-----   ->     8 11'01000000000
    171:     6 14'------1-01----   ->     9 11'01000000000
    172:     6 14'1-------01----   ->     9 11'01000000000
    173:     6 14'----1-1-0-10--   ->    10 11'01000000000
    174:     6 14'1---1---0-10--   ->    10 11'01000000000
    175:     7 14'------1-0-0001   ->     0 11'00000000010
    176:     7 14'------1-0--1-1   ->     0 11'00000000010
    177:     7 14'1-------0----1   ->     0 11'00000000010
    178:     7 14'----1-1-0-00--   ->     0 11'00000000010
    179:     7 14'1---1---0-00--   ->     0 11'00000000010
    180:     7 14'0-----0-0-----   ->     0 11'00000000010
    181:     7 14'-----11-0-----   ->     1 11'00000000010
    182:     7 14'1----1--0-----   ->     1 11'00000000010
    183:     7 14'--1---1-0-----   ->     2 11'00000000010
    184:     7 14'1-1-----0-----   ->     2 11'00000000010
    185:     7 14'-1----1-0-----   ->     3 11'00000000010
    186:     7 14'11------0-----   ->     3 11'00000000010
    187:     7 14'------1-0-0011   ->     4 11'00000000010
    188:     7 14'----1-1-0--1--   ->     5 11'00000000010
    189:     7 14'1---1---0--1--   ->     5 11'00000000010
    190:     7 14'------1-0-10-1   ->     6 11'00000000010
    191:     7 14'------110-----   ->     7 11'00000000010
    192:     7 14'1------10-----   ->     7 11'00000000010
    193:     7 14'--------1-----   ->     7 11'00000000010
    194:     7 14'---1--1-0-----   ->     8 11'00000000010
    195:     7 14'1--1----0-----   ->     8 11'00000000010
    196:     7 14'------1-01----   ->     9 11'00000000010
    197:     7 14'1-------01----   ->     9 11'00000000010
    198:     7 14'----1-1-0-10--   ->    10 11'00000000010
    199:     7 14'1---1---0-10--   ->    10 11'00000000010
    200:     8 14'------1-0-0001   ->     0 11'00000100000
    201:     8 14'------1-0--1-1   ->     0 11'00000100000
    202:     8 14'1-------0----1   ->     0 11'00000100000
    203:     8 14'----1-1-0-00--   ->     0 11'00000100000
    204:     8 14'1---1---0-00--   ->     0 11'00000100000
    205:     8 14'0-----0-0-----   ->     0 11'00000100000
    206:     8 14'-----11-0-----   ->     1 11'00000100000
    207:     8 14'1----1--0-----   ->     1 11'00000100000
    208:     8 14'--1---1-0-----   ->     2 11'00000100000
    209:     8 14'1-1-----0-----   ->     2 11'00000100000
    210:     8 14'-1----1-0-----   ->     3 11'00000100000
    211:     8 14'11------0-----   ->     3 11'00000100000
    212:     8 14'------1-0-0011   ->     4 11'00000100000
    213:     8 14'----1-1-0--1--   ->     5 11'00000100000
    214:     8 14'1---1---0--1--   ->     5 11'00000100000
    215:     8 14'------1-0-10-1   ->     6 11'00000100000
    216:     8 14'------110-----   ->     7 11'00000100000
    217:     8 14'1------10-----   ->     7 11'00000100000
    218:     8 14'---1--1-0-----   ->     8 11'00000100000
    219:     8 14'1--1----0-----   ->     8 11'00000100000
    220:     8 14'--------1-----   ->     8 11'00000100000
    221:     8 14'------1-01----   ->     9 11'00000100000
    222:     8 14'1-------01----   ->     9 11'00000100000
    223:     8 14'----1-1-0-10--   ->    10 11'00000100000
    224:     8 14'1---1---0-10--   ->    10 11'00000100000
    225:     9 14'------1-0-0001   ->     0 11'00010000000
    226:     9 14'------1-0--1-1   ->     0 11'00010000000
    227:     9 14'1-------0----1   ->     0 11'00010000000
    228:     9 14'----1-1-0-00--   ->     0 11'00010000000
    229:     9 14'1---1---0-00--   ->     0 11'00010000000
    230:     9 14'0-----0-0-----   ->     0 11'00010000000
    231:     9 14'-----11-0-----   ->     1 11'00010000000
    232:     9 14'1----1--0-----   ->     1 11'00010000000
    233:     9 14'--1---1-0-----   ->     2 11'00010000000
    234:     9 14'1-1-----0-----   ->     2 11'00010000000
    235:     9 14'-1----1-0-----   ->     3 11'00010000000
    236:     9 14'11------0-----   ->     3 11'00010000000
    237:     9 14'------1-0-0011   ->     4 11'00010000000
    238:     9 14'----1-1-0--1--   ->     5 11'00010000000
    239:     9 14'1---1---0--1--   ->     5 11'00010000000
    240:     9 14'------1-0-10-1   ->     6 11'00010000000
    241:     9 14'------110-----   ->     7 11'00010000000
    242:     9 14'1------10-----   ->     7 11'00010000000
    243:     9 14'---1--1-0-----   ->     8 11'00010000000
    244:     9 14'1--1----0-----   ->     8 11'00010000000
    245:     9 14'------1-01----   ->     9 11'00010000000
    246:     9 14'1-------01----   ->     9 11'00010000000
    247:     9 14'--------1-----   ->     9 11'00010000000
    248:     9 14'----1-1-0-10--   ->    10 11'00010000000
    249:     9 14'1---1---0-10--   ->    10 11'00010000000
    250:    10 14'------1-0-0001   ->     0 11'00000001000
    251:    10 14'------1-0--1-1   ->     0 11'00000001000
    252:    10 14'1-------0----1   ->     0 11'00000001000
    253:    10 14'----1-1-0-00--   ->     0 11'00000001000
    254:    10 14'1---1---0-00--   ->     0 11'00000001000
    255:    10 14'0-----0-0-----   ->     0 11'00000001000
    256:    10 14'-----11-0-----   ->     1 11'00000001000
    257:    10 14'1----1--0-----   ->     1 11'00000001000
    258:    10 14'--1---1-0-----   ->     2 11'00000001000
    259:    10 14'1-1-----0-----   ->     2 11'00000001000
    260:    10 14'-1----1-0-----   ->     3 11'00000001000
    261:    10 14'11------0-----   ->     3 11'00000001000
    262:    10 14'------1-0-0011   ->     4 11'00000001000
    263:    10 14'----1-1-0--1--   ->     5 11'00000001000
    264:    10 14'1---1---0--1--   ->     5 11'00000001000
    265:    10 14'------1-0-10-1   ->     6 11'00000001000
    266:    10 14'------110-----   ->     7 11'00000001000
    267:    10 14'1------10-----   ->     7 11'00000001000
    268:    10 14'---1--1-0-----   ->     8 11'00000001000
    269:    10 14'1--1----0-----   ->     8 11'00000001000
    270:    10 14'------1-01----   ->     9 11'00000001000
    271:    10 14'1-------01----   ->     9 11'00000001000
    272:    10 14'----1-1-0-10--   ->    10 11'00000001000
    273:    10 14'1---1---0-10--   ->    10 11'00000001000
    274:    10 14'--------1-----   ->    10 11'00000001000

-------------------------------------

FSM `$fsm$\idex_br_type$2682' from module `core_pipe':
-------------------------------------

  Information on FSM $fsm$\idex_br_type$2682 (\idex_br_type):

  Number of input signals:   11
  Number of output signals:   7
  Number of state bits:       8

  Input signals:
    0: $flatten\u_dec.$eq$rtl/core/decoder.sv:168$59_Y
    1: \dec_illegal
    2: \ex_redirect
    3: $procmux$1566_CMP
    4: $procmux$1577_CMP
    5: $procmux$1592_CMP
    6: $procmux$1644_CMP
    7: $procmux$1689_CMP
    8: $procmux$2061_CMP
    9: $procmux$2090_CMP
   10: $procmux$2166_CMP

  Output signals:
    0: $procmux$2359_CMP
    1: $procmux$2360_CMP
    2: $procmux$2361_CMP
    3: $procmux$2362_CMP
    4: $procmux$2363_CMP
    5: $procmux$2364_CMP
    6: $procmux$2365_CMP

  State encoding:
    0: 8'-------1  <RESET STATE>
    1: 8'------1-
    2: 8'-----1--
    3: 8'----1---
    4: 8'---1----
    5: 8'--1-----
    6: 8'-1------
    7: 8'1-------

  Transition Table (state_in, ctrl_in, state_out, ctrl_out):
      0:     0 11'--100000000   ->     0 7'0000000
      1:     0 11'-1------000   ->     0 7'0000000
      2:     0 11'000-----00-   ->     0 7'0000000
      3:     0 11'--------01-   ->     0 7'0000000
      4:     0 11'--------1--   ->     0 7'0000000
      5:     0 11'--1--1--00-   ->     1 7'0000000
      6:     0 11'--11----00-   ->     2 7'0000000
      7:     0 11'--1----100-   ->     3 7'0000000
      8:     0 11'--1-----001   ->     4 7'0000000
      9:     0 11'--1---1-00-   ->     5 7'0000000
     10:     0 11'--1-1---00-   ->     6 7'0000000
     11:     0 11'-1------001   ->     7 7'0000000
     12:     0 11'1-------00-   ->     7 7'0000000
     13:     1 11'--100000000   ->     0 7'0001000
     14:     1 11'-1------000   ->     0 7'0001000
     15:     1 11'000-----00-   ->     0 7'0001000
     16:     1 11'--------01-   ->     0 7'0001000
     17:     1 11'--1--1--00-   ->     1 7'0001000
     18:     1 11'--------1--   ->     1 7'0001000
     19:     1 11'--11----00-   ->     2 7'0001000
     20:     1 11'--1----100-   ->     3 7'0001000
     21:     1 11'--1-----001   ->     4 7'0001000
     22:     1 11'--1---1-00-   ->     5 7'0001000
     23:     1 11'--1-1---00-   ->     6 7'0001000
     24:     1 11'-1------001   ->     7 7'0001000
     25:     1 11'1-------00-   ->     7 7'0001000
     26:     2 11'--100000000   ->     0 7'0100000
     27:     2 11'-1------000   ->     0 7'0100000
     28:     2 11'000-----00-   ->     0 7'0100000
     29:     2 11'--------01-   ->     0 7'0100000
     30:     2 11'--1--1--00-   ->     1 7'0100000
     31:     2 11'--11----00-   ->     2 7'0100000
     32:     2 11'--------1--   ->     2 7'0100000
     33:     2 11'--1----100-   ->     3 7'0100000
     34:     2 11'--1-----001   ->     4 7'0100000
     35:     2 11'--1---1-00-   ->     5 7'0100000
     36:     2 11'--1-1---00-   ->     6 7'0100000
     37:     2 11'-1------001   ->     7 7'0100000
     38:     2 11'1-------00-   ->     7 7'0100000
     39:     3 11'--100000000   ->     0 7'0000010
     40:     3 11'-1------000   ->     0 7'0000010
     41:     3 11'000-----00-   ->     0 7'0000010
     42:     3 11'--------01-   ->     0 7'0000010
     43:     3 11'--1--1--00-   ->     1 7'0000010
     44:     3 11'--11----00-   ->     2 7'0000010
     45:     3 11'--1----100-   ->     3 7'0000010
     46:     3 11'--------1--   ->     3 7'0000010
     47:     3 11'--1-----001   ->     4 7'0000010
     48:     3 11'--1---1-00-   ->     5 7'0000010
     49:     3 11'--1-1---00-   ->     6 7'0000010
     50:     3 11'-1------001   ->     7 7'0000010
     51:     3 11'1-------00-   ->     7 7'0000010
     52:     4 11'--100000000   ->     0 7'1000000
     53:     4 11'-1------000   ->     0 7'1000000
     54:     4 11'000-----00-   ->     0 7'1000000
     55:     4 11'--------01-   ->     0 7'1000000
     56:     4 11'--1--1--00-   ->     1 7'1000000
     57:     4 11'--11----00-   ->     2 7'1000000
     58:     4 11'--1----100-   ->     3 7'1000000
     59:     4 11'--1-----001   ->     4 7'1000000
     60:     4 11'--------1--   ->     4 7'1000000
     61:     4 11'--1---1-00-   ->     5 7'1000000
     62:     4 11'--1-1---00-   ->     6 7'1000000
     63:     4 11'-1------001   ->     7 7'1000000
     64:     4 11'1-------00-   ->     7 7'1000000
     65:     5 11'--100000000   ->     0 7'0000100
     66:     5 11'-1------000   ->     0 7'0000100
     67:     5 11'000-----00-   ->     0 7'0000100
     68:     5 11'--------01-   ->     0 7'0000100
     69:     5 11'--1--1--00-   ->     1 7'0000100
     70:     5 11'--11----00-   ->     2 7'0000100
     71:     5 11'--1----100-   ->     3 7'0000100
     72:     5 11'--1-----001   ->     4 7'0000100
     73:     5 11'--1---1-00-   ->     5 7'0000100
     74:     5 11'--------1--   ->     5 7'0000100
     75:     5 11'--1-1---00-   ->     6 7'0000100
     76:     5 11'-1------001   ->     7 7'0000100
     77:     5 11'1-------00-   ->     7 7'0000100
     78:     6 11'--100000000   ->     0 7'0010000
     79:     6 11'-1------000   ->     0 7'0010000
     80:     6 11'000-----00-   ->     0 7'0010000
     81:     6 11'--------01-   ->     0 7'0010000
     82:     6 11'--1--1--00-   ->     1 7'0010000
     83:     6 11'--11----00-   ->     2 7'0010000
     84:     6 11'--1----100-   ->     3 7'0010000
     85:     6 11'--1-----001   ->     4 7'0010000
     86:     6 11'--1---1-00-   ->     5 7'0010000
     87:     6 11'--1-1---00-   ->     6 7'0010000
     88:     6 11'--------1--   ->     6 7'0010000
     89:     6 11'-1------001   ->     7 7'0010000
     90:     6 11'1-------00-   ->     7 7'0010000
     91:     7 11'--100000000   ->     0 7'0000001
     92:     7 11'-1------000   ->     0 7'0000001
     93:     7 11'000-----00-   ->     0 7'0000001
     94:     7 11'--------01-   ->     0 7'0000001
     95:     7 11'--1--1--00-   ->     1 7'0000001
     96:     7 11'--11----00-   ->     2 7'0000001
     97:     7 11'--1----100-   ->     3 7'0000001
     98:     7 11'--1-----001   ->     4 7'0000001
     99:     7 11'--1---1-00-   ->     5 7'0000001
    100:     7 11'--1-1---00-   ->     6 7'0000001
    101:     7 11'-1------001   ->     7 7'0000001
    102:     7 11'1-------00-   ->     7 7'0000001
    103:     7 11'--------1--   ->     7 7'0000001

-------------------------------------

15.11.8. Executing FSM_MAP pass (mapping FSMs to basic logic).
Mapping FSM `$fsm$\idex_alu_a_sel$2665' from module `\core_pipe'.
Mapping FSM `$fsm$\idex_alu_op$2669' from module `\core_pipe'.
Mapping FSM `$fsm$\idex_br_type$2682' from module `\core_pipe'.

15.12. Executing OPT pass (performing simple optimizations).

15.12.1. Executing OPT_EXPR pass (perform const folding).
Optimizing module core_pipe.
<suppressed ~25 debug messages>

15.12.2. Executing OPT_MERGE pass (detect identical cells).
Finding identical cells in module `\core_pipe'.
Removed a total of 0 cells.

15.12.3. Executing OPT_MUXTREE pass (detect dead branches in mux trees).
Running muxtree optimizer on module \core_pipe..
  Creating internal representation of mux trees.
  Evaluating internal representation of mux trees.
  Analyzing evaluation results.
Removed 0 multiplexer ports.
<suppressed ~38 debug messages>

15.12.4. Executing OPT_REDUCE pass (consolidate $*mux and $reduce_* inputs).
  Optimizing cells in module \core_pipe.
Performed a total of 0 changes.

15.12.5. Executing OPT_MERGE pass (detect identical cells).
Finding identical cells in module `\core_pipe'.
Removed a total of 0 cells.

15.12.6. Executing OPT_DFF pass (perform DFF optimizations).
Adding EN signal on $procdff$2551 ($adff) from module core_pipe (D = \u_dec.wb_sel, Q = \idex_wb_sel).
Adding EN signal on $procdff$2546 ($adff) from module core_pipe (D = \u_dec.is_cus, Q = \idex_is_cus).
Adding EN signal on $procdff$2541 ($adff) from module core_pipe (D = \u_dec.is_mret, Q = \idex_is_mret).
Adding EN signal on $procdff$2536 ($adff) from module core_pipe (D = \u_dec.jalr, Q = \idex_jalr).
Adding EN signal on $procdff$2531 ($adff) from module core_pipe (D = \u_dec.alu_b_imm, Q = \idex_alu_b_imm).
Adding EN signal on $procdff$2526 ($adff) from module core_pipe (D = \u_dec.mem_we, Q = \idex_mem_we).
Adding EN signal on $procdff$2521 ($adff) from module core_pipe (D = \u_dec.reg_we, Q = \idex_reg_we).
Adding EN signal on $procdff$2516 ($adff) from module core_pipe (D = \ifid_instr [24:20], Q = \idex_rs2).
Adding EN signal on $procdff$2511 ($adff) from module core_pipe (D = \ifid_instr [19:15], Q = \idex_rs1).
Adding EN signal on $procdff$2506 ($adff) from module core_pipe (D = \ifid_instr [11:7], Q = \idex_rd).
Adding EN signal on $procdff$2501 ($adff) from module core_pipe (D = \u_imm.imm, Q = \idex_imm).
Adding EN signal on $procdff$2496 ($adff) from module core_pipe (D = \u_rf.rdata2, Q = \idex_rs2_val).
Adding EN signal on $procdff$2491 ($adff) from module core_pipe (D = \u_rf.rdata1, Q = \idex_rs1_val).
Adding EN signal on $procdff$2486 ($adff) from module core_pipe (D = \ifid_pc, Q = \idex_pc).
Adding EN signal on $procdff$2461 ($adff) from module core_pipe (D = $0\in_handler[0:0], Q = \in_handler).
Adding EN signal on $procdff$2456 ($adff) from module core_pipe (D = $0\drain[0:0], Q = \drain).
Adding EN signal on $procdff$2451 ($adff) from module core_pipe (D = \pc, Q = \epc).
Adding EN signal on $procdff$2446 ($adff) from module core_pipe (D = \pc_next, Q = \pc).

15.12.7. Executing OPT_CLEAN pass (remove unused cells and wires).
Finding unused cells or wires in module \core_pipe..
Removed 15 unused cells and 66 unused wires.
<suppressed ~16 debug messages>

15.12.8. Executing OPT_EXPR pass (perform const folding).
Optimizing module core_pipe.
<suppressed ~2 debug messages>

15.12.9. Rerunning OPT passes. (Maybe there is more to do..)

15.12.10. Executing OPT_MUXTREE pass (detect dead branches in mux trees).
Running muxtree optimizer on module \core_pipe..
  Creating internal representation of mux trees.
  Evaluating internal representation of mux trees.
  Analyzing evaluation results.
Removed 0 multiplexer ports.
<suppressed ~33 debug messages>

15.12.11. Executing OPT_REDUCE pass (consolidate $*mux and $reduce_* inputs).
  Optimizing cells in module \core_pipe.
Performed a total of 0 changes.

15.12.12. Executing OPT_MERGE pass (detect identical cells).
Finding identical cells in module `\core_pipe'.
Removed a total of 0 cells.

15.12.13. Executing OPT_DFF pass (perform DFF optimizations).

15.12.14. Executing OPT_CLEAN pass (remove unused cells and wires).
Finding unused cells or wires in module \core_pipe..

15.12.15. Executing OPT_EXPR pass (perform const folding).
Optimizing module core_pipe.

15.12.16. Finished OPT passes. (There is nothing left to do.)

15.13. Executing WREDUCE pass (reducing word size of cells).
Removed top 2 bits (of 32) from port B of cell core_pipe.$flatten\u_dec.$eq$rtl/core/decoder.sv:161$58 ($eq).
Removed top 1 bits (of 3) from port B of cell core_pipe.$flatten\u_dec.$eq$rtl/core/decoder.sv:105$43 ($eq).
Removed top 1 bits (of 7) from port B of cell core_pipe.$flatten\u_dec.$eq$rtl/core/decoder.sv:131$46 ($eq).
Removed top 6 bits (of 7) from port B of cell core_pipe.$flatten\u_dec.$eq$rtl/core/decoder.sv:143$49 ($eq).
Removed top 29 bits (of 32) from port B of cell core_pipe.$add$rtl/core/core_pipe.sv:208$195 ($add).
Removed top 1 bits (of 2) from port B of cell core_pipe.$eq$rtl/core/core_pipe.sv:222$202 ($eq).
Removed top 1 bits (of 2) from port B of cell core_pipe.$eq$rtl/core/core_pipe.sv:228$206 ($eq).
Removed top 29 bits (of 32) from port B of cell core_pipe.$add$rtl/core/core_pipe.sv:245$225 ($add).
Removed top 1 bits (of 3) from port B of cell core_pipe.$procmux$1503_CMP0 ($eq).
Removed top 1 bits (of 3) from port B of cell core_pipe.$procmux$1504_CMP0 ($eq).
Removed top 2 bits (of 3) from port B of cell core_pipe.$procmux$1505_CMP0 ($eq).
Removed top 3 bits (of 7) from port B of cell core_pipe.$procmux$1527_CMP0 ($eq).
Removed top 1 bits (of 7) from port B of cell core_pipe.$procmux$1568_CMP0 ($eq).
Removed top 1 bits (of 3) from port B of cell core_pipe.$procmux$1658_CMP0 ($eq).
Removed top 2 bits (of 3) from port B of cell core_pipe.$procmux$1689_CMP0 ($eq).
Removed top 1 bits (of 2) from port B of cell core_pipe.$auto$fsm_map.cc:77:implement_pattern_cache$2834 ($eq).
Removed top 2 bits (of 7) from port B of cell core_pipe.$procmux$1853_CMP0 ($eq).
Removed top 2 bits (of 3) from mux cell core_pipe.$procmux$1938 ($mux).
Removed top 1 bits (of 7) from port B of cell core_pipe.$procmux$1941_CMP0 ($eq).
Removed top 5 bits (of 7) from port B of cell core_pipe.$procmux$1990_CMP0 ($eq).
Removed top 1 bits (of 2) from mux cell core_pipe.$procmux$2019 ($mux).
Removed top 2 bits (of 7) from port B of cell core_pipe.$procmux$2167_CMP0 ($eq).
Removed top 1 bits (of 7) from port B of cell core_pipe.$procmux$2168_CMP0 ($eq).
Removed top 1 bits (of 2) from wire core_pipe.$flatten\u_dec.$3\wb_sel[1:0].
Removed top 2 bits (of 3) from wire core_pipe.$flatten\u_dec.$4\imm_type[2:0].

15.14. Executing PEEPOPT pass (run peephole optimizers).

15.15. Executing OPT_CLEAN pass (remove unused cells and wires).
Finding unused cells or wires in module \core_pipe..
Removed 0 unused cells and 2 unused wires.
<suppressed ~1 debug messages>

15.16. Executing PMUX2SHIFTX pass.
Inspecting $pmux cell core_pipe/$procmux$1501.
  data width: 32 (next power-of-2 = 32, log2 = 5)
  checking ctrl signal \u_imm.imm_type
    best permutation: \u_imm.imm_type
    best xor mask: 3'000
      0: 3'100 -> 3'100 -> 3'100: { \ifid_instr [31] \ifid_instr [31] \ifid_instr [31] \ifid_instr [31] \ifid_instr [31] \ifid_instr [31] \ifid_instr [31] \ifid_instr [31] \ifid_instr [31] \ifid_instr [31] \ifid_instr [31] \ifid_instr [31] \ifid_instr [19:12] \ifid_instr [20] \ifid_instr [30:21] 1'0 }
      1: 3'011 -> 3'011 -> 3'011: { \ifid_instr [31:12] 12'000000000000 }
      2: 3'010 -> 3'010 -> 3'010: { \ifid_instr [31] \ifid_instr [31] \ifid_instr [31] \ifid_instr [31] \ifid_instr [31] \ifid_instr [31] \ifid_instr [31] \ifid_instr [31] \ifid_instr [31] \ifid_instr [31] \ifid_instr [31] \ifid_instr [31] \ifid_instr [31] \ifid_instr [31] \ifid_instr [31] \ifid_instr [31] \ifid_instr [31] \ifid_instr [31] \ifid_instr [31] \ifid_instr [31] \ifid_instr [7] \ifid_instr [30:25] \ifid_instr [11:8] 1'0 }
      3: 3'001 -> 3'001 -> 3'001: { \ifid_instr [31] \ifid_instr [31] \ifid_instr [31] \ifid_instr [31] \ifid_instr [31] \ifid_instr [31] \ifid_instr [31] \ifid_instr [31] \ifid_instr [31] \ifid_instr [31] \ifid_instr [31] \ifid_instr [31] \ifid_instr [31] \ifid_instr [31] \ifid_instr [31] \ifid_instr [31] \ifid_instr [31] \ifid_instr [31] \ifid_instr [31] \ifid_instr [31] \ifid_instr [31:25] \ifid_instr [11:7] }
      4: 3'000 -> 3'000 -> 3'000: { \ifid_instr [31] \ifid_instr [31] \ifid_instr [31] \ifid_instr [31] \ifid_instr [31] \ifid_instr [31] \ifid_instr [31] \ifid_instr [31] \ifid_instr [31] \ifid_instr [31] \ifid_instr [31] \ifid_instr [31] \ifid_instr [31] \ifid_instr [31] \ifid_instr [31] \ifid_instr [31] \ifid_instr [31] \ifid_instr [31] \ifid_instr [31] \ifid_instr [31] \ifid_instr [31:20] }
    choices: 5
    min choice: 0
    max choice: 4
    range density: 100%
    absolute density: 100%
    full density: 62%
    update to full case.
    new min choice: 0
    new max choice: 7
    full case: true
    created $shiftx cell $auto$pmux2shiftx.cc:712:execute$2918.
Inspecting $pmux cell core_pipe/$procmux$2161.
  data width: 3 (next power-of-2 = 4, log2 = 2)
  checking ctrl signal \ifid_instr [6:0]
    best permutation: { \ifid_instr [5:4] \ifid_instr [1:0] \ifid_instr [6] \ifid_instr [3:2] }
    best xor mask: 7'1011000
      0: 7'0100011 -> 7'1011000 -> 7'0000000: { 2'00 $auto$wreduce.cc:514:run$2916 [0] }
      1: 7'1100011 -> 7'1011100 -> 7'0000100: 3'010
      2: 7'1101111 -> 7'1011111 -> 7'0000111: 3'100
    choices: 3
    min choice: 0
    max choice: 7
    range density: 37%
    absolute density: 37%
    full case: false
    insufficient density.
Inspecting $pmux cell core_pipe/$procmux$2211.
  data width: 1 (next power-of-2 = 1, log2 = 0)
  checking ctrl signal \ifid_instr [6:0]
    best permutation: { \ifid_instr [3:0] \ifid_instr [6:4] }
    best xor mask: 7'0011000
      1: 7'1110011 -> 7'0011111 -> 7'0000111: $flatten\u_dec.$22\illegal[0:0]
      2: 7'0110011 -> 7'0011011 -> 7'0000011: $flatten\u_dec.$10\illegal[0:0]
      3: 7'0010011 -> 7'0011001 -> 7'0000001: $flatten\u_dec.$6\illegal[0:0]
      5: 7'1100011 -> 7'0011110 -> 7'0000110: $flatten\u_dec.$3\illegal[0:0]
    choices: 4
    min choice: 1
    max choice: 7
    range density: 57%
    absolute density: 50%
    full case: false
    created $shiftx cell $auto$pmux2shiftx.cc:712:execute$2924.
Inspecting $pmux cell core_pipe/$procmux$2259.
  data width: 2 (next power-of-2 = 2, log2 = 1)
  checking ctrl signal \ifid_instr [6:0]
    best permutation: { \ifid_instr [4] \ifid_instr [1:0] \ifid_instr [6:5] \ifid_instr [3:2] }
    best xor mask: 7'0110000
      0: 7'0000011 -> 7'0110000 -> 7'0000000: { 1'0 $auto$wreduce.cc:514:run$2915 [0] }
      1: 7'1100111 -> 7'0111101 -> 7'0001101: $flatten\u_dec.$2\wb_sel[1:0]
      2: 7'1101111 -> 7'0111111 -> 7'0001111: 2'10
    choices: 3
    min choice: 0
    max choice: 15
    range density: 18%
    absolute density: 18%
    full density: 2%
    full case: false
    insufficient density.
Removed 5 unused cells and 5 unused wires.

15.17. Executing MEMORY_DFF pass (merging $dff cells to $memrd).
Checking read port `\u_rf.regs'[0] in module `\core_pipe': FF found, but with a mux select that doesn't seem to correspond to transparency logic.
Checking read port `\u_rf.regs'[1] in module `\core_pipe': FF found, but with a mux select that doesn't seem to correspond to transparency logic.
Checking read port address `\u_rf.regs'[0] in module `\core_pipe': address FF has async set and/or reset, not supported.
Checking read port address `\u_rf.regs'[1] in module `\core_pipe': address FF has async set and/or reset, not supported.

15.18. Executing TECHMAP pass (map to technology primitives).

15.18.1. Executing Verilog-2005 frontend: /usr/bin/../share/yosys/mul2dsp.v
Parsing Verilog input from `/usr/bin/../share/yosys/mul2dsp.v' to AST representation.
Generating RTLIL representation for module `\_80_mul'.
Generating RTLIL representation for module `\_90_soft_mul'.
Successfully finished Verilog frontend.

15.18.2. Executing Verilog-2005 frontend: /usr/bin/../share/yosys/xilinx/xc7_dsp_map.v
Parsing Verilog input from `/usr/bin/../share/yosys/xilinx/xc7_dsp_map.v' to AST representation.
Generating RTLIL representation for module `\$__MUL25X18'.
Successfully finished Verilog frontend.

15.18.3. Continuing TECHMAP pass.
Using template $paramod$a6723094dea62072dba32ab67b56b3cb58dc0d5a\_80_mul for cells of type $mul.
Using template $paramod$395213c3917c8eeb1e1c3f3ae1e4925be9b6a279\_80_mul for cells of type $mul.
Using template $paramod$0ca0a2beabfb02adcfc3d390a7383e9d741a383c\_80_mul for cells of type $__mul.
Using template $paramod$f0959df10ae1505b2ef291b098c3c46396c2eac6\_80_mul for cells of type $__mul.
Using template $paramod$cfb4b1dd2da69458d213ec6be14a680b5f99155d\_80_mul for cells of type $__mul.
Using template $paramod$b326ef45623603cb0c298ae1eaab5028a2154cf7\_80_mul for cells of type $__mul.
Using template $paramod$f972920bca387dff277a14b66740df03199c53c0\_80_mul for cells of type $__mul.
Using template $paramod$602e0e7361d660412e3c0104fc9be56fc132949a\_80_mul for cells of type $__mul.
Using template $paramod$9aaf69a32d544a8319d193bef0e4e628b501c242\$__MUL25X18 for cells of type $__MUL25X18.
Using template $paramod$730e32f1699b3bb5ffc197cfe581372099362ff3\$__MUL25X18 for cells of type $__MUL25X18.
No more expansions possible.
<suppressed ~654 debug messages>

15.19. Executing OPT_EXPR pass (perform const folding).
Optimizing module core_pipe.
<suppressed ~3 debug messages>

15.20. Executing WREDUCE pass (reducing word size of cells).
Removed top 17 bits (of 32) from port Y of cell core_pipe.$techmap$flatten\u_alu.$mul$rtl/core/alu.sv:32$13.$add$/usr/bin/../share/yosys/mul2dsp.v:173$2932 ($add).
Removed top 17 bits (of 32) from port A of cell core_pipe.$techmap$flatten\u_alu.$mul$rtl/core/alu.sv:32$13.$add$/usr/bin/../share/yosys/mul2dsp.v:173$2932 ($add).
Removed top 15 bits (of 32) from port B of cell core_pipe.$techmap$flatten\u_alu.$mul$rtl/core/alu.sv:32$13.genblk1.genblk1.genblk1.genblk1.genblk1.genblk1.genblk1.sliceA.last.$add$/usr/bin/../share/yosys/mul2dsp.v:230$2935 ($add).
Removed cell core_pipe.$techmap$flatten\u_alu.$mul$rtl/core/alu.sv:32$13.genblk1.genblk1.genblk1.genblk1.genblk1.genblk1.genblk1.sliceA.last.$add$/usr/bin/../share/yosys/mul2dsp.v:230$2935 ($add).
Removed top 2 bits (of 17) from port Y of cell core_pipe.$techmap$flatten\u_alu.$mul$rtl/core/alu.sv:32$13.genblk1.genblk1.genblk1.genblk1.genblk1.genblk1.genblk1.sliceA[0].mul.$add$/usr/bin/../share/yosys/mul2dsp.v:230$2938 ($add).
Removed top 2 bits (of 17) from port A of cell core_pipe.$techmap$flatten\u_alu.$mul$rtl/core/alu.sv:32$13.genblk1.genblk1.genblk1.genblk1.genblk1.genblk1.genblk1.sliceA[0].mul.$add$/usr/bin/../share/yosys/mul2dsp.v:230$2938 ($add).

15.21. Executing XILINX_DSP pass (pack resources into DSPs).
Analysing core_pipe.$flatten\u_alu.$mul$rtl/core/alu.sv:32$13.genblk1.genblk1.genblk1.genblk1.genblk1.genblk1.genblk1.sliceA[0].mul.genblk1.genblk1.genblk1.genblk1.genblk1.genblk1.genblk1.genblk1.mul_sliceB_last for Xilinx DSP packing.
  postadder $techmap$flatten\u_alu.$mul$rtl/core/alu.sv:32$13.genblk1.genblk1.genblk1.genblk1.genblk1.genblk1.genblk1.sliceA[0].mul.$add$/usr/bin/../share/yosys/mul2dsp.v:230$2938 ($add)

Analysing core_pipe.$flatten\u_alu.$mul$rtl/core/alu.sv:32$13.genblk1.genblk1.genblk1.genblk1.genblk1.genblk1.genblk1.sliceA[0].mul.genblk1.genblk1.genblk1.genblk1.genblk1.genblk1.genblk1.genblk1.sliceB[0].mul for Xilinx DSP packing.

Analysing core_pipe.$flatten\u_alu.$mul$rtl/core/alu.sv:32$13.genblk1.genblk1.genblk1.genblk1.genblk1.genblk1.genblk1.sliceA.last.genblk1.genblk1.genblk1.genblk1.genblk1.genblk1.genblk1.genblk1.sliceB[0].mul for Xilinx DSP packing.
  postadder $techmap$flatten\u_alu.$mul$rtl/core/alu.sv:32$13.$add$/usr/bin/../share/yosys/mul2dsp.v:173$2932 ($add)

<suppressed ~42 debug messages>

15.22. Executing TECHMAP pass (map to technology primitives).

15.22.1. Executing Verilog-2005 frontend: /usr/bin/../share/yosys/cmp2lut.v
Parsing Verilog input from `/usr/bin/../share/yosys/cmp2lut.v' to AST representation.
Generating RTLIL representation for module `\_90_lut_cmp_'.
Successfully finished Verilog frontend.

15.22.2. Executing Verilog-2005 frontend: /usr/bin/../share/yosys/cmp2lcu.v
Parsing Verilog input from `/usr/bin/../share/yosys/cmp2lcu.v' to AST representation.
Generating RTLIL representation for module `\_80_lcu_cmp_'.
Generating RTLIL representation for module `\$__CMP2LCU'.
Successfully finished Verilog frontend.

15.22.3. Continuing TECHMAP pass.
Using template $paramod$d5de20e7d2f4e42d0bb14c5c99f5dd4d7cf7d159\_80_lcu_cmp_ for cells of type $lt.
Using template $paramod$5140946ee346318f29859a75f746d3d97c0b1c43\_80_lcu_cmp_ for cells of type $lt.
Using template $paramod$efc6276d5269699a74f97af6fbf0bafe6acc3e19\_80_lcu_cmp_ for cells of type $gt.
Using template $paramod$c6025fc778b17975e80833db9ed8575b2c5a9306\_80_lcu_cmp_ for cells of type $gt.
Using template $paramod$45f2f108157929267f6a876bda8209e58f25e0cd\$__CMP2LCU for cells of type $__CMP2LCU.
Using template $paramod$4324157e16a60fc2fe5e489d90325d8108981966\$__CMP2LCU for cells of type $__CMP2LCU.
Using template $paramod$6685b98533bd405fdb66177f608eed8f76d21e8d\$__CMP2LCU for cells of type $__CMP2LCU.
Using template $paramod$8a9e823e249a18cf40e8e3311ed4e0b87be604a3\$__CMP2LCU for cells of type $__CMP2LCU.
Using template $paramod$3e249468c598b509b2189213d155ba6eb7f2b51e\$__CMP2LCU for cells of type $__CMP2LCU.
Using template $paramod$8bd824ba2533c8480636f690575d8203304ffa5a\$__CMP2LCU for cells of type $__CMP2LCU.
Using template $paramod$c7212ca15062f404a4a2b88cc72c0bba52776650\$__CMP2LCU for cells of type $__CMP2LCU.
Using template $paramod$46d8cbacee00d8ff946ef2f8aaadd92906683b31\$__CMP2LCU for cells of type $__CMP2LCU.
Using template $paramod$f0e75a3f09301560d3386ea17b4f2c1327bc66dd\$__CMP2LCU for cells of type $__CMP2LCU.
Using template $paramod$304404e4f7c11f383c19ceb65b9570973a882e40\$__CMP2LCU for cells of type $__CMP2LCU.
Using template $paramod$4ba603f7f099c7c26d77d00610446050688190ee\$__CMP2LCU for cells of type $__CMP2LCU.
Using template $paramod$80f528699b7df9e1ac70774aaf402c997178d092\$__CMP2LCU for cells of type $__CMP2LCU.
Using template $paramod$744a3dbaebfdf08651817a6a3870fb6e34065a4b\$__CMP2LCU for cells of type $__CMP2LCU.
Using template $paramod$e31b294a0680e72a03b6421c4eff5316c662db3d\$__CMP2LCU for cells of type $__CMP2LCU.
Using template $paramod$7576c1d57da290ee243a300e703225fce44b9803\$__CMP2LCU for cells of type $__CMP2LCU.
Using template $paramod$53f2488f7b67c23d1fcbecae9e0ea65a2fa70428\$__CMP2LCU for cells of type $__CMP2LCU.
Using template $paramod$c9ed519a964df09a49f3e136e9a8f41840e8876a\$__CMP2LCU for cells of type $__CMP2LCU.
Using template $paramod$0c9c1994e65d84e02829afc11150d4ace924add3\$__CMP2LCU for cells of type $__CMP2LCU.
Using template $paramod$5e58b3bd644282af0bf8b48f45207bc98dc20ef3\$__CMP2LCU for cells of type $__CMP2LCU.
Using template $paramod$0a630c7ca44f699d41e14b58085cae102f4a57e6\$__CMP2LCU for cells of type $__CMP2LCU.
Using template $paramod$4d196030c0f57d436091051b21d6bb5652c88bdd\$__CMP2LCU for cells of type $__CMP2LCU.
Using template $paramod$a1604c510d79d890fb2868e900d37a29b4d33ee3\$__CMP2LCU for cells of type $__CMP2LCU.
Using template $paramod$b20bd01da13bb71480541a66493586b32ca46765\$__CMP2LCU for cells of type $__CMP2LCU.
Using template $paramod$5a250c323c4f8bfcef72ea167c7d79512a3e5405\$__CMP2LCU for cells of type $__CMP2LCU.
Using template $paramod$0d1c5d55b7717105a370eb36460beba579328517\$__CMP2LCU for cells of type $__CMP2LCU.
Using template $paramod$13d4153ea76e985055406d938a091c90f56b0277\$__CMP2LCU for cells of type $__CMP2LCU.
Using template $paramod$363e70ff8e24ba1bf2ed3f1f4d33b8ccb7ba185e\$__CMP2LCU for cells of type $__CMP2LCU.
Using template $paramod$11b8e473205c8b79e1be9acfa001660fb9d50bd1\$__CMP2LCU for cells of type $__CMP2LCU.
Using template $paramod$1ca700f56654682268050c8ab6733dff28f9b2a5\$__CMP2LCU for cells of type $__CMP2LCU.
Using template $paramod$94cda45a04705f83a6e7b7a966d2cbcd39ec8c26\$__CMP2LCU for cells of type $__CMP2LCU.
Using template $paramod$686e7902c0bb73ab4ee57ada26ce8851342c73af\$__CMP2LCU for cells of type $__CMP2LCU.
Using template $paramod$e480769f5d3ef623ff56c3d36800340fb75643ea\$__CMP2LCU for cells of type $__CMP2LCU.
Using template $paramod$be320ef6745d9eeeb33444d43da2a288ef0f44d5\$__CMP2LCU for cells of type $__CMP2LCU.
Using template $paramod$71110619de8135fa234c90ca2447467db547669d\$__CMP2LCU for cells of type $__CMP2LCU.
Using template $paramod$54b223acb87382da9e21d725275b34aa5e4c52d1\$__CMP2LCU for cells of type $__CMP2LCU.
Using template $paramod$38471edb7e30bdc6941190928d73c31f8cb982e5\$__CMP2LCU for cells of type $__CMP2LCU.
Using template $paramod$efa446ef96a12a9e243554fe24eef4fdcede1df2\$__CMP2LCU for cells of type $__CMP2LCU.
Using template $paramod$a6781ebb7c56c586e2d8d947dcb7aca1ee56d927\$__CMP2LCU for cells of type $__CMP2LCU.
Using template $paramod$a402a57fb4f8635f34f639590edc3af926716964\$__CMP2LCU for cells of type $__CMP2LCU.
Using template $paramod$54e2971e53f479d5081c818457fbe5faf0d4152b\$__CMP2LCU for cells of type $__CMP2LCU.
Using template $paramod$6e395552c29a4cc17a53ca4a0c9888b692696692\$__CMP2LCU for cells of type $__CMP2LCU.
Using template $paramod$9510b4ae2d2e1a5822e02239cb6f533a771aeddb\$__CMP2LCU for cells of type $__CMP2LCU.
Using template $paramod$9bf1cfecaccd5accd8939bf444a2be7c77effa2e\$__CMP2LCU for cells of type $__CMP2LCU.
Using template $paramod$a5a8361ebacb29a09a46635083622c4d035708f3\$__CMP2LCU for cells of type $__CMP2LCU.
No more expansions possible.
<suppressed ~1281 debug messages>

15.23. Executing ALUMACC pass (create $alu and $macc cells).
Extracting $alu and $macc cells in module core_pipe:
  creating $macc model for $add$rtl/core/core_pipe.sv:198$191 ($add).
  creating $macc model for $add$rtl/core/core_pipe.sv:208$195 ($add).
  creating $macc model for $add$rtl/core/core_pipe.sv:245$225 ($add).
  creating $macc model for $flatten\u_alu.$add$rtl/core/alu.sv:22$5 ($add).
  creating $macc model for $add$rtl/core/core_pipe.sv:197$189 ($add).
  creating $macc model for $flatten\u_alu.$sub$rtl/core/alu.sv:23$6 ($sub).
  creating $alu model for $macc $flatten\u_alu.$sub$rtl/core/alu.sv:23$6.
  creating $alu model for $macc $add$rtl/core/core_pipe.sv:197$189.
  creating $alu model for $macc $flatten\u_alu.$add$rtl/core/alu.sv:22$5.
  creating $alu model for $macc $add$rtl/core/core_pipe.sv:245$225.
  creating $alu model for $macc $add$rtl/core/core_pipe.sv:208$195.
  creating $alu model for $macc $add$rtl/core/core_pipe.sv:198$191.
  creating $alu model for $flatten\u_alu.$eq$rtl/core/alu.sv:16$1 ($eq): merged with $flatten\u_alu.$sub$rtl/core/alu.sv:23$6.
  creating $alu cell for $add$rtl/core/core_pipe.sv:198$191: $auto$alumacc.cc:495:replace_alu$3241
  creating $alu cell for $add$rtl/core/core_pipe.sv:208$195: $auto$alumacc.cc:495:replace_alu$3244
  creating $alu cell for $add$rtl/core/core_pipe.sv:245$225: $auto$alumacc.cc:495:replace_alu$3247
  creating $alu cell for $flatten\u_alu.$add$rtl/core/alu.sv:22$5: $auto$alumacc.cc:495:replace_alu$3250
  creating $alu cell for $add$rtl/core/core_pipe.sv:197$189: $auto$alumacc.cc:495:replace_alu$3253
  creating $alu cell for $flatten\u_alu.$sub$rtl/core/alu.sv:23$6, $flatten\u_alu.$eq$rtl/core/alu.sv:16$1: $auto$alumacc.cc:495:replace_alu$3256
  created 6 $alu and 0 $macc cells.

15.24. Executing SHARE pass (SAT-based resource sharing).
Found 5 cells in module core_pipe that may be considered for resource sharing.
  Analyzing resource sharing options for $flatten\u_rf.$memrd$\regs$rtl/core/regfile.sv:54$253 ($memrd):
    Found 1 activation_patterns using ctrl signal { \u_rf.hit2 $flatten\u_rf.$eq$rtl/core/regfile.sv:49$252_Y }.
    Found 1 candidates: $flatten\u_rf.$memrd$\regs$rtl/core/regfile.sv:47$251
    Analyzing resource sharing with $flatten\u_rf.$memrd$\regs$rtl/core/regfile.sv:47$251 ($memrd):
      Found 1 activation_patterns using ctrl signal { \u_rf.hit1 $flatten\u_rf.$eq$rtl/core/regfile.sv:42$250_Y }.
      Activation pattern for cell $flatten\u_rf.$memrd$\regs$rtl/core/regfile.sv:54$253: { \u_rf.hit2 $flatten\u_rf.$eq$rtl/core/regfile.sv:49$252_Y } = 2'00
      Activation pattern for cell $flatten\u_rf.$memrd$\regs$rtl/core/regfile.sv:47$251: { \u_rf.hit1 $flatten\u_rf.$eq$rtl/core/regfile.sv:42$250_Y } = 2'00
      Size of SAT problem: 10 cells, 112 variables, 278 clauses
      According to the SAT solver this pair of cells can not be shared.
      Model from SAT solver: { \u_rf.hit2 \u_rf.hit1 $flatten\u_rf.$eq$rtl/core/regfile.sv:42$250_Y $flatten\u_rf.$eq$rtl/core/regfile.sv:49$252_Y } = 4'0000
  Analyzing resource sharing options for $flatten\u_rf.$memrd$\regs$rtl/core/regfile.sv:47$251 ($memrd):
    Found 1 activation_patterns using ctrl signal { \u_rf.hit1 $flatten\u_rf.$eq$rtl/core/regfile.sv:42$250_Y }.
    No candidates found.
  Analyzing resource sharing options for $flatten\u_alu.$sshr$rtl/core/alu.sv:29$10 ($sshr):
    Found 1 activation_patterns using ctrl signal { $eq$rtl/core/core_pipe.sv:208$194_Y \idex_is_cus \idex_alu_op [10] }.
    No candidates found.
  Analyzing resource sharing options for $flatten\u_alu.$shr$rtl/core/alu.sv:28$9 ($shr):
    Found 1 activation_patterns using ctrl signal { $eq$rtl/core/core_pipe.sv:208$194_Y \idex_is_cus \idex_alu_op [5] }.
    No candidates found.
  Analyzing resource sharing options for $flatten\u_alu.$shl$rtl/core/alu.sv:24$7 ($shl):
    Found 1 activation_patterns using ctrl signal { $eq$rtl/core/core_pipe.sv:208$194_Y \idex_is_cus \idex_alu_op [3] }.
    No candidates found.

15.25. Executing OPT pass (performing simple optimizations).

15.25.1. Executing OPT_EXPR pass (perform const folding).
Optimizing module core_pipe.
<suppressed ~65 debug messages>

15.25.2. Executing OPT_MERGE pass (detect identical cells).
Finding identical cells in module `\core_pipe'.
<suppressed ~465 debug messages>
Removed a total of 155 cells.

15.25.3. Executing OPT_MUXTREE pass (detect dead branches in mux trees).
Running muxtree optimizer on module \core_pipe..
  Creating internal representation of mux trees.
  Evaluating internal representation of mux trees.
  Analyzing evaluation results.
    dead port 1/7 on $pmux $procmux$1501.
    dead port 2/7 on $pmux $procmux$1501.
    dead port 3/7 on $pmux $procmux$1501.
    dead port 4/7 on $pmux $procmux$1501.
    dead port 5/7 on $pmux $procmux$1501.
    dead port 7/7 on $pmux $procmux$1501.
    dead port 2/9 on $pmux $procmux$2211.
    dead port 3/9 on $pmux $procmux$2211.
    dead port 4/9 on $pmux $procmux$2211.
    dead port 6/9 on $pmux $procmux$2211.
Removed 10 multiplexer ports.
<suppressed ~37 debug messages>

15.25.4. Executing OPT_REDUCE pass (consolidate $*mux and $reduce_* inputs).
  Optimizing cells in module \core_pipe.
Performed a total of 0 changes.

15.25.5. Executing OPT_MERGE pass (detect identical cells).
Finding identical cells in module `\core_pipe'.
<suppressed ~6 debug messages>
Removed a total of 2 cells.

15.25.6. Executing OPT_DFF pass (perform DFF optimizations).

15.25.7. Executing OPT_CLEAN pass (remove unused cells and wires).
Finding unused cells or wires in module \core_pipe..
Removed 1 unused cells and 993 unused wires.
<suppressed ~2 debug messages>

15.25.8. Executing OPT_EXPR pass (perform const folding).
Optimizing module core_pipe.

15.25.9. Rerunning OPT passes. (Maybe there is more to do..)

15.25.10. Executing OPT_MUXTREE pass (detect dead branches in mux trees).
Running muxtree optimizer on module \core_pipe..
  Creating internal representation of mux trees.
  Evaluating internal representation of mux trees.
  Analyzing evaluation results.
Removed 0 multiplexer ports.
<suppressed ~36 debug messages>

15.25.11. Executing OPT_REDUCE pass (consolidate $*mux and $reduce_* inputs).
  Optimizing cells in module \core_pipe.
Performed a total of 0 changes.

15.25.12. Executing OPT_MERGE pass (detect identical cells).
Finding identical cells in module `\core_pipe'.
Removed a total of 0 cells.

15.25.13. Executing OPT_DFF pass (perform DFF optimizations).

15.25.14. Executing OPT_CLEAN pass (remove unused cells and wires).
Finding unused cells or wires in module \core_pipe..

15.25.15. Executing OPT_EXPR pass (perform const folding).
Optimizing module core_pipe.

15.25.16. Finished OPT passes. (There is nothing left to do.)

15.26. Executing MEMORY pass.

15.26.1. Executing OPT_MEM pass (optimize memories).
Performed a total of 0 transformations.

15.26.2. Executing OPT_MEM_PRIORITY pass (removing unnecessary memory write priority relations).
Performed a total of 0 transformations.

15.26.3. Executing OPT_MEM_FEEDBACK pass (finding memory read-to-write feedback paths).
  Analyzing core_pipe.u_rf.regs write port 0.

15.26.4. Executing MEMORY_BMUX2ROM pass (converting muxes to ROMs).

15.26.5. Executing MEMORY_DFF pass (merging $dff cells to $memrd).
Checking read port `\u_rf.regs'[0] in module `\core_pipe': FF found, but with a mux select that doesn't seem to correspond to transparency logic.
Checking read port `\u_rf.regs'[1] in module `\core_pipe': FF found, but with a mux select that doesn't seem to correspond to transparency logic.
Checking read port address `\u_rf.regs'[0] in module `\core_pipe': address FF has async set and/or reset, not supported.
Checking read port address `\u_rf.regs'[1] in module `\core_pipe': address FF has async set and/or reset, not supported.

15.26.6. Executing OPT_CLEAN pass (remove unused cells and wires).
Finding unused cells or wires in module \core_pipe..

15.26.7. Executing MEMORY_SHARE pass (consolidating $memrd/$memwr cells).
Consolidating read ports of memory core_pipe.u_rf.regs by address:

15.26.8. Executing OPT_MEM_WIDEN pass (optimize memories where all ports are wide).
Performed a total of 0 transformations.

15.26.9. Executing OPT_CLEAN pass (remove unused cells and wires).
Finding unused cells or wires in module \core_pipe..

15.26.10. Executing MEMORY_COLLECT pass (generating $mem cells).

15.27. Executing OPT_CLEAN pass (remove unused cells and wires).
Finding unused cells or wires in module \core_pipe..

15.28. Executing MEMORY_LIBMAP pass (mapping memories to cells).
mapping memory core_pipe.u_rf.regs via $__XILINX_LUTRAM_SDP_
<suppressed ~252 debug messages>

15.29. Executing TECHMAP pass (map to technology primitives).

15.29.1. Executing Verilog-2005 frontend: /usr/bin/../share/yosys/xilinx/lutrams_xc5v_map.v
Parsing Verilog input from `/usr/bin/../share/yosys/xilinx/lutrams_xc5v_map.v' to AST representation.
Generating RTLIL representation for module `\$__XILINX_LUTRAM_SP_'.
Generating RTLIL representation for module `\$__XILINX_LUTRAM_DP_'.
Generating RTLIL representation for module `\$__XILINX_LUTRAM_QP_'.
Generating RTLIL representation for module `\$__XILINX_LUTRAM_OP_'.
Generating RTLIL representation for module `\$__XILINX_LUTRAM_SDP_'.
Generating RTLIL representation for module `\$__XILINX_LUTRAM_64X8SW_'.
Generating RTLIL representation for module `\$__XILINX_LUTRAM_32X16DR8_'.
Successfully finished Verilog frontend.

15.29.2. Continuing TECHMAP pass.
Using template $paramod$31933bc0586e304f9d4048cafdcf94ebf308e40b\$__XILINX_LUTRAM_SDP_ for cells of type $__XILINX_LUTRAM_SDP_.
Using template $paramod$b46e790e1a546c1d0fce1965900bc12ee9561e85\$__XILINX_LUTRAM_SDP_ for cells of type $__XILINX_LUTRAM_SDP_.
No more expansions possible.
<suppressed ~55 debug messages>

15.30. Executing TECHMAP pass (map to technology primitives).

15.30.1. Executing Verilog-2005 frontend: /usr/bin/../share/yosys/xilinx/brams_xc6v_map.v
Parsing Verilog input from `/usr/bin/../share/yosys/xilinx/brams_xc6v_map.v' to AST representation.
Generating RTLIL representation for module `\$__XILINX_BLOCKRAM_TDP_'.
Generating RTLIL representation for module `\$__XILINX_BLOCKRAM_SDP_'.
Successfully finished Verilog frontend.

15.30.2. Continuing TECHMAP pass.
No more expansions possible.
<suppressed ~4 debug messages>

15.31. Executing OPT pass (performing simple optimizations).

15.31.1. Executing OPT_EXPR pass (perform const folding).
Optimizing module core_pipe.
<suppressed ~25 debug messages>

15.31.2. Executing OPT_MERGE pass (detect identical cells).
Finding identical cells in module `\core_pipe'.
Removed a total of 0 cells.

15.31.3. Executing OPT_DFF pass (perform DFF optimizations).
Adding EN signal on $auto$ff.cc:266:slice$2912 ($adffe) from module core_pipe (D = \pc_next [1:0], Q = \pc [1:0]).

15.31.4. Executing OPT_CLEAN pass (remove unused cells and wires).
Finding unused cells or wires in module \core_pipe..
Removed 1 unused cells and 85 unused wires.
<suppressed ~2 debug messages>

15.31.5. Rerunning OPT passes. (Removed registers in this run.)

15.31.6. Executing OPT_EXPR pass (perform const folding).
Optimizing module core_pipe.
<suppressed ~3 debug messages>

15.31.7. Executing OPT_MERGE pass (detect identical cells).
Finding identical cells in module `\core_pipe'.
Removed a total of 0 cells.

15.31.8. Executing OPT_DFF pass (perform DFF optimizations).

15.31.9. Executing OPT_CLEAN pass (remove unused cells and wires).
Finding unused cells or wires in module \core_pipe..

15.31.10. Finished fast OPT passes.

15.32. Executing MEMORY_MAP pass (converting memories to logic and flip-flops).

15.33. Executing OPT pass (performing simple optimizations).

15.33.1. Executing OPT_EXPR pass (perform const folding).
Optimizing module core_pipe.

15.33.2. Executing OPT_MERGE pass (detect identical cells).
Finding identical cells in module `\core_pipe'.
Removed a total of 0 cells.

15.33.3. Executing OPT_MUXTREE pass (detect dead branches in mux trees).
Running muxtree optimizer on module \core_pipe..
  Creating internal representation of mux trees.
  Evaluating internal representation of mux trees.
  Analyzing evaluation results.
Removed 0 multiplexer ports.
<suppressed ~24 debug messages>

15.33.4. Executing OPT_REDUCE pass (consolidate $*mux and $reduce_* inputs).
  Optimizing cells in module \core_pipe.
    Consolidated identical input bits for $mux cell $procmux$2126:
      Old ports: A=2'00, B=2'10, Y=$flatten\u_dec.$2\wb_sel[1:0]
      New ports: A=1'0, B=1'1, Y=$flatten\u_dec.$2\wb_sel[1:0] [1]
      New connections: $flatten\u_dec.$2\wb_sel[1:0] [0] = 1'0
  Optimizing cells in module \core_pipe.
Performed a total of 1 changes.

15.33.5. Executing OPT_MERGE pass (detect identical cells).
Finding identical cells in module `\core_pipe'.
Removed a total of 0 cells.

15.33.6. Executing OPT_SHARE pass.

15.33.7. Executing OPT_DFF pass (perform DFF optimizations).

15.33.8. Executing OPT_CLEAN pass (remove unused cells and wires).
Finding unused cells or wires in module \core_pipe..

15.33.9. Executing OPT_EXPR pass (perform const folding).
Optimizing module core_pipe.
<suppressed ~1 debug messages>

15.33.10. Rerunning OPT passes. (Maybe there is more to do..)

15.33.11. Executing OPT_MUXTREE pass (detect dead branches in mux trees).
Running muxtree optimizer on module \core_pipe..
  Creating internal representation of mux trees.
  Evaluating internal representation of mux trees.
  Analyzing evaluation results.
Removed 0 multiplexer ports.
<suppressed ~24 debug messages>

15.33.12. Executing OPT_REDUCE pass (consolidate $*mux and $reduce_* inputs).
  Optimizing cells in module \core_pipe.
Performed a total of 0 changes.

15.33.13. Executing OPT_MERGE pass (detect identical cells).
Finding identical cells in module `\core_pipe'.
Removed a total of 0 cells.

15.33.14. Executing OPT_SHARE pass.

15.33.15. Executing OPT_DFF pass (perform DFF optimizations).

15.33.16. Executing OPT_CLEAN pass (remove unused cells and wires).
Finding unused cells or wires in module \core_pipe..
Removed 0 unused cells and 1 unused wires.
<suppressed ~1 debug messages>

15.33.17. Executing OPT_EXPR pass (perform const folding).
Optimizing module core_pipe.

15.33.18. Rerunning OPT passes. (Maybe there is more to do..)

15.33.19. Executing OPT_MUXTREE pass (detect dead branches in mux trees).
Running muxtree optimizer on module \core_pipe..
  Creating internal representation of mux trees.
  Evaluating internal representation of mux trees.
  Analyzing evaluation results.
Removed 0 multiplexer ports.
<suppressed ~24 debug messages>

15.33.20. Executing OPT_REDUCE pass (consolidate $*mux and $reduce_* inputs).
  Optimizing cells in module \core_pipe.
Performed a total of 0 changes.

15.33.21. Executing OPT_MERGE pass (detect identical cells).
Finding identical cells in module `\core_pipe'.
Removed a total of 0 cells.

15.33.22. Executing OPT_SHARE pass.

15.33.23. Executing OPT_DFF pass (perform DFF optimizations).

15.33.24. Executing OPT_CLEAN pass (remove unused cells and wires).
Finding unused cells or wires in module \core_pipe..

15.33.25. Executing OPT_EXPR pass (perform const folding).
Optimizing module core_pipe.

15.33.26. Finished OPT passes. (There is nothing left to do.)

15.34. Executing XILINX_SRL pass (Xilinx shift register extraction).

15.35. Executing TECHMAP pass (map to technology primitives).

15.35.1. Executing Verilog-2005 frontend: /usr/bin/../share/yosys/techmap.v
Parsing Verilog input from `/usr/bin/../share/yosys/techmap.v' to AST representation.
Generating RTLIL representation for module `\_90_simplemap_bool_ops'.
Generating RTLIL representation for module `\_90_simplemap_reduce_ops'.
Generating RTLIL representation for module `\_90_simplemap_logic_ops'.
Generating RTLIL representation for module `\_90_simplemap_compare_ops'.
Generating RTLIL representation for module `\_90_simplemap_various'.
Generating RTLIL representation for module `\_90_simplemap_registers'.
Generating RTLIL representation for module `\_90_shift_ops_shr_shl_sshl_sshr'.
Generating RTLIL representation for module `\_90_shift_shiftx'.
Generating RTLIL representation for module `\_90_fa'.
Generating RTLIL representation for module `\_90_lcu_brent_kung'.
Generating RTLIL representation for module `\_90_alu'.
Generating RTLIL representation for module `\_90_macc'.
Generating RTLIL representation for module `\_90_alumacc'.
Generating RTLIL representation for module `\$__div_mod_u'.
Generating RTLIL representation for module `\$__div_mod_trunc'.
Generating RTLIL representation for module `\_90_div'.
Generating RTLIL representation for module `\_90_mod'.
Generating RTLIL representation for module `\$__div_mod_floor'.
Generating RTLIL representation for module `\_90_divfloor'.
Generating RTLIL representation for module `\_90_modfloor'.
Generating RTLIL representation for module `\_90_pow'.
Generating RTLIL representation for module `\_90_pmux'.
Generating RTLIL representation for module `\_90_demux'.
Generating RTLIL representation for module `\_90_lut'.
Successfully finished Verilog frontend.

15.35.2. Executing Verilog-2005 frontend: /usr/bin/../share/yosys/xilinx/arith_map.v
Parsing Verilog input from `/usr/bin/../share/yosys/xilinx/arith_map.v' to AST representation.
Generating RTLIL representation for module `\_80_xilinx_lcu'.
Generating RTLIL representation for module `\_80_xilinx_alu'.
Successfully finished Verilog frontend.

15.35.3. Continuing TECHMAP pass.
Using extmapper simplemap for cells of type $reduce_or.
Using extmapper simplemap for cells of type $eq.
Using extmapper simplemap for cells of type $and.
Using extmapper simplemap for cells of type $adff.
Using extmapper simplemap for cells of type $logic_not.
Using template $paramod$d31bf4d7d72e59528d18fbd4f322e9d608532043\_90_pmux for cells of type $pmux.
Using template $paramod$constmap:a245c3c7020783f21a95662ea383afbf2f432d09$paramod$70307b0c46f360cdc944ccde23e9e2e58bd145d8\_90_shift_shiftx for cells of type $shiftx.
Using extmapper simplemap for cells of type $not.
Using extmapper simplemap for cells of type $reduce_bool.
Using extmapper simplemap for cells of type $xnor.
Using extmapper simplemap for cells of type $or.
Using extmapper simplemap for cells of type $logic_and.
Using template $paramod$4fc821520cb3a924f2bc6fa8576a539779b37dc8\_80_xilinx_alu for cells of type $alu.
Using template $paramod$8fabc56b80a569262acfc42757a02ca0b8e91278\_90_pmux for cells of type $pmux.
Using template $paramod$constmap:4621fcf06a436d1e2a4080e2ed9866a7d07a6e07$paramod$335cfd09f1afa8139c4aafcbbe5f361887b79c5e\_90_shift_ops_shr_shl_sshl_sshr for cells of type $shl.
Using extmapper simplemap for cells of type $xor.
Using template $paramod$constmap:4621fcf06a436d1e2a4080e2ed9866a7d07a6e07$paramod$feecc7a0dbd012970970f2858f15e786e251f677\_90_shift_ops_shr_shl_sshl_sshr for cells of type $shr.
Using template $paramod$constmap:4621fcf06a436d1e2a4080e2ed9866a7d07a6e07$paramod$e765c459d3029c22a22a27989e94858fd9ebfa9c\_90_shift_ops_shr_shl_sshl_sshr for cells of type $sshr.
Using template $paramod$25c4246495a9f56061a0efa92b046161d5d15f2e\_80_xilinx_alu for cells of type $alu.
Using template $paramod$599fc21b257bc9b96c6caef6b35a2ec30d8fdbca\_80_xilinx_alu for cells of type $alu.
Using template $paramod\_80_xilinx_lcu\WIDTH=s32'00000000000000000000000000001011 for cells of type $lcu.
Using template $paramod$a5f0941832cc861549e29ccafffe20bfdf2e5528\_90_pmux for cells of type $pmux.
Using extmapper simplemap for cells of type $reduce_and.
Using extmapper simplemap for cells of type $adffe.
Using template $paramod$c5c783b17ab1d780abfad8cfe6563a0a7b47a3b0\_90_pmux for cells of type $pmux.
Using template $paramod$constmap:de3323eac59213ccefff809d04b4036ff3be9853$paramod$b2e85733ada4e92472b617be42677b51fe476597\_90_shift_shiftx for cells of type $shiftx.
Using template $paramod$constmap:72d5c9d0672bd7fe71ca29259616905366285f54$paramod$2135cf178ab343577102d2d1f6f466e244799dcd\_90_shift_shiftx for cells of type $shift.
Using extmapper simplemap for cells of type $ne.
Using template $paramod$d629d85c8826a74239b9178d1930215a43b0ceb0\_90_pmux for cells of type $pmux.
Using template $paramod$b3b6ac92d800c6f07aa48f510f923d86a674e5a7\_90_pmux for cells of type $pmux.
Using template $paramod$97565c3687be688407d1272a293bd9d0ae6852dc\_90_pmux for cells of type $pmux.
Using template $paramod$bf541dd3c0ba8228982b61e7bfbc350a2c253f4c\_90_pmux for cells of type $pmux.
Using extmapper simplemap for cells of type $pos.
No more expansions possible.
<suppressed ~2798 debug messages>

15.36. Executing OPT pass (performing simple optimizations).

15.36.1. Executing OPT_EXPR pass (perform const folding).
Optimizing module core_pipe.
<suppressed ~1150 debug messages>

15.36.2. Executing OPT_MERGE pass (detect identical cells).
Finding identical cells in module `\core_pipe'.
<suppressed ~1890 debug messages>
Removed a total of 630 cells.

15.36.3. Executing OPT_DFF pass (perform DFF optimizations).

15.36.4. Executing OPT_CLEAN pass (remove unused cells and wires).
Finding unused cells or wires in module \core_pipe..
Removed 402 unused cells and 916 unused wires.
<suppressed ~403 debug messages>

15.36.5. Finished fast OPT passes.

15.37. Executing IOPADMAP pass (mapping inputs/outputs to IO-PAD cells).
Mapping port core_pipe.clk using IBUF.
Mapping port core_pipe.cus_a using OBUF.
Mapping port core_pipe.cus_b using OBUF.
Mapping port core_pipe.cus_op using OBUF.
Mapping port core_pipe.cus_req using OBUF.
Mapping port core_pipe.cus_result using IBUF.
Mapping port core_pipe.dbg_instr_retiring using OBUF.
Mapping port core_pipe.dbg_pc using OBUF.
Mapping port core_pipe.dmem_addr using OBUF.
Mapping port core_pipe.dmem_rdata using IBUF.
Mapping port core_pipe.dmem_re using OBUF.
Mapping port core_pipe.dmem_wdata using OBUF.
Mapping port core_pipe.dmem_we using OBUF.
Mapping port core_pipe.imem_addr using OBUF.
Mapping port core_pipe.imem_rdata using IBUF.
Mapping port core_pipe.irq using IBUF.
Mapping port core_pipe.rst_n using IBUF.

15.38. Executing TECHMAP pass (map to technology primitives).

15.38.1. Executing Verilog-2005 frontend: /usr/bin/../share/yosys/techmap.v
Parsing Verilog input from `/usr/bin/../share/yosys/techmap.v' to AST representation.
Generating RTLIL representation for module `\_90_simplemap_bool_ops'.
Generating RTLIL representation for module `\_90_simplemap_reduce_ops'.
Generating RTLIL representation for module `\_90_simplemap_logic_ops'.
Generating RTLIL representation for module `\_90_simplemap_compare_ops'.
Generating RTLIL representation for module `\_90_simplemap_various'.
Generating RTLIL representation for module `\_90_simplemap_registers'.
Generating RTLIL representation for module `\_90_shift_ops_shr_shl_sshl_sshr'.
Generating RTLIL representation for module `\_90_shift_shiftx'.
Generating RTLIL representation for module `\_90_fa'.
Generating RTLIL representation for module `\_90_lcu_brent_kung'.
Generating RTLIL representation for module `\_90_alu'.
Generating RTLIL representation for module `\_90_macc'.
Generating RTLIL representation for module `\_90_alumacc'.
Generating RTLIL representation for module `\$__div_mod_u'.
Generating RTLIL representation for module `\$__div_mod_trunc'.
Generating RTLIL representation for module `\_90_div'.
Generating RTLIL representation for module `\_90_mod'.
Generating RTLIL representation for module `\$__div_mod_floor'.
Generating RTLIL representation for module `\_90_divfloor'.
Generating RTLIL representation for module `\_90_modfloor'.
Generating RTLIL representation for module `\_90_pow'.
Generating RTLIL representation for module `\_90_pmux'.
Generating RTLIL representation for module `\_90_demux'.
Generating RTLIL representation for module `\_90_lut'.
Successfully finished Verilog frontend.

15.38.2. Executing Verilog-2005 frontend: /usr/bin/../share/yosys/xilinx/cells_map.v
Parsing Verilog input from `/usr/bin/../share/yosys/xilinx/cells_map.v' to AST representation.
Generating RTLIL representation for module `\$__SHREG_'.
Generating RTLIL representation for module `\$__XILINX_SHREG_'.
Generating RTLIL representation for module `\$__XILINX_MUXF78'.
Successfully finished Verilog frontend.

15.38.3. Continuing TECHMAP pass.
No more expansions possible.
<suppressed ~78 debug messages>
Removed 0 unused cells and 9 unused wires.

15.39. Executing DFFLEGALIZE pass (convert FFs to types supported by the target).

15.40. Executing OPT_EXPR pass (perform const folding).
Optimizing module core_pipe.
<suppressed ~7 debug messages>

15.41. Executing ABC pass (technology mapping using ABC).

15.41.1. Extracting gate netlist of module `\core_pipe' to `<abc-temp-dir>/input.blif'..
Extracted 3286 gates and 4020 wires to a netlist network with 732 inputs and 1182 outputs.

15.41.1.1. Executing ABC.
Running ABC command: "<yosys-exe-dir>/yosys-abc" -s -f <abc-temp-dir>/abc.script 2>&1
ABC: ABC command line: "source <abc-temp-dir>/abc.script".
ABC: 
ABC: + read_blif <abc-temp-dir>/input.blif 
ABC: + read_lut <abc-temp-dir>/lutdefs.txt 
ABC: + strash 
ABC: + &get -n 
ABC: + &fraig -x 
ABC: + &put 
ABC: + scorr 
ABC: Warning: The network is combinational (run "fraig" or "fraig_sweep").
ABC: + dc2 
ABC: + dretime 
ABC: + strash 
ABC: + dch -f 
ABC: + if 
ABC: + mfs2 
ABC: + write_blif <abc-temp-dir>/output.blif 

15.41.1.2. Re-integrating ABC results.
ABC RESULTS:              $lut cells:     1765
ABC RESULTS:        internal signals:     2106
ABC RESULTS:           input signals:      732
ABC RESULTS:          output signals:     1182
Removing temp directory.
Removed 0 unused cells and 2357 unused wires.

15.42. Executing TECHMAP pass (map to technology primitives).

15.42.1. Executing Verilog-2005 frontend: /usr/bin/../share/yosys/xilinx/ff_map.v
Parsing Verilog input from `/usr/bin/../share/yosys/xilinx/ff_map.v' to AST representation.
Generating RTLIL representation for module `\$_DFFE_NP0P_'.
Generating RTLIL representation for module `\$_DFFE_PP0P_'.
Generating RTLIL representation for module `\$_DFFE_NP1P_'.
Generating RTLIL representation for module `\$_DFFE_PP1P_'.
Generating RTLIL representation for module `\$_DFFSRE_NPPP_'.
Generating RTLIL representation for module `\$_DFFSRE_PPPP_'.
Generating RTLIL representation for module `\$_SDFFE_NP0P_'.
Generating RTLIL representation for module `\$_SDFFE_PP0P_'.
Generating RTLIL representation for module `\$_SDFFE_NP1P_'.
Generating RTLIL representation for module `\$_SDFFE_PP1P_'.
Generating RTLIL representation for module `\$_DLATCH_NP0_'.
Generating RTLIL representation for module `\$_DLATCH_PP0_'.
Generating RTLIL representation for module `\$_DLATCH_NP1_'.
Generating RTLIL representation for module `\$_DLATCH_PP1_'.
Generating RTLIL representation for module `\$_DLATCH_NPP_'.
Generating RTLIL representation for module `\$_DLATCH_PPP_'.
Successfully finished Verilog frontend.

15.42.2. Continuing TECHMAP pass.
Using template $paramod\$_DFFE_PP1P_\_TECHMAP_WIREINIT_Q_=1'x for cells of type $_DFFE_PP1P_.
Using template $paramod\$_DFFE_PP0P_\_TECHMAP_WIREINIT_Q_=1'x for cells of type $_DFFE_PP0P_.
No more expansions possible.
<suppressed ~492 debug messages>

15.43. Executing XILINX_SRL pass (Xilinx shift register extraction).

15.44. Executing TECHMAP pass (map to technology primitives).

15.44.1. Executing Verilog-2005 frontend: /usr/bin/../share/yosys/xilinx/lut_map.v
Parsing Verilog input from `/usr/bin/../share/yosys/xilinx/lut_map.v' to AST representation.
Generating RTLIL representation for module `\$lut'.
Successfully finished Verilog frontend.

15.44.2. Executing Verilog-2005 frontend: /usr/bin/../share/yosys/xilinx/cells_map.v
Parsing Verilog input from `/usr/bin/../share/yosys/xilinx/cells_map.v' to AST representation.
Generating RTLIL representation for module `\$__SHREG_'.
Generating RTLIL representation for module `\$__XILINX_SHREG_'.
Generating RTLIL representation for module `\$__XILINX_MUXF78'.
Successfully finished Verilog frontend.

15.44.3. Continuing TECHMAP pass.
Using template $paramod\$lut\WIDTH=32'00000000000000000000000000000001\LUT=2'01 for cells of type $lut.
Using template $paramod\$lut\WIDTH=32'00000000000000000000000000000011\LUT=8'01010011 for cells of type $lut.
Using template $paramod$99a940b1b511157a5f74067e69e21020fb5eae8d\$lut for cells of type $lut.
Using template $paramod\$lut\WIDTH=32'00000000000000000000000000000010\LUT=4'1000 for cells of type $lut.
Using template $paramod$fccccf8bb2add7667329c686feec7546eb9a3ae3\$lut for cells of type $lut.
Using template $paramod$8b09f347504cfc0d3d65fbb4601497936543b1b3\$lut for cells of type $lut.
Using template $paramod$2d07c1a6c53c7b878509360922c4fa5ebedc3011\$lut for cells of type $lut.
Using template $paramod$12e80a38a126de1f973d5eaf5e8b5b2e467c5dba\$lut for cells of type $lut.
Using template $paramod$571404c0889eaf57f492cb5e37f8acb5df5852f9\$lut for cells of type $lut.
Using template $paramod$9148bb9920b5b27e2aa9b89e026f6063a2e163dd\$lut for cells of type $lut.
Using template $paramod$6d6beead1425af15cf78b27fd9b11b41b5d4bce8\$lut for cells of type $lut.
Using template $paramod$28e8ef4d7339092ae2e11e97cdfac71cba40f5ca\$lut for cells of type $lut.
Using template $paramod\$lut\WIDTH=32'00000000000000000000000000000010\LUT=4'0001 for cells of type $lut.
Using template $paramod$5940ce49a45e54d73208e5f6068738ef6aa1ea80\$lut for cells of type $lut.
Using template $paramod\$lut\WIDTH=32'00000000000000000000000000000011\LUT=8'10000000 for cells of type $lut.
Using template $paramod$b913c930706f3b12e8cca7f74cb05622396551f7\$lut for cells of type $lut.
Using template $paramod$e89b0e918a4528fbc37a26fe36408bd4e5f0d8d4\$lut for cells of type $lut.
Using template $paramod$ac3786695579de66e0898ab861a2956e1db6e4b1\$lut for cells of type $lut.
Using template $paramod$9aafcd8a42f17ee4b6df73e471ef63089b2f5884\$lut for cells of type $lut.
Using template $paramod$4bdfaafe4d9ae6563ef9eb455ecb4aeacdc19be9\$lut for cells of type $lut.
Using template $paramod$2cecf1d660c2bf7b93d3d21de029182a620c1f1c\$lut for cells of type $lut.
Using template $paramod$c23fcb383562c41782228972810e9cf2208e4082\$lut for cells of type $lut.
Using template $paramod$6344b6a9e05da861a196b83f80ce4c3a000333f6\$lut for cells of type $lut.
Using template $paramod$ee19d45db61acb4c70d938b97483a4ed4b792645\$lut for cells of type $lut.
Using template $paramod\$lut\WIDTH=32'00000000000000000000000000000010\LUT=4'0100 for cells of type $lut.
Using template $paramod\$lut\WIDTH=32'00000000000000000000000000000011\LUT=8'11001010 for cells of type $lut.
Using template $paramod$2c65c72495770884ad2c281b283c8e2ed2691bb2\$lut for cells of type $lut.
Using template $paramod$495c550ad98f591eb6b05b276efec9f1085242d0\$lut for cells of type $lut.
Using template $paramod\$lut\WIDTH=32'00000000000000000000000000000011\LUT=8'10001111 for cells of type $lut.
Using template $paramod$eba7de026ff587370e320127e266317dae097a89\$lut for cells of type $lut.
Using template $paramod\$lut\WIDTH=32'00000000000000000000000000000010\LUT=4'0110 for cells of type $lut.
Using template $paramod\$lut\WIDTH=32'00000000000000000000000000000011\LUT=8'00000001 for cells of type $lut.
Using template $paramod\$lut\WIDTH=32'00000000000000000000000000000011\LUT=8'00010000 for cells of type $lut.
Using template $paramod\$lut\WIDTH=32'00000000000000000000000000000011\LUT=8'11000101 for cells of type $lut.
Using template $paramod$e32eb7d1dd8c80a057a132c66c9e69f337375da2\$lut for cells of type $lut.
Using template $paramod$478e33feeac3aa53ff57d491aada044b8aedceae\$lut for cells of type $lut.
Using template $paramod\$lut\WIDTH=32'00000000000000000000000000000011\LUT=8'01000000 for cells of type $lut.
Using template $paramod$8c24dc0cdd336b7fb88bbf7eed45cec5cbae862b\$lut for cells of type $lut.
Using template $paramod$933f4f3e373a784da64d137def3625bdd36d1695\$lut for cells of type $lut.
Using template $paramod\$lut\WIDTH=32'00000000000000000000000000000010\LUT=4'1110 for cells of type $lut.
Using template $paramod\$lut\WIDTH=32'00000000000000000000000000000011\LUT=8'10101100 for cells of type $lut.
Using template $paramod$1b4b8e2aa0c016a6b8f145f6a6cb4a9ca34b49e4\$lut for cells of type $lut.
Using template $paramod\$lut\WIDTH=32'00000000000000000000000000000011\LUT=8'01001111 for cells of type $lut.
Using template $paramod$ea88a06962d1884df863d9765f42571fd11bcb32\$lut for cells of type $lut.
Using template $paramod$45d617c2ce0041e27b541f62b0fc3c3ce441a616\$lut for cells of type $lut.
Using template $paramod$5fab9f38e0c4a1197ac3d718dc9947a6b3594cc8\$lut for cells of type $lut.
Using template $paramod$3319889f9089b48a2a9a0eb1eac567dfb38135d9\$lut for cells of type $lut.
Using template $paramod$0aa89ceb573be82bb5ba58f1cb6547193156473b\$lut for cells of type $lut.
Using template $paramod$a250ee41ca4d950579588fc5786acaf8527c5e36\$lut for cells of type $lut.
Using template $paramod\$lut\WIDTH=32'00000000000000000000000000000011\LUT=8'00001101 for cells of type $lut.
Using template $paramod$4b2297966ddb718657b80566604f97685ffc0120\$lut for cells of type $lut.
Using template $paramod$c35ad3063d5038410210ddc72c1fd5fed46413b4\$lut for cells of type $lut.
Using template $paramod$272652f6c6fbe9a75eff76e45cc7e2788835518b\$lut for cells of type $lut.
Using template $paramod\$lut\WIDTH=32'00000000000000000000000000000011\LUT=8'01110000 for cells of type $lut.
Using template $paramod$ac4f438e0f949226213972c6c460e48d812ede7e\$lut for cells of type $lut.
Using template $paramod$452d1ffeda37d7756cc6e97b9949afa60c30fce6\$lut for cells of type $lut.
Using template $paramod$2935fd62e2cdad905eea8872e9afafb0aa2b9bbd\$lut for cells of type $lut.
Using template $paramod$7a988de7554d6c5e09a742c0a2d36472e50c73b1\$lut for cells of type $lut.
Using template $paramod$a29a7bedf8e854c91f354415b7fb5c04cb57ebc4\$lut for cells of type $lut.
Using template $paramod$711f1c4579a2cbc42ba09d900cb471be790acd5e\$lut for cells of type $lut.
Using template $paramod$1890b55d7576a581cecf4c05db7733a2c1a6bd22\$lut for cells of type $lut.
Using template $paramod$e6f154aa4ddbf37901f18ca44e9e9a797ad8c7f1\$lut for cells of type $lut.
Using template $paramod$78f14802e7a6b7b884a6b9a9676e13cf744548dc\$lut for cells of type $lut.
Using template $paramod$50e6ebd1567294d50f6fdb9d7765b4191e502f2c\$lut for cells of type $lut.
Using template $paramod$9ae0f136c9ed34a2deb323e9b2a3a520eea61514\$lut for cells of type $lut.
Using template $paramod$2abdbea0a1e3ae26e6e1b1a9a6d5347820cdd19c\$lut for cells of type $lut.
Using template $paramod$9cf044275e70b6dc34d2f815a6f8ffc23f9694a0\$lut for cells of type $lut.
Using template $paramod$7afe0a9fabfb1f9cf16c5380ea696cacafb63dee\$lut for cells of type $lut.
Using template $paramod$cf652acbfbf67d2248e3045cd0f09c58ca55886c\$lut for cells of type $lut.
Using template $paramod$9bdc414229f06e785dc8fd97a243faa9336e164a\$lut for cells of type $lut.
Using template $paramod$6e238df02989b317f10820a22773676e71120644\$lut for cells of type $lut.
Using template $paramod$33e58adf67c6b686a154c9ce8ebbc4b04b8cabc5\$lut for cells of type $lut.
Using template $paramod$559d8f61325f7b4ee17556605f88d95718b41383\$lut for cells of type $lut.
Using template $paramod$973818279bc95792902f3c09371fd2407d04a2a5\$lut for cells of type $lut.
Using template $paramod$94d86303a5ab6c2be14b18d403d3db684b8d85d1\$lut for cells of type $lut.
Using template $paramod$d4ee232c98d7196c7c4060f50a85653474801a51\$lut for cells of type $lut.
Using template $paramod$bfef5debccf353a5a69937b2a4dcc612190b7dd1\$lut for cells of type $lut.
Using template $paramod$89cf392540bc69fa29fe190353d9973a424f7939\$lut for cells of type $lut.
Using template $paramod$33e2caec4900295c17dd9be47e2e40fd77b2c9c5\$lut for cells of type $lut.
Using template $paramod$d2ef43814113ff73f9ebc73be6b7b228fcced45d\$lut for cells of type $lut.
Using template $paramod$452467d43e4b065d6cedb529792aa854b54ad305\$lut for cells of type $lut.
Using template $paramod$3c65f7ac20b156948b1b353df9ac7c0431a6851c\$lut for cells of type $lut.
Using template $paramod$0f87ae7ac6a533e1eca8d987742537d615308c9f\$lut for cells of type $lut.
Using template $paramod$ec8f389d3b0c4ac15bc66a5f07b2ffe4e8f89d74\$lut for cells of type $lut.
Using template $paramod$0f462d30e97e3a95497ed3ed4c5670bec4507088\$lut for cells of type $lut.
Using template $paramod$76c068dac16255743177de49ebbf3a9b49176f98\$lut for cells of type $lut.
Using template $paramod$608f40069c27841a5b3bdf03643a34bdc8974072\$lut for cells of type $lut.
Using template $paramod$adb9a57e44a13b9d5ea5a822c74aefc18eaa331c\$lut for cells of type $lut.
Using template $paramod$82b4a585d1edcb5c6e755dc9bd3392228a1c1304\$lut for cells of type $lut.
Using template $paramod$b233ccc674ac6535f4d5b3a2192489ded5ad0a5f\$lut for cells of type $lut.
Using template $paramod$5ac0635e88eefdf99490adff0a60d277aba84ca6\$lut for cells of type $lut.
Using template $paramod$0d0dcac1226b11c38d6d36a155c93c55cd809228\$lut for cells of type $lut.
Using template $paramod$4e1b92d2f5e1672ae3c828c3f63e2352bc55a1ca\$lut for cells of type $lut.
Using template $paramod$ea36bd5fe47297df065c2abf5033329f95c6a5a8\$lut for cells of type $lut.
Using template $paramod$664d4f6063c66290be5af3d205d1b83dcbdd49a3\$lut for cells of type $lut.
Using template $paramod$02eefd9b74acf66558bff242fcbe62a514559f6a\$lut for cells of type $lut.
Using template $paramod$c6647c558d1c88cad5db791f3d720a94d2cf640f\$lut for cells of type $lut.
Using template $paramod\$lut\WIDTH=32'00000000000000000000000000000011\LUT=8'00001011 for cells of type $lut.
Using template $paramod$82465a09fa1fb625cf05c680e7f5642ba36c85a0\$lut for cells of type $lut.
Using template $paramod$e981f652f2ce2103b759e3c8776a5367e62e9390\$lut for cells of type $lut.
Using template $paramod$60b758fd5679f6508bff32bea2afedb4f329e5f9\$lut for cells of type $lut.
Using template $paramod$8d9b43d756970f3f84c647110ec823e47bcf52c1\$lut for cells of type $lut.
Using template $paramod$b404b03658648b2dcdab1e302250b0a4c6464487\$lut for cells of type $lut.
Using template $paramod$f6a6410019d0969c11490adb51e920e55d37c109\$lut for cells of type $lut.
Using template $paramod$20c5ad12ccc49d33d0222ea30b89634b120418ca\$lut for cells of type $lut.
Using template $paramod$91cb6fe203637a5bd691330f17695ad733b86498\$lut for cells of type $lut.
Using template $paramod$6fe20275c8d000d2a0e0d33125e7d1712c6b03fd\$lut for cells of type $lut.
Using template $paramod$81d8a60fd95b1a9f9ef71c12a774ae6988cb9fd5\$lut for cells of type $lut.
Using template $paramod$7d80d390bf30751b7ca5ff6a77a4a04a2be96bee\$lut for cells of type $lut.
Using template $paramod$b847259e1454277470ece6dea6b67b4520c65957\$lut for cells of type $lut.
Using template $paramod$56310ff701860d13f2863d5da88c08ae3780813d\$lut for cells of type $lut.
Using template $paramod$dbf8df98b08991fb30bc21235a065e16b51382a9\$lut for cells of type $lut.
Using template $paramod$1836131d5e5e451472b350fed0667754c96024fa\$lut for cells of type $lut.
Using template $paramod$ea4af401b3e88df16c9bc91ab446d333325f99ae\$lut for cells of type $lut.
Using template $paramod$32da6d3e9a5e8362e80779fbc4a228e54c449fd2\$lut for cells of type $lut.
Using template $paramod$80c217cbf2f13155bc7629e94c69f9833e8f7812\$lut for cells of type $lut.
Using template $paramod$3a7126e2a8b0b1d805b701dbb333c19e9f9352ff\$lut for cells of type $lut.
Using template $paramod$38e6aa9546c40949f8135bb018f0d5ef863085b9\$lut for cells of type $lut.
Using template $paramod$c8b1bd77e845501bf5072986904c6f05a0c6e551\$lut for cells of type $lut.
Using template $paramod$4b94446843a483b6ea5fc49e1f823442334b6d4d\$lut for cells of type $lut.
Using template $paramod$d288826054138db58b280227da2c583b00aff3b4\$lut for cells of type $lut.
Using template $paramod$f91974ed76679978bb5ed737ed2baef1784b50ab\$lut for cells of type $lut.
Using template $paramod$ee37ffa0a57b2dfb037a27ae648a1a680c779e2c\$lut for cells of type $lut.
Using template $paramod$f71209df6a0d156be8eae5d38f38f2a1d6d10b28\$lut for cells of type $lut.
Using template $paramod$b9cf85f68b27860b6f5e20bd28c0a4bdc265452f\$lut for cells of type $lut.
Using template $paramod$30e1c955f66c04dc68ddc15330260c281912d1c1\$lut for cells of type $lut.
Using template $paramod$eb0e8042c58bdc02b5086951d90016b3fe16a50e\$lut for cells of type $lut.
Using template $paramod$0d29fe819dddfc740213a916982c2d8499d445f3\$lut for cells of type $lut.
Using template $paramod$bec383ba2448ddbdd0b5682d510e48bd57baf966\$lut for cells of type $lut.
Using template $paramod$4d4d3bbe4065b7fc301ea101ae5398df0bc58e40\$lut for cells of type $lut.
Using template $paramod$0ea5d2375e329d758e2454a821bbd1c64e4677c9\$lut for cells of type $lut.
Using template $paramod$1f8dd3815e30dfa1d340c86d19e460ecbfad641b\$lut for cells of type $lut.
Using template $paramod$8d660a7a1bc1c09d27408d4ca942922e8a7f7e59\$lut for cells of type $lut.
Using template $paramod$bba54c1ef87367812b4c15f4aed5ac70773df775\$lut for cells of type $lut.
Using template $paramod$56ce1ef903808c82a0bebbabeffe2102d5fb6669\$lut for cells of type $lut.
Using template $paramod$5afdc7428159757eedf89ce514f7efa32b31c8e7\$lut for cells of type $lut.
Using template $paramod$b3edf357e4203a58e5dc3dfbbc2f702e4ff15172\$lut for cells of type $lut.
Using template $paramod$ec1f731bef9cac4b68d748168ca209e8d02b2d0d\$lut for cells of type $lut.
Using template $paramod$20173e9ec03879ed50dc013525a669587e1d1416\$lut for cells of type $lut.
Using template $paramod$a4a44458491e8d12574d6eee7263ee388d845d36\$lut for cells of type $lut.
Using template $paramod$db3a272e44d02286aa92432d2e3e449c02f81d39\$lut for cells of type $lut.
Using template $paramod$6051bdb1976d279702edf946b6a84c27e46d7c66\$lut for cells of type $lut.
Using template $paramod$88aa76b60476081462b8258928e9e5a1063341ba\$lut for cells of type $lut.
Using template $paramod$3c112951430b895d1cd4f9b2d3bc8eafec4b6a3f\$lut for cells of type $lut.
Using template $paramod$f5c5f595015aee4de78d8a59fd7b7003b8956fde\$lut for cells of type $lut.
Using template $paramod$99b89e1a8a3d22f7189f09183c336f284ddb9214\$lut for cells of type $lut.
Using template $paramod$0f3edd20afc2f657425fb3779201f5be4128c825\$lut for cells of type $lut.
Using template $paramod$3f5dc83e324f6ced824e9c632675eb84d5386a08\$lut for cells of type $lut.
Using template $paramod\$lut\WIDTH=32'00000000000000000000000000000011\LUT=8'01100000 for cells of type $lut.
Using template $paramod$af67f015cfb4d109d8a3a22381b236e7fbee4927\$lut for cells of type $lut.
Using template $paramod$73b0f6e9e60d61d1b954e32e9405016ff2077d34\$lut for cells of type $lut.
Using template $paramod$48ad8f63540f0865f3bb8aee3e5755011c23832f\$lut for cells of type $lut.
Using template $paramod$e136c228551e6af90087a2283b9771ca4fb70645\$lut for cells of type $lut.
Using template $paramod$f895bcae07bafd41cf0e5fd8422913009dfdfcac\$lut for cells of type $lut.
Using template $paramod$896ed47860542f5b317e8ecb6db17e90c36ffa18\$lut for cells of type $lut.
Using template $paramod$5e535352767b48b03adab901aca501e672c2a851\$lut for cells of type $lut.
Using template $paramod$31757ffb4ebc3b77425514280b1309639f208dbf\$lut for cells of type $lut.
Using template $paramod$166ac7f7fdd9e5e25ace074980251b17c034c557\$lut for cells of type $lut.
Using template $paramod$52464a51f1a580f1a2accfaa98e9cf9bd0705077\$lut for cells of type $lut.
Using template $paramod$251e409d1b83bd51cfc9c3d02fd3e0f2b0c42aca\$lut for cells of type $lut.
Using template $paramod$0120283f0b17019aabf36432b3f4611cf77bb604\$lut for cells of type $lut.
Using template $paramod$9a4071516013fb557cf5a1587fda4f982795762d\$lut for cells of type $lut.
Using template $paramod$d7ec878ecfa8f5f7604d3e91692b5d4c2ee758ad\$lut for cells of type $lut.
Using template $paramod$8eb41c7dd3e946d2e3b66574f23f2c980395454e\$lut for cells of type $lut.
Using template $paramod$81802a22e5133f76ece279dc85162ccd868d7b8c\$lut for cells of type $lut.
Using template $paramod$2a035a86c1fbb731064974371e6dca17e2abe8ad\$lut for cells of type $lut.
Using template $paramod$c9355c14671e8569b2b55b2828d4fd95591ab987\$lut for cells of type $lut.
Using template $paramod$ce3500c25da5392be033f9b6c2c6d3127327d026\$lut for cells of type $lut.
Using template $paramod$60c8f65020c50f1f5800d5ec7ae6820ae40c0d20\$lut for cells of type $lut.
Using template $paramod$1a61157525da25d1da11720a3cee51924fbc95cf\$lut for cells of type $lut.
Using template $paramod$e29d77caadfafd73aa5fe633bde045cc468a68f9\$lut for cells of type $lut.
Using template $paramod$5784398f160420a838da015761d082a51332b3d2\$lut for cells of type $lut.
Using template $paramod$956047dc7e6dda970b6a37b15436364707b9ce44\$lut for cells of type $lut.
Using template $paramod$def51e77f6457e875d72701b9bff7f2dea29fe4c\$lut for cells of type $lut.
Using template $paramod$6acb0307dbc7f4aaf6a2c22dfa6507c3db7a24aa\$lut for cells of type $lut.
Using template $paramod$8ff624c27fd38d1f4af0341b62a2dd84226c68cd\$lut for cells of type $lut.
Using template $paramod$f97284a1520c6dac0ad72e8e40aac21f36b67189\$lut for cells of type $lut.
Using template $paramod$0bc5447ee8091b43572f513545fc10308f9bad28\$lut for cells of type $lut.
Using template $paramod$f936cf1f3ac2dfc4c0156fca74ede0b6752ba695\$lut for cells of type $lut.
Using template $paramod$0d96844bd0bc2637b7edda2f9fbaa712414a6f4b\$lut for cells of type $lut.
Using template $paramod$5dab251fe28c954f063b823c4bb3b1703bbb121b\$lut for cells of type $lut.
Using template $paramod$539677280e18740b3a6086d7f2a88189e8b8d3df\$lut for cells of type $lut.
Using template $paramod$e9c77024ca501b890c641f9c0b10e27242db8730\$lut for cells of type $lut.
Using template $paramod$c6932d0419018208e5384761d78f0ead9bcc772f\$lut for cells of type $lut.
Using template $paramod$edef529ddc5737084d7090adfe6f6d8bfb1023d0\$lut for cells of type $lut.
Using template $paramod$8e34e782f9ef59eee1c50ab93ef54fb5ebb3e307\$lut for cells of type $lut.
Using template $paramod$971178c8822b10c89a2cdf2c8073a35549e36e5d\$lut for cells of type $lut.
Using template $paramod$236c01841703b11c4ce771169fc999380f869c45\$lut for cells of type $lut.
Using template $paramod\$lut\WIDTH=32'00000000000000000000000000000011\LUT=8'00000111 for cells of type $lut.
Using template $paramod$036244e375427ab07e4d940abd69a52ed193559f\$lut for cells of type $lut.
Using template $paramod$eeed37ce45abdda29d3e180f2d1dfc0c4c376530\$lut for cells of type $lut.
Using template $paramod$27fb5fb8428f1042086729d0b0a954c9b1e1d978\$lut for cells of type $lut.
Using template $paramod$4f8db279338c91c639840a551e9f9aec5001e323\$lut for cells of type $lut.
Using template $paramod$058f79e29a33e9f5978ecd2647e890aedeb5b215\$lut for cells of type $lut.
Using template $paramod$b14daf751d1d3d4f54e8096fdc714e8989ea5136\$lut for cells of type $lut.
Using template $paramod$b297295e19b03521716155b85537bbe86d6a9ae6\$lut for cells of type $lut.
Using template $paramod$f017125825c11dcc77620da22ae82b018784864c\$lut for cells of type $lut.
Using template $paramod$34d2d93b0de0991b3295d7c6973007bb2d764105\$lut for cells of type $lut.
Using template $paramod$133e5edbe1857771d967664a1572329cf3d8648c\$lut for cells of type $lut.
Using template $paramod$ed12ce48a62ebeae61f2daa04d1d871232818fc6\$lut for cells of type $lut.
Using template $paramod\$lut\WIDTH=32'00000000000000000000000000000010\LUT=4'0111 for cells of type $lut.
Using template $paramod\$lut\WIDTH=32'00000000000000000000000000000010\LUT=4'1011 for cells of type $lut.
Using template $paramod\$lut\WIDTH=32'00000000000000000000000000000011\LUT=8'11100000 for cells of type $lut.
Using template $paramod$200337237619ba4c0bed9a492562f1d1b57fb569\$lut for cells of type $lut.
Using template $paramod$6f94ed872e6e996ae21b7b60ade8b217c03dc294\$lut for cells of type $lut.
Using template $paramod$ef26adabe6060e01077b576cfe34e95e55a26aef\$lut for cells of type $lut.
Using template $paramod$50a465c5a062c7d7abb31f74a0368e0dc8549418\$lut for cells of type $lut.
Using template $paramod$966861cfe11706bec6bef389a352d193b7145b80\$lut for cells of type $lut.
Using template $paramod$ff73c708e04486ec093e2a4a3502c6dfe73201cc\$lut for cells of type $lut.
Using template $paramod$e916c4bb8960c9c5520ed92ad4f8c53e4527a217\$lut for cells of type $lut.
Using template $paramod$64e054ede671fed7382e438469b12cce1a0ca606\$lut for cells of type $lut.
Using template $paramod$4a0bc0508ab0a73fa085e4d55381dfb09ca1ee24\$lut for cells of type $lut.
Using template $paramod$692927e279b3d5c42ee4aacb287247c0b34943ed\$lut for cells of type $lut.
Using template $paramod$3a8c17d3640bc508c2c1416c7fb310d02af468b0\$lut for cells of type $lut.
Using template $paramod$235ce2f39bd07ec0a1b6ac6f4306857e5afdeb5b\$lut for cells of type $lut.
Using template $paramod$ae5a5679cbd49c793d48125a7951e94d3e54c089\$lut for cells of type $lut.
Using template $paramod$40994da9f30bd2008c4e7cc470dc8e2b61990805\$lut for cells of type $lut.
Using template $paramod$68e59486140d4aba9d02f3f9b5fd0f3a7c416c98\$lut for cells of type $lut.
Using template $paramod$2736e7b9e79de1fae99f8aa2d22caa06a24f079b\$lut for cells of type $lut.
Using template $paramod$e6db0a05188b58cf6a8cb22d5f0a430170fd5c4f\$lut for cells of type $lut.
Using template $paramod$6a9e6a7be18da3b2738a3c440c25aefc246735de\$lut for cells of type $lut.
Using template $paramod$59e75a61b2e4a983c96d8aa2f40028bf6469834d\$lut for cells of type $lut.
Using template $paramod$e76d4fdbdaee03c44542a888981bc8ce9d0d9ec6\$lut for cells of type $lut.
Using template $paramod$e6c7de781d2f639566b8051d834502d2c2b7e633\$lut for cells of type $lut.
Using template $paramod$c76cf2feea22867edd5d12821c2f55ee2dcdbcdc\$lut for cells of type $lut.
Using template $paramod$92811eacad4733f7189ddd0aec067c46f48b2c87\$lut for cells of type $lut.
Using template $paramod$a2b4ddfa3906001b2ef9f2414d79c3048f2a3a6e\$lut for cells of type $lut.
Using template $paramod$c808ece483d2bada4d1c22de0cb16aff3abd0874\$lut for cells of type $lut.
Using template $paramod$b6a7ccedabd16f06cac30d99fc57a23a65e246e6\$lut for cells of type $lut.
Using template $paramod$5527b0b6790fa2006ad7293136828428f453099e\$lut for cells of type $lut.
Using template $paramod$83edb7fcd9f59950ab9b8539658016bf55daa9aa\$lut for cells of type $lut.
Using template $paramod$bf3930e158ebef79417e72d135dfea1494a70054\$lut for cells of type $lut.
Using template $paramod$fefeb38f675ff48832583cb8515b722dcbf8b646\$lut for cells of type $lut.
Using template $paramod$6ac63e260ac9358393ce55a25a74c7e990c673c3\$lut for cells of type $lut.
Using template $paramod$0f7bb51c899def052171ef93cfe88255cc897920\$lut for cells of type $lut.
Using template $paramod$84e3787a1b9fb3a7c655d40af1f20ab839ff1e34\$lut for cells of type $lut.
Using template $paramod$c315fd171a22ad0b563d890e3adda172ea240769\$lut for cells of type $lut.
Using template $paramod$8856e84b169fd25eb9f580e961652818da056495\$lut for cells of type $lut.
Using template $paramod$1fffd425e87119b8f68cc0366ae152d24c0ee715\$lut for cells of type $lut.
Using template $paramod$477e3f2b4c9f8a03e602acb175654e8cc81d7a59\$lut for cells of type $lut.
Using template $paramod$6e4c661fe306b947b11aad6d0a19c6e2781994fb\$lut for cells of type $lut.
Using template $paramod$ac7db049cb148166afbbcdb2975046650cc94e2c\$lut for cells of type $lut.
Using template $paramod$ad70b5a7d1ebdb9b679a71a640974e2d37f9039c\$lut for cells of type $lut.
Using template $paramod$8e43c1101d1c12c8249020f96546cf612aecd5f9\$lut for cells of type $lut.
Using template $paramod$fe06cbbe05f1d639ce320f157a9ccce2d535ce05\$lut for cells of type $lut.
Using template $paramod$a15d8676ea329a97e9b7f19ecda7179649a41271\$lut for cells of type $lut.
Using template $paramod$5d5502c16b1310e1dd1b0a9f9fdb4e3b447b5963\$lut for cells of type $lut.
Using template $paramod$1fc24f04c9d167ae205e81437168472c81ec935a\$lut for cells of type $lut.
Using template $paramod$87bf2c56abe51ddc7960b454a90d0b6799c90c1a\$lut for cells of type $lut.
Using template $paramod$d726fdb19d2229d902d3c49b7bc0c39a9ca7e168\$lut for cells of type $lut.
Using template $paramod$e717d80a0763d57ea996075a6972e95b68cc4c2c\$lut for cells of type $lut.
Using template $paramod$a048ca83ea84e9b3e58d811238613b95dfeb518d\$lut for cells of type $lut.
Using template $paramod$ede3ec7ca66f4b0d81af050565e7400b28750263\$lut for cells of type $lut.
Using template $paramod$8f9df5f78689253601ffce03bdf088e63e08b4e7\$lut for cells of type $lut.
Using template $paramod$162b1f9584888c045c91dbcf5e17a26a04401316\$lut for cells of type $lut.
Using template $paramod$8ba81b5ae6a9b472a622310cac1ea62071df104b\$lut for cells of type $lut.
Using template $paramod$920004d062af57cf81af2467e50db5745288bb13\$lut for cells of type $lut.
Using template $paramod$9e0901451fd792867c86661064e96ce26681610f\$lut for cells of type $lut.
Using template $paramod$bfe4d0521519fb6a4aa408b2743046a12ce24875\$lut for cells of type $lut.
Using template $paramod$e49f4777e0fe1c911bbf7a0a344de9a93b6c5e28\$lut for cells of type $lut.
Using template $paramod$90a63ff1072f2d44a79402decad535e17a7beb00\$lut for cells of type $lut.
Using template $paramod$07c81de67890d70d07021f54874f0f3f45133031\$lut for cells of type $lut.
Using template $paramod$04f6b930039a0196e8e5be7f023219355305f3b1\$lut for cells of type $lut.
Using template $paramod$149043c549f911e0c2461484701e9df317c7c261\$lut for cells of type $lut.
Using template $paramod$e0ba1d472c032c8927edf152384ddbdc7bf08871\$lut for cells of type $lut.
Using template $paramod$c9d88abde85c5c61d8ea5a6d8d914a0f4507cc18\$lut for cells of type $lut.
Using template $paramod$ef9955810868c4408a79ea50a4aefcd4c5213a96\$lut for cells of type $lut.
Using template $paramod$e35388183ed9bca3f5a90a3c52d24dfde355b73b\$lut for cells of type $lut.
Using template $paramod$0f853f0592d3d3795b3674deeb48e0f4b14f352e\$lut for cells of type $lut.
Using template $paramod$dc543d033a0da5680be8b0a0fc6b090c53b1b985\$lut for cells of type $lut.
Using template $paramod$1cde5a2e79f22049f66de4afa6c9181da475e2bc\$lut for cells of type $lut.
Using template $paramod$e78154bef601f0649092d755b95fd1fd98aad5f6\$lut for cells of type $lut.
Using template $paramod$009b53d3521ae35f9405b1c770e8874b50af5979\$lut for cells of type $lut.
Using template $paramod$98862d3f674d7c4454a789c149501147a0a7ce6e\$lut for cells of type $lut.
Using template $paramod$4b2b2ee61bbf98884c62ed3346e925f298eaae94\$lut for cells of type $lut.
Using template $paramod$f7d26500693abbf91f4d200a514e6836aaa43ec9\$lut for cells of type $lut.
Using template $paramod$d52074b5a814564a1de3ef13c5c6130ab9b7c9d1\$lut for cells of type $lut.
Using template $paramod$b7daf7d087e144f3588ec8af5a11b9f218adcb7b\$lut for cells of type $lut.
Using template $paramod$5f76c25cb70eb7cdb303414c3d96833fe9f81ec2\$lut for cells of type $lut.
Using template $paramod$ddbe71b5663ef92fe2d05daf9c2d927a45266af8\$lut for cells of type $lut.
Using template $paramod$7235a18cc65aa5118e962015e9bf5227c75dbc9c\$lut for cells of type $lut.
Using template $paramod$d72d6469f3aa457392ffb4addffbd01cfe8379ab\$lut for cells of type $lut.
Using template $paramod$e89418625514e880ce222f0a1e7bf0d80dcf4195\$lut for cells of type $lut.
Using template $paramod$8f81f0c38ae541f955ad17f9f86b131d06265ffa\$lut for cells of type $lut.
Using template $paramod$c64b7517fc2f663fc967e3272ed8f33ff1184910\$lut for cells of type $lut.
Using template $paramod$e24d85bb77be53673dd620ed47c623a4dc916cf6\$lut for cells of type $lut.
Using template $paramod$d946aeca46f674b6368c5f39a80c3646cbad4ab0\$lut for cells of type $lut.
Using template $paramod$43e9c9cbe6ecbeb9af27488a3abbf482192b875a\$lut for cells of type $lut.
Using template $paramod$ea75ca5cfee9f7762ff9983b99cfac36977be9dd\$lut for cells of type $lut.
Using template $paramod$c0cc111bb3bae5f7ec5b4e4effc4086666c3bf69\$lut for cells of type $lut.
Using template $paramod$4b421e298768b0760bff7921991a239701f4e668\$lut for cells of type $lut.
Using template $paramod$77ddb3d58c22982f21abd41fa6354af688f52849\$lut for cells of type $lut.
Using template $paramod$1b46c5237b20c20b76ccc277ca5b24e7f5fdab0a\$lut for cells of type $lut.
Using template $paramod$e897dbcc4d9fee689340dff4c233abbd97f4afbd\$lut for cells of type $lut.
Using template $paramod$44bfdff5e3ae220c23a770741990ae3127a74cff\$lut for cells of type $lut.
Using template $paramod$46147a8aa8e2803a716fa07ebf9a9e16c90bfea0\$lut for cells of type $lut.
Using template $paramod$cae097307305b149bd23e0db2d54b6fdec6baa7a\$lut for cells of type $lut.
Using template $paramod$c28ca1c73651b09b0df985c9219fd2bd2de62b50\$lut for cells of type $lut.
Using template $paramod$a5763bf6276dba640667d9b925e2f79f0771d14c\$lut for cells of type $lut.
Using template $paramod$2a32a319afbf830e776e6f767171c3f7f8c7b99b\$lut for cells of type $lut.
Using template $paramod$a717c7783f5c8a186fe777fc6bd46a68fd54924c\$lut for cells of type $lut.
Using template $paramod$143135e366828780d48adc4326fb2aa8e6904571\$lut for cells of type $lut.
Using template $paramod$bfdd349b5d2a0056477bb4dd161082ca343eb297\$lut for cells of type $lut.
Using template $paramod$94a3a7dd78f150a8087d67f9e5162a572ea7453d\$lut for cells of type $lut.
Using template $paramod$55a94c26f3f4504698bcc0c1d7dde1feffd8e844\$lut for cells of type $lut.
Using template $paramod$38609bfa676967ba5205ccf728163c8267b20289\$lut for cells of type $lut.
Using template $paramod$8fe6ad2a341287a8a1da99f29845885b3b869178\$lut for cells of type $lut.
Using template $paramod$efe628eae9b82edc1b3f984916cfd2034b1bfc6d\$lut for cells of type $lut.
Using template $paramod$63168f34ad6f4f6af7db42f429fdbd2a7790cbe7\$lut for cells of type $lut.
Using template $paramod$dccfcba215597ecaefbb37b078684245b59a18b3\$lut for cells of type $lut.
Using template $paramod$2f351ad807c3cf76b5854bc5ec72ba4d6e45f12c\$lut for cells of type $lut.
Using template $paramod$f288a2d1867fd76e4df9cd7cc41f74b94f78a740\$lut for cells of type $lut.
Using template $paramod$cbe64bd99296801c96b98754f59cb03e0e8040ea\$lut for cells of type $lut.
Using template $paramod$fcc97787638b493d2b0777259d697be4d8da5a09\$lut for cells of type $lut.
Using template $paramod$ee8c47fa53ce47a8b6fe170104a52dc382f30447\$lut for cells of type $lut.
Using template $paramod$e71acd1fd0d505c5322a040014ca4f2fbd36a053\$lut for cells of type $lut.
Using template $paramod$4897892d79f7728ad818e1f2e193f65d13bc8960\$lut for cells of type $lut.
Using template $paramod$fc02434b43564f839dca9e2fb3fbb364085ec31b\$lut for cells of type $lut.
Using template $paramod$a9d84daecdbb63c0e5acd82ac973d29db07401bf\$lut for cells of type $lut.
Using template $paramod$9334297146f903100c33c8da588d0f75e35043df\$lut for cells of type $lut.
Using template $paramod$9feacc3fd5564a4abc7d4416f93ed17ed113983b\$lut for cells of type $lut.
Using template $paramod$7d7ef3b437cbde900523c8d90e4a1c4c22783610\$lut for cells of type $lut.
Using template $paramod$0f58c8ae8e748055acb1baf42422bab7e52e65a4\$lut for cells of type $lut.
Using template $paramod$be389e0ad8cfd484383542f719c0be01bb53c8dc\$lut for cells of type $lut.
Using template $paramod$ccee54c20b738ffc8cac1b664f6b236a3a7d22e0\$lut for cells of type $lut.
Using template $paramod$113bc7b0d472893ba40b8c5e1e3ccd22c618f733\$lut for cells of type $lut.
Using template $paramod$551bbfda4067dfbcd47039a11f4f34f97ee41406\$lut for cells of type $lut.
Using template $paramod$015686b9ede908fe5bb623e1ef5774a4b6e16c34\$lut for cells of type $lut.
Using template $paramod$0cfc5174c9d4dd29ac91ca05b49500236261b9ad\$lut for cells of type $lut.
Using template $paramod$901d2b78169b0251038e2888e48f047726d8f4d1\$lut for cells of type $lut.
Using template $paramod$9595f2db47f9eb026b359a78d8af695083edca4b\$lut for cells of type $lut.
Using template $paramod$c07e58ee8e598273ba4a4c39b0756dbef8fd3cc6\$lut for cells of type $lut.
Using template $paramod$4f346c53015206d89e6ccd42460ed0270fa82b3a\$lut for cells of type $lut.
Using template $paramod$ca260995b172aa4c9c5dd2cfd96abcb790c4fdd6\$lut for cells of type $lut.
Using template $paramod$9499e0ad8a02495e21087e04b1ac538030bbdf75\$lut for cells of type $lut.
Using template $paramod$430e30b3eefc519e47ddc3e32ff6951d616126a6\$lut for cells of type $lut.
Using template $paramod$e7fafbbad0e0bd5031639d41e523f082997f6d22\$lut for cells of type $lut.
Using template $paramod$bf513c203dec393475f319626cfec4c389285c25\$lut for cells of type $lut.
Using template $paramod$552c54a44f22c5fb2e95c58915635f2a2f213caa\$lut for cells of type $lut.
Using template $paramod$0a45f0593a699fa9908961ca56af98439d64d339\$lut for cells of type $lut.
Using template $paramod$a1d4f4f67c158ea32844509cc16d77773a0b4a9e\$lut for cells of type $lut.
Using template $paramod$1850b08a612effa832e3cc46fc0847ecbc7144c0\$lut for cells of type $lut.
Using template $paramod$cdf30ed869df9a88da4c3aadeaf3d82acabf3294\$lut for cells of type $lut.
Using template $paramod$30828bd0296dc776d04e807f9570f839f8c1212e\$lut for cells of type $lut.
Using template $paramod$17ff4299fe2a7a93b6aa230af4a18802b431b150\$lut for cells of type $lut.
Using template $paramod$658b41407c5c12e9cc6b0aa9c6d8de2e65c3e5c7\$lut for cells of type $lut.
Using template $paramod$05630dd7887e90aeb3b38f1f370dc9ed9e19372f\$lut for cells of type $lut.
No more expansions possible.
<suppressed ~7006 debug messages>

15.45. Executing XILINX_DFFOPT pass (optimize FF control signal usage).
Optimizing FFs in core_pipe.
  Merging D + CE LUTs for $auto$ff.cc:266:slice$7622/drain (1 -> 4)
  Merging D + CE LUTs for $auto$ff.cc:266:slice$7794/idex_imm (2 -> 6)
  Merging D + CE LUTs for $auto$ff.cc:266:slice$7795/idex_imm (2 -> 6)
  Merging D + CE LUTs for $auto$ff.cc:266:slice$7796/idex_imm (2 -> 6)
  Merging D + CE LUTs for $auto$ff.cc:266:slice$7797/idex_imm (2 -> 6)
  Merging D + CE LUTs for $auto$ff.cc:266:slice$7798/idex_imm (2 -> 6)
  Merging D + CE LUTs for $auto$ff.cc:266:slice$7799/idex_imm (2 -> 6)

15.46. Executing OPT_LUT_INS pass (discard unused LUT inputs).
Optimizing LUTs in core_pipe.
  Optimizing lut $abc$12278$auto$blifparse.cc:535:parse_blif$12612.genblk1.genblk1.genblk1.genblk1.genblk1.genblk1.genblk1.genblk1.genblk1.genblk1.lut0.genblk1.genblk1.genblk1.genblk1.genblk1.genblk1.genblk1.genblk1.genblk1.lut0 (6 -> 4)
  Optimizing lut $abc$12278$auto$blifparse.cc:535:parse_blif$12703.genblk1.genblk1.genblk1.genblk1.genblk1.genblk1.genblk1.genblk1.genblk1.genblk1.lut0.genblk1.genblk1.genblk1.genblk1.genblk1.genblk1.genblk1.genblk1.genblk1.lut0 (6 -> 4)
  Optimizing lut $abc$12278$auto$blifparse.cc:535:parse_blif$12690.genblk1.genblk1.genblk1.genblk1.genblk1.genblk1.genblk1.genblk1.genblk1.lut0 (6 -> 0)
  Optimizing lut $abc$12278$auto$blifparse.cc:535:parse_blif$12762.genblk1.genblk1.genblk1.genblk1.genblk1.genblk1.genblk1.genblk1.genblk1.genblk1.lut0.genblk1.genblk1.genblk1.genblk1.genblk1.genblk1.genblk1.genblk1.genblk1.lut0 (6 -> 0)
  Optimizing lut $abc$12278$auto$blifparse.cc:535:parse_blif$12735.genblk1.genblk1.genblk1.genblk1.genblk1.genblk1.genblk1.genblk1.genblk1.lut0 (6 -> 0)
  Optimizing lut $abc$12278$auto$blifparse.cc:535:parse_blif$12832.genblk1.genblk1.genblk1.genblk1.genblk1.genblk1.genblk1.genblk1.genblk1.genblk1.lut0.genblk1.genblk1.genblk1.genblk1.genblk1.genblk1.genblk1.genblk1.genblk1.lut0 (6 -> 4)
  Optimizing lut $abc$12278$auto$blifparse.cc:535:parse_blif$12774.genblk1.genblk1.genblk1.genblk1.genblk1.genblk1.genblk1.genblk1.genblk1.lut0 (6 -> 0)
  Optimizing lut $abc$12278$auto$blifparse.cc:535:parse_blif$12438.genblk1.genblk1.genblk1.genblk1.genblk1.genblk1.genblk1.genblk1.genblk1.genblk1.lut1.genblk1.genblk1.genblk1.genblk1.genblk1.genblk1.genblk1.genblk1.genblk1.lut0 (6 -> 4)
  Optimizing lut $abc$12278$auto$blifparse.cc:535:parse_blif$12439.genblk1.genblk1.genblk1.genblk1.genblk1.genblk1.genblk1.genblk1.genblk1.genblk1.lut1.genblk1.genblk1.genblk1.genblk1.genblk1.genblk1.genblk1.genblk1.genblk1.lut0 (6 -> 0)
  Optimizing lut $abc$12278$auto$blifparse.cc:535:parse_blif$12443.genblk1.genblk1.genblk1.genblk1.genblk1.genblk1.genblk1.genblk1.genblk1.genblk1.lut0.genblk1.genblk1.genblk1.genblk1.genblk1.genblk1.genblk1.genblk1.genblk1.lut0 (6 -> 0)
  Optimizing lut $abc$12278$auto$blifparse.cc:535:parse_blif$12443.genblk1.genblk1.genblk1.genblk1.genblk1.genblk1.genblk1.genblk1.genblk1.genblk1.lut1.genblk1.genblk1.genblk1.genblk1.genblk1.genblk1.genblk1.genblk1.genblk1.lut0 (6 -> 3)
  Optimizing lut $abc$12278$auto$blifparse.cc:535:parse_blif$12446.genblk1.genblk1.genblk1.genblk1.genblk1.genblk1.genblk1.genblk1.genblk1.genblk1.lut0.genblk1.genblk1.genblk1.genblk1.genblk1.genblk1.genblk1.genblk1.genblk1.lut0 (6 -> 5)
  Optimizing lut $abc$12278$auto$blifparse.cc:535:parse_blif$12446.genblk1.genblk1.genblk1.genblk1.genblk1.genblk1.genblk1.genblk1.genblk1.genblk1.lut1.genblk1.genblk1.genblk1.genblk1.genblk1.genblk1.genblk1.genblk1.genblk1.lut0 (6 -> 4)
  Optimizing lut $abc$12278$auto$blifparse.cc:535:parse_blif$12447.genblk1.genblk1.genblk1.genblk1.genblk1.genblk1.genblk1.genblk1.genblk1.genblk1.lut0.genblk1.genblk1.genblk1.genblk1.genblk1.genblk1.genblk1.genblk1.genblk1.lut0 (6 -> 3)
  Optimizing lut $abc$12278$auto$blifparse.cc:535:parse_blif$12900.genblk1.genblk1.genblk1.genblk1.genblk1.genblk1.genblk1.genblk1.genblk1.lut0 (6 -> 0)
  Optimizing lut $abc$12278$auto$blifparse.cc:535:parse_blif$12451.genblk1.genblk1.genblk1.genblk1.genblk1.genblk1.genblk1.genblk1.genblk1.genblk1.lut0.genblk1.genblk1.genblk1.genblk1.genblk1.genblk1.genblk1.genblk1.genblk1.lut0 (6 -> 0)
  Optimizing lut $abc$12278$auto$blifparse.cc:535:parse_blif$12451.genblk1.genblk1.genblk1.genblk1.genblk1.genblk1.genblk1.genblk1.genblk1.genblk1.lut1.genblk1.genblk1.genblk1.genblk1.genblk1.genblk1.genblk1.genblk1.genblk1.lut0 (6 -> 3)
  Optimizing lut $abc$12278$auto$blifparse.cc:535:parse_blif$12454.genblk1.genblk1.genblk1.genblk1.genblk1.genblk1.genblk1.genblk1.genblk1.genblk1.lut0.genblk1.genblk1.genblk1.genblk1.genblk1.genblk1.genblk1.genblk1.genblk1.lut0 (6 -> 5)
  Optimizing lut $abc$12278$auto$blifparse.cc:535:parse_blif$12454.genblk1.genblk1.genblk1.genblk1.genblk1.genblk1.genblk1.genblk1.genblk1.genblk1.lut1.genblk1.genblk1.genblk1.genblk1.genblk1.genblk1.genblk1.genblk1.genblk1.lut0 (6 -> 4)
  Optimizing lut $abc$12278$auto$blifparse.cc:535:parse_blif$12455.genblk1.genblk1.genblk1.genblk1.genblk1.genblk1.genblk1.genblk1.genblk1.genblk1.lut0.genblk1.genblk1.genblk1.genblk1.genblk1.genblk1.genblk1.genblk1.genblk1.lut0 (6 -> 3)
  Optimizing lut $abc$12278$auto$blifparse.cc:535:parse_blif$12459.genblk1.genblk1.genblk1.genblk1.genblk1.genblk1.genblk1.genblk1.genblk1.genblk1.lut0.genblk1.genblk1.genblk1.genblk1.genblk1.genblk1.genblk1.genblk1.genblk1.lut0 (6 -> 0)
  Optimizing lut $abc$12278$auto$blifparse.cc:535:parse_blif$12459.genblk1.genblk1.genblk1.genblk1.genblk1.genblk1.genblk1.genblk1.genblk1.genblk1.lut1.genblk1.genblk1.genblk1.genblk1.genblk1.genblk1.genblk1.genblk1.genblk1.lut0 (6 -> 3)
  Optimizing lut $abc$12278$auto$blifparse.cc:535:parse_blif$12462.genblk1.genblk1.genblk1.genblk1.genblk1.genblk1.genblk1.genblk1.genblk1.genblk1.lut0.genblk1.genblk1.genblk1.genblk1.genblk1.genblk1.genblk1.genblk1.genblk1.lut0 (6 -> 5)
  Optimizing lut $abc$12278$auto$blifparse.cc:535:parse_blif$12462.genblk1.genblk1.genblk1.genblk1.genblk1.genblk1.genblk1.genblk1.genblk1.genblk1.lut1.genblk1.genblk1.genblk1.genblk1.genblk1.genblk1.genblk1.genblk1.genblk1.lut0 (6 -> 4)
  Optimizing lut $abc$12278$auto$blifparse.cc:535:parse_blif$12463.genblk1.genblk1.genblk1.genblk1.genblk1.genblk1.genblk1.genblk1.genblk1.genblk1.lut0.genblk1.genblk1.genblk1.genblk1.genblk1.genblk1.genblk1.genblk1.genblk1.lut0 (6 -> 3)
  Optimizing lut $abc$12278$auto$blifparse.cc:535:parse_blif$12463.genblk1.genblk1.genblk1.genblk1.genblk1.genblk1.genblk1.genblk1.genblk1.genblk1.lut1.genblk1.genblk1.genblk1.genblk1.genblk1.genblk1.genblk1.genblk1.genblk1.lut0 (6 -> 0)
  Optimizing lut $abc$12278$auto$blifparse.cc:535:parse_blif$12467.genblk1.genblk1.genblk1.genblk1.genblk1.genblk1.genblk1.genblk1.genblk1.genblk1.lut0.genblk1.genblk1.genblk1.genblk1.genblk1.genblk1.genblk1.genblk1.genblk1.lut0 (6 -> 0)
  Optimizing lut $abc$12278$auto$blifparse.cc:535:parse_blif$12467.genblk1.genblk1.genblk1.genblk1.genblk1.genblk1.genblk1.genblk1.genblk1.genblk1.lut1.genblk1.genblk1.genblk1.genblk1.genblk1.genblk1.genblk1.genblk1.genblk1.lut0 (6 -> 3)
  Optimizing lut $abc$12278$auto$blifparse.cc:535:parse_blif$12470.genblk1.genblk1.genblk1.genblk1.genblk1.genblk1.genblk1.genblk1.genblk1.genblk1.lut0.genblk1.genblk1.genblk1.genblk1.genblk1.genblk1.genblk1.genblk1.genblk1.lut0 (6 -> 5)
  Optimizing lut $abc$12278$auto$blifparse.cc:535:parse_blif$12470.genblk1.genblk1.genblk1.genblk1.genblk1.genblk1.genblk1.genblk1.genblk1.genblk1.lut1.genblk1.genblk1.genblk1.genblk1.genblk1.genblk1.genblk1.genblk1.genblk1.lut0 (6 -> 4)
  Optimizing lut $abc$12278$auto$blifparse.cc:535:parse_blif$12471.genblk1.genblk1.genblk1.genblk1.genblk1.genblk1.genblk1.genblk1.genblk1.genblk1.lut0.genblk1.genblk1.genblk1.genblk1.genblk1.genblk1.genblk1.genblk1.genblk1.lut0 (6 -> 3)
  Optimizing lut $abc$12278$auto$blifparse.cc:535:parse_blif$12471.genblk1.genblk1.genblk1.genblk1.genblk1.genblk1.genblk1.genblk1.genblk1.genblk1.lut1.genblk1.genblk1.genblk1.genblk1.genblk1.genblk1.genblk1.genblk1.genblk1.lut0 (6 -> 0)
  Optimizing lut $abc$12278$auto$blifparse.cc:535:parse_blif$12475.genblk1.genblk1.genblk1.genblk1.genblk1.genblk1.genblk1.genblk1.genblk1.genblk1.lut0.genblk1.genblk1.genblk1.genblk1.genblk1.genblk1.genblk1.genblk1.genblk1.lut0 (6 -> 0)
  Optimizing lut $abc$12278$auto$blifparse.cc:535:parse_blif$12478.genblk1.genblk1.genblk1.genblk1.genblk1.genblk1.genblk1.genblk1.genblk1.genblk1.lut0.genblk1.genblk1.genblk1.genblk1.genblk1.genblk1.genblk1.genblk1.genblk1.lut0 (6 -> 5)
  Optimizing lut $abc$12278$auto$blifparse.cc:535:parse_blif$12478.genblk1.genblk1.genblk1.genblk1.genblk1.genblk1.genblk1.genblk1.genblk1.genblk1.lut1.genblk1.genblk1.genblk1.genblk1.genblk1.genblk1.genblk1.genblk1.genblk1.lut0 (6 -> 4)
  Optimizing lut $abc$12278$auto$blifparse.cc:535:parse_blif$12479.genblk1.genblk1.genblk1.genblk1.genblk1.genblk1.genblk1.genblk1.genblk1.genblk1.lut0.genblk1.genblk1.genblk1.genblk1.genblk1.genblk1.genblk1.genblk1.genblk1.lut0 (6 -> 3)
  Optimizing lut $abc$12278$auto$blifparse.cc:535:parse_blif$12479.genblk1.genblk1.genblk1.genblk1.genblk1.genblk1.genblk1.genblk1.genblk1.genblk1.lut1.genblk1.genblk1.genblk1.genblk1.genblk1.genblk1.genblk1.genblk1.genblk1.lut0 (6 -> 0)
  Optimizing lut $abc$12278$auto$blifparse.cc:535:parse_blif$12483.genblk1.genblk1.genblk1.genblk1.genblk1.genblk1.genblk1.genblk1.genblk1.genblk1.lut0.genblk1.genblk1.genblk1.genblk1.genblk1.genblk1.genblk1.genblk1.genblk1.lut0 (6 -> 0)
  Optimizing lut $abc$12278$auto$blifparse.cc:535:parse_blif$12483.genblk1.genblk1.genblk1.genblk1.genblk1.genblk1.genblk1.genblk1.genblk1.genblk1.lut1.genblk1.genblk1.genblk1.genblk1.genblk1.genblk1.genblk1.genblk1.genblk1.lut0 (6 -> 3)
  Optimizing lut $abc$12278$auto$blifparse.cc:535:parse_blif$12486.genblk1.genblk1.genblk1.genblk1.genblk1.genblk1.genblk1.genblk1.genblk1.genblk1.lut0.genblk1.genblk1.genblk1.genblk1.genblk1.genblk1.genblk1.genblk1.genblk1.lut0 (6 -> 5)
  Optimizing lut $abc$12278$auto$blifparse.cc:535:parse_blif$12486.genblk1.genblk1.genblk1.genblk1.genblk1.genblk1.genblk1.genblk1.genblk1.genblk1.lut1.genblk1.genblk1.genblk1.genblk1.genblk1.genblk1.genblk1.genblk1.genblk1.lut0 (6 -> 4)
  Optimizing lut $abc$12278$auto$blifparse.cc:535:parse_blif$12487.genblk1.genblk1.genblk1.genblk1.genblk1.genblk1.genblk1.genblk1.genblk1.genblk1.lut0.genblk1.genblk1.genblk1.genblk1.genblk1.genblk1.genblk1.genblk1.genblk1.lut0 (6 -> 3)
  Optimizing lut $abc$12278$auto$blifparse.cc:535:parse_blif$12487.genblk1.genblk1.genblk1.genblk1.genblk1.genblk1.genblk1.genblk1.genblk1.genblk1.lut1.genblk1.genblk1.genblk1.genblk1.genblk1.genblk1.genblk1.genblk1.genblk1.lut0 (6 -> 0)
  Optimizing lut $abc$12278$auto$blifparse.cc:535:parse_blif$12491.genblk1.genblk1.genblk1.genblk1.genblk1.genblk1.genblk1.genblk1.genblk1.genblk1.lut0.genblk1.genblk1.genblk1.genblk1.genblk1.genblk1.genblk1.genblk1.genblk1.lut0 (6 -> 0)
  Optimizing lut $abc$12278$auto$blifparse.cc:535:parse_blif$12491.genblk1.genblk1.genblk1.genblk1.genblk1.genblk1.genblk1.genblk1.genblk1.genblk1.lut1.genblk1.genblk1.genblk1.genblk1.genblk1.genblk1.genblk1.genblk1.genblk1.lut0 (6 -> 3)
  Optimizing lut $abc$12278$auto$blifparse.cc:535:parse_blif$12494.genblk1.genblk1.genblk1.genblk1.genblk1.genblk1.genblk1.genblk1.genblk1.genblk1.lut1.genblk1.genblk1.genblk1.genblk1.genblk1.genblk1.genblk1.genblk1.genblk1.lut0 (6 -> 0)
  Optimizing lut $abc$12278$auto$blifparse.cc:535:parse_blif$12495.genblk1.genblk1.genblk1.genblk1.genblk1.genblk1.genblk1.genblk1.genblk1.genblk1.lut0.genblk1.genblk1.genblk1.genblk1.genblk1.genblk1.genblk1.genblk1.genblk1.lut0 (6 -> 5)
  Optimizing lut $abc$12278$auto$blifparse.cc:535:parse_blif$12495.genblk1.genblk1.genblk1.genblk1.genblk1.genblk1.genblk1.genblk1.genblk1.genblk1.lut1.genblk1.genblk1.genblk1.genblk1.genblk1.genblk1.genblk1.genblk1.genblk1.lut0 (6 -> 4)
  Optimizing lut $abc$12278$auto$blifparse.cc:535:parse_blif$12496.genblk1.genblk1.genblk1.genblk1.genblk1.genblk1.genblk1.genblk1.genblk1.genblk1.lut0.genblk1.genblk1.genblk1.genblk1.genblk1.genblk1.genblk1.genblk1.genblk1.lut0 (6 -> 3)
  Optimizing lut $abc$12278$auto$blifparse.cc:535:parse_blif$12496.genblk1.genblk1.genblk1.genblk1.genblk1.genblk1.genblk1.genblk1.genblk1.genblk1.lut1.genblk1.genblk1.genblk1.genblk1.genblk1.genblk1.genblk1.genblk1.genblk1.lut0 (6 -> 0)
  Optimizing lut $abc$12278$auto$blifparse.cc:535:parse_blif$12500.genblk1.genblk1.genblk1.genblk1.genblk1.genblk1.genblk1.genblk1.genblk1.genblk1.lut0.genblk1.genblk1.genblk1.genblk1.genblk1.genblk1.genblk1.genblk1.genblk1.lut0 (6 -> 0)
  Optimizing lut $abc$12278$auto$blifparse.cc:535:parse_blif$12500.genblk1.genblk1.genblk1.genblk1.genblk1.genblk1.genblk1.genblk1.genblk1.genblk1.lut1.genblk1.genblk1.genblk1.genblk1.genblk1.genblk1.genblk1.genblk1.genblk1.lut0 (6 -> 3)
  Optimizing lut $abc$12278$auto$blifparse.cc:535:parse_blif$12503.genblk1.genblk1.genblk1.genblk1.genblk1.genblk1.genblk1.genblk1.genblk1.genblk1.lut0.genblk1.genblk1.genblk1.genblk1.genblk1.genblk1.genblk1.genblk1.genblk1.lut0 (6 -> 5)
  Optimizing lut $abc$12278$auto$blifparse.cc:535:parse_blif$12503.genblk1.genblk1.genblk1.genblk1.genblk1.genblk1.genblk1.genblk1.genblk1.genblk1.lut1.genblk1.genblk1.genblk1.genblk1.genblk1.genblk1.genblk1.genblk1.genblk1.lut0 (6 -> 4)
  Optimizing lut $abc$12278$auto$blifparse.cc:535:parse_blif$12504.genblk1.genblk1.genblk1.genblk1.genblk1.genblk1.genblk1.genblk1.genblk1.genblk1.lut0.genblk1.genblk1.genblk1.genblk1.genblk1.genblk1.genblk1.genblk1.genblk1.lut0 (6 -> 3)
  Optimizing lut $abc$12278$auto$blifparse.cc:535:parse_blif$12504.genblk1.genblk1.genblk1.genblk1.genblk1.genblk1.genblk1.genblk1.genblk1.genblk1.lut1.genblk1.genblk1.genblk1.genblk1.genblk1.genblk1.genblk1.genblk1.genblk1.lut0 (6 -> 0)
  Optimizing lut $abc$12278$auto$blifparse.cc:535:parse_blif$12508.genblk1.genblk1.genblk1.genblk1.genblk1.genblk1.genblk1.genblk1.genblk1.genblk1.lut0.genblk1.genblk1.genblk1.genblk1.genblk1.genblk1.genblk1.genblk1.genblk1.lut0 (6 -> 3)
  Optimizing lut $abc$12278$auto$blifparse.cc:535:parse_blif$12508.genblk1.genblk1.genblk1.genblk1.genblk1.genblk1.genblk1.genblk1.genblk1.genblk1.lut1.genblk1.genblk1.genblk1.genblk1.genblk1.genblk1.genblk1.genblk1.genblk1.lut0 (6 -> 0)
  Optimizing lut $abc$12278$auto$blifparse.cc:535:parse_blif$12511.genblk1.genblk1.genblk1.genblk1.genblk1.genblk1.genblk1.genblk1.genblk1.genblk1.lut0.genblk1.genblk1.genblk1.genblk1.genblk1.genblk1.genblk1.genblk1.genblk1.lut0 (6 -> 5)
  Optimizing lut $abc$12278$auto$blifparse.cc:535:parse_blif$12511.genblk1.genblk1.genblk1.genblk1.genblk1.genblk1.genblk1.genblk1.genblk1.genblk1.lut1.genblk1.genblk1.genblk1.genblk1.genblk1.genblk1.genblk1.genblk1.genblk1.lut0 (6 -> 4)
  Optimizing lut $abc$12278$auto$blifparse.cc:535:parse_blif$12512.genblk1.genblk1.genblk1.genblk1.genblk1.genblk1.genblk1.genblk1.genblk1.genblk1.lut0.genblk1.genblk1.genblk1.genblk1.genblk1.genblk1.genblk1.genblk1.genblk1.lut0 (6 -> 3)
  Optimizing lut $abc$12278$auto$blifparse.cc:535:parse_blif$12512.genblk1.genblk1.genblk1.genblk1.genblk1.genblk1.genblk1.genblk1.genblk1.genblk1.lut1.genblk1.genblk1.genblk1.genblk1.genblk1.genblk1.genblk1.genblk1.genblk1.lut0 (6 -> 0)
  Optimizing lut $abc$12278$auto$blifparse.cc:535:parse_blif$12516.genblk1.genblk1.genblk1.genblk1.genblk1.genblk1.genblk1.genblk1.genblk1.genblk1.lut0.genblk1.genblk1.genblk1.genblk1.genblk1.genblk1.genblk1.genblk1.genblk1.lut0 (6 -> 0)
  Optimizing lut $abc$12278$auto$blifparse.cc:535:parse_blif$12516.genblk1.genblk1.genblk1.genblk1.genblk1.genblk1.genblk1.genblk1.genblk1.genblk1.lut1.genblk1.genblk1.genblk1.genblk1.genblk1.genblk1.genblk1.genblk1.genblk1.lut0 (6 -> 3)
  Optimizing lut $abc$12278$auto$blifparse.cc:535:parse_blif$12938.genblk1.genblk1.genblk1.genblk1.genblk1.genblk1.genblk1.genblk1.genblk1.genblk1.lut0.genblk1.genblk1.genblk1.genblk1.genblk1.genblk1.genblk1.genblk1.genblk1.lut0 (6 -> 0)
  Optimizing lut $abc$12278$auto$blifparse.cc:535:parse_blif$12519.genblk1.genblk1.genblk1.genblk1.genblk1.genblk1.genblk1.genblk1.genblk1.lut0 (6 -> 1)
  Optimizing lut $abc$12278$auto$blifparse.cc:535:parse_blif$12952.genblk1.genblk1.genblk1.genblk1.genblk1.genblk1.genblk1.genblk1.genblk1.genblk1.lut0.genblk1.genblk1.genblk1.genblk1.genblk1.genblk1.genblk1.genblk1.genblk1.lut0 (6 -> 0)
  Optimizing lut $abc$12278$auto$blifparse.cc:535:parse_blif$12769.genblk1.genblk1.genblk1.genblk1.genblk1.genblk1.genblk1.genblk1.genblk1.genblk1.lut0.genblk1.genblk1.genblk1.genblk1.genblk1.genblk1.genblk1.genblk1.genblk1.lut0 (6 -> 5)
  Optimizing lut $abc$12278$auto$blifparse.cc:535:parse_blif$12769.genblk1.genblk1.genblk1.genblk1.genblk1.genblk1.genblk1.genblk1.genblk1.genblk1.lut1.genblk1.genblk1.genblk1.genblk1.genblk1.genblk1.genblk1.genblk1.genblk1.lut0 (6 -> 3)
  Optimizing lut $abc$12278$auto$blifparse.cc:535:parse_blif$12787.genblk1.genblk1.genblk1.genblk1.genblk1.genblk1.genblk1.genblk1.genblk1.genblk1.lut0.genblk1.genblk1.genblk1.genblk1.genblk1.genblk1.genblk1.genblk1.genblk1.lut0 (6 -> 3)
  Optimizing lut $abc$12278$auto$blifparse.cc:535:parse_blif$12959.genblk1.genblk1.genblk1.genblk1.genblk1.genblk1.genblk1.genblk1.genblk1.lut0 (6 -> 0)
  Optimizing lut $abc$12278$auto$blifparse.cc:535:parse_blif$12530.genblk1.genblk1.genblk1.genblk1.genblk1.genblk1.genblk1.genblk1.genblk1.genblk1.lut0.genblk1.genblk1.genblk1.genblk1.genblk1.genblk1.genblk1.genblk1.genblk1.lut0 (6 -> 5)
  Optimizing lut $abc$12278$auto$blifparse.cc:535:parse_blif$12968.genblk1.genblk1.genblk1.genblk1.genblk1.genblk1.genblk1.genblk1.genblk1.lut0 (6 -> 0)
  Optimizing lut $abc$12278$auto$blifparse.cc:535:parse_blif$12531.genblk1.genblk1.genblk1.genblk1.genblk1.genblk1.genblk1.genblk1.genblk1.genblk1.lut0.genblk1.genblk1.genblk1.genblk1.genblk1.genblk1.genblk1.genblk1.genblk1.lut0 (6 -> 3)
  Optimizing lut $abc$12278$auto$blifparse.cc:535:parse_blif$12531.genblk1.genblk1.genblk1.genblk1.genblk1.genblk1.genblk1.genblk1.genblk1.genblk1.lut1.genblk1.genblk1.genblk1.genblk1.genblk1.genblk1.genblk1.genblk1.genblk1.lut0 (6 -> 0)
  Optimizing lut $abc$12278$auto$blifparse.cc:535:parse_blif$12332.genblk1.genblk1.genblk1.genblk1.genblk1.genblk1.genblk1.genblk1.genblk1.genblk1.lut1.genblk1.genblk1.genblk1.genblk1.genblk1.genblk1.genblk1.genblk1.genblk1.lut0 (6 -> 4)
  Optimizing lut $abc$12278$auto$blifparse.cc:535:parse_blif$13066.genblk1.genblk1.genblk1.genblk1.genblk1.genblk1.genblk1.genblk1.genblk1.lut0 (6 -> 4)
  Optimizing lut $abc$12278$auto$blifparse.cc:535:parse_blif$12333.genblk1.genblk1.genblk1.genblk1.genblk1.genblk1.genblk1.genblk1.genblk1.genblk1.lut1.genblk1.genblk1.genblk1.genblk1.genblk1.genblk1.genblk1.genblk1.genblk1.lut0 (6 -> 0)
  Optimizing lut $abc$12278$auto$blifparse.cc:535:parse_blif$12337.genblk1.genblk1.genblk1.genblk1.genblk1.genblk1.genblk1.genblk1.genblk1.genblk1.lut0.genblk1.genblk1.genblk1.genblk1.genblk1.genblk1.genblk1.genblk1.genblk1.lut0 (6 -> 0)
  Optimizing lut $abc$12278$auto$blifparse.cc:535:parse_blif$12337.genblk1.genblk1.genblk1.genblk1.genblk1.genblk1.genblk1.genblk1.genblk1.genblk1.lut1.genblk1.genblk1.genblk1.genblk1.genblk1.genblk1.genblk1.genblk1.genblk1.lut0 (6 -> 3)
  Optimizing lut $abc$12278$auto$blifparse.cc:535:parse_blif$12340.genblk1.genblk1.genblk1.genblk1.genblk1.genblk1.genblk1.genblk1.genblk1.genblk1.lut0.genblk1.genblk1.genblk1.genblk1.genblk1.genblk1.genblk1.genblk1.genblk1.lut0 (6 -> 5)
  Optimizing lut $abc$12278$auto$blifparse.cc:535:parse_blif$12340.genblk1.genblk1.genblk1.genblk1.genblk1.genblk1.genblk1.genblk1.genblk1.genblk1.lut1.genblk1.genblk1.genblk1.genblk1.genblk1.genblk1.genblk1.genblk1.genblk1.lut0 (6 -> 4)
  Optimizing lut $abc$12278$auto$blifparse.cc:535:parse_blif$12797.genblk1.genblk1.genblk1.genblk1.genblk1.genblk1.genblk1.genblk1.genblk1.genblk1.lut0.genblk1.genblk1.genblk1.genblk1.genblk1.genblk1.genblk1.genblk1.genblk1.lut0 (6 -> 3)
  Optimizing lut $abc$12278$auto$blifparse.cc:535:parse_blif$12797.genblk1.genblk1.genblk1.genblk1.genblk1.genblk1.genblk1.genblk1.genblk1.genblk1.lut1.genblk1.genblk1.genblk1.genblk1.genblk1.genblk1.genblk1.genblk1.genblk1.lut0 (6 -> 4)
  Optimizing lut $abc$12278$auto$blifparse.cc:535:parse_blif$12772.genblk1.genblk1.genblk1.genblk1.genblk1.genblk1.genblk1.genblk1.genblk1.genblk1.lut0.genblk1.genblk1.genblk1.genblk1.genblk1.genblk1.genblk1.genblk1.genblk1.lut0 (6 -> 3)
  Optimizing lut $abc$12278$auto$blifparse.cc:535:parse_blif$13028.genblk1.genblk1.genblk1.genblk1.genblk1.genblk1.genblk1.genblk1.genblk1.lut1 (6 -> 0)
  Optimizing lut $abc$12278$auto$blifparse.cc:535:parse_blif$12773.genblk1.genblk1.genblk1.genblk1.genblk1.genblk1.genblk1.genblk1.genblk1.genblk1.lut0.genblk1.genblk1.genblk1.genblk1.genblk1.genblk1.genblk1.genblk1.genblk1.lut0 (6 -> 3)
  Optimizing lut $abc$12278$auto$blifparse.cc:535:parse_blif$12773.genblk1.genblk1.genblk1.genblk1.genblk1.genblk1.genblk1.genblk1.genblk1.genblk1.lut1.genblk1.genblk1.genblk1.genblk1.genblk1.genblk1.genblk1.genblk1.genblk1.lut0 (6 -> 1)
  Optimizing lut $abc$12278$auto$blifparse.cc:535:parse_blif$12341.genblk1.genblk1.genblk1.genblk1.genblk1.genblk1.genblk1.genblk1.genblk1.genblk1.lut0.genblk1.genblk1.genblk1.genblk1.genblk1.genblk1.genblk1.genblk1.genblk1.lut0 (6 -> 3)
  Optimizing lut $abc$12278$auto$blifparse.cc:535:parse_blif$13038.genblk1.genblk1.genblk1.genblk1.genblk1.genblk1.genblk1.genblk1.genblk1.lut1 (6 -> 4)
  Optimizing lut $abc$12278$auto$blifparse.cc:535:parse_blif$12345.genblk1.genblk1.genblk1.genblk1.genblk1.genblk1.genblk1.genblk1.genblk1.genblk1.lut0.genblk1.genblk1.genblk1.genblk1.genblk1.genblk1.genblk1.genblk1.genblk1.lut0 (6 -> 0)
  Optimizing lut $abc$12278$auto$blifparse.cc:535:parse_blif$12345.genblk1.genblk1.genblk1.genblk1.genblk1.genblk1.genblk1.genblk1.genblk1.genblk1.lut1.genblk1.genblk1.genblk1.genblk1.genblk1.genblk1.genblk1.genblk1.genblk1.lut0 (6 -> 3)
  Optimizing lut $abc$12278$auto$blifparse.cc:535:parse_blif$12348.genblk1.genblk1.genblk1.genblk1.genblk1.genblk1.genblk1.genblk1.genblk1.genblk1.lut0.genblk1.genblk1.genblk1.genblk1.genblk1.genblk1.genblk1.genblk1.genblk1.lut0 (6 -> 5)
  Optimizing lut $abc$12278$auto$blifparse.cc:535:parse_blif$12348.genblk1.genblk1.genblk1.genblk1.genblk1.genblk1.genblk1.genblk1.genblk1.genblk1.lut1.genblk1.genblk1.genblk1.genblk1.genblk1.genblk1.genblk1.genblk1.genblk1.lut0 (6 -> 4)
  Optimizing lut $abc$12278$auto$blifparse.cc:535:parse_blif$12349.genblk1.genblk1.genblk1.genblk1.genblk1.genblk1.genblk1.genblk1.genblk1.genblk1.lut0.genblk1.genblk1.genblk1.genblk1.genblk1.genblk1.genblk1.genblk1.genblk1.lut0 (6 -> 3)
  Optimizing lut $abc$12278$auto$blifparse.cc:535:parse_blif$12349.genblk1.genblk1.genblk1.genblk1.genblk1.genblk1.genblk1.genblk1.genblk1.genblk1.lut1.genblk1.genblk1.genblk1.genblk1.genblk1.genblk1.genblk1.genblk1.genblk1.lut0 (6 -> 0)
  Optimizing lut $abc$12278$auto$blifparse.cc:535:parse_blif$12353.genblk1.genblk1.genblk1.genblk1.genblk1.genblk1.genblk1.genblk1.genblk1.genblk1.lut0.genblk1.genblk1.genblk1.genblk1.genblk1.genblk1.genblk1.genblk1.genblk1.lut0 (6 -> 0)
  Optimizing lut $abc$12278$auto$blifparse.cc:535:parse_blif$12353.genblk1.genblk1.genblk1.genblk1.genblk1.genblk1.genblk1.genblk1.genblk1.genblk1.lut1.genblk1.genblk1.genblk1.genblk1.genblk1.genblk1.genblk1.genblk1.genblk1.lut0 (6 -> 3)
  Optimizing lut $abc$12278$auto$blifparse.cc:535:parse_blif$12356.genblk1.genblk1.genblk1.genblk1.genblk1.genblk1.genblk1.genblk1.genblk1.genblk1.lut0.genblk1.genblk1.genblk1.genblk1.genblk1.genblk1.genblk1.genblk1.genblk1.lut0 (6 -> 5)
  Optimizing lut $abc$12278$auto$blifparse.cc:535:parse_blif$12356.genblk1.genblk1.genblk1.genblk1.genblk1.genblk1.genblk1.genblk1.genblk1.genblk1.lut1.genblk1.genblk1.genblk1.genblk1.genblk1.genblk1.genblk1.genblk1.genblk1.lut0 (6 -> 4)
  Optimizing lut $abc$12278$auto$blifparse.cc:535:parse_blif$12357.genblk1.genblk1.genblk1.genblk1.genblk1.genblk1.genblk1.genblk1.genblk1.genblk1.lut0.genblk1.genblk1.genblk1.genblk1.genblk1.genblk1.genblk1.genblk1.genblk1.lut0 (6 -> 3)
  Optimizing lut $abc$12278$auto$blifparse.cc:535:parse_blif$12357.genblk1.genblk1.genblk1.genblk1.genblk1.genblk1.genblk1.genblk1.genblk1.genblk1.lut1.genblk1.genblk1.genblk1.genblk1.genblk1.genblk1.genblk1.genblk1.genblk1.lut0 (6 -> 0)
  Optimizing lut $abc$12278$auto$blifparse.cc:535:parse_blif$12435.genblk1.genblk1.genblk1.genblk1.genblk1.genblk1.genblk1.genblk1.genblk1.genblk1.lut0.genblk1.genblk1.genblk1.genblk1.genblk1.genblk1.genblk1.genblk1.genblk1.lut0 (6 -> 0)
  Optimizing lut $abc$12278$auto$blifparse.cc:535:parse_blif$12977.genblk1.genblk1.genblk1.genblk1.genblk1.genblk1.genblk1.genblk1.genblk1.lut0 (6 -> 0)
  Optimizing lut $abc$12278$auto$blifparse.cc:535:parse_blif$12813.genblk1.genblk1.genblk1.genblk1.genblk1.genblk1.genblk1.genblk1.genblk1.genblk1.lut0.genblk1.genblk1.genblk1.genblk1.genblk1.genblk1.genblk1.genblk1.genblk1.lut0 (6 -> 5)
  Optimizing lut $abc$12278$auto$blifparse.cc:535:parse_blif$12438.genblk1.genblk1.genblk1.genblk1.genblk1.genblk1.genblk1.genblk1.genblk1.genblk1.lut0.genblk1.genblk1.genblk1.genblk1.genblk1.genblk1.genblk1.genblk1.genblk1.lut0 (6 -> 5)
  Optimizing lut $abc$12278$auto$blifparse.cc:535:parse_blif$12930.genblk1.genblk1.genblk1.genblk1.genblk1.genblk1.genblk1.genblk1.genblk1.lut0 (6 -> 0)
  Optimizing lut $abc$12278$auto$blifparse.cc:535:parse_blif$12332.genblk1.genblk1.genblk1.genblk1.genblk1.genblk1.genblk1.genblk1.genblk1.genblk1.lut0.genblk1.genblk1.genblk1.genblk1.genblk1.genblk1.genblk1.genblk1.genblk1.lut0 (6 -> 5)
  Optimizing lut $abc$12278$auto$blifparse.cc:535:parse_blif$12535.genblk1.genblk1.genblk1.genblk1.genblk1.genblk1.genblk1.genblk1.genblk1.genblk1.lut1.genblk1.genblk1.genblk1.genblk1.genblk1.genblk1.genblk1.genblk1.genblk1.lut0 (6 -> 3)
  Optimizing lut $abc$12278$auto$blifparse.cc:535:parse_blif$12535.genblk1.genblk1.genblk1.genblk1.genblk1.genblk1.genblk1.genblk1.genblk1.genblk1.lut0.genblk1.genblk1.genblk1.genblk1.genblk1.genblk1.genblk1.genblk1.genblk1.lut0 (6 -> 0)
  Optimizing lut $abc$12278$auto$blifparse.cc:535:parse_blif$13054.genblk1.genblk1.genblk1.genblk1.genblk1.genblk1.genblk1.genblk1.genblk1.genblk1.lut0.genblk1.genblk1.genblk1.genblk1.genblk1.genblk1.genblk1.genblk1.genblk1.lut0 (6 -> 0)
  Optimizing lut $abc$12278$auto$blifparse.cc:535:parse_blif$12405.genblk1.genblk1.genblk1.genblk1.genblk1.genblk1.genblk1.genblk1.genblk1.genblk1.lut0.genblk1.genblk1.genblk1.genblk1.genblk1.genblk1.genblk1.genblk1.genblk1.lut0 (6 -> 5)
  Optimizing lut $abc$12278$auto$blifparse.cc:535:parse_blif$12406.genblk1.genblk1.genblk1.genblk1.genblk1.genblk1.genblk1.genblk1.genblk1.genblk1.lut0.genblk1.genblk1.genblk1.genblk1.genblk1.genblk1.genblk1.genblk1.genblk1.lut0 (6 -> 3)
  Optimizing lut $abc$12278$auto$blifparse.cc:535:parse_blif$12406.genblk1.genblk1.genblk1.genblk1.genblk1.genblk1.genblk1.genblk1.genblk1.genblk1.lut1.genblk1.genblk1.genblk1.genblk1.genblk1.genblk1.genblk1.genblk1.genblk1.lut0 (6 -> 0)
  Optimizing lut $abc$12278$auto$blifparse.cc:535:parse_blif$12729.genblk1.genblk1.genblk1.genblk1.genblk1.genblk1.genblk1.genblk1.genblk1.genblk1.lut0.genblk1.genblk1.genblk1.genblk1.genblk1.genblk1.genblk1.genblk1.genblk1.lut0 (6 -> 4)
  Optimizing lut $abc$12278$auto$blifparse.cc:535:parse_blif$12729.genblk1.genblk1.genblk1.genblk1.genblk1.genblk1.genblk1.genblk1.genblk1.genblk1.lut1.genblk1.genblk1.genblk1.genblk1.genblk1.genblk1.genblk1.genblk1.genblk1.lut0 (6 -> 4)
  Optimizing lut $abc$12278$auto$blifparse.cc:535:parse_blif$12410.genblk1.genblk1.genblk1.genblk1.genblk1.genblk1.genblk1.genblk1.genblk1.genblk1.lut0.genblk1.genblk1.genblk1.genblk1.genblk1.genblk1.genblk1.genblk1.genblk1.lut0 (6 -> 0)
  Optimizing lut $abc$12278$auto$blifparse.cc:535:parse_blif$12410.genblk1.genblk1.genblk1.genblk1.genblk1.genblk1.genblk1.genblk1.genblk1.genblk1.lut1.genblk1.genblk1.genblk1.genblk1.genblk1.genblk1.genblk1.genblk1.genblk1.lut0 (6 -> 3)
  Optimizing lut $abc$12278$auto$blifparse.cc:535:parse_blif$12413.genblk1.genblk1.genblk1.genblk1.genblk1.genblk1.genblk1.genblk1.genblk1.genblk1.lut0.genblk1.genblk1.genblk1.genblk1.genblk1.genblk1.genblk1.genblk1.genblk1.lut0 (6 -> 5)
  Optimizing lut $abc$12278$auto$blifparse.cc:535:parse_blif$12414.genblk1.genblk1.genblk1.genblk1.genblk1.genblk1.genblk1.genblk1.genblk1.genblk1.lut0.genblk1.genblk1.genblk1.genblk1.genblk1.genblk1.genblk1.genblk1.genblk1.lut0 (6 -> 3)
  Optimizing lut $abc$12278$auto$blifparse.cc:535:parse_blif$12414.genblk1.genblk1.genblk1.genblk1.genblk1.genblk1.genblk1.genblk1.genblk1.genblk1.lut1.genblk1.genblk1.genblk1.genblk1.genblk1.genblk1.genblk1.genblk1.genblk1.lut0 (6 -> 0)
  Optimizing lut $abc$12278$auto$blifparse.cc:535:parse_blif$12418.genblk1.genblk1.genblk1.genblk1.genblk1.genblk1.genblk1.genblk1.genblk1.genblk1.lut0.genblk1.genblk1.genblk1.genblk1.genblk1.genblk1.genblk1.genblk1.genblk1.lut0 (6 -> 0)
  Optimizing lut $abc$12278$auto$blifparse.cc:535:parse_blif$12418.genblk1.genblk1.genblk1.genblk1.genblk1.genblk1.genblk1.genblk1.genblk1.genblk1.lut1.genblk1.genblk1.genblk1.genblk1.genblk1.genblk1.genblk1.genblk1.genblk1.lut0 (6 -> 3)
  Optimizing lut $abc$12278$auto$blifparse.cc:535:parse_blif$12421.genblk1.genblk1.genblk1.genblk1.genblk1.genblk1.genblk1.genblk1.genblk1.genblk1.lut0.genblk1.genblk1.genblk1.genblk1.genblk1.genblk1.genblk1.genblk1.genblk1.lut0 (6 -> 5)
  Optimizing lut $abc$12278$auto$blifparse.cc:535:parse_blif$12421.genblk1.genblk1.genblk1.genblk1.genblk1.genblk1.genblk1.genblk1.genblk1.genblk1.lut1.genblk1.genblk1.genblk1.genblk1.genblk1.genblk1.genblk1.genblk1.genblk1.lut0 (6 -> 4)
  Optimizing lut $abc$12278$auto$blifparse.cc:535:parse_blif$12422.genblk1.genblk1.genblk1.genblk1.genblk1.genblk1.genblk1.genblk1.genblk1.genblk1.lut0.genblk1.genblk1.genblk1.genblk1.genblk1.genblk1.genblk1.genblk1.genblk1.lut0 (6 -> 3)
  Optimizing lut $abc$12278$auto$blifparse.cc:535:parse_blif$12422.genblk1.genblk1.genblk1.genblk1.genblk1.genblk1.genblk1.genblk1.genblk1.genblk1.lut1.genblk1.genblk1.genblk1.genblk1.genblk1.genblk1.genblk1.genblk1.genblk1.lut0 (6 -> 0)
  Optimizing lut $abc$12278$auto$blifparse.cc:535:parse_blif$12426.genblk1.genblk1.genblk1.genblk1.genblk1.genblk1.genblk1.genblk1.genblk1.genblk1.lut0.genblk1.genblk1.genblk1.genblk1.genblk1.genblk1.genblk1.genblk1.genblk1.lut0 (6 -> 0)
  Optimizing lut $abc$12278$auto$blifparse.cc:535:parse_blif$12426.genblk1.genblk1.genblk1.genblk1.genblk1.genblk1.genblk1.genblk1.genblk1.genblk1.lut1.genblk1.genblk1.genblk1.genblk1.genblk1.genblk1.genblk1.genblk1.genblk1.lut0 (6 -> 3)
  Optimizing lut $abc$12278$auto$blifparse.cc:535:parse_blif$12429.genblk1.genblk1.genblk1.genblk1.genblk1.genblk1.genblk1.genblk1.genblk1.genblk1.lut0.genblk1.genblk1.genblk1.genblk1.genblk1.genblk1.genblk1.genblk1.genblk1.lut0 (6 -> 0)
  Optimizing lut $abc$12278$auto$blifparse.cc:535:parse_blif$12361.genblk1.genblk1.genblk1.genblk1.genblk1.genblk1.genblk1.genblk1.genblk1.genblk1.lut0.genblk1.genblk1.genblk1.genblk1.genblk1.genblk1.genblk1.genblk1.genblk1.lut0 (6 -> 0)
  Optimizing lut $abc$12278$auto$blifparse.cc:535:parse_blif$12364.genblk1.genblk1.genblk1.genblk1.genblk1.genblk1.genblk1.genblk1.genblk1.genblk1.lut0.genblk1.genblk1.genblk1.genblk1.genblk1.genblk1.genblk1.genblk1.genblk1.lut0 (6 -> 5)
  Optimizing lut $abc$12278$auto$blifparse.cc:535:parse_blif$12309.genblk1.genblk1.genblk1.genblk1.genblk1.genblk1.genblk1.genblk1.genblk1.lut0 (6 -> 1)
  Optimizing lut $abc$12278$auto$blifparse.cc:535:parse_blif$12365.genblk1.genblk1.genblk1.genblk1.genblk1.genblk1.genblk1.genblk1.genblk1.genblk1.lut0.genblk1.genblk1.genblk1.genblk1.genblk1.genblk1.genblk1.genblk1.genblk1.lut0 (6 -> 3)
  Optimizing lut $abc$12278$auto$blifparse.cc:535:parse_blif$12320.genblk1.genblk1.genblk1.genblk1.genblk1.genblk1.genblk1.genblk1.genblk1.lut1 (6 -> 1)
  Optimizing lut $abc$12278$auto$blifparse.cc:535:parse_blif$12369.genblk1.genblk1.genblk1.genblk1.genblk1.genblk1.genblk1.genblk1.genblk1.genblk1.lut0.genblk1.genblk1.genblk1.genblk1.genblk1.genblk1.genblk1.genblk1.genblk1.lut0 (6 -> 0)
  Optimizing lut $abc$12278$auto$blifparse.cc:535:parse_blif$12369.genblk1.genblk1.genblk1.genblk1.genblk1.genblk1.genblk1.genblk1.genblk1.genblk1.lut1.genblk1.genblk1.genblk1.genblk1.genblk1.genblk1.genblk1.genblk1.genblk1.lut0 (6 -> 3)
  Optimizing lut $abc$12278$auto$blifparse.cc:535:parse_blif$12790.genblk1.genblk1.genblk1.genblk1.genblk1.genblk1.genblk1.genblk1.genblk1.genblk1.lut1.genblk1.genblk1.genblk1.genblk1.genblk1.genblk1.genblk1.genblk1.genblk1.lut0 (6 -> 2)
  Optimizing lut $abc$12278$auto$blifparse.cc:535:parse_blif$12372.genblk1.genblk1.genblk1.genblk1.genblk1.genblk1.genblk1.genblk1.genblk1.genblk1.lut0.genblk1.genblk1.genblk1.genblk1.genblk1.genblk1.genblk1.genblk1.genblk1.lut0 (6 -> 5)
  Optimizing lut $abc$12278$auto$blifparse.cc:535:parse_blif$12308.genblk1.genblk1.genblk1.genblk1.genblk1.genblk1.genblk1.genblk1.genblk1.lut1 (6 -> 1)
  Optimizing lut $abc$12278$auto$blifparse.cc:535:parse_blif$12790.genblk1.genblk1.genblk1.genblk1.genblk1.genblk1.genblk1.genblk1.genblk1.genblk1.lut0.genblk1.genblk1.genblk1.genblk1.genblk1.genblk1.genblk1.genblk1.genblk1.lut0 (6 -> 3)
  Optimizing lut $abc$12278$auto$blifparse.cc:535:parse_blif$12373.genblk1.genblk1.genblk1.genblk1.genblk1.genblk1.genblk1.genblk1.genblk1.genblk1.lut0.genblk1.genblk1.genblk1.genblk1.genblk1.genblk1.genblk1.genblk1.genblk1.lut0 (6 -> 3)
  Optimizing lut $abc$12278$auto$blifparse.cc:535:parse_blif$12373.genblk1.genblk1.genblk1.genblk1.genblk1.genblk1.genblk1.genblk1.genblk1.genblk1.lut1.genblk1.genblk1.genblk1.genblk1.genblk1.genblk1.genblk1.genblk1.genblk1.lut0 (6 -> 0)
  Optimizing lut $abc$12278$auto$blifparse.cc:535:parse_blif$12377.genblk1.genblk1.genblk1.genblk1.genblk1.genblk1.genblk1.genblk1.genblk1.genblk1.lut0.genblk1.genblk1.genblk1.genblk1.genblk1.genblk1.genblk1.genblk1.genblk1.lut0 (6 -> 0)
  Optimizing lut $abc$12278$auto$blifparse.cc:535:parse_blif$12730.genblk1.genblk1.genblk1.genblk1.genblk1.genblk1.genblk1.genblk1.genblk1.lut0 (6 -> 4)
  Optimizing lut $abc$12278$auto$blifparse.cc:535:parse_blif$13016.genblk1.genblk1.genblk1.genblk1.genblk1.genblk1.genblk1.genblk1.genblk1.genblk1.lut0.genblk1.genblk1.genblk1.genblk1.genblk1.genblk1.genblk1.genblk1.genblk1.lut0 (6 -> 0)
  Optimizing lut $abc$12278$auto$blifparse.cc:535:parse_blif$12381.genblk1.genblk1.genblk1.genblk1.genblk1.genblk1.genblk1.genblk1.genblk1.genblk1.lut0.genblk1.genblk1.genblk1.genblk1.genblk1.genblk1.genblk1.genblk1.genblk1.lut0 (6 -> 5)
  Optimizing lut $abc$12278$auto$blifparse.cc:535:parse_blif$12382.genblk1.genblk1.genblk1.genblk1.genblk1.genblk1.genblk1.genblk1.genblk1.genblk1.lut0.genblk1.genblk1.genblk1.genblk1.genblk1.genblk1.genblk1.genblk1.genblk1.lut0 (6 -> 3)
  Optimizing lut $abc$12278$auto$blifparse.cc:535:parse_blif$12296.genblk1.genblk1.genblk1.genblk1.genblk1.genblk1.genblk1.genblk1.genblk1.lut0 (6 -> 5)
  Optimizing lut $abc$12278$auto$blifparse.cc:535:parse_blif$12386.genblk1.genblk1.genblk1.genblk1.genblk1.genblk1.genblk1.genblk1.genblk1.genblk1.lut0.genblk1.genblk1.genblk1.genblk1.genblk1.genblk1.genblk1.genblk1.genblk1.lut0 (6 -> 0)
  Optimizing lut $abc$12278$auto$blifparse.cc:535:parse_blif$13049.genblk1.genblk1.genblk1.genblk1.genblk1.genblk1.genblk1.genblk1.genblk1.lut0 (6 -> 0)
  Optimizing lut $abc$12278$auto$blifparse.cc:535:parse_blif$12280.genblk1.genblk1.genblk1.genblk1.genblk1.genblk1.genblk1.genblk1.genblk1.genblk1.lut1.genblk1.genblk1.genblk1.genblk1.genblk1.genblk1.genblk1.genblk1.genblk1.lut0 (6 -> 0)
  Optimizing lut $abc$12278$auto$blifparse.cc:535:parse_blif$12282.genblk1.genblk1.genblk1.genblk1.genblk1.genblk1.genblk1.genblk1.genblk1.lut0 (6 -> 1)
  Optimizing lut $abc$12278$auto$blifparse.cc:535:parse_blif$12389.genblk1.genblk1.genblk1.genblk1.genblk1.genblk1.genblk1.genblk1.genblk1.genblk1.lut1.genblk1.genblk1.genblk1.genblk1.genblk1.genblk1.genblk1.genblk1.genblk1.lut0 (6 -> 4)
  Optimizing lut $abc$12278$auto$blifparse.cc:535:parse_blif$12390.genblk1.genblk1.genblk1.genblk1.genblk1.genblk1.genblk1.genblk1.genblk1.genblk1.lut0.genblk1.genblk1.genblk1.genblk1.genblk1.genblk1.genblk1.genblk1.genblk1.lut0 (6 -> 3)
  Optimizing lut $abc$12278$auto$blifparse.cc:535:parse_blif$12390.genblk1.genblk1.genblk1.genblk1.genblk1.genblk1.genblk1.genblk1.genblk1.genblk1.lut1.genblk1.genblk1.genblk1.genblk1.genblk1.genblk1.genblk1.genblk1.genblk1.lut0 (6 -> 0)
  Optimizing lut $abc$12278$auto$blifparse.cc:535:parse_blif$12394.genblk1.genblk1.genblk1.genblk1.genblk1.genblk1.genblk1.genblk1.genblk1.genblk1.lut0.genblk1.genblk1.genblk1.genblk1.genblk1.genblk1.genblk1.genblk1.genblk1.lut0 (6 -> 0)
  Optimizing lut $abc$12278$auto$blifparse.cc:535:parse_blif$13065.genblk1.genblk1.genblk1.genblk1.genblk1.genblk1.genblk1.genblk1.genblk1.lut0 (6 -> 0)
  Optimizing lut $abc$12278$auto$blifparse.cc:535:parse_blif$12397.genblk1.genblk1.genblk1.genblk1.genblk1.genblk1.genblk1.genblk1.genblk1.genblk1.lut0.genblk1.genblk1.genblk1.genblk1.genblk1.genblk1.genblk1.genblk1.genblk1.lut0 (6 -> 5)
  Optimizing lut $abc$12278$auto$blifparse.cc:535:parse_blif$13056.genblk1.genblk1.genblk1.genblk1.genblk1.genblk1.genblk1.genblk1.genblk1.lut1 (6 -> 4)
  Optimizing lut $abc$12278$auto$blifparse.cc:535:parse_blif$12398.genblk1.genblk1.genblk1.genblk1.genblk1.genblk1.genblk1.genblk1.genblk1.genblk1.lut0.genblk1.genblk1.genblk1.genblk1.genblk1.genblk1.genblk1.genblk1.genblk1.lut0 (6 -> 3)
  Optimizing lut $abc$12278$auto$blifparse.cc:535:parse_blif$12398.genblk1.genblk1.genblk1.genblk1.genblk1.genblk1.genblk1.genblk1.genblk1.genblk1.lut1.genblk1.genblk1.genblk1.genblk1.genblk1.genblk1.genblk1.genblk1.genblk1.lut0 (6 -> 0)
  Optimizing lut $abc$12278$auto$blifparse.cc:535:parse_blif$12402.genblk1.genblk1.genblk1.genblk1.genblk1.genblk1.genblk1.genblk1.genblk1.genblk1.lut0.genblk1.genblk1.genblk1.genblk1.genblk1.genblk1.genblk1.genblk1.genblk1.lut0 (6 -> 0)
  Optimizing lut $abc$12278$auto$blifparse.cc:535:parse_blif$12402.genblk1.genblk1.genblk1.genblk1.genblk1.genblk1.genblk1.genblk1.genblk1.genblk1.lut1.genblk1.genblk1.genblk1.genblk1.genblk1.genblk1.genblk1.genblk1.genblk1.lut0 (6 -> 3)
  Optimizing lut $abc$12278$auto$blifparse.cc:535:parse_blif$12430.genblk1.genblk1.genblk1.genblk1.genblk1.genblk1.genblk1.genblk1.genblk1.genblk1.lut0.genblk1.genblk1.genblk1.genblk1.genblk1.genblk1.genblk1.genblk1.genblk1.lut0 (6 -> 5)
  Optimizing lut $abc$12278$auto$blifparse.cc:535:parse_blif$12928.genblk1.genblk1.genblk1.genblk1.genblk1.genblk1.genblk1.genblk1.genblk1.lut0 (6 -> 0)
  Optimizing lut $abc$12278$auto$blifparse.cc:535:parse_blif$12431.genblk1.genblk1.genblk1.genblk1.genblk1.genblk1.genblk1.genblk1.genblk1.genblk1.lut1.genblk1.genblk1.genblk1.genblk1.genblk1.genblk1.genblk1.genblk1.genblk1.lut0 (6 -> 0)
  Optimizing lut $abc$12278$auto$blifparse.cc:535:parse_blif$12280.genblk1.genblk1.genblk1.genblk1.genblk1.genblk1.genblk1.genblk1.genblk1.genblk1.lut0.genblk1.genblk1.genblk1.genblk1.genblk1.genblk1.genblk1.genblk1.genblk1.lut0 (6 -> 0)
  Optimizing lut $abc$12278$auto$blifparse.cc:535:parse_blif$13047.genblk1.genblk1.genblk1.genblk1.genblk1.genblk1.genblk1.genblk1.genblk1.lut0 (6 -> 4)
  Optimizing lut $abc$12278$auto$blifparse.cc:535:parse_blif$12703.genblk1.genblk1.genblk1.genblk1.genblk1.genblk1.genblk1.genblk1.genblk1.genblk1.lut1.genblk1.genblk1.genblk1.genblk1.genblk1.genblk1.genblk1.genblk1.genblk1.lut1 (6 -> 0)
  Optimizing lut $abc$12278$auto$blifparse.cc:535:parse_blif$12762.genblk1.genblk1.genblk1.genblk1.genblk1.genblk1.genblk1.genblk1.genblk1.genblk1.lut1.genblk1.genblk1.genblk1.genblk1.genblk1.genblk1.genblk1.genblk1.genblk1.lut0 (6 -> 5)
  Optimizing lut $abc$12278$auto$blifparse.cc:535:parse_blif$12788.genblk1.genblk1.genblk1.genblk1.genblk1.genblk1.genblk1.genblk1.genblk1.lut0 (6 -> 0)
  Optimizing lut $abc$12278$auto$blifparse.cc:535:parse_blif$12447.genblk1.genblk1.genblk1.genblk1.genblk1.genblk1.genblk1.genblk1.genblk1.genblk1.lut1.genblk1.genblk1.genblk1.genblk1.genblk1.genblk1.genblk1.genblk1.genblk1.lut0 (6 -> 0)
  Optimizing lut $abc$12278$auto$blifparse.cc:535:parse_blif$12731.genblk1.genblk1.genblk1.genblk1.genblk1.genblk1.genblk1.genblk1.genblk1.lut0 (6 -> 0)
  Optimizing lut $abc$12278$auto$blifparse.cc:535:parse_blif$12938.genblk1.genblk1.genblk1.genblk1.genblk1.genblk1.genblk1.genblk1.genblk1.genblk1.lut1.genblk1.genblk1.genblk1.genblk1.genblk1.genblk1.genblk1.genblk1.genblk1.lut1 (6 -> 4)
  Optimizing lut $abc$12278$auto$blifparse.cc:535:parse_blif$12754.genblk1.genblk1.genblk1.genblk1.genblk1.genblk1.genblk1.genblk1.genblk1.lut0 (6 -> 0)
  Optimizing lut $abc$12278$auto$blifparse.cc:535:parse_blif$12948.genblk1.genblk1.genblk1.genblk1.genblk1.genblk1.genblk1.genblk1.genblk1.lut0 (6 -> 0)
  Optimizing lut $abc$12278$auto$blifparse.cc:535:parse_blif$12787.genblk1.genblk1.genblk1.genblk1.genblk1.genblk1.genblk1.genblk1.genblk1.genblk1.lut1.genblk1.genblk1.genblk1.genblk1.genblk1.genblk1.genblk1.genblk1.genblk1.lut1 (6 -> 2)
  Optimizing lut $abc$12278$auto$blifparse.cc:535:parse_blif$12732.genblk1.genblk1.genblk1.genblk1.genblk1.genblk1.genblk1.genblk1.genblk1.lut0 (6 -> 4)
  Optimizing lut $abc$12278$auto$blifparse.cc:535:parse_blif$12854.genblk1.genblk1.genblk1.genblk1.genblk1.genblk1.genblk1.genblk1.genblk1.lut0 (6 -> 0)
  Optimizing lut $abc$12278$auto$blifparse.cc:535:parse_blif$12773.genblk1.genblk1.genblk1.genblk1.genblk1.genblk1.genblk1.genblk1.genblk1.genblk1.lut1.genblk1.genblk1.genblk1.genblk1.genblk1.genblk1.genblk1.genblk1.genblk1.lut1 (6 -> 1)
  Optimizing lut $abc$12278$auto$blifparse.cc:535:parse_blif$13046.genblk1.genblk1.genblk1.genblk1.genblk1.genblk1.genblk1.genblk1.genblk1.lut0 (6 -> 0)
  Optimizing lut $abc$12278$auto$blifparse.cc:535:parse_blif$12316.genblk1.genblk1.genblk1.genblk1.genblk1.genblk1.genblk1.genblk1.genblk1.lut0 (6 -> 1)
  Optimizing lut $abc$12278$auto$blifparse.cc:535:parse_blif$13057.genblk1.genblk1.genblk1.genblk1.genblk1.genblk1.genblk1.genblk1.genblk1.lut0 (6 -> 0)
  Optimizing lut $abc$12278$auto$blifparse.cc:535:parse_blif$12284.genblk1.genblk1.genblk1.genblk1.genblk1.genblk1.genblk1.genblk1.genblk1.lut0 (6 -> 0)
  Optimizing lut $abc$12278$auto$blifparse.cc:535:parse_blif$12430.genblk1.genblk1.genblk1.genblk1.genblk1.genblk1.genblk1.genblk1.genblk1.genblk1.lut1.genblk1.genblk1.genblk1.genblk1.genblk1.genblk1.genblk1.genblk1.genblk1.lut1 (6 -> 1)
  Optimizing lut $abc$12278$auto$blifparse.cc:535:parse_blif$12495.genblk1.genblk1.genblk1.genblk1.genblk1.genblk1.genblk1.genblk1.genblk1.genblk1.lut1.genblk1.genblk1.genblk1.genblk1.genblk1.genblk1.genblk1.genblk1.genblk1.lut1 (6 -> 1)
  Optimizing lut $abc$12278$auto$blifparse.cc:535:parse_blif$12288.genblk1.genblk1.genblk1.genblk1.genblk1.genblk1.genblk1.genblk1.genblk1.lut0 (6 -> 0)
  Optimizing lut $abc$12278$auto$blifparse.cc:535:parse_blif$13047.genblk1.genblk1.genblk1.genblk1.genblk1.genblk1.genblk1.genblk1.genblk1.lut1 (6 -> 4)
  Optimizing lut $abc$12278$auto$blifparse.cc:535:parse_blif$13064.genblk1.genblk1.genblk1.genblk1.genblk1.genblk1.genblk1.genblk1.genblk1.lut0 (6 -> 0)
  Optimizing lut $abc$12278$auto$blifparse.cc:535:parse_blif$12386.genblk1.genblk1.genblk1.genblk1.genblk1.genblk1.genblk1.genblk1.genblk1.genblk1.lut1.genblk1.genblk1.genblk1.genblk1.genblk1.genblk1.genblk1.genblk1.genblk1.lut0 (6 -> 3)
  Optimizing lut $abc$12278$auto$blifparse.cc:535:parse_blif$12382.genblk1.genblk1.genblk1.genblk1.genblk1.genblk1.genblk1.genblk1.genblk1.genblk1.lut1.genblk1.genblk1.genblk1.genblk1.genblk1.genblk1.genblk1.genblk1.genblk1.lut0 (6 -> 0)
  Optimizing lut $abc$12278$auto$blifparse.cc:535:parse_blif$12372.genblk1.genblk1.genblk1.genblk1.genblk1.genblk1.genblk1.genblk1.genblk1.genblk1.lut1.genblk1.genblk1.genblk1.genblk1.genblk1.genblk1.genblk1.genblk1.genblk1.lut0 (6 -> 4)
  Optimizing lut $abc$12278$auto$blifparse.cc:535:parse_blif$12364.genblk1.genblk1.genblk1.genblk1.genblk1.genblk1.genblk1.genblk1.genblk1.genblk1.lut1.genblk1.genblk1.genblk1.genblk1.genblk1.genblk1.genblk1.genblk1.genblk1.lut0 (6 -> 4)
  Optimizing lut $abc$12278$auto$blifparse.cc:535:parse_blif$12314.genblk1.genblk1.genblk1.genblk1.genblk1.genblk1.genblk1.genblk1.genblk1.lut0 (6 -> 5)
  Optimizing lut $abc$12278$auto$blifparse.cc:535:parse_blif$12732.genblk1.genblk1.genblk1.genblk1.genblk1.genblk1.genblk1.genblk1.genblk1.lut1 (6 -> 4)
  Optimizing lut $abc$12278$auto$blifparse.cc:535:parse_blif$12308.genblk1.genblk1.genblk1.genblk1.genblk1.genblk1.genblk1.genblk1.genblk1.lut0 (6 -> 5)
  Optimizing lut $abc$12278$auto$blifparse.cc:535:parse_blif$13048.genblk1.genblk1.genblk1.genblk1.genblk1.genblk1.genblk1.genblk1.genblk1.lut0 (6 -> 0)
  Optimizing lut $abc$12278$auto$blifparse.cc:535:parse_blif$12325.genblk1.genblk1.genblk1.genblk1.genblk1.genblk1.genblk1.genblk1.genblk1.lut0 (6 -> 5)
  Optimizing lut $abc$12278$auto$blifparse.cc:535:parse_blif$12320.genblk1.genblk1.genblk1.genblk1.genblk1.genblk1.genblk1.genblk1.genblk1.lut0 (6 -> 5)
  Optimizing lut $abc$12278$auto$blifparse.cc:535:parse_blif$12365.genblk1.genblk1.genblk1.genblk1.genblk1.genblk1.genblk1.genblk1.genblk1.genblk1.lut1.genblk1.genblk1.genblk1.genblk1.genblk1.genblk1.genblk1.genblk1.genblk1.lut0 (6 -> 0)
  Optimizing lut $abc$12278$auto$blifparse.cc:535:parse_blif$12330.genblk1.genblk1.genblk1.genblk1.genblk1.genblk1.genblk1.genblk1.genblk1.lut0 (6 -> 5)
  Optimizing lut $abc$12278$auto$blifparse.cc:535:parse_blif$12325.genblk1.genblk1.genblk1.genblk1.genblk1.genblk1.genblk1.genblk1.genblk1.lut1 (6 -> 1)
  Optimizing lut $abc$12278$auto$blifparse.cc:535:parse_blif$12530.genblk1.genblk1.genblk1.genblk1.genblk1.genblk1.genblk1.genblk1.genblk1.genblk1.lut1.genblk1.genblk1.genblk1.genblk1.genblk1.genblk1.genblk1.genblk1.genblk1.lut0 (6 -> 4)
  Optimizing lut $abc$12278$auto$blifparse.cc:535:parse_blif$12330.genblk1.genblk1.genblk1.genblk1.genblk1.genblk1.genblk1.genblk1.genblk1.lut1 (6 -> 1)
  Optimizing lut $abc$12278$auto$blifparse.cc:535:parse_blif$12332.genblk1.genblk1.genblk1.genblk1.genblk1.genblk1.genblk1.genblk1.genblk1.genblk1.lut1.genblk1.genblk1.genblk1.genblk1.genblk1.genblk1.genblk1.genblk1.genblk1.lut1 (6 -> 1)
  Optimizing lut $abc$12278$auto$blifparse.cc:535:parse_blif$12332.genblk1.genblk1.genblk1.genblk1.genblk1.genblk1.genblk1.genblk1.genblk1.genblk1.lut0.genblk1.genblk1.genblk1.genblk1.genblk1.genblk1.genblk1.genblk1.genblk1.lut1 (6 -> 2)
  Optimizing lut $abc$12278$auto$blifparse.cc:535:parse_blif$12340.genblk1.genblk1.genblk1.genblk1.genblk1.genblk1.genblk1.genblk1.genblk1.genblk1.lut1.genblk1.genblk1.genblk1.genblk1.genblk1.genblk1.genblk1.genblk1.genblk1.lut1 (6 -> 1)
  Optimizing lut $abc$12278$auto$blifparse.cc:535:parse_blif$12340.genblk1.genblk1.genblk1.genblk1.genblk1.genblk1.genblk1.genblk1.genblk1.genblk1.lut0.genblk1.genblk1.genblk1.genblk1.genblk1.genblk1.genblk1.genblk1.genblk1.lut1 (6 -> 2)
  Optimizing lut $abc$12278$auto$blifparse.cc:535:parse_blif$12348.genblk1.genblk1.genblk1.genblk1.genblk1.genblk1.genblk1.genblk1.genblk1.genblk1.lut1.genblk1.genblk1.genblk1.genblk1.genblk1.genblk1.genblk1.genblk1.genblk1.lut1 (6 -> 1)
  Optimizing lut $abc$12278$auto$blifparse.cc:535:parse_blif$12348.genblk1.genblk1.genblk1.genblk1.genblk1.genblk1.genblk1.genblk1.genblk1.genblk1.lut0.genblk1.genblk1.genblk1.genblk1.genblk1.genblk1.genblk1.genblk1.genblk1.lut1 (6 -> 2)
  Optimizing lut $abc$12278$auto$blifparse.cc:535:parse_blif$12356.genblk1.genblk1.genblk1.genblk1.genblk1.genblk1.genblk1.genblk1.genblk1.genblk1.lut1.genblk1.genblk1.genblk1.genblk1.genblk1.genblk1.genblk1.genblk1.genblk1.lut1 (6 -> 1)
  Optimizing lut $abc$12278$auto$blifparse.cc:535:parse_blif$12356.genblk1.genblk1.genblk1.genblk1.genblk1.genblk1.genblk1.genblk1.genblk1.genblk1.lut0.genblk1.genblk1.genblk1.genblk1.genblk1.genblk1.genblk1.genblk1.genblk1.lut1 (6 -> 2)
  Optimizing lut $abc$12278$auto$blifparse.cc:535:parse_blif$12364.genblk1.genblk1.genblk1.genblk1.genblk1.genblk1.genblk1.genblk1.genblk1.genblk1.lut1.genblk1.genblk1.genblk1.genblk1.genblk1.genblk1.genblk1.genblk1.genblk1.lut1 (6 -> 1)
  Optimizing lut $abc$12278$auto$blifparse.cc:535:parse_blif$12364.genblk1.genblk1.genblk1.genblk1.genblk1.genblk1.genblk1.genblk1.genblk1.genblk1.lut0.genblk1.genblk1.genblk1.genblk1.genblk1.genblk1.genblk1.genblk1.genblk1.lut1 (6 -> 2)
  Optimizing lut $abc$12278$auto$blifparse.cc:535:parse_blif$12372.genblk1.genblk1.genblk1.genblk1.genblk1.genblk1.genblk1.genblk1.genblk1.genblk1.lut1.genblk1.genblk1.genblk1.genblk1.genblk1.genblk1.genblk1.genblk1.genblk1.lut1 (6 -> 1)
  Optimizing lut $abc$12278$auto$blifparse.cc:535:parse_blif$12372.genblk1.genblk1.genblk1.genblk1.genblk1.genblk1.genblk1.genblk1.genblk1.genblk1.lut0.genblk1.genblk1.genblk1.genblk1.genblk1.genblk1.genblk1.genblk1.genblk1.lut1 (6 -> 2)
  Optimizing lut $abc$12278$auto$blifparse.cc:535:parse_blif$12381.genblk1.genblk1.genblk1.genblk1.genblk1.genblk1.genblk1.genblk1.genblk1.genblk1.lut1.genblk1.genblk1.genblk1.genblk1.genblk1.genblk1.genblk1.genblk1.genblk1.lut1 (6 -> 1)
  Optimizing lut $abc$12278$auto$blifparse.cc:535:parse_blif$12381.genblk1.genblk1.genblk1.genblk1.genblk1.genblk1.genblk1.genblk1.genblk1.genblk1.lut0.genblk1.genblk1.genblk1.genblk1.genblk1.genblk1.genblk1.genblk1.genblk1.lut1 (6 -> 2)
  Optimizing lut $abc$12278$auto$blifparse.cc:535:parse_blif$12389.genblk1.genblk1.genblk1.genblk1.genblk1.genblk1.genblk1.genblk1.genblk1.genblk1.lut1.genblk1.genblk1.genblk1.genblk1.genblk1.genblk1.genblk1.genblk1.genblk1.lut1 (6 -> 1)
  Optimizing lut $abc$12278$auto$blifparse.cc:535:parse_blif$12389.genblk1.genblk1.genblk1.genblk1.genblk1.genblk1.genblk1.genblk1.genblk1.genblk1.lut0.genblk1.genblk1.genblk1.genblk1.genblk1.genblk1.genblk1.genblk1.genblk1.lut1 (6 -> 2)
  Optimizing lut $abc$12278$auto$blifparse.cc:535:parse_blif$12397.genblk1.genblk1.genblk1.genblk1.genblk1.genblk1.genblk1.genblk1.genblk1.genblk1.lut1.genblk1.genblk1.genblk1.genblk1.genblk1.genblk1.genblk1.genblk1.genblk1.lut1 (6 -> 1)
  Optimizing lut $abc$12278$auto$blifparse.cc:535:parse_blif$12397.genblk1.genblk1.genblk1.genblk1.genblk1.genblk1.genblk1.genblk1.genblk1.genblk1.lut0.genblk1.genblk1.genblk1.genblk1.genblk1.genblk1.genblk1.genblk1.genblk1.lut1 (6 -> 2)
  Optimizing lut $abc$12278$auto$blifparse.cc:535:parse_blif$12405.genblk1.genblk1.genblk1.genblk1.genblk1.genblk1.genblk1.genblk1.genblk1.genblk1.lut1.genblk1.genblk1.genblk1.genblk1.genblk1.genblk1.genblk1.genblk1.genblk1.lut1 (6 -> 1)
  Optimizing lut $abc$12278$auto$blifparse.cc:535:parse_blif$12405.genblk1.genblk1.genblk1.genblk1.genblk1.genblk1.genblk1.genblk1.genblk1.genblk1.lut0.genblk1.genblk1.genblk1.genblk1.genblk1.genblk1.genblk1.genblk1.genblk1.lut1 (6 -> 2)
  Optimizing lut $abc$12278$auto$blifparse.cc:535:parse_blif$12413.genblk1.genblk1.genblk1.genblk1.genblk1.genblk1.genblk1.genblk1.genblk1.genblk1.lut1.genblk1.genblk1.genblk1.genblk1.genblk1.genblk1.genblk1.genblk1.genblk1.lut1 (6 -> 1)
  Optimizing lut $abc$12278$auto$blifparse.cc:535:parse_blif$12413.genblk1.genblk1.genblk1.genblk1.genblk1.genblk1.genblk1.genblk1.genblk1.genblk1.lut0.genblk1.genblk1.genblk1.genblk1.genblk1.genblk1.genblk1.genblk1.genblk1.lut1 (6 -> 2)
  Optimizing lut $abc$12278$auto$blifparse.cc:535:parse_blif$12421.genblk1.genblk1.genblk1.genblk1.genblk1.genblk1.genblk1.genblk1.genblk1.genblk1.lut1.genblk1.genblk1.genblk1.genblk1.genblk1.genblk1.genblk1.genblk1.genblk1.lut1 (6 -> 1)
  Optimizing lut $abc$12278$auto$blifparse.cc:535:parse_blif$12421.genblk1.genblk1.genblk1.genblk1.genblk1.genblk1.genblk1.genblk1.genblk1.genblk1.lut0.genblk1.genblk1.genblk1.genblk1.genblk1.genblk1.genblk1.genblk1.genblk1.lut1 (6 -> 2)
  Optimizing lut $abc$12278$auto$blifparse.cc:535:parse_blif$12429.genblk1.genblk1.genblk1.genblk1.genblk1.genblk1.genblk1.genblk1.genblk1.genblk1.lut1.genblk1.genblk1.genblk1.genblk1.genblk1.genblk1.genblk1.genblk1.genblk1.lut1 (6 -> 0)
  Optimizing lut $abc$12278$auto$blifparse.cc:535:parse_blif$12429.genblk1.genblk1.genblk1.genblk1.genblk1.genblk1.genblk1.genblk1.genblk1.genblk1.lut0.genblk1.genblk1.genblk1.genblk1.genblk1.genblk1.genblk1.genblk1.genblk1.lut1 (6 -> 0)
  Optimizing lut $abc$12278$auto$blifparse.cc:535:parse_blif$12430.genblk1.genblk1.genblk1.genblk1.genblk1.genblk1.genblk1.genblk1.genblk1.genblk1.lut0.genblk1.genblk1.genblk1.genblk1.genblk1.genblk1.genblk1.genblk1.genblk1.lut1 (6 -> 2)
  Optimizing lut $abc$12278$auto$blifparse.cc:535:parse_blif$12438.genblk1.genblk1.genblk1.genblk1.genblk1.genblk1.genblk1.genblk1.genblk1.genblk1.lut1.genblk1.genblk1.genblk1.genblk1.genblk1.genblk1.genblk1.genblk1.genblk1.lut1 (6 -> 1)
  Optimizing lut $abc$12278$auto$blifparse.cc:535:parse_blif$12438.genblk1.genblk1.genblk1.genblk1.genblk1.genblk1.genblk1.genblk1.genblk1.genblk1.lut0.genblk1.genblk1.genblk1.genblk1.genblk1.genblk1.genblk1.genblk1.genblk1.lut1 (6 -> 2)
  Optimizing lut $abc$12278$auto$blifparse.cc:535:parse_blif$12446.genblk1.genblk1.genblk1.genblk1.genblk1.genblk1.genblk1.genblk1.genblk1.genblk1.lut1.genblk1.genblk1.genblk1.genblk1.genblk1.genblk1.genblk1.genblk1.genblk1.lut1 (6 -> 1)
  Optimizing lut $abc$12278$auto$blifparse.cc:535:parse_blif$12446.genblk1.genblk1.genblk1.genblk1.genblk1.genblk1.genblk1.genblk1.genblk1.genblk1.lut0.genblk1.genblk1.genblk1.genblk1.genblk1.genblk1.genblk1.genblk1.genblk1.lut1 (6 -> 2)
  Optimizing lut $abc$12278$auto$blifparse.cc:535:parse_blif$12454.genblk1.genblk1.genblk1.genblk1.genblk1.genblk1.genblk1.genblk1.genblk1.genblk1.lut1.genblk1.genblk1.genblk1.genblk1.genblk1.genblk1.genblk1.genblk1.genblk1.lut1 (6 -> 1)
  Optimizing lut $abc$12278$auto$blifparse.cc:535:parse_blif$12454.genblk1.genblk1.genblk1.genblk1.genblk1.genblk1.genblk1.genblk1.genblk1.genblk1.lut0.genblk1.genblk1.genblk1.genblk1.genblk1.genblk1.genblk1.genblk1.genblk1.lut1 (6 -> 2)
  Optimizing lut $abc$12278$auto$blifparse.cc:535:parse_blif$12462.genblk1.genblk1.genblk1.genblk1.genblk1.genblk1.genblk1.genblk1.genblk1.genblk1.lut1.genblk1.genblk1.genblk1.genblk1.genblk1.genblk1.genblk1.genblk1.genblk1.lut1 (6 -> 1)
  Optimizing lut $abc$12278$auto$blifparse.cc:535:parse_blif$12462.genblk1.genblk1.genblk1.genblk1.genblk1.genblk1.genblk1.genblk1.genblk1.genblk1.lut0.genblk1.genblk1.genblk1.genblk1.genblk1.genblk1.genblk1.genblk1.genblk1.lut1 (6 -> 2)
  Optimizing lut $abc$12278$auto$blifparse.cc:535:parse_blif$12470.genblk1.genblk1.genblk1.genblk1.genblk1.genblk1.genblk1.genblk1.genblk1.genblk1.lut1.genblk1.genblk1.genblk1.genblk1.genblk1.genblk1.genblk1.genblk1.genblk1.lut1 (6 -> 1)
  Optimizing lut $abc$12278$auto$blifparse.cc:535:parse_blif$12470.genblk1.genblk1.genblk1.genblk1.genblk1.genblk1.genblk1.genblk1.genblk1.genblk1.lut0.genblk1.genblk1.genblk1.genblk1.genblk1.genblk1.genblk1.genblk1.genblk1.lut1 (6 -> 2)
  Optimizing lut $abc$12278$auto$blifparse.cc:535:parse_blif$12478.genblk1.genblk1.genblk1.genblk1.genblk1.genblk1.genblk1.genblk1.genblk1.genblk1.lut1.genblk1.genblk1.genblk1.genblk1.genblk1.genblk1.genblk1.genblk1.genblk1.lut1 (6 -> 1)
  Optimizing lut $abc$12278$auto$blifparse.cc:535:parse_blif$12478.genblk1.genblk1.genblk1.genblk1.genblk1.genblk1.genblk1.genblk1.genblk1.genblk1.lut0.genblk1.genblk1.genblk1.genblk1.genblk1.genblk1.genblk1.genblk1.genblk1.lut1 (6 -> 2)
  Optimizing lut $abc$12278$auto$blifparse.cc:535:parse_blif$12486.genblk1.genblk1.genblk1.genblk1.genblk1.genblk1.genblk1.genblk1.genblk1.genblk1.lut1.genblk1.genblk1.genblk1.genblk1.genblk1.genblk1.genblk1.genblk1.genblk1.lut1 (6 -> 1)
  Optimizing lut $abc$12278$auto$blifparse.cc:535:parse_blif$12486.genblk1.genblk1.genblk1.genblk1.genblk1.genblk1.genblk1.genblk1.genblk1.genblk1.lut0.genblk1.genblk1.genblk1.genblk1.genblk1.genblk1.genblk1.genblk1.genblk1.lut1 (6 -> 2)
  Optimizing lut $abc$12278$auto$blifparse.cc:535:parse_blif$12494.genblk1.genblk1.genblk1.genblk1.genblk1.genblk1.genblk1.genblk1.genblk1.genblk1.lut0.genblk1.genblk1.genblk1.genblk1.genblk1.genblk1.genblk1.genblk1.genblk1.lut1 (6 -> 0)
  Optimizing lut $abc$12278$auto$blifparse.cc:535:parse_blif$12495.genblk1.genblk1.genblk1.genblk1.genblk1.genblk1.genblk1.genblk1.genblk1.genblk1.lut0.genblk1.genblk1.genblk1.genblk1.genblk1.genblk1.genblk1.genblk1.genblk1.lut1 (6 -> 2)
  Optimizing lut $abc$12278$auto$blifparse.cc:535:parse_blif$12503.genblk1.genblk1.genblk1.genblk1.genblk1.genblk1.genblk1.genblk1.genblk1.genblk1.lut1.genblk1.genblk1.genblk1.genblk1.genblk1.genblk1.genblk1.genblk1.genblk1.lut1 (6 -> 1)
  Optimizing lut $abc$12278$auto$blifparse.cc:535:parse_blif$12503.genblk1.genblk1.genblk1.genblk1.genblk1.genblk1.genblk1.genblk1.genblk1.genblk1.lut0.genblk1.genblk1.genblk1.genblk1.genblk1.genblk1.genblk1.genblk1.genblk1.lut1 (6 -> 2)
  Optimizing lut $abc$12278$auto$blifparse.cc:535:parse_blif$12511.genblk1.genblk1.genblk1.genblk1.genblk1.genblk1.genblk1.genblk1.genblk1.genblk1.lut1.genblk1.genblk1.genblk1.genblk1.genblk1.genblk1.genblk1.genblk1.genblk1.lut1 (6 -> 1)
  Optimizing lut $abc$12278$auto$blifparse.cc:535:parse_blif$12511.genblk1.genblk1.genblk1.genblk1.genblk1.genblk1.genblk1.genblk1.genblk1.genblk1.lut0.genblk1.genblk1.genblk1.genblk1.genblk1.genblk1.genblk1.genblk1.genblk1.lut1 (6 -> 2)
  Optimizing lut $abc$12278$auto$blifparse.cc:535:parse_blif$12529.genblk1.genblk1.genblk1.genblk1.genblk1.genblk1.genblk1.genblk1.genblk1.lut1 (6 -> 1)
  Optimizing lut $abc$12278$auto$blifparse.cc:535:parse_blif$12524.genblk1.genblk1.genblk1.genblk1.genblk1.genblk1.genblk1.genblk1.genblk1.lut0 (6 -> 5)
  Optimizing lut $abc$12278$auto$blifparse.cc:535:parse_blif$12529.genblk1.genblk1.genblk1.genblk1.genblk1.genblk1.genblk1.genblk1.genblk1.lut0 (6 -> 5)
  Optimizing lut $abc$12278$auto$blifparse.cc:535:parse_blif$12524.genblk1.genblk1.genblk1.genblk1.genblk1.genblk1.genblk1.genblk1.genblk1.lut1 (6 -> 1)
  Optimizing lut $abc$12278$auto$blifparse.cc:535:parse_blif$13055.genblk1.genblk1.genblk1.genblk1.genblk1.genblk1.genblk1.genblk1.genblk1.lut0 (6 -> 0)
  Optimizing lut $abc$12278$auto$blifparse.cc:535:parse_blif$12530.genblk1.genblk1.genblk1.genblk1.genblk1.genblk1.genblk1.genblk1.genblk1.genblk1.lut1.genblk1.genblk1.genblk1.genblk1.genblk1.genblk1.genblk1.genblk1.genblk1.lut1 (6 -> 1)
  Optimizing lut $abc$12278$auto$blifparse.cc:535:parse_blif$13021.genblk1.genblk1.genblk1.genblk1.genblk1.genblk1.genblk1.genblk1.genblk1.lut0 (6 -> 0)
  Optimizing lut $abc$12278$auto$blifparse.cc:535:parse_blif$12530.genblk1.genblk1.genblk1.genblk1.genblk1.genblk1.genblk1.genblk1.genblk1.genblk1.lut0.genblk1.genblk1.genblk1.genblk1.genblk1.genblk1.genblk1.genblk1.genblk1.lut1 (6 -> 2)
  Optimizing lut $abc$12278$auto$blifparse.cc:535:parse_blif$12333.genblk1.genblk1.genblk1.genblk1.genblk1.genblk1.genblk1.genblk1.genblk1.genblk1.lut0.genblk1.genblk1.genblk1.genblk1.genblk1.genblk1.genblk1.genblk1.genblk1.lut0 (6 -> 3)
  Optimizing lut $abc$12278$auto$blifparse.cc:535:parse_blif$12612.genblk1.genblk1.genblk1.genblk1.genblk1.genblk1.genblk1.genblk1.genblk1.genblk1.lut1.genblk1.genblk1.genblk1.genblk1.genblk1.genblk1.genblk1.genblk1.genblk1.lut1 (6 -> 4)
  Optimizing lut $abc$12278$auto$blifparse.cc:535:parse_blif$12612.genblk1.genblk1.genblk1.genblk1.genblk1.genblk1.genblk1.genblk1.genblk1.genblk1.lut0.genblk1.genblk1.genblk1.genblk1.genblk1.genblk1.genblk1.genblk1.genblk1.lut1 (6 -> 4)
  Optimizing lut $abc$12278$auto$blifparse.cc:535:parse_blif$12703.genblk1.genblk1.genblk1.genblk1.genblk1.genblk1.genblk1.genblk1.genblk1.genblk1.lut1.genblk1.genblk1.genblk1.genblk1.genblk1.genblk1.genblk1.genblk1.genblk1.lut0 (6 -> 3)
  Optimizing lut $abc$12278$auto$blifparse.cc:535:parse_blif$12321.genblk1.genblk1.genblk1.genblk1.genblk1.genblk1.genblk1.genblk1.genblk1.lut0 (6 -> 1)
  Optimizing lut $abc$12278$auto$blifparse.cc:535:parse_blif$13037.genblk1.genblk1.genblk1.genblk1.genblk1.genblk1.genblk1.genblk1.genblk1.lut0 (6 -> 0)
  Optimizing lut $abc$12278$auto$blifparse.cc:535:parse_blif$12703.genblk1.genblk1.genblk1.genblk1.genblk1.genblk1.genblk1.genblk1.genblk1.genblk1.lut0.genblk1.genblk1.genblk1.genblk1.genblk1.genblk1.genblk1.genblk1.genblk1.lut1 (6 -> 0)
  Optimizing lut $abc$12278$auto$blifparse.cc:535:parse_blif$12405.genblk1.genblk1.genblk1.genblk1.genblk1.genblk1.genblk1.genblk1.genblk1.genblk1.lut1.genblk1.genblk1.genblk1.genblk1.genblk1.genblk1.genblk1.genblk1.genblk1.lut0 (6 -> 4)
  Optimizing lut $abc$12278$auto$blifparse.cc:535:parse_blif$12742.genblk1.genblk1.genblk1.genblk1.genblk1.genblk1.genblk1.genblk1.genblk1.lut0 (6 -> 0)
  Optimizing lut $abc$12278$auto$blifparse.cc:535:parse_blif$12729.genblk1.genblk1.genblk1.genblk1.genblk1.genblk1.genblk1.genblk1.genblk1.genblk1.lut0.genblk1.genblk1.genblk1.genblk1.genblk1.genblk1.genblk1.genblk1.genblk1.lut1 (6 -> 4)
  Optimizing lut $abc$12278$auto$blifparse.cc:535:parse_blif$12730.genblk1.genblk1.genblk1.genblk1.genblk1.genblk1.genblk1.genblk1.genblk1.lut1 (6 -> 4)
  Optimizing lut $abc$12278$auto$blifparse.cc:535:parse_blif$12314.genblk1.genblk1.genblk1.genblk1.genblk1.genblk1.genblk1.genblk1.genblk1.lut1 (6 -> 1)
  Optimizing lut $abc$12278$auto$blifparse.cc:535:parse_blif$12381.genblk1.genblk1.genblk1.genblk1.genblk1.genblk1.genblk1.genblk1.genblk1.genblk1.lut1.genblk1.genblk1.genblk1.genblk1.genblk1.genblk1.genblk1.genblk1.genblk1.lut0 (6 -> 4)
  Optimizing lut $abc$12278$auto$blifparse.cc:535:parse_blif$13014.genblk1.genblk1.genblk1.genblk1.genblk1.genblk1.genblk1.genblk1.genblk1.lut0 (6 -> 0)
  Optimizing lut $abc$12278$auto$blifparse.cc:535:parse_blif$12743.genblk1.genblk1.genblk1.genblk1.genblk1.genblk1.genblk1.genblk1.genblk1.lut0 (6 -> 0)
  Optimizing lut $abc$12278$auto$blifparse.cc:535:parse_blif$12756.genblk1.genblk1.genblk1.genblk1.genblk1.genblk1.genblk1.genblk1.genblk1.lut0 (6 -> 0)
  Optimizing lut $abc$12278$auto$blifparse.cc:535:parse_blif$12748.genblk1.genblk1.genblk1.genblk1.genblk1.genblk1.genblk1.genblk1.genblk1.lut1 (6 -> 0)
  Optimizing lut $abc$12278$auto$blifparse.cc:535:parse_blif$12952.genblk1.genblk1.genblk1.genblk1.genblk1.genblk1.genblk1.genblk1.genblk1.genblk1.lut1.genblk1.genblk1.genblk1.genblk1.genblk1.genblk1.genblk1.genblk1.genblk1.lut0 (6 -> 5)
  Optimizing lut $abc$12278$auto$blifparse.cc:535:parse_blif$12938.genblk1.genblk1.genblk1.genblk1.genblk1.genblk1.genblk1.genblk1.genblk1.genblk1.lut1.genblk1.genblk1.genblk1.genblk1.genblk1.genblk1.genblk1.genblk1.genblk1.lut0 (6 -> 4)
  Optimizing lut $abc$12278$auto$blifparse.cc:535:parse_blif$13007.genblk1.genblk1.genblk1.genblk1.genblk1.genblk1.genblk1.genblk1.genblk1.lut0 (6 -> 0)
  Optimizing lut $abc$12278$auto$blifparse.cc:535:parse_blif$12762.genblk1.genblk1.genblk1.genblk1.genblk1.genblk1.genblk1.genblk1.genblk1.genblk1.lut1.genblk1.genblk1.genblk1.genblk1.genblk1.genblk1.genblk1.genblk1.genblk1.lut1 (6 -> 4)
  Optimizing lut $abc$12278$auto$blifparse.cc:535:parse_blif$12762.genblk1.genblk1.genblk1.genblk1.genblk1.genblk1.genblk1.genblk1.genblk1.genblk1.lut0.genblk1.genblk1.genblk1.genblk1.genblk1.genblk1.genblk1.genblk1.genblk1.lut1 (6 -> 0)
  Optimizing lut $abc$12278$auto$blifparse.cc:535:parse_blif$12775.genblk1.genblk1.genblk1.genblk1.genblk1.genblk1.genblk1.genblk1.genblk1.lut0 (6 -> 4)
  Optimizing lut $abc$12278$auto$blifparse.cc:535:parse_blif$12769.genblk1.genblk1.genblk1.genblk1.genblk1.genblk1.genblk1.genblk1.genblk1.genblk1.lut0.genblk1.genblk1.genblk1.genblk1.genblk1.genblk1.genblk1.genblk1.genblk1.lut1 (6 -> 5)
  Optimizing lut $abc$12278$auto$blifparse.cc:535:parse_blif$12963.genblk1.genblk1.genblk1.genblk1.genblk1.genblk1.genblk1.genblk1.genblk1.lut0 (6 -> 0)
  Optimizing lut $abc$12278$auto$blifparse.cc:535:parse_blif$12772.genblk1.genblk1.genblk1.genblk1.genblk1.genblk1.genblk1.genblk1.genblk1.genblk1.lut0.genblk1.genblk1.genblk1.genblk1.genblk1.genblk1.genblk1.genblk1.genblk1.lut1 (6 -> 2)
  Optimizing lut $abc$12278$auto$blifparse.cc:535:parse_blif$12773.genblk1.genblk1.genblk1.genblk1.genblk1.genblk1.genblk1.genblk1.genblk1.genblk1.lut0.genblk1.genblk1.genblk1.genblk1.genblk1.genblk1.genblk1.genblk1.genblk1.lut1 (6 -> 3)
  Optimizing lut $abc$12278$auto$blifparse.cc:535:parse_blif$12775.genblk1.genblk1.genblk1.genblk1.genblk1.genblk1.genblk1.genblk1.genblk1.lut1 (6 -> 4)
  Optimizing lut $abc$12278$auto$blifparse.cc:535:parse_blif$12802.genblk1.genblk1.genblk1.genblk1.genblk1.genblk1.genblk1.genblk1.genblk1.lut0 (6 -> 0)
  Optimizing lut $abc$12278$auto$blifparse.cc:535:parse_blif$12787.genblk1.genblk1.genblk1.genblk1.genblk1.genblk1.genblk1.genblk1.genblk1.genblk1.lut0.genblk1.genblk1.genblk1.genblk1.genblk1.genblk1.genblk1.genblk1.genblk1.lut1 (6 -> 3)
  Optimizing lut $abc$12278$auto$blifparse.cc:535:parse_blif$12790.genblk1.genblk1.genblk1.genblk1.genblk1.genblk1.genblk1.genblk1.genblk1.genblk1.lut0.genblk1.genblk1.genblk1.genblk1.genblk1.genblk1.genblk1.genblk1.genblk1.lut1 (6 -> 2)
  Optimizing lut $abc$12278$auto$blifparse.cc:535:parse_blif$12815.genblk1.genblk1.genblk1.genblk1.genblk1.genblk1.genblk1.genblk1.genblk1.lut0 (6 -> 0)
  Optimizing lut $abc$12278$auto$blifparse.cc:535:parse_blif$12797.genblk1.genblk1.genblk1.genblk1.genblk1.genblk1.genblk1.genblk1.genblk1.genblk1.lut0.genblk1.genblk1.genblk1.genblk1.genblk1.genblk1.genblk1.genblk1.genblk1.lut1 (6 -> 3)
  Optimizing lut $abc$12278$auto$blifparse.cc:535:parse_blif$12980.genblk1.genblk1.genblk1.genblk1.genblk1.genblk1.genblk1.genblk1.genblk1.lut0 (6 -> 0)
  Optimizing lut $abc$12278$auto$blifparse.cc:535:parse_blif$12439.genblk1.genblk1.genblk1.genblk1.genblk1.genblk1.genblk1.genblk1.genblk1.genblk1.lut0.genblk1.genblk1.genblk1.genblk1.genblk1.genblk1.genblk1.genblk1.genblk1.lut0 (6 -> 3)
  Optimizing lut $abc$12278$auto$blifparse.cc:535:parse_blif$12813.genblk1.genblk1.genblk1.genblk1.genblk1.genblk1.genblk1.genblk1.genblk1.genblk1.lut0.genblk1.genblk1.genblk1.genblk1.genblk1.genblk1.genblk1.genblk1.genblk1.lut1 (6 -> 4)
  Optimizing lut $abc$12278$auto$blifparse.cc:535:parse_blif$12832.genblk1.genblk1.genblk1.genblk1.genblk1.genblk1.genblk1.genblk1.genblk1.genblk1.lut1.genblk1.genblk1.genblk1.genblk1.genblk1.genblk1.genblk1.genblk1.genblk1.lut0 (6 -> 0)
  Optimizing lut $abc$12278$auto$blifparse.cc:535:parse_blif$12824.genblk1.genblk1.genblk1.genblk1.genblk1.genblk1.genblk1.genblk1.genblk1.lut1 (6 -> 0)
  Optimizing lut $abc$12278$auto$blifparse.cc:535:parse_blif$12825.genblk1.genblk1.genblk1.genblk1.genblk1.genblk1.genblk1.genblk1.genblk1.lut1 (6 -> 1)
  Optimizing lut $abc$12278$auto$blifparse.cc:535:parse_blif$12993.genblk1.genblk1.genblk1.genblk1.genblk1.genblk1.genblk1.genblk1.genblk1.lut0 (6 -> 0)
  Optimizing lut $abc$12278$auto$blifparse.cc:535:parse_blif$12832.genblk1.genblk1.genblk1.genblk1.genblk1.genblk1.genblk1.genblk1.genblk1.genblk1.lut1.genblk1.genblk1.genblk1.genblk1.genblk1.genblk1.genblk1.genblk1.genblk1.lut1 (6 -> 0)
  Optimizing lut $abc$12278$auto$blifparse.cc:535:parse_blif$12832.genblk1.genblk1.genblk1.genblk1.genblk1.genblk1.genblk1.genblk1.genblk1.genblk1.lut0.genblk1.genblk1.genblk1.genblk1.genblk1.genblk1.genblk1.genblk1.genblk1.lut1 (6 -> 4)
  Optimizing lut $abc$12278$auto$blifparse.cc:535:parse_blif$12843.genblk1.genblk1.genblk1.genblk1.genblk1.genblk1.genblk1.genblk1.genblk1.lut0 (6 -> 4)
  Optimizing lut $abc$12278$auto$blifparse.cc:535:parse_blif$12838.genblk1.genblk1.genblk1.genblk1.genblk1.genblk1.genblk1.genblk1.genblk1.lut1 (6 -> 0)
  Optimizing lut $abc$12278$auto$blifparse.cc:535:parse_blif$12843.genblk1.genblk1.genblk1.genblk1.genblk1.genblk1.genblk1.genblk1.genblk1.lut1 (6 -> 4)
  Optimizing lut $abc$12278$auto$blifparse.cc:535:parse_blif$12855.genblk1.genblk1.genblk1.genblk1.genblk1.genblk1.genblk1.genblk1.genblk1.lut0 (6 -> 4)
  Optimizing lut $abc$12278$auto$blifparse.cc:535:parse_blif$12851.genblk1.genblk1.genblk1.genblk1.genblk1.genblk1.genblk1.genblk1.genblk1.lut1 (6 -> 0)
  Optimizing lut $abc$12278$auto$blifparse.cc:535:parse_blif$13016.genblk1.genblk1.genblk1.genblk1.genblk1.genblk1.genblk1.genblk1.genblk1.genblk1.lut1.genblk1.genblk1.genblk1.genblk1.genblk1.genblk1.genblk1.genblk1.genblk1.lut0 (6 -> 0)
  Optimizing lut $abc$12278$auto$blifparse.cc:535:parse_blif$12855.genblk1.genblk1.genblk1.genblk1.genblk1.genblk1.genblk1.genblk1.genblk1.lut1 (6 -> 4)
  Optimizing lut $abc$12278$auto$blifparse.cc:535:parse_blif$12867.genblk1.genblk1.genblk1.genblk1.genblk1.genblk1.genblk1.genblk1.genblk1.lut0 (6 -> 4)
  Optimizing lut $abc$12278$auto$blifparse.cc:535:parse_blif$12863.genblk1.genblk1.genblk1.genblk1.genblk1.genblk1.genblk1.genblk1.genblk1.lut1 (6 -> 0)
  Optimizing lut $abc$12278$auto$blifparse.cc:535:parse_blif$12867.genblk1.genblk1.genblk1.genblk1.genblk1.genblk1.genblk1.genblk1.genblk1.lut1 (6 -> 4)
  Optimizing lut $abc$12278$auto$blifparse.cc:535:parse_blif$12878.genblk1.genblk1.genblk1.genblk1.genblk1.genblk1.genblk1.genblk1.genblk1.lut0 (6 -> 4)
  Optimizing lut $abc$12278$auto$blifparse.cc:535:parse_blif$12874.genblk1.genblk1.genblk1.genblk1.genblk1.genblk1.genblk1.genblk1.genblk1.lut1 (6 -> 0)
  Optimizing lut $abc$12278$auto$blifparse.cc:535:parse_blif$12878.genblk1.genblk1.genblk1.genblk1.genblk1.genblk1.genblk1.genblk1.genblk1.lut1 (6 -> 4)
  Optimizing lut $abc$12278$auto$blifparse.cc:535:parse_blif$12772.genblk1.genblk1.genblk1.genblk1.genblk1.genblk1.genblk1.genblk1.genblk1.genblk1.lut1.genblk1.genblk1.genblk1.genblk1.genblk1.genblk1.genblk1.genblk1.genblk1.lut1 (6 -> 0)
  Optimizing lut $abc$12278$auto$blifparse.cc:535:parse_blif$12888.genblk1.genblk1.genblk1.genblk1.genblk1.genblk1.genblk1.genblk1.genblk1.lut0 (6 -> 4)
  Optimizing lut $abc$12278$auto$blifparse.cc:535:parse_blif$12884.genblk1.genblk1.genblk1.genblk1.genblk1.genblk1.genblk1.genblk1.genblk1.lut1 (6 -> 0)
  Optimizing lut $abc$12278$auto$blifparse.cc:535:parse_blif$12895.genblk1.genblk1.genblk1.genblk1.genblk1.genblk1.genblk1.genblk1.genblk1.lut0 (6 -> 0)
  Optimizing lut $abc$12278$auto$blifparse.cc:535:parse_blif$12888.genblk1.genblk1.genblk1.genblk1.genblk1.genblk1.genblk1.genblk1.genblk1.lut1 (6 -> 4)
  Optimizing lut $abc$12278$auto$blifparse.cc:535:parse_blif$12790.genblk1.genblk1.genblk1.genblk1.genblk1.genblk1.genblk1.genblk1.genblk1.genblk1.lut1.genblk1.genblk1.genblk1.genblk1.genblk1.genblk1.genblk1.genblk1.genblk1.lut1 (6 -> 2)
  Optimizing lut $abc$12278$auto$blifparse.cc:535:parse_blif$12901.genblk1.genblk1.genblk1.genblk1.genblk1.genblk1.genblk1.genblk1.genblk1.lut0 (6 -> 0)
  Optimizing lut $abc$12278$auto$blifparse.cc:535:parse_blif$12906.genblk1.genblk1.genblk1.genblk1.genblk1.genblk1.genblk1.genblk1.genblk1.lut0 (6 -> 4)
  Optimizing lut $abc$12278$auto$blifparse.cc:535:parse_blif$12918.genblk1.genblk1.genblk1.genblk1.genblk1.genblk1.genblk1.genblk1.genblk1.lut0 (6 -> 0)
  Optimizing lut $abc$12278$auto$blifparse.cc:535:parse_blif$12361.genblk1.genblk1.genblk1.genblk1.genblk1.genblk1.genblk1.genblk1.genblk1.genblk1.lut1.genblk1.genblk1.genblk1.genblk1.genblk1.genblk1.genblk1.genblk1.genblk1.lut0 (6 -> 3)
  Optimizing lut $abc$12278$auto$blifparse.cc:535:parse_blif$12907.genblk1.genblk1.genblk1.genblk1.genblk1.genblk1.genblk1.genblk1.genblk1.lut0 (6 -> 0)
  Optimizing lut $abc$12278$auto$blifparse.cc:535:parse_blif$13054.genblk1.genblk1.genblk1.genblk1.genblk1.genblk1.genblk1.genblk1.genblk1.genblk1.lut1.genblk1.genblk1.genblk1.genblk1.genblk1.genblk1.genblk1.genblk1.genblk1.lut0 (6 -> 0)
  Optimizing lut $abc$12278$auto$blifparse.cc:535:parse_blif$12920.genblk1.genblk1.genblk1.genblk1.genblk1.genblk1.genblk1.genblk1.genblk1.lut0 (6 -> 0)
  Optimizing lut $abc$12278$auto$blifparse.cc:535:parse_blif$12431.genblk1.genblk1.genblk1.genblk1.genblk1.genblk1.genblk1.genblk1.genblk1.genblk1.lut0.genblk1.genblk1.genblk1.genblk1.genblk1.genblk1.genblk1.genblk1.genblk1.lut0 (6 -> 3)
  Optimizing lut $abc$12278$auto$blifparse.cc:535:parse_blif$12985.genblk1.genblk1.genblk1.genblk1.genblk1.genblk1.genblk1.genblk1.genblk1.lut0 (6 -> 0)
  Optimizing lut $abc$12278$auto$blifparse.cc:535:parse_blif$12430.genblk1.genblk1.genblk1.genblk1.genblk1.genblk1.genblk1.genblk1.genblk1.genblk1.lut1.genblk1.genblk1.genblk1.genblk1.genblk1.genblk1.genblk1.genblk1.genblk1.lut0 (6 -> 4)
  Optimizing lut $abc$12278$auto$blifparse.cc:535:parse_blif$12729.genblk1.genblk1.genblk1.genblk1.genblk1.genblk1.genblk1.genblk1.genblk1.genblk1.lut1.genblk1.genblk1.genblk1.genblk1.genblk1.genblk1.genblk1.genblk1.genblk1.lut1 (6 -> 2)
  Optimizing lut $abc$12278$auto$blifparse.cc:535:parse_blif$12938.genblk1.genblk1.genblk1.genblk1.genblk1.genblk1.genblk1.genblk1.genblk1.genblk1.lut0.genblk1.genblk1.genblk1.genblk1.genblk1.genblk1.genblk1.genblk1.genblk1.lut1 (6 -> 0)
  Optimizing lut $abc$12278$auto$blifparse.cc:535:parse_blif$12749.genblk1.genblk1.genblk1.genblk1.genblk1.genblk1.genblk1.genblk1.genblk1.lut0 (6 -> 0)
  Optimizing lut $abc$12278$auto$blifparse.cc:535:parse_blif$12947.genblk1.genblk1.genblk1.genblk1.genblk1.genblk1.genblk1.genblk1.genblk1.lut1 (6 -> 0)
  Optimizing lut $abc$12278$auto$blifparse.cc:535:parse_blif$12952.genblk1.genblk1.genblk1.genblk1.genblk1.genblk1.genblk1.genblk1.genblk1.genblk1.lut1.genblk1.genblk1.genblk1.genblk1.genblk1.genblk1.genblk1.genblk1.genblk1.lut1 (6 -> 4)
  Optimizing lut $abc$12278$auto$blifparse.cc:535:parse_blif$12952.genblk1.genblk1.genblk1.genblk1.genblk1.genblk1.genblk1.genblk1.genblk1.genblk1.lut0.genblk1.genblk1.genblk1.genblk1.genblk1.genblk1.genblk1.genblk1.genblk1.lut1 (6 -> 0)
  Optimizing lut $abc$12278$auto$blifparse.cc:535:parse_blif$12769.genblk1.genblk1.genblk1.genblk1.genblk1.genblk1.genblk1.genblk1.genblk1.genblk1.lut1.genblk1.genblk1.genblk1.genblk1.genblk1.genblk1.genblk1.genblk1.genblk1.lut1 (6 -> 2)
  Optimizing lut $abc$12278$auto$blifparse.cc:535:parse_blif$12787.genblk1.genblk1.genblk1.genblk1.genblk1.genblk1.genblk1.genblk1.genblk1.genblk1.lut1.genblk1.genblk1.genblk1.genblk1.genblk1.genblk1.genblk1.genblk1.genblk1.lut0 (6 -> 3)
  Optimizing lut $abc$12278$auto$blifparse.cc:535:parse_blif$12967.genblk1.genblk1.genblk1.genblk1.genblk1.genblk1.genblk1.genblk1.genblk1.lut1 (6 -> 0)
  Optimizing lut $abc$12278$auto$blifparse.cc:535:parse_blif$12797.genblk1.genblk1.genblk1.genblk1.genblk1.genblk1.genblk1.genblk1.genblk1.genblk1.lut1.genblk1.genblk1.genblk1.genblk1.genblk1.genblk1.genblk1.genblk1.genblk1.lut1 (6 -> 2)
  Optimizing lut $abc$12278$auto$blifparse.cc:535:parse_blif$12813.genblk1.genblk1.genblk1.genblk1.genblk1.genblk1.genblk1.genblk1.genblk1.genblk1.lut1.genblk1.genblk1.genblk1.genblk1.genblk1.genblk1.genblk1.genblk1.genblk1.lut0 (6 -> 5)
  Optimizing lut $abc$12278$auto$blifparse.cc:535:parse_blif$12435.genblk1.genblk1.genblk1.genblk1.genblk1.genblk1.genblk1.genblk1.genblk1.genblk1.lut1.genblk1.genblk1.genblk1.genblk1.genblk1.genblk1.genblk1.genblk1.genblk1.lut0 (6 -> 3)
  Optimizing lut $abc$12278$auto$blifparse.cc:535:parse_blif$12813.genblk1.genblk1.genblk1.genblk1.genblk1.genblk1.genblk1.genblk1.genblk1.genblk1.lut1.genblk1.genblk1.genblk1.genblk1.genblk1.genblk1.genblk1.genblk1.genblk1.lut1 (6 -> 2)
  Optimizing lut $abc$12278$auto$blifparse.cc:535:parse_blif$12988.genblk1.genblk1.genblk1.genblk1.genblk1.genblk1.genblk1.genblk1.genblk1.lut0 (6 -> 0)
  Optimizing lut $abc$12278$auto$blifparse.cc:535:parse_blif$12455.genblk1.genblk1.genblk1.genblk1.genblk1.genblk1.genblk1.genblk1.genblk1.genblk1.lut1.genblk1.genblk1.genblk1.genblk1.genblk1.genblk1.genblk1.genblk1.genblk1.lut0 (6 -> 0)
  Optimizing lut $abc$12278$auto$blifparse.cc:535:parse_blif$12997.genblk1.genblk1.genblk1.genblk1.genblk1.genblk1.genblk1.genblk1.genblk1.lut0 (6 -> 0)
  Optimizing lut $abc$12278$auto$blifparse.cc:535:parse_blif$12475.genblk1.genblk1.genblk1.genblk1.genblk1.genblk1.genblk1.genblk1.genblk1.genblk1.lut1.genblk1.genblk1.genblk1.genblk1.genblk1.genblk1.genblk1.genblk1.genblk1.lut0 (6 -> 3)
  Optimizing lut $abc$12278$auto$blifparse.cc:535:parse_blif$13038.genblk1.genblk1.genblk1.genblk1.genblk1.genblk1.genblk1.genblk1.genblk1.lut0 (6 -> 4)
  Optimizing lut $abc$12278$auto$blifparse.cc:535:parse_blif$12413.genblk1.genblk1.genblk1.genblk1.genblk1.genblk1.genblk1.genblk1.genblk1.genblk1.lut1.genblk1.genblk1.genblk1.genblk1.genblk1.genblk1.genblk1.genblk1.genblk1.lut0 (6 -> 4)
  Optimizing lut $abc$12278$auto$blifparse.cc:535:parse_blif$13013.genblk1.genblk1.genblk1.genblk1.genblk1.genblk1.genblk1.genblk1.genblk1.lut1 (6 -> 0)
  Optimizing lut $abc$12278$auto$blifparse.cc:535:parse_blif$12303.genblk1.genblk1.genblk1.genblk1.genblk1.genblk1.genblk1.genblk1.genblk1.lut0 (6 -> 1)
  Optimizing lut $abc$12278$auto$blifparse.cc:535:parse_blif$12296.genblk1.genblk1.genblk1.genblk1.genblk1.genblk1.genblk1.genblk1.genblk1.lut1 (6 -> 1)
  Optimizing lut $abc$12278$auto$blifparse.cc:535:parse_blif$13016.genblk1.genblk1.genblk1.genblk1.genblk1.genblk1.genblk1.genblk1.genblk1.genblk1.lut0.genblk1.genblk1.genblk1.genblk1.genblk1.genblk1.genblk1.genblk1.genblk1.lut1 (6 -> 0)
  Optimizing lut $abc$12278$auto$blifparse.cc:535:parse_blif$13020.genblk1.genblk1.genblk1.genblk1.genblk1.genblk1.genblk1.genblk1.genblk1.lut1 (6 -> 0)
  Optimizing lut $abc$12278$auto$blifparse.cc:535:parse_blif$12397.genblk1.genblk1.genblk1.genblk1.genblk1.genblk1.genblk1.genblk1.genblk1.genblk1.lut1.genblk1.genblk1.genblk1.genblk1.genblk1.genblk1.genblk1.genblk1.genblk1.lut0 (6 -> 4)
  Optimizing lut $abc$12278$auto$blifparse.cc:535:parse_blif$13044.genblk1.genblk1.genblk1.genblk1.genblk1.genblk1.genblk1.genblk1.genblk1.lut1 (6 -> 0)
  Optimizing lut $abc$12278$auto$blifparse.cc:535:parse_blif$12906.genblk1.genblk1.genblk1.genblk1.genblk1.genblk1.genblk1.genblk1.genblk1.lut1 (6 -> 4)
  Optimizing lut $abc$12278$auto$blifparse.cc:535:parse_blif$12596.genblk1.genblk1.genblk1.genblk1.genblk1.genblk1.genblk1.genblk1.genblk1.lut1 (6 -> 5)
  Optimizing lut $abc$12278$auto$blifparse.cc:535:parse_blif$13067.genblk1.genblk1.genblk1.genblk1.genblk1.genblk1.genblk1.genblk1.genblk1.lut0 (6 -> 0)
  Optimizing lut $abc$12278$auto$blifparse.cc:535:parse_blif$13032.genblk1.genblk1.genblk1.genblk1.genblk1.genblk1.genblk1.genblk1.genblk1.lut0 (6 -> 0)
  Optimizing lut $abc$12278$auto$blifparse.cc:535:parse_blif$13036.genblk1.genblk1.genblk1.genblk1.genblk1.genblk1.genblk1.genblk1.genblk1.lut1 (6 -> 0)
  Optimizing lut $abc$12278$auto$blifparse.cc:535:parse_blif$12341.genblk1.genblk1.genblk1.genblk1.genblk1.genblk1.genblk1.genblk1.genblk1.genblk1.lut1.genblk1.genblk1.genblk1.genblk1.genblk1.genblk1.genblk1.genblk1.genblk1.lut0 (6 -> 0)
  Optimizing lut $abc$12278$auto$blifparse.cc:535:parse_blif$12772.genblk1.genblk1.genblk1.genblk1.genblk1.genblk1.genblk1.genblk1.genblk1.genblk1.lut1.genblk1.genblk1.genblk1.genblk1.genblk1.genblk1.genblk1.genblk1.genblk1.lut0 (6 -> 3)
  Optimizing lut $abc$12278$auto$blifparse.cc:535:parse_blif$12868.genblk1.genblk1.genblk1.genblk1.genblk1.genblk1.genblk1.genblk1.genblk1.lut1 (6 -> 0)
  Optimizing lut $abc$12278$auto$blifparse.cc:535:parse_blif$12377.genblk1.genblk1.genblk1.genblk1.genblk1.genblk1.genblk1.genblk1.genblk1.genblk1.lut1.genblk1.genblk1.genblk1.genblk1.genblk1.genblk1.genblk1.genblk1.genblk1.lut0 (6 -> 3)
  Optimizing lut $abc$12278$auto$blifparse.cc:535:parse_blif$13054.genblk1.genblk1.genblk1.genblk1.genblk1.genblk1.genblk1.genblk1.genblk1.genblk1.lut0.genblk1.genblk1.genblk1.genblk1.genblk1.genblk1.genblk1.genblk1.genblk1.lut1 (6 -> 0)
  Optimizing lut $abc$12278$auto$blifparse.cc:535:parse_blif$13056.genblk1.genblk1.genblk1.genblk1.genblk1.genblk1.genblk1.genblk1.genblk1.lut0 (6 -> 4)
  Optimizing lut $abc$12278$auto$blifparse.cc:535:parse_blif$12389.genblk1.genblk1.genblk1.genblk1.genblk1.genblk1.genblk1.genblk1.genblk1.genblk1.lut0.genblk1.genblk1.genblk1.genblk1.genblk1.genblk1.genblk1.genblk1.genblk1.lut0 (6 -> 5)
  Optimizing lut $abc$12278$auto$blifparse.cc:535:parse_blif$12394.genblk1.genblk1.genblk1.genblk1.genblk1.genblk1.genblk1.genblk1.genblk1.genblk1.lut1.genblk1.genblk1.genblk1.genblk1.genblk1.genblk1.genblk1.genblk1.genblk1.lut0 (6 -> 3)
  Optimizing lut $abc$12278$auto$blifparse.cc:535:parse_blif$13066.genblk1.genblk1.genblk1.genblk1.genblk1.genblk1.genblk1.genblk1.genblk1.lut1 (6 -> 4)

15.47. Executing CLKBUFMAP pass (inserting clock buffers).
Inserting BUFG on core_pipe.u_rf.clk[0].
Removed 14 unused cells and 8152 unused wires.

15.48. Executing HIERARCHY pass (managing design hierarchy).
Attribute `top' found on module `core_pipe'. Setting top module to core_pipe.

15.48.1. Analyzing design hierarchy..
Top module:  \core_pipe

15.48.2. Analyzing design hierarchy..
Top module:  \core_pipe
Removed 0 unused modules.

15.49. Printing statistics.

=== core_pipe ===

   Number of wires:               1799
   Number of wire bits:           5983
   Number of public wires:         106
   Number of public wire bits:    1434
   Number of ports:                 17
   Number of port bits:            298
   Number of memories:               0
   Number of memory bits:            0
   Number of processes:              0
   Number of cells:               3173
     $scopeinfo                      4
     BUFG                            1
     CARRY4                         54
     DSP48E1                         3
     FDCE                          448
     FDPE                            4
     IBUF                           99
     INV                           486
     LUT1                           41
     LUT2                          293
     LUT3                          288
     LUT4                          314
     LUT5                          160
     LUT6                          404
     MUXF7                         272
     MUXF8                          91
     OBUF                          199
     RAM32M                         12

   Estimated number of LCs:       1166

15.50. Executing CHECK pass (checking for obvious problems).
Checking module core_pipe...
Found and reported 0 problems.

16. Printing statistics.

=== core_pipe ===

   Number of wires:               1799
   Number of wire bits:           5983
   Number of public wires:         106
   Number of public wire bits:    1434
   Number of ports:                 17
   Number of port bits:            298
   Number of memories:               0
   Number of memory bits:            0
   Number of processes:              0
   Number of cells:               3173
     $scopeinfo                      4
     BUFG                            1
     CARRY4                         54
     DSP48E1                         3
     FDCE                          448
     FDPE                            4
     IBUF                           99
     INV                           486
     LUT1                           41
     LUT2                          293
     LUT3                          288
     LUT4                          314
     LUT5                          160
     LUT6                          404
     MUXF7                         272
     MUXF8                          91
     OBUF                          199
     RAM32M                         12

Warnings: 2 unique messages, 2 total
End of script. Logfile hash: 58d832fbb3, CPU: user 3.27s system 0.08s, MEM: 166.83 MB peak
Yosys 0.52 (git sha1 fee39a3284c90249e1d9684cf6944ffbbcbb8f90)
Time spent: 26% 30x read_verilog (1 sec), 18% 8x techmap (0 sec), ...
