
 /----------------------------------------------------------------------------\
 |  yosys -- Yosys Open SYnthesis Suite                                       |
 |  Copyright (C) 2012 - 2025  Claire Xenia Wolf <claire@yosyshq.com>         |
 |  Distributed under an ISC-like license, type "license" to see terms        |
 \----------------------------------------------------------------------------/
 Yosys 0.52 (git sha1 fee39a3284c90249e1d9684cf6944ffbbcbb8f90)

-- Executing script file `/dev/stdin' --

1. Executing Verilog-2005 frontend: rtl/core/alu.sv
Parsing SystemVerilog input from `rtl/core/alu.sv' to AST representation.
Generating RTLIL representation for module `\alu'.
Successfully finished Verilog frontend.

2. Executing Verilog-2005 frontend: rtl/core/regfile.sv
Parsing SystemVerilog input from `rtl/core/regfile.sv' to AST representation.
Generating RTLIL representation for module `\regfile'.
Successfully finished Verilog frontend.

3. Executing Verilog-2005 frontend: rtl/core/imm_gen.sv
Parsing SystemVerilog input from `rtl/core/imm_gen.sv' to AST representation.
Generating RTLIL representation for module `\imm_gen'.
Successfully finished Verilog frontend.

4. Executing Verilog-2005 frontend: rtl/core/decoder.sv
Parsing SystemVerilog input from `rtl/core/decoder.sv' to AST representation.
Generating RTLIL representation for module `\decoder'.
Successfully finished Verilog frontend.

5. Executing Verilog-2005 frontend: rtl/mem/imem.sv
Parsing SystemVerilog input from `rtl/mem/imem.sv' to AST representation.
Generating RTLIL representation for module `\imem'.
Successfully finished Verilog frontend.

6. Executing Verilog-2005 frontend: rtl/mem/dmem.sv
Parsing SystemVerilog input from `rtl/mem/dmem.sv' to AST representation.
Generating RTLIL representation for module `\dmem'.
Successfully finished Verilog frontend.

7. Executing Verilog-2005 frontend: rtl/periph/uart_tx.sv
Parsing SystemVerilog input from `rtl/periph/uart_tx.sv' to AST representation.
Generating RTLIL representation for module `\uart_tx'.
Successfully finished Verilog frontend.

8. Executing Verilog-2005 frontend: rtl/periph/uart_rx.sv
Parsing SystemVerilog input from `rtl/periph/uart_rx.sv' to AST representation.
Generating RTLIL representation for module `\uart_rx'.
Successfully finished Verilog frontend.

9. Executing Verilog-2005 frontend: rtl/periph/uart.sv
Parsing SystemVerilog input from `rtl/periph/uart.sv' to AST representation.
Generating RTLIL representation for module `\uart'.
Successfully finished Verilog frontend.

10. Executing Verilog-2005 frontend: rtl/periph/timer.sv
Parsing SystemVerilog input from `rtl/periph/timer.sv' to AST representation.
Generating RTLIL representation for module `\timer'.
Successfully finished Verilog frontend.

11. Executing Verilog-2005 frontend: rtl/custom/dotp.sv
Parsing SystemVerilog input from `rtl/custom/dotp.sv' to AST representation.
Generating RTLIL representation for module `\dotp'.
Warning: Replacing memory \b with list of registers. See rtl/custom/dotp.sv:63
Warning: Replacing memory \a with list of registers. See rtl/custom/dotp.sv:62
Successfully finished Verilog frontend.

12. Executing Verilog-2005 frontend: rtl/core/core_single.sv
Parsing SystemVerilog input from `rtl/core/core_single.sv' to AST representation.
Generating RTLIL representation for module `\core_single'.
Successfully finished Verilog frontend.

13. Executing HIERARCHY pass (managing design hierarchy).

13.1. Analyzing design hierarchy..
Top module:  \core_single
Used module:     \alu
Used module:     \imm_gen
Used module:     \regfile
Used module:     \decoder
Parameter \BYPASS = 1'0

13.2. Executing AST frontend in derive mode using pre-parsed AST for module `\regfile'.
Parameter \BYPASS = 1'0
Generating RTLIL representation for module `$paramod\regfile\BYPASS=1'0'.

13.3. Analyzing design hierarchy..
Top module:  \core_single
Used module:     \alu
Used module:     \imm_gen
Used module:     $paramod\regfile\BYPASS=1'0
Used module:     \decoder

13.4. Analyzing design hierarchy..
Top module:  \core_single
Used module:     \alu
Used module:     \imm_gen
Used module:     $paramod\regfile\BYPASS=1'0
Used module:     \decoder
Removing unused module `\dotp'.
Removing unused module `\timer'.
Removing unused module `\uart'.
Removing unused module `\uart_rx'.
Removing unused module `\uart_tx'.
Removing unused module `\dmem'.
Removing unused module `\imem'.
Removing unused module `\regfile'.
Removed 8 unused modules.

14. Executing FLATTEN pass (flatten design).
Deleting now unused module $paramod\regfile\BYPASS=1'0.
Deleting now unused module decoder.
Deleting now unused module imm_gen.
Deleting now unused module alu.
<suppressed ~4 debug messages>

15. Executing SYNTH_XILINX pass.

15.1. Executing Verilog-2005 frontend: /usr/bin/../share/yosys/xilinx/cells_sim.v
Parsing Verilog input from `/usr/bin/../share/yosys/xilinx/cells_sim.v' to AST representation.
Generating RTLIL representation for module `\VCC'.
Generating RTLIL representation for module `\GND'.
Generating RTLIL representation for module `\IBUF'.
Generating RTLIL representation for module `\IBUFG'.
Generating RTLIL representation for module `\OBUF'.
Generating RTLIL representation for module `\IOBUF'.
Generating RTLIL representation for module `\OBUFT'.
Generating RTLIL representation for module `\BUFG'.
Generating RTLIL representation for module `\BUFGCTRL'.
Generating RTLIL representation for module `\BUFHCE'.
Generating RTLIL representation for module `\INV'.
Generating RTLIL representation for module `\LUT1'.
Generating RTLIL representation for module `\LUT2'.
Generating RTLIL representation for module `\LUT3'.
Generating RTLIL representation for module `\LUT4'.
Generating RTLIL representation for module `\LUT5'.
Generating RTLIL representation for module `\LUT6'.
Generating RTLIL representation for module `\LUT6_2'.
Generating RTLIL representation for module `\$__ABC9_LUT7'.
Generating RTLIL representation for module `\$__ABC9_LUT8'.
Generating RTLIL representation for module `\MUXCY'.
Generating RTLIL representation for module `\MUXF5'.
Generating RTLIL representation for module `\MUXF6'.
Generating RTLIL representation for module `\MUXF7'.
Generating RTLIL representation for module `\MUXF8'.
Generating RTLIL representation for module `\MUXF9'.
Generating RTLIL representation for module `\XORCY'.
Generating RTLIL representation for module `\CARRY4'.
Generating RTLIL representation for module `\CARRY8'.
Generating RTLIL representation for module `\ORCY'.
Generating RTLIL representation for module `\MULT_AND'.
Generating RTLIL representation for module `\FDRE'.
Generating RTLIL representation for module `\FDRE_1'.
Generating RTLIL representation for module `\FDSE'.
Generating RTLIL representation for module `\FDSE_1'.
Generating RTLIL representation for module `\FDRSE'.
Generating RTLIL representation for module `\FDRSE_1'.
Generating RTLIL representation for module `\FDCE'.
Generating RTLIL representation for module `\FDCE_1'.
Generating RTLIL representation for module `\FDPE'.
Generating RTLIL representation for module `\FDPE_1'.
Generating RTLIL representation for module `\FDCPE'.
Generating RTLIL representation for module `\FDCPE_1'.
Generating RTLIL representation for module `\LDCE'.
Generating RTLIL representation for module `\LDPE'.
Generating RTLIL representation for module `\LDCPE'.
Generating RTLIL representation for module `\AND2B1L'.
Generating RTLIL representation for module `\OR2L'.
Generating RTLIL representation for module `\RAM16X1S'.
Generating RTLIL representation for module `\RAM16X1S_1'.
Generating RTLIL representation for module `\RAM32X1S'.
Generating RTLIL representation for module `\RAM32X1S_1'.
Generating RTLIL representation for module `\RAM64X1S'.
Generating RTLIL representation for module `\RAM64X1S_1'.
Generating RTLIL representation for module `\RAM128X1S'.
Generating RTLIL representation for module `\RAM128X1S_1'.
Generating RTLIL representation for module `\RAM256X1S'.
Generating RTLIL representation for module `\RAM512X1S'.
Generating RTLIL representation for module `\RAM16X2S'.
Generating RTLIL representation for module `\RAM32X2S'.
Generating RTLIL representation for module `\RAM64X2S'.
Generating RTLIL representation for module `\RAM16X4S'.
Generating RTLIL representation for module `\RAM32X4S'.
Generating RTLIL representation for module `\RAM16X8S'.
Generating RTLIL representation for module `\RAM32X8S'.
Generating RTLIL representation for module `\RAM16X1D'.
Generating RTLIL representation for module `\RAM16X1D_1'.
Generating RTLIL representation for module `\RAM32X1D'.
Generating RTLIL representation for module `\RAM32X1D_1'.
Generating RTLIL representation for module `\RAM64X1D'.
Generating RTLIL representation for module `\RAM64X1D_1'.
Generating RTLIL representation for module `\RAM128X1D'.
Generating RTLIL representation for module `\RAM256X1D'.
Generating RTLIL representation for module `\RAM32M'.
Generating RTLIL representation for module `\RAM32M16'.
Generating RTLIL representation for module `\RAM64M'.
Generating RTLIL representation for module `\RAM64M8'.
Generating RTLIL representation for module `\RAM32X16DR8'.
Generating RTLIL representation for module `\RAM64X8SW'.
Generating RTLIL representation for module `\ROM16X1'.
Generating RTLIL representation for module `\ROM32X1'.
Generating RTLIL representation for module `\ROM64X1'.
Generating RTLIL representation for module `\ROM128X1'.
Generating RTLIL representation for module `\ROM256X1'.
Generating RTLIL representation for module `\SRL16'.
Generating RTLIL representation for module `\SRL16E'.
Generating RTLIL representation for module `\SRLC16'.
Generating RTLIL representation for module `\SRLC16E'.
Generating RTLIL representation for module `\SRLC32E'.
Generating RTLIL representation for module `\CFGLUT5'.
Generating RTLIL representation for module `\MULT18X18'.
Generating RTLIL representation for module `\MULT18X18S'.
Generating RTLIL representation for module `\MULT18X18SIO'.
Generating RTLIL representation for module `\DSP48A'.
Generating RTLIL representation for module `\DSP48A1'.
Generating RTLIL representation for module `\DSP48'.
Generating RTLIL representation for module `\DSP48E1'.
Generating RTLIL representation for module `\RAMB18E1'.
Generating RTLIL representation for module `\RAMB36E1'.
Successfully finished Verilog frontend.

15.2. Executing Verilog-2005 frontend: /usr/bin/../share/yosys/xilinx/cells_xtra.v
Parsing Verilog input from `/usr/bin/../share/yosys/xilinx/cells_xtra.v' to AST representation.
Generating RTLIL representation for module `\RAMB4_S1'.
Generating RTLIL representation for module `\RAMB4_S2'.
Generating RTLIL representation for module `\RAMB4_S4'.
Generating RTLIL representation for module `\RAMB4_S8'.
Generating RTLIL representation for module `\RAMB4_S16'.
Generating RTLIL representation for module `\RAMB4_S1_S1'.
Generating RTLIL representation for module `\RAMB4_S1_S2'.
Generating RTLIL representation for module `\RAMB4_S1_S4'.
Generating RTLIL representation for module `\RAMB4_S1_S8'.
Generating RTLIL representation for module `\RAMB4_S1_S16'.
Generating RTLIL representation for module `\RAMB4_S2_S2'.
Generating RTLIL representation for module `\RAMB4_S2_S4'.
Generating RTLIL representation for module `\RAMB4_S2_S8'.
Generating RTLIL representation for module `\RAMB4_S2_S16'.
Generating RTLIL representation for module `\RAMB4_S4_S4'.
Generating RTLIL representation for module `\RAMB4_S4_S8'.
Generating RTLIL representation for module `\RAMB4_S4_S16'.
Generating RTLIL representation for module `\RAMB4_S8_S8'.
Generating RTLIL representation for module `\RAMB4_S8_S16'.
Generating RTLIL representation for module `\RAMB4_S16_S16'.
Generating RTLIL representation for module `\RAMB16_S1'.
Generating RTLIL representation for module `\RAMB16_S2'.
Generating RTLIL representation for module `\RAMB16_S4'.
Generating RTLIL representation for module `\RAMB16_S9'.
Generating RTLIL representation for module `\RAMB16_S18'.
Generating RTLIL representation for module `\RAMB16_S36'.
Generating RTLIL representation for module `\RAMB16_S1_S1'.
Generating RTLIL representation for module `\RAMB16_S1_S2'.
Generating RTLIL representation for module `\RAMB16_S1_S4'.
Generating RTLIL representation for module `\RAMB16_S1_S9'.
Generating RTLIL representation for module `\RAMB16_S1_S18'.
Generating RTLIL representation for module `\RAMB16_S1_S36'.
Generating RTLIL representation for module `\RAMB16_S2_S2'.
Generating RTLIL representation for module `\RAMB16_S2_S4'.
Generating RTLIL representation for module `\RAMB16_S2_S9'.
Generating RTLIL representation for module `\RAMB16_S2_S18'.
Generating RTLIL representation for module `\RAMB16_S2_S36'.
Generating RTLIL representation for module `\RAMB16_S4_S4'.
Generating RTLIL representation for module `\RAMB16_S4_S9'.
Generating RTLIL representation for module `\RAMB16_S4_S18'.
Generating RTLIL representation for module `\RAMB16_S4_S36'.
Generating RTLIL representation for module `\RAMB16_S9_S9'.
Generating RTLIL representation for module `\RAMB16_S9_S18'.
Generating RTLIL representation for module `\RAMB16_S9_S36'.
Generating RTLIL representation for module `\RAMB16_S18_S18'.
Generating RTLIL representation for module `\RAMB16_S18_S36'.
Generating RTLIL representation for module `\RAMB16_S36_S36'.
Generating RTLIL representation for module `\RAMB16BWE_S18'.
Generating RTLIL representation for module `\RAMB16BWE_S36'.
Generating RTLIL representation for module `\RAMB16BWE_S18_S9'.
Generating RTLIL representation for module `\RAMB16BWE_S18_S18'.
Generating RTLIL representation for module `\RAMB16BWE_S36_S9'.
Generating RTLIL representation for module `\RAMB16BWE_S36_S18'.
Generating RTLIL representation for module `\RAMB16BWE_S36_S36'.
Generating RTLIL representation for module `\RAMB16BWER'.
Generating RTLIL representation for module `\RAMB8BWER'.
Generating RTLIL representation for module `\FIFO16'.
Generating RTLIL representation for module `\RAMB16'.
Generating RTLIL representation for module `\RAMB32_S64_ECC'.
Generating RTLIL representation for module `\FIFO18'.
Generating RTLIL representation for module `\FIFO18_36'.
Generating RTLIL representation for module `\FIFO36'.
Generating RTLIL representation for module `\FIFO36_72'.
Generating RTLIL representation for module `\RAMB18'.
Generating RTLIL representation for module `\RAMB36'.
Generating RTLIL representation for module `\RAMB18SDP'.
Generating RTLIL representation for module `\RAMB36SDP'.
Generating RTLIL representation for module `\FIFO18E1'.
Generating RTLIL representation for module `\FIFO36E1'.
Generating RTLIL representation for module `\FIFO18E2'.
Generating RTLIL representation for module `\FIFO36E2'.
Generating RTLIL representation for module `\RAMB18E2'.
Generating RTLIL representation for module `\RAMB36E2'.
Generating RTLIL representation for module `\URAM288'.
Generating RTLIL representation for module `\URAM288_BASE'.
Generating RTLIL representation for module `\DSP48E'.
Generating RTLIL representation for module `\DSP48E2'.
Generating RTLIL representation for module `\FDDRCPE'.
Generating RTLIL representation for module `\FDDRRSE'.
Generating RTLIL representation for module `\IFDDRCPE'.
Generating RTLIL representation for module `\IFDDRRSE'.
Generating RTLIL representation for module `\OFDDRCPE'.
Generating RTLIL representation for module `\OFDDRRSE'.
Generating RTLIL representation for module `\OFDDRTCPE'.
Generating RTLIL representation for module `\OFDDRTRSE'.
Generating RTLIL representation for module `\IDDR2'.
Generating RTLIL representation for module `\ODDR2'.
Generating RTLIL representation for module `\IDDR'.
Generating RTLIL representation for module `\IDDR_2CLK'.
Generating RTLIL representation for module `\ODDR'.
Generating RTLIL representation for module `\IDELAYCTRL'.
Generating RTLIL representation for module `\IDELAY'.
Generating RTLIL representation for module `\ISERDES'.
Generating RTLIL representation for module `\OSERDES'.
Generating RTLIL representation for module `\IODELAY'.
Generating RTLIL representation for module `\ISERDES_NODELAY'.
Generating RTLIL representation for module `\IODELAYE1'.
Generating RTLIL representation for module `\ISERDESE1'.
Generating RTLIL representation for module `\OSERDESE1'.
Generating RTLIL representation for module `\IDELAYE2'.
Generating RTLIL representation for module `\ODELAYE2'.
Generating RTLIL representation for module `\ISERDESE2'.
Generating RTLIL representation for module `\OSERDESE2'.
Generating RTLIL representation for module `\PHASER_IN'.
Generating RTLIL representation for module `\PHASER_IN_PHY'.
Generating RTLIL representation for module `\PHASER_OUT'.
Generating RTLIL representation for module `\PHASER_OUT_PHY'.
Generating RTLIL representation for module `\PHASER_REF'.
Generating RTLIL representation for module `\PHY_CONTROL'.
Generating RTLIL representation for module `\IDDRE1'.
Generating RTLIL representation for module `\ODDRE1'.
Generating RTLIL representation for module `\IDELAYE3'.
Generating RTLIL representation for module `\ODELAYE3'.
Generating RTLIL representation for module `\ISERDESE3'.
Generating RTLIL representation for module `\OSERDESE3'.
Generating RTLIL representation for module `\BITSLICE_CONTROL'.
Generating RTLIL representation for module `\RIU_OR'.
Generating RTLIL representation for module `\RX_BITSLICE'.
Generating RTLIL representation for module `\RXTX_BITSLICE'.
Generating RTLIL representation for module `\TX_BITSLICE'.
Generating RTLIL representation for module `\TX_BITSLICE_TRI'.
Generating RTLIL representation for module `\IODELAY2'.
Generating RTLIL representation for module `\IODRP2'.
Generating RTLIL representation for module `\IODRP2_MCB'.
Generating RTLIL representation for module `\ISERDES2'.
Generating RTLIL representation for module `\OSERDES2'.
Generating RTLIL representation for module `\IBUF_DLY_ADJ'.
Generating RTLIL representation for module `\IBUF_IBUFDISABLE'.
Generating RTLIL representation for module `\IBUF_INTERMDISABLE'.
Generating RTLIL representation for module `\IBUF_ANALOG'.
Generating RTLIL representation for module `\IBUFE3'.
Generating RTLIL representation for module `\IBUFDS'.
Generating RTLIL representation for module `\IBUFDS_DLY_ADJ'.
Generating RTLIL representation for module `\IBUFDS_IBUFDISABLE'.
Generating RTLIL representation for module `\IBUFDS_INTERMDISABLE'.
Generating RTLIL representation for module `\IBUFDS_DIFF_OUT'.
Generating RTLIL representation for module `\IBUFDS_DIFF_OUT_IBUFDISABLE'.
Generating RTLIL representation for module `\IBUFDS_DIFF_OUT_INTERMDISABLE'.
Generating RTLIL representation for module `\IBUFDSE3'.
Generating RTLIL representation for module `\IBUFDS_DPHY'.
Generating RTLIL representation for module `\IBUFGDS'.
Generating RTLIL representation for module `\IBUFGDS_DIFF_OUT'.
Generating RTLIL representation for module `\IOBUF_DCIEN'.
Generating RTLIL representation for module `\IOBUF_INTERMDISABLE'.
Generating RTLIL representation for module `\IOBUFE3'.
Generating RTLIL representation for module `\IOBUFDS'.
Generating RTLIL representation for module `\IOBUFDS_DCIEN'.
Generating RTLIL representation for module `\IOBUFDS_INTERMDISABLE'.
Generating RTLIL representation for module `\IOBUFDS_DIFF_OUT'.
Generating RTLIL representation for module `\IOBUFDS_DIFF_OUT_DCIEN'.
Generating RTLIL representation for module `\IOBUFDS_DIFF_OUT_INTERMDISABLE'.
Generating RTLIL representation for module `\IOBUFDSE3'.
Generating RTLIL representation for module `\OBUFDS'.
Generating RTLIL representation for module `\OBUFDS_DPHY'.
Generating RTLIL representation for module `\OBUFTDS'.
Generating RTLIL representation for module `\KEEPER'.
Generating RTLIL representation for module `\PULLDOWN'.
Generating RTLIL representation for module `\PULLUP'.
Generating RTLIL representation for module `\DCIRESET'.
Generating RTLIL representation for module `\HPIO_VREF'.
Generating RTLIL representation for module `\BUFGCE'.
Generating RTLIL representation for module `\BUFGCE_1'.
Generating RTLIL representation for module `\BUFGMUX'.
Generating RTLIL representation for module `\BUFGMUX_1'.
Generating RTLIL representation for module `\BUFGMUX_CTRL'.
Generating RTLIL representation for module `\BUFGMUX_VIRTEX4'.
Generating RTLIL representation for module `\BUFG_GT'.
Generating RTLIL representation for module `\BUFG_GT_SYNC'.
Generating RTLIL representation for module `\BUFG_PS'.
Generating RTLIL representation for module `\BUFGCE_DIV'.
Generating RTLIL representation for module `\BUFH'.
Generating RTLIL representation for module `\BUFIO2'.
Generating RTLIL representation for module `\BUFIO2_2CLK'.
Generating RTLIL representation for module `\BUFIO2FB'.
Generating RTLIL representation for module `\BUFPLL'.
Generating RTLIL representation for module `\BUFPLL_MCB'.
Generating RTLIL representation for module `\BUFIO'.
Generating RTLIL representation for module `\BUFIODQS'.
Generating RTLIL representation for module `\BUFR'.
Generating RTLIL representation for module `\BUFMR'.
Generating RTLIL representation for module `\BUFMRCE'.
Generating RTLIL representation for module `\DCM'.
Generating RTLIL representation for module `\DCM_SP'.
Generating RTLIL representation for module `\DCM_CLKGEN'.
Generating RTLIL representation for module `\DCM_ADV'.
Generating RTLIL representation for module `\DCM_BASE'.
Generating RTLIL representation for module `\DCM_PS'.
Generating RTLIL representation for module `\PMCD'.
Generating RTLIL representation for module `\PLL_ADV'.
Generating RTLIL representation for module `\PLL_BASE'.
Generating RTLIL representation for module `\MMCM_ADV'.
Generating RTLIL representation for module `\MMCM_BASE'.
Generating RTLIL representation for module `\MMCME2_ADV'.
Generating RTLIL representation for module `\MMCME2_BASE'.
Generating RTLIL representation for module `\PLLE2_ADV'.
Generating RTLIL representation for module `\PLLE2_BASE'.
Generating RTLIL representation for module `\MMCME3_ADV'.
Generating RTLIL representation for module `\MMCME3_BASE'.
Generating RTLIL representation for module `\PLLE3_ADV'.
Generating RTLIL representation for module `\PLLE3_BASE'.
Generating RTLIL representation for module `\MMCME4_ADV'.
Generating RTLIL representation for module `\MMCME4_BASE'.
Generating RTLIL representation for module `\PLLE4_ADV'.
Generating RTLIL representation for module `\PLLE4_BASE'.
Generating RTLIL representation for module `\BUFT'.
Generating RTLIL representation for module `\IN_FIFO'.
Generating RTLIL representation for module `\OUT_FIFO'.
Generating RTLIL representation for module `\HARD_SYNC'.
Generating RTLIL representation for module `\STARTUP_SPARTAN3'.
Generating RTLIL representation for module `\STARTUP_SPARTAN3E'.
Generating RTLIL representation for module `\STARTUP_SPARTAN3A'.
Generating RTLIL representation for module `\STARTUP_SPARTAN6'.
Generating RTLIL representation for module `\STARTUP_VIRTEX4'.
Generating RTLIL representation for module `\STARTUP_VIRTEX5'.
Generating RTLIL representation for module `\STARTUP_VIRTEX6'.
Generating RTLIL representation for module `\STARTUPE2'.
Generating RTLIL representation for module `\STARTUPE3'.
Generating RTLIL representation for module `\CAPTURE_SPARTAN3'.
Generating RTLIL representation for module `\CAPTURE_SPARTAN3A'.
Generating RTLIL representation for module `\CAPTURE_VIRTEX4'.
Generating RTLIL representation for module `\CAPTURE_VIRTEX5'.
Generating RTLIL representation for module `\CAPTURE_VIRTEX6'.
Generating RTLIL representation for module `\CAPTUREE2'.
Generating RTLIL representation for module `\ICAP_SPARTAN3A'.
Generating RTLIL representation for module `\ICAP_SPARTAN6'.
Generating RTLIL representation for module `\ICAP_VIRTEX4'.
Generating RTLIL representation for module `\ICAP_VIRTEX5'.
Generating RTLIL representation for module `\ICAP_VIRTEX6'.
Generating RTLIL representation for module `\ICAPE2'.
Generating RTLIL representation for module `\ICAPE3'.
Generating RTLIL representation for module `\BSCAN_SPARTAN3'.
Generating RTLIL representation for module `\BSCAN_SPARTAN3A'.
Generating RTLIL representation for module `\BSCAN_SPARTAN6'.
Generating RTLIL representation for module `\BSCAN_VIRTEX4'.
Generating RTLIL representation for module `\BSCAN_VIRTEX5'.
Generating RTLIL representation for module `\BSCAN_VIRTEX6'.
Generating RTLIL representation for module `\BSCANE2'.
Generating RTLIL representation for module `\DNA_PORT'.
Generating RTLIL representation for module `\DNA_PORTE2'.
Generating RTLIL representation for module `\FRAME_ECC_VIRTEX4'.
Generating RTLIL representation for module `\FRAME_ECC_VIRTEX5'.
Generating RTLIL representation for module `\FRAME_ECC_VIRTEX6'.
Generating RTLIL representation for module `\FRAME_ECCE2'.
Generating RTLIL representation for module `\FRAME_ECCE3'.
Generating RTLIL representation for module `\FRAME_ECCE4'.
Generating RTLIL representation for module `\USR_ACCESS_VIRTEX4'.
Generating RTLIL representation for module `\USR_ACCESS_VIRTEX5'.
Generating RTLIL representation for module `\USR_ACCESS_VIRTEX6'.
Generating RTLIL representation for module `\USR_ACCESSE2'.
Generating RTLIL representation for module `\POST_CRC_INTERNAL'.
Generating RTLIL representation for module `\SUSPEND_SYNC'.
Generating RTLIL representation for module `\KEY_CLEAR'.
Generating RTLIL representation for module `\MASTER_JTAG'.
Generating RTLIL representation for module `\SPI_ACCESS'.
Generating RTLIL representation for module `\EFUSE_USR'.
Generating RTLIL representation for module `\SYSMON'.
Generating RTLIL representation for module `\XADC'.
Generating RTLIL representation for module `\SYSMONE1'.
Generating RTLIL representation for module `\SYSMONE4'.
Generating RTLIL representation for module `\GTPA1_DUAL'.
Generating RTLIL representation for module `\GT11_CUSTOM'.
Generating RTLIL representation for module `\GT11_DUAL'.
Generating RTLIL representation for module `\GT11CLK'.
Generating RTLIL representation for module `\GT11CLK_MGT'.
Generating RTLIL representation for module `\GTP_DUAL'.
Generating RTLIL representation for module `\GTX_DUAL'.
Generating RTLIL representation for module `\CRC32'.
Generating RTLIL representation for module `\CRC64'.
Generating RTLIL representation for module `\GTHE1_QUAD'.
Generating RTLIL representation for module `\GTXE1'.
Generating RTLIL representation for module `\IBUFDS_GTXE1'.
Generating RTLIL representation for module `\IBUFDS_GTHE1'.
Generating RTLIL representation for module `\GTHE2_CHANNEL'.
Generating RTLIL representation for module `\GTHE2_COMMON'.
Generating RTLIL representation for module `\GTPE2_CHANNEL'.
Generating RTLIL representation for module `\GTPE2_COMMON'.
Generating RTLIL representation for module `\GTXE2_CHANNEL'.
Generating RTLIL representation for module `\GTXE2_COMMON'.
Generating RTLIL representation for module `\IBUFDS_GTE2'.
Generating RTLIL representation for module `\GTHE3_CHANNEL'.
Generating RTLIL representation for module `\GTHE3_COMMON'.
Generating RTLIL representation for module `\GTYE3_CHANNEL'.
Generating RTLIL representation for module `\GTYE3_COMMON'.
Generating RTLIL representation for module `\IBUFDS_GTE3'.
Generating RTLIL representation for module `\OBUFDS_GTE3'.
Generating RTLIL representation for module `\OBUFDS_GTE3_ADV'.
Generating RTLIL representation for module `\GTHE4_CHANNEL'.
Generating RTLIL representation for module `\GTHE4_COMMON'.
Generating RTLIL representation for module `\GTYE4_CHANNEL'.
Generating RTLIL representation for module `\GTYE4_COMMON'.
Generating RTLIL representation for module `\IBUFDS_GTE4'.
Generating RTLIL representation for module `\OBUFDS_GTE4'.
Generating RTLIL representation for module `\OBUFDS_GTE4_ADV'.
Generating RTLIL representation for module `\GTM_DUAL'.
Generating RTLIL representation for module `\IBUFDS_GTM'.
Generating RTLIL representation for module `\OBUFDS_GTM'.
Generating RTLIL representation for module `\OBUFDS_GTM_ADV'.
Generating RTLIL representation for module `\HSDAC'.
Generating RTLIL representation for module `\HSADC'.
Generating RTLIL representation for module `\RFDAC'.
Generating RTLIL representation for module `\RFADC'.
Generating RTLIL representation for module `\PCIE_A1'.
Generating RTLIL representation for module `\PCIE_EP'.
Generating RTLIL representation for module `\PCIE_2_0'.
Generating RTLIL representation for module `\PCIE_2_1'.
Generating RTLIL representation for module `\PCIE_3_0'.
Generating RTLIL representation for module `\PCIE_3_1'.
Generating RTLIL representation for module `\PCIE40E4'.
Generating RTLIL representation for module `\PCIE4CE4'.
Generating RTLIL representation for module `\EMAC'.
Generating RTLIL representation for module `\TEMAC'.
Generating RTLIL representation for module `\TEMAC_SINGLE'.
Generating RTLIL representation for module `\CMAC'.
Generating RTLIL representation for module `\CMACE4'.
Generating RTLIL representation for module `\MCB'.
Generating RTLIL representation for module `\HBM_REF_CLK'.
Generating RTLIL representation for module `\HBM_SNGLBLI_INTF_APB'.
Generating RTLIL representation for module `\HBM_SNGLBLI_INTF_AXI'.
Generating RTLIL representation for module `\HBM_ONE_STACK_INTF'.
Generating RTLIL representation for module `\HBM_TWO_STACK_INTF'.
Generating RTLIL representation for module `\PPC405_ADV'.
Generating RTLIL representation for module `\PPC440'.
Generating RTLIL representation for module `\PS7'.
Generating RTLIL representation for module `\PS8'.
Generating RTLIL representation for module `\ILKN'.
Generating RTLIL representation for module `\ILKNE4'.
Generating RTLIL representation for module `\VCU'.
Generating RTLIL representation for module `\FE'.
Successfully finished Verilog frontend.

15.3. Executing HIERARCHY pass (managing design hierarchy).

15.3.1. Analyzing design hierarchy..
Top module:  \core_single

15.3.2. Analyzing design hierarchy..
Top module:  \core_single
Removed 0 unused modules.

15.4. Executing PROC pass (convert processes to netlists).

15.4.1. Executing PROC_CLEAN pass (remove empty switches from decision trees).
Cleaned up 0 empty switches.

15.4.2. Executing PROC_RMDEAD pass (remove dead branches from decision trees).
Marked 1 switch rules as full_case in process $proc$/usr/bin/../share/yosys/xilinx/cells_sim.v:1986$1132 in module RAM64M.
Marked 1 switch rules as full_case in process $proc$/usr/bin/../share/yosys/xilinx/cells_sim.v:1812$1012 in module RAM32M.
Marked 1 switch rules as full_case in process $proc$/usr/bin/../share/yosys/xilinx/cells_sim.v:1716$959 in module RAM128X1D.
Marked 1 switch rules as full_case in process $proc$/usr/bin/../share/yosys/xilinx/cells_sim.v:1611$922 in module RAM64X1D.
Marked 1 switch rules as full_case in process $proc$/usr/bin/../share/yosys/xilinx/cells_sim.v:1565$904 in module RAM32X1D_1.
Marked 1 switch rules as full_case in process $proc$/usr/bin/../share/yosys/xilinx/cells_sim.v:1506$874 in module RAM32X1D.
Marked 1 switch rules as full_case in process $proc$/usr/bin/../share/yosys/xilinx/cells_sim.v:815$823 in module FDPE_1.
Marked 1 switch rules as full_case in process $proc$/usr/bin/../share/yosys/xilinx/cells_sim.v:774$820 in module FDPE.
Marked 1 switch rules as full_case in process $proc$/usr/bin/../share/yosys/xilinx/cells_sim.v:736$805 in module FDCE_1.
Marked 1 switch rules as full_case in process $proc$/usr/bin/../share/yosys/xilinx/cells_sim.v:695$802 in module FDCE.
Marked 1 switch rules as full_case in process $proc$/usr/bin/../share/yosys/xilinx/cells_sim.v:592$787 in module FDSE_1.
Marked 1 switch rules as full_case in process $proc$/usr/bin/../share/yosys/xilinx/cells_sim.v:559$783 in module FDSE.
Marked 1 switch rules as full_case in process $proc$/usr/bin/../share/yosys/xilinx/cells_sim.v:527$765 in module FDRE_1.
Marked 1 switch rules as full_case in process $proc$/usr/bin/../share/yosys/xilinx/cells_sim.v:494$761 in module FDRE.
Marked 1 switch rules as full_case in process $flatten\u_alu.$proc$rtl/core/alu.sv:0$4 in module core_single.
Marked 1 switch rules as full_case in process $flatten\u_imm.$proc$rtl/core/imm_gen.sv:0$39 in module core_single.
Marked 1 switch rules as full_case in process $flatten\u_rf.$proc$rtl/core/regfile.sv:32$190 in module core_single.
Marked 4 switch rules as full_case in process $flatten\u_rf.$proc$rtl/core/regfile.sv:0$209 in module core_single.
Removed 2 dead cases from process $flatten\u_dec.$proc$rtl/core/decoder.sv:0$40 in module core_single.
Marked 24 switch rules as full_case in process $flatten\u_dec.$proc$rtl/core/decoder.sv:0$40 in module core_single.
Marked 2 switch rules as full_case in process $proc$rtl/core/core_single.sv:193$186 in module core_single.
Marked 3 switch rules as full_case in process $proc$rtl/core/core_single.sv:0$184 in module core_single.
Marked 1 switch rules as full_case in process $proc$rtl/core/core_single.sv:0$178 in module core_single.
Marked 1 switch rules as full_case in process $proc$rtl/core/core_single.sv:0$164 in module core_single.
Marked 1 switch rules as full_case in process $proc$rtl/core/core_single.sv:0$162 in module core_single.
Removed a total of 2 dead cases.

15.4.3. Executing PROC_PRUNE pass (remove redundant assignments in processes).
Removed 1 redundant assignment.
Promoted 86 assignments to connections.

15.4.4. Executing PROC_INIT pass (extract init attributes).
Found init rule in `\SRLC32E.$proc$/usr/bin/../share/yosys/xilinx/cells_sim.v:2405$1261'.
  Set init value: \r = 0
Found init rule in `\SRLC16E.$proc$/usr/bin/../share/yosys/xilinx/cells_sim.v:2361$1254'.
  Set init value: \r = 16'0000000000000000
Found init rule in `\SRLC16.$proc$/usr/bin/../share/yosys/xilinx/cells_sim.v:2329$1247'.
  Set init value: \r = 16'0000000000000000
Found init rule in `\SRL16E.$proc$/usr/bin/../share/yosys/xilinx/cells_sim.v:2292$1244'.
  Set init value: \r = 16'0000000000000000
Found init rule in `\SRL16.$proc$/usr/bin/../share/yosys/xilinx/cells_sim.v:2264$1237'.
  Set init value: \r = 16'0000000000000000
Found init rule in `\RAM64M.$proc$/usr/bin/../share/yosys/xilinx/cells_sim.v:1980$1210'.
  Set init value: \mem_d = 64'0000000000000000000000000000000000000000000000000000000000000000
Found init rule in `\RAM64M.$proc$/usr/bin/../share/yosys/xilinx/cells_sim.v:1979$1209'.
  Set init value: \mem_c = 64'0000000000000000000000000000000000000000000000000000000000000000
Found init rule in `\RAM64M.$proc$/usr/bin/../share/yosys/xilinx/cells_sim.v:1978$1208'.
  Set init value: \mem_b = 64'0000000000000000000000000000000000000000000000000000000000000000
Found init rule in `\RAM64M.$proc$/usr/bin/../share/yosys/xilinx/cells_sim.v:1977$1207'.
  Set init value: \mem_a = 64'0000000000000000000000000000000000000000000000000000000000000000
Found init rule in `\RAM32M.$proc$/usr/bin/../share/yosys/xilinx/cells_sim.v:1806$1110'.
  Set init value: \mem_d = 64'0000000000000000000000000000000000000000000000000000000000000000
Found init rule in `\RAM32M.$proc$/usr/bin/../share/yosys/xilinx/cells_sim.v:1805$1109'.
  Set init value: \mem_c = 64'0000000000000000000000000000000000000000000000000000000000000000
Found init rule in `\RAM32M.$proc$/usr/bin/../share/yosys/xilinx/cells_sim.v:1804$1108'.
  Set init value: \mem_b = 64'0000000000000000000000000000000000000000000000000000000000000000
Found init rule in `\RAM32M.$proc$/usr/bin/../share/yosys/xilinx/cells_sim.v:1803$1107'.
  Set init value: \mem_a = 64'0000000000000000000000000000000000000000000000000000000000000000
Found init rule in `\RAM128X1D.$proc$/usr/bin/../share/yosys/xilinx/cells_sim.v:1712$989'.
  Set init value: \mem = 128'00000000000000000000000000000000000000000000000000000000000000000000000000000000000000000000000000000000000000000000000000000000
Found init rule in `\RAM64X1D.$proc$/usr/bin/../share/yosys/xilinx/cells_sim.v:1607$952'.
  Set init value: \mem = 64'0000000000000000000000000000000000000000000000000000000000000000
Found init rule in `\RAM32X1D_1.$proc$/usr/bin/../share/yosys/xilinx/cells_sim.v:1561$916'.
  Set init value: \mem = 0
Found init rule in `\RAM32X1D.$proc$/usr/bin/../share/yosys/xilinx/cells_sim.v:1502$898'.
  Set init value: \mem = 0
Found init rule in `\FDPE_1.$proc$/usr/bin/../share/yosys/xilinx/cells_sim.v:0$826'.
  Set init value: \Q = 1'1
Found init rule in `\FDPE.$proc$/usr/bin/../share/yosys/xilinx/cells_sim.v:0$822'.
  Set init value: \Q = 1'1
Found init rule in `\FDCE_1.$proc$/usr/bin/../share/yosys/xilinx/cells_sim.v:0$808'.
  Set init value: \Q = 1'0
Found init rule in `\FDCE.$proc$/usr/bin/../share/yosys/xilinx/cells_sim.v:0$804'.
  Set init value: \Q = 1'0
Found init rule in `\FDSE_1.$proc$/usr/bin/../share/yosys/xilinx/cells_sim.v:0$790'.
  Set init value: \Q = 1'1
Found init rule in `\FDSE.$proc$/usr/bin/../share/yosys/xilinx/cells_sim.v:0$786'.
  Set init value: \Q = 1'1
Found init rule in `\FDRE_1.$proc$/usr/bin/../share/yosys/xilinx/cells_sim.v:0$768'.
  Set init value: \Q = 1'0
Found init rule in `\FDRE.$proc$/usr/bin/../share/yosys/xilinx/cells_sim.v:0$764'.
  Set init value: \Q = 1'0

15.4.5. Executing PROC_ARST pass (detect async resets in processes).
Found async reset \PRE in `\FDPE_1.$proc$/usr/bin/../share/yosys/xilinx/cells_sim.v:815$823'.
Found async reset \PRE in `\FDPE.$proc$/usr/bin/../share/yosys/xilinx/cells_sim.v:774$820'.
Found async reset \CLR in `\FDCE_1.$proc$/usr/bin/../share/yosys/xilinx/cells_sim.v:736$805'.
Found async reset \CLR in `\FDCE.$proc$/usr/bin/../share/yosys/xilinx/cells_sim.v:695$802'.
Found async reset \rst_n in `\core_single.$proc$rtl/core/core_single.sv:193$186'.

15.4.6. Executing PROC_ROM pass (convert switches to ROMs).
Converted 0 switches.
<suppressed ~60 debug messages>

15.4.7. Executing PROC_MUX pass (convert decision trees to multiplexers).
Creating decoders for process `\SRLC32E.$proc$/usr/bin/../share/yosys/xilinx/cells_sim.v:2405$1261'.
Creating decoders for process `\SRLC32E.$proc$/usr/bin/../share/yosys/xilinx/cells_sim.v:2413$1260'.
     1/1: $0\r[31:0]
Creating decoders for process `\SRLC16E.$proc$/usr/bin/../share/yosys/xilinx/cells_sim.v:2361$1254'.
Creating decoders for process `\SRLC16E.$proc$/usr/bin/../share/yosys/xilinx/cells_sim.v:2369$1253'.
     1/1: $0\r[15:0]
Creating decoders for process `\SRLC16.$proc$/usr/bin/../share/yosys/xilinx/cells_sim.v:2329$1247'.
Creating decoders for process `\SRLC16.$proc$/usr/bin/../share/yosys/xilinx/cells_sim.v:2332$1246'.
Creating decoders for process `\SRL16E.$proc$/usr/bin/../share/yosys/xilinx/cells_sim.v:2292$1244'.
Creating decoders for process `\SRL16E.$proc$/usr/bin/../share/yosys/xilinx/cells_sim.v:2299$1243'.
     1/1: $0\r[15:0]
Creating decoders for process `\SRL16.$proc$/usr/bin/../share/yosys/xilinx/cells_sim.v:2264$1237'.
Creating decoders for process `\SRL16.$proc$/usr/bin/../share/yosys/xilinx/cells_sim.v:2266$1236'.
Creating decoders for process `\RAM64M.$proc$/usr/bin/../share/yosys/xilinx/cells_sim.v:1980$1210'.
Creating decoders for process `\RAM64M.$proc$/usr/bin/../share/yosys/xilinx/cells_sim.v:1979$1209'.
Creating decoders for process `\RAM64M.$proc$/usr/bin/../share/yosys/xilinx/cells_sim.v:1978$1208'.
Creating decoders for process `\RAM64M.$proc$/usr/bin/../share/yosys/xilinx/cells_sim.v:1977$1207'.
Creating decoders for process `\RAM64M.$proc$/usr/bin/../share/yosys/xilinx/cells_sim.v:1986$1132'.
     1/8: $1$lookahead\mem_d$1131[63:0]$1148
     2/8: $1$bitselwrite$pos$/usr/bin/../share/yosys/xilinx/cells_sim.v:1991$1122[5:0]$1144
     3/8: $1$lookahead\mem_c$1130[63:0]$1147
     4/8: $1$bitselwrite$pos$/usr/bin/../share/yosys/xilinx/cells_sim.v:1990$1121[5:0]$1143
     5/8: $1$lookahead\mem_b$1129[63:0]$1146
     6/8: $1$bitselwrite$pos$/usr/bin/../share/yosys/xilinx/cells_sim.v:1989$1120[5:0]$1142
     7/8: $1$lookahead\mem_a$1128[63:0]$1145
     8/8: $1$bitselwrite$pos$/usr/bin/../share/yosys/xilinx/cells_sim.v:1988$1119[5:0]$1141
Creating decoders for process `\RAM32M.$proc$/usr/bin/../share/yosys/xilinx/cells_sim.v:1806$1110'.
Creating decoders for process `\RAM32M.$proc$/usr/bin/../share/yosys/xilinx/cells_sim.v:1805$1109'.
Creating decoders for process `\RAM32M.$proc$/usr/bin/../share/yosys/xilinx/cells_sim.v:1804$1108'.
Creating decoders for process `\RAM32M.$proc$/usr/bin/../share/yosys/xilinx/cells_sim.v:1803$1107'.
Creating decoders for process `\RAM32M.$proc$/usr/bin/../share/yosys/xilinx/cells_sim.v:1812$1012'.
     1/8: $1$lookahead\mem_d$1011[63:0]$1028
     2/8: $1$bitselwrite$pos$/usr/bin/../share/yosys/xilinx/cells_sim.v:1817$994[31:0]$1024
     3/8: $1$lookahead\mem_c$1010[63:0]$1027
     4/8: $1$bitselwrite$pos$/usr/bin/../share/yosys/xilinx/cells_sim.v:1816$993[31:0]$1023
     5/8: $1$lookahead\mem_b$1009[63:0]$1026
     6/8: $1$bitselwrite$pos$/usr/bin/../share/yosys/xilinx/cells_sim.v:1815$992[31:0]$1022
     7/8: $1$lookahead\mem_a$1008[63:0]$1025
     8/8: $1$bitselwrite$pos$/usr/bin/../share/yosys/xilinx/cells_sim.v:1814$991[31:0]$1021
Creating decoders for process `\RAM128X1D.$proc$/usr/bin/../share/yosys/xilinx/cells_sim.v:1712$989'.
Creating decoders for process `\RAM128X1D.$proc$/usr/bin/../share/yosys/xilinx/cells_sim.v:1716$959'.
     1/2: $1$lookahead\mem$958[127:0]$963
     2/2: $1$bitselwrite$pos$/usr/bin/../share/yosys/xilinx/cells_sim.v:1716$954[6:0]$962
Creating decoders for process `\RAM64X1D.$proc$/usr/bin/../share/yosys/xilinx/cells_sim.v:1607$952'.
Creating decoders for process `\RAM64X1D.$proc$/usr/bin/../share/yosys/xilinx/cells_sim.v:1611$922'.
     1/2: $1$lookahead\mem$921[63:0]$926
     2/2: $1$bitselwrite$pos$/usr/bin/../share/yosys/xilinx/cells_sim.v:1611$917[5:0]$925
Creating decoders for process `\RAM32X1D_1.$proc$/usr/bin/../share/yosys/xilinx/cells_sim.v:1561$916'.
Creating decoders for process `\RAM32X1D_1.$proc$/usr/bin/../share/yosys/xilinx/cells_sim.v:1565$904'.
     1/2: $1$lookahead\mem$903[31:0]$908
     2/2: $1$bitselwrite$pos$/usr/bin/../share/yosys/xilinx/cells_sim.v:1565$899[4:0]$907
Creating decoders for process `\RAM32X1D.$proc$/usr/bin/../share/yosys/xilinx/cells_sim.v:1502$898'.
Creating decoders for process `\RAM32X1D.$proc$/usr/bin/../share/yosys/xilinx/cells_sim.v:1506$874'.
     1/2: $1$lookahead\mem$873[31:0]$878
     2/2: $1$bitselwrite$pos$/usr/bin/../share/yosys/xilinx/cells_sim.v:1506$869[4:0]$877
Creating decoders for process `\FDPE_1.$proc$/usr/bin/../share/yosys/xilinx/cells_sim.v:0$826'.
Creating decoders for process `\FDPE_1.$proc$/usr/bin/../share/yosys/xilinx/cells_sim.v:815$823'.
     1/1: $0\Q[0:0]
Creating decoders for process `\FDPE.$proc$/usr/bin/../share/yosys/xilinx/cells_sim.v:0$822'.
Creating decoders for process `\FDPE.$proc$/usr/bin/../share/yosys/xilinx/cells_sim.v:774$820'.
     1/1: $0\Q[0:0]
Creating decoders for process `\FDCE_1.$proc$/usr/bin/../share/yosys/xilinx/cells_sim.v:0$808'.
Creating decoders for process `\FDCE_1.$proc$/usr/bin/../share/yosys/xilinx/cells_sim.v:736$805'.
     1/1: $0\Q[0:0]
Creating decoders for process `\FDCE.$proc$/usr/bin/../share/yosys/xilinx/cells_sim.v:0$804'.
Creating decoders for process `\FDCE.$proc$/usr/bin/../share/yosys/xilinx/cells_sim.v:695$802'.
     1/1: $0\Q[0:0]
Creating decoders for process `\FDSE_1.$proc$/usr/bin/../share/yosys/xilinx/cells_sim.v:0$790'.
Creating decoders for process `\FDSE_1.$proc$/usr/bin/../share/yosys/xilinx/cells_sim.v:592$787'.
     1/1: $0\Q[0:0]
Creating decoders for process `\FDSE.$proc$/usr/bin/../share/yosys/xilinx/cells_sim.v:0$786'.
Creating decoders for process `\FDSE.$proc$/usr/bin/../share/yosys/xilinx/cells_sim.v:559$783'.
     1/1: $0\Q[0:0]
Creating decoders for process `\FDRE_1.$proc$/usr/bin/../share/yosys/xilinx/cells_sim.v:0$768'.
Creating decoders for process `\FDRE_1.$proc$/usr/bin/../share/yosys/xilinx/cells_sim.v:527$765'.
     1/1: $0\Q[0:0]
Creating decoders for process `\FDRE.$proc$/usr/bin/../share/yosys/xilinx/cells_sim.v:0$764'.
Creating decoders for process `\FDRE.$proc$/usr/bin/../share/yosys/xilinx/cells_sim.v:494$761'.
     1/1: $0\Q[0:0]
Creating decoders for process `\core_single.$flatten\u_alu.$proc$rtl/core/alu.sv:0$4'.
     1/1: $flatten\u_alu.$1\y[31:0]
Creating decoders for process `\core_single.$flatten\u_imm.$proc$rtl/core/imm_gen.sv:0$39'.
     1/1: $flatten\u_imm.$1\imm[31:0]
Creating decoders for process `\core_single.$flatten\u_rf.$proc$rtl/core/regfile.sv:32$190'.
     1/3: $flatten\u_rf.$1$memwr$\regs$rtl/core/regfile.sv:34$189_EN[31:0]$198
     2/3: $flatten\u_rf.$1$memwr$\regs$rtl/core/regfile.sv:34$189_DATA[31:0]$197
     3/3: $flatten\u_rf.$1$memwr$\regs$rtl/core/regfile.sv:34$189_ADDR[4:0]$196
Creating decoders for process `\core_single.$flatten\u_rf.$proc$rtl/core/regfile.sv:0$209'.
     1/4: $flatten\u_rf.$2\rdata2[31:0]
     2/4: $flatten\u_rf.$1\rdata2[31:0]
     3/4: $flatten\u_rf.$2\rdata1[31:0]
     4/4: $flatten\u_rf.$1\rdata1[31:0]
Creating decoders for process `\core_single.$flatten\u_dec.$proc$rtl/core/decoder.sv:0$40'.
     1/67: $flatten\u_dec.$3\is_cus[0:0]
     2/67: $flatten\u_dec.$3\is_mret[0:0]
     3/67: $flatten\u_dec.$4\br_type[2:0]
     4/67: $flatten\u_dec.$3\mem_we[0:0]
     5/67: $flatten\u_dec.$5\reg_we[0:0]
     6/67: $flatten\u_dec.$2\is_cus[0:0]
     7/67: $flatten\u_dec.$4\wb_sel[1:0]
     8/67: $flatten\u_dec.$4\reg_we[0:0]
     9/67: $flatten\u_dec.$23\illegal[0:0]
    10/67: $flatten\u_dec.$2\is_mret[0:0]
    11/67: $flatten\u_dec.$22\illegal[0:0]
    12/67: $flatten\u_dec.$21\illegal[0:0]
    13/67: $flatten\u_dec.$20\illegal[0:0]
    14/67: $flatten\u_dec.$12\alu_op[3:0]
    15/67: $flatten\u_dec.$19\illegal[0:0]
    16/67: $flatten\u_dec.$11\alu_op[3:0]
    17/67: $flatten\u_dec.$18\illegal[0:0]
    18/67: $flatten\u_dec.$17\illegal[0:0]
    19/67: $flatten\u_dec.$16\illegal[0:0]
    20/67: $flatten\u_dec.$15\illegal[0:0]
    21/67: $flatten\u_dec.$14\illegal[0:0]
    22/67: $flatten\u_dec.$10\alu_op[3:0]
    23/67: $flatten\u_dec.$13\illegal[0:0]
    24/67: $flatten\u_dec.$9\alu_op[3:0]
    25/67: $flatten\u_dec.$12\illegal[0:0]
    26/67: $flatten\u_dec.$8\alu_op[3:0]
    27/67: $flatten\u_dec.$11\illegal[0:0]
    28/67: $flatten\u_dec.$10\illegal[0:0]
    29/67: $flatten\u_dec.$7\alu_op[3:0]
    30/67: $flatten\u_dec.$6\alu_op[3:0]
    31/67: $flatten\u_dec.$9\illegal[0:0]
    32/67: $flatten\u_dec.$5\alu_op[3:0]
    33/67: $flatten\u_dec.$8\illegal[0:0]
    34/67: $flatten\u_dec.$7\illegal[0:0]
    35/67: $flatten\u_dec.$4\alu_op[3:0]
    36/67: $flatten\u_dec.$6\illegal[0:0]
    37/67: $flatten\u_dec.$4\imm_type[2:0]
    38/67: $flatten\u_dec.$3\alu_op[3:0]
    39/67: $flatten\u_dec.$3\alu_b_imm[0:0]
    40/67: $flatten\u_dec.$2\mem_we[0:0]
    41/67: $flatten\u_dec.$5\illegal[0:0]
    42/67: $flatten\u_dec.$3\imm_type[2:0]
    43/67: $flatten\u_dec.$2\alu_op[3:0]
    44/67: $flatten\u_dec.$2\alu_b_imm[0:0]
    45/67: $flatten\u_dec.$3\wb_sel[1:0]
    46/67: $flatten\u_dec.$3\reg_we[0:0]
    47/67: $flatten\u_dec.$4\illegal[0:0]
    48/67: $flatten\u_dec.$3\br_type[2:0]
    49/67: $flatten\u_dec.$3\illegal[0:0]
    50/67: $flatten\u_dec.$2\imm_type[2:0]
    51/67: $flatten\u_dec.$2\jalr[0:0]
    52/67: $flatten\u_dec.$2\br_type[2:0]
    53/67: $flatten\u_dec.$2\wb_sel[1:0]
    54/67: $flatten\u_dec.$2\reg_we[0:0]
    55/67: $flatten\u_dec.$2\illegal[0:0]
    56/67: $flatten\u_dec.$1\imm_type[2:0]
    57/67: $flatten\u_dec.$1\alu_op[3:0]
    58/67: $flatten\u_dec.$1\alu_b_imm[0:0]
    59/67: $flatten\u_dec.$1\alu_a_sel[1:0]
    60/67: $flatten\u_dec.$1\reg_we[0:0]
    61/67: $flatten\u_dec.$1\illegal[0:0]
    62/67: $flatten\u_dec.$1\is_cus[0:0]
    63/67: $flatten\u_dec.$1\is_mret[0:0]
    64/67: $flatten\u_dec.$1\jalr[0:0]
    65/67: $flatten\u_dec.$1\br_type[2:0]
    66/67: $flatten\u_dec.$1\mem_we[0:0]
    67/67: $flatten\u_dec.$1\wb_sel[1:0]
Creating decoders for process `\core_single.$proc$rtl/core/core_single.sv:193$186'.
     1/3: $0\pc[31:0]
     2/3: $0\in_handler[0:0]
     3/3: $0\epc[31:0]
Creating decoders for process `\core_single.$proc$rtl/core/core_single.sv:0$184'.
     1/3: $3\pc_next[31:0]
     2/3: $2\pc_next[31:0]
     3/3: $1\pc_next[31:0]
Creating decoders for process `\core_single.$proc$rtl/core/core_single.sv:0$178'.
     1/1: $1\wb_data[31:0]
Creating decoders for process `\core_single.$proc$rtl/core/core_single.sv:0$164'.
     1/1: $1\br_cond[0:0]
Creating decoders for process `\core_single.$proc$rtl/core/core_single.sv:0$162'.
     1/1: $1\alu_a[31:0]

15.4.8. Executing PROC_DLATCH pass (convert process syncs to latches).
No latch inferred for signal `\core_single.\u_alu.y' from process `\core_single.$flatten\u_alu.$proc$rtl/core/alu.sv:0$4'.
No latch inferred for signal `\core_single.\u_imm.imm' from process `\core_single.$flatten\u_imm.$proc$rtl/core/imm_gen.sv:0$39'.
No latch inferred for signal `\core_single.\u_rf.rdata1' from process `\core_single.$flatten\u_rf.$proc$rtl/core/regfile.sv:0$209'.
No latch inferred for signal `\core_single.\u_rf.rdata2' from process `\core_single.$flatten\u_rf.$proc$rtl/core/regfile.sv:0$209'.
No latch inferred for signal `\core_single.\u_dec.imm_type' from process `\core_single.$flatten\u_dec.$proc$rtl/core/decoder.sv:0$40'.
No latch inferred for signal `\core_single.\u_dec.reg_we' from process `\core_single.$flatten\u_dec.$proc$rtl/core/decoder.sv:0$40'.
No latch inferred for signal `\core_single.\u_dec.wb_sel' from process `\core_single.$flatten\u_dec.$proc$rtl/core/decoder.sv:0$40'.
No latch inferred for signal `\core_single.\u_dec.mem_we' from process `\core_single.$flatten\u_dec.$proc$rtl/core/decoder.sv:0$40'.
No latch inferred for signal `\core_single.\u_dec.alu_a_sel' from process `\core_single.$flatten\u_dec.$proc$rtl/core/decoder.sv:0$40'.
No latch inferred for signal `\core_single.\u_dec.alu_b_imm' from process `\core_single.$flatten\u_dec.$proc$rtl/core/decoder.sv:0$40'.
No latch inferred for signal `\core_single.\u_dec.alu_op' from process `\core_single.$flatten\u_dec.$proc$rtl/core/decoder.sv:0$40'.
No latch inferred for signal `\core_single.\u_dec.br_type' from process `\core_single.$flatten\u_dec.$proc$rtl/core/decoder.sv:0$40'.
No latch inferred for signal `\core_single.\u_dec.jalr' from process `\core_single.$flatten\u_dec.$proc$rtl/core/decoder.sv:0$40'.
No latch inferred for signal `\core_single.\u_dec.is_mret' from process `\core_single.$flatten\u_dec.$proc$rtl/core/decoder.sv:0$40'.
No latch inferred for signal `\core_single.\u_dec.is_cus' from process `\core_single.$flatten\u_dec.$proc$rtl/core/decoder.sv:0$40'.
No latch inferred for signal `\core_single.\u_dec.illegal' from process `\core_single.$flatten\u_dec.$proc$rtl/core/decoder.sv:0$40'.
No latch inferred for signal `\core_single.\pc_next' from process `\core_single.$proc$rtl/core/core_single.sv:0$184'.
No latch inferred for signal `\core_single.\wb_data' from process `\core_single.$proc$rtl/core/core_single.sv:0$178'.
No latch inferred for signal `\core_single.\br_cond' from process `\core_single.$proc$rtl/core/core_single.sv:0$164'.
No latch inferred for signal `\core_single.\alu_a' from process `\core_single.$proc$rtl/core/core_single.sv:0$162'.

15.4.9. Executing PROC_DFF pass (convert process syncs to FFs).
Creating register for signal `\SRLC32E.\r' using process `\SRLC32E.$proc$/usr/bin/../share/yosys/xilinx/cells_sim.v:2413$1260'.
  created $dff cell `$procdff$2267' with positive edge clock.
Creating register for signal `\SRLC16E.\r' using process `\SRLC16E.$proc$/usr/bin/../share/yosys/xilinx/cells_sim.v:2369$1253'.
  created $dff cell `$procdff$2268' with positive edge clock.
Creating register for signal `\SRLC16.\r' using process `\SRLC16.$proc$/usr/bin/../share/yosys/xilinx/cells_sim.v:2332$1246'.
  created $dff cell `$procdff$2269' with positive edge clock.
Creating register for signal `\SRL16E.\r' using process `\SRL16E.$proc$/usr/bin/../share/yosys/xilinx/cells_sim.v:2299$1243'.
  created $dff cell `$procdff$2270' with positive edge clock.
Creating register for signal `\SRL16.\r' using process `\SRL16.$proc$/usr/bin/../share/yosys/xilinx/cells_sim.v:2266$1236'.
  created $dff cell `$procdff$2271' with positive edge clock.
Creating register for signal `\RAM64M.\mem_a' using process `\RAM64M.$proc$/usr/bin/../share/yosys/xilinx/cells_sim.v:1986$1132'.
  created $dff cell `$procdff$2272' with positive edge clock.
Creating register for signal `\RAM64M.\mem_b' using process `\RAM64M.$proc$/usr/bin/../share/yosys/xilinx/cells_sim.v:1986$1132'.
  created $dff cell `$procdff$2273' with positive edge clock.
Creating register for signal `\RAM64M.\mem_c' using process `\RAM64M.$proc$/usr/bin/../share/yosys/xilinx/cells_sim.v:1986$1132'.
  created $dff cell `$procdff$2274' with positive edge clock.
Creating register for signal `\RAM64M.\mem_d' using process `\RAM64M.$proc$/usr/bin/../share/yosys/xilinx/cells_sim.v:1986$1132'.
  created $dff cell `$procdff$2275' with positive edge clock.
Creating register for signal `\RAM64M.$bitselwrite$pos$/usr/bin/../share/yosys/xilinx/cells_sim.v:1988$1119' using process `\RAM64M.$proc$/usr/bin/../share/yosys/xilinx/cells_sim.v:1986$1132'.
  created $dff cell `$procdff$2276' with positive edge clock.
Creating register for signal `\RAM64M.$bitselwrite$pos$/usr/bin/../share/yosys/xilinx/cells_sim.v:1989$1120' using process `\RAM64M.$proc$/usr/bin/../share/yosys/xilinx/cells_sim.v:1986$1132'.
  created $dff cell `$procdff$2277' with positive edge clock.
Creating register for signal `\RAM64M.$bitselwrite$pos$/usr/bin/../share/yosys/xilinx/cells_sim.v:1990$1121' using process `\RAM64M.$proc$/usr/bin/../share/yosys/xilinx/cells_sim.v:1986$1132'.
  created $dff cell `$procdff$2278' with positive edge clock.
Creating register for signal `\RAM64M.$bitselwrite$pos$/usr/bin/../share/yosys/xilinx/cells_sim.v:1991$1122' using process `\RAM64M.$proc$/usr/bin/../share/yosys/xilinx/cells_sim.v:1986$1132'.
  created $dff cell `$procdff$2279' with positive edge clock.
Creating register for signal `\RAM64M.$lookahead\mem_a$1128' using process `\RAM64M.$proc$/usr/bin/../share/yosys/xilinx/cells_sim.v:1986$1132'.
  created $dff cell `$procdff$2280' with positive edge clock.
Creating register for signal `\RAM64M.$lookahead\mem_b$1129' using process `\RAM64M.$proc$/usr/bin/../share/yosys/xilinx/cells_sim.v:1986$1132'.
  created $dff cell `$procdff$2281' with positive edge clock.
Creating register for signal `\RAM64M.$lookahead\mem_c$1130' using process `\RAM64M.$proc$/usr/bin/../share/yosys/xilinx/cells_sim.v:1986$1132'.
  created $dff cell `$procdff$2282' with positive edge clock.
Creating register for signal `\RAM64M.$lookahead\mem_d$1131' using process `\RAM64M.$proc$/usr/bin/../share/yosys/xilinx/cells_sim.v:1986$1132'.
  created $dff cell `$procdff$2283' with positive edge clock.
Creating register for signal `\RAM32M.\mem_a' using process `\RAM32M.$proc$/usr/bin/../share/yosys/xilinx/cells_sim.v:1812$1012'.
  created $dff cell `$procdff$2284' with positive edge clock.
Creating register for signal `\RAM32M.\mem_b' using process `\RAM32M.$proc$/usr/bin/../share/yosys/xilinx/cells_sim.v:1812$1012'.
  created $dff cell `$procdff$2285' with positive edge clock.
Creating register for signal `\RAM32M.\mem_c' using process `\RAM32M.$proc$/usr/bin/../share/yosys/xilinx/cells_sim.v:1812$1012'.
  created $dff cell `$procdff$2286' with positive edge clock.
Creating register for signal `\RAM32M.\mem_d' using process `\RAM32M.$proc$/usr/bin/../share/yosys/xilinx/cells_sim.v:1812$1012'.
  created $dff cell `$procdff$2287' with positive edge clock.
Creating register for signal `\RAM32M.$bitselwrite$pos$/usr/bin/../share/yosys/xilinx/cells_sim.v:1814$991' using process `\RAM32M.$proc$/usr/bin/../share/yosys/xilinx/cells_sim.v:1812$1012'.
  created $dff cell `$procdff$2288' with positive edge clock.
Creating register for signal `\RAM32M.$bitselwrite$pos$/usr/bin/../share/yosys/xilinx/cells_sim.v:1815$992' using process `\RAM32M.$proc$/usr/bin/../share/yosys/xilinx/cells_sim.v:1812$1012'.
  created $dff cell `$procdff$2289' with positive edge clock.
Creating register for signal `\RAM32M.$bitselwrite$pos$/usr/bin/../share/yosys/xilinx/cells_sim.v:1816$993' using process `\RAM32M.$proc$/usr/bin/../share/yosys/xilinx/cells_sim.v:1812$1012'.
  created $dff cell `$procdff$2290' with positive edge clock.
Creating register for signal `\RAM32M.$bitselwrite$pos$/usr/bin/../share/yosys/xilinx/cells_sim.v:1817$994' using process `\RAM32M.$proc$/usr/bin/../share/yosys/xilinx/cells_sim.v:1812$1012'.
  created $dff cell `$procdff$2291' with positive edge clock.
Creating register for signal `\RAM32M.$lookahead\mem_a$1008' using process `\RAM32M.$proc$/usr/bin/../share/yosys/xilinx/cells_sim.v:1812$1012'.
  created $dff cell `$procdff$2292' with positive edge clock.
Creating register for signal `\RAM32M.$lookahead\mem_b$1009' using process `\RAM32M.$proc$/usr/bin/../share/yosys/xilinx/cells_sim.v:1812$1012'.
  created $dff cell `$procdff$2293' with positive edge clock.
Creating register for signal `\RAM32M.$lookahead\mem_c$1010' using process `\RAM32M.$proc$/usr/bin/../share/yosys/xilinx/cells_sim.v:1812$1012'.
  created $dff cell `$procdff$2294' with positive edge clock.
Creating register for signal `\RAM32M.$lookahead\mem_d$1011' using process `\RAM32M.$proc$/usr/bin/../share/yosys/xilinx/cells_sim.v:1812$1012'.
  created $dff cell `$procdff$2295' with positive edge clock.
Creating register for signal `\RAM128X1D.\mem' using process `\RAM128X1D.$proc$/usr/bin/../share/yosys/xilinx/cells_sim.v:1716$959'.
  created $dff cell `$procdff$2296' with positive edge clock.
Creating register for signal `\RAM128X1D.$bitselwrite$pos$/usr/bin/../share/yosys/xilinx/cells_sim.v:1716$954' using process `\RAM128X1D.$proc$/usr/bin/../share/yosys/xilinx/cells_sim.v:1716$959'.
  created $dff cell `$procdff$2297' with positive edge clock.
Creating register for signal `\RAM128X1D.$lookahead\mem$958' using process `\RAM128X1D.$proc$/usr/bin/../share/yosys/xilinx/cells_sim.v:1716$959'.
  created $dff cell `$procdff$2298' with positive edge clock.
Creating register for signal `\RAM64X1D.\mem' using process `\RAM64X1D.$proc$/usr/bin/../share/yosys/xilinx/cells_sim.v:1611$922'.
  created $dff cell `$procdff$2299' with positive edge clock.
Creating register for signal `\RAM64X1D.$bitselwrite$pos$/usr/bin/../share/yosys/xilinx/cells_sim.v:1611$917' using process `\RAM64X1D.$proc$/usr/bin/../share/yosys/xilinx/cells_sim.v:1611$922'.
  created $dff cell `$procdff$2300' with positive edge clock.
Creating register for signal `\RAM64X1D.$lookahead\mem$921' using process `\RAM64X1D.$proc$/usr/bin/../share/yosys/xilinx/cells_sim.v:1611$922'.
  created $dff cell `$procdff$2301' with positive edge clock.
Creating register for signal `\RAM32X1D_1.\mem' using process `\RAM32X1D_1.$proc$/usr/bin/../share/yosys/xilinx/cells_sim.v:1565$904'.
  created $dff cell `$procdff$2302' with negative edge clock.
Creating register for signal `\RAM32X1D_1.$bitselwrite$pos$/usr/bin/../share/yosys/xilinx/cells_sim.v:1565$899' using process `\RAM32X1D_1.$proc$/usr/bin/../share/yosys/xilinx/cells_sim.v:1565$904'.
  created $dff cell `$procdff$2303' with negative edge clock.
Creating register for signal `\RAM32X1D_1.$lookahead\mem$903' using process `\RAM32X1D_1.$proc$/usr/bin/../share/yosys/xilinx/cells_sim.v:1565$904'.
  created $dff cell `$procdff$2304' with negative edge clock.
Creating register for signal `\RAM32X1D.\mem' using process `\RAM32X1D.$proc$/usr/bin/../share/yosys/xilinx/cells_sim.v:1506$874'.
  created $dff cell `$procdff$2305' with positive edge clock.
Creating register for signal `\RAM32X1D.$bitselwrite$pos$/usr/bin/../share/yosys/xilinx/cells_sim.v:1506$869' using process `\RAM32X1D.$proc$/usr/bin/../share/yosys/xilinx/cells_sim.v:1506$874'.
  created $dff cell `$procdff$2306' with positive edge clock.
Creating register for signal `\RAM32X1D.$lookahead\mem$873' using process `\RAM32X1D.$proc$/usr/bin/../share/yosys/xilinx/cells_sim.v:1506$874'.
  created $dff cell `$procdff$2307' with positive edge clock.
Creating register for signal `\FDPE_1.\Q' using process `\FDPE_1.$proc$/usr/bin/../share/yosys/xilinx/cells_sim.v:815$823'.
  created $adff cell `$procdff$2310' with negative edge clock and positive level reset.
Creating register for signal `\FDPE.\Q' using process `\FDPE.$proc$/usr/bin/../share/yosys/xilinx/cells_sim.v:774$820'.
  created $adff cell `$procdff$2313' with positive edge clock and positive level reset.
Creating register for signal `\FDCE_1.\Q' using process `\FDCE_1.$proc$/usr/bin/../share/yosys/xilinx/cells_sim.v:736$805'.
  created $adff cell `$procdff$2316' with negative edge clock and positive level reset.
Creating register for signal `\FDCE.\Q' using process `\FDCE.$proc$/usr/bin/../share/yosys/xilinx/cells_sim.v:695$802'.
  created $adff cell `$procdff$2319' with positive edge clock and positive level reset.
Creating register for signal `\FDSE_1.\Q' using process `\FDSE_1.$proc$/usr/bin/../share/yosys/xilinx/cells_sim.v:592$787'.
  created $dff cell `$procdff$2320' with negative edge clock.
Creating register for signal `\FDSE.\Q' using process `\FDSE.$proc$/usr/bin/../share/yosys/xilinx/cells_sim.v:559$783'.
  created $dff cell `$procdff$2321' with positive edge clock.
Creating register for signal `\FDRE_1.\Q' using process `\FDRE_1.$proc$/usr/bin/../share/yosys/xilinx/cells_sim.v:527$765'.
  created $dff cell `$procdff$2322' with negative edge clock.
Creating register for signal `\FDRE.\Q' using process `\FDRE.$proc$/usr/bin/../share/yosys/xilinx/cells_sim.v:494$761'.
  created $dff cell `$procdff$2323' with positive edge clock.
Creating register for signal `\core_single.$flatten\u_rf.$memwr$\regs$rtl/core/regfile.sv:34$189_ADDR' using process `\core_single.$flatten\u_rf.$proc$rtl/core/regfile.sv:32$190'.
  created $dff cell `$procdff$2324' with positive edge clock.
Creating register for signal `\core_single.$flatten\u_rf.$memwr$\regs$rtl/core/regfile.sv:34$189_DATA' using process `\core_single.$flatten\u_rf.$proc$rtl/core/regfile.sv:32$190'.
  created $dff cell `$procdff$2325' with positive edge clock.
Creating register for signal `\core_single.$flatten\u_rf.$memwr$\regs$rtl/core/regfile.sv:34$189_EN' using process `\core_single.$flatten\u_rf.$proc$rtl/core/regfile.sv:32$190'.
  created $dff cell `$procdff$2326' with positive edge clock.
Creating register for signal `\core_single.\pc' using process `\core_single.$proc$rtl/core/core_single.sv:193$186'.
  created $adff cell `$procdff$2331' with positive edge clock and positive level reset.
Creating register for signal `\core_single.\epc' using process `\core_single.$proc$rtl/core/core_single.sv:193$186'.
  created $adff cell `$procdff$2336' with positive edge clock and positive level reset.
Creating register for signal `\core_single.\in_handler' using process `\core_single.$proc$rtl/core/core_single.sv:193$186'.
  created $adff cell `$procdff$2341' with positive edge clock and positive level reset.

15.4.10. Executing PROC_MEMWR pass (convert process memory writes to cells).

15.4.11. Executing PROC_CLEAN pass (remove empty switches from decision trees).
Removing empty process `SRLC32E.$proc$/usr/bin/../share/yosys/xilinx/cells_sim.v:2405$1261'.
Found and cleaned up 1 empty switch in `\SRLC32E.$proc$/usr/bin/../share/yosys/xilinx/cells_sim.v:2413$1260'.
Removing empty process `SRLC32E.$proc$/usr/bin/../share/yosys/xilinx/cells_sim.v:2413$1260'.
Removing empty process `SRLC16E.$proc$/usr/bin/../share/yosys/xilinx/cells_sim.v:2361$1254'.
Found and cleaned up 1 empty switch in `\SRLC16E.$proc$/usr/bin/../share/yosys/xilinx/cells_sim.v:2369$1253'.
Removing empty process `SRLC16E.$proc$/usr/bin/../share/yosys/xilinx/cells_sim.v:2369$1253'.
Removing empty process `SRLC16.$proc$/usr/bin/../share/yosys/xilinx/cells_sim.v:2329$1247'.
Removing empty process `SRLC16.$proc$/usr/bin/../share/yosys/xilinx/cells_sim.v:2332$1246'.
Removing empty process `SRL16E.$proc$/usr/bin/../share/yosys/xilinx/cells_sim.v:2292$1244'.
Found and cleaned up 1 empty switch in `\SRL16E.$proc$/usr/bin/../share/yosys/xilinx/cells_sim.v:2299$1243'.
Removing empty process `SRL16E.$proc$/usr/bin/../share/yosys/xilinx/cells_sim.v:2299$1243'.
Removing empty process `SRL16.$proc$/usr/bin/../share/yosys/xilinx/cells_sim.v:2264$1237'.
Removing empty process `SRL16.$proc$/usr/bin/../share/yosys/xilinx/cells_sim.v:2266$1236'.
Removing empty process `RAM64M.$proc$/usr/bin/../share/yosys/xilinx/cells_sim.v:1980$1210'.
Removing empty process `RAM64M.$proc$/usr/bin/../share/yosys/xilinx/cells_sim.v:1979$1209'.
Removing empty process `RAM64M.$proc$/usr/bin/../share/yosys/xilinx/cells_sim.v:1978$1208'.
Removing empty process `RAM64M.$proc$/usr/bin/../share/yosys/xilinx/cells_sim.v:1977$1207'.
Found and cleaned up 1 empty switch in `\RAM64M.$proc$/usr/bin/../share/yosys/xilinx/cells_sim.v:1986$1132'.
Removing empty process `RAM64M.$proc$/usr/bin/../share/yosys/xilinx/cells_sim.v:1986$1132'.
Removing empty process `RAM32M.$proc$/usr/bin/../share/yosys/xilinx/cells_sim.v:1806$1110'.
Removing empty process `RAM32M.$proc$/usr/bin/../share/yosys/xilinx/cells_sim.v:1805$1109'.
Removing empty process `RAM32M.$proc$/usr/bin/../share/yosys/xilinx/cells_sim.v:1804$1108'.
Removing empty process `RAM32M.$proc$/usr/bin/../share/yosys/xilinx/cells_sim.v:1803$1107'.
Found and cleaned up 1 empty switch in `\RAM32M.$proc$/usr/bin/../share/yosys/xilinx/cells_sim.v:1812$1012'.
Removing empty process `RAM32M.$proc$/usr/bin/../share/yosys/xilinx/cells_sim.v:1812$1012'.
Removing empty process `RAM128X1D.$proc$/usr/bin/../share/yosys/xilinx/cells_sim.v:1712$989'.
Found and cleaned up 1 empty switch in `\RAM128X1D.$proc$/usr/bin/../share/yosys/xilinx/cells_sim.v:1716$959'.
Removing empty process `RAM128X1D.$proc$/usr/bin/../share/yosys/xilinx/cells_sim.v:1716$959'.
Removing empty process `RAM64X1D.$proc$/usr/bin/../share/yosys/xilinx/cells_sim.v:1607$952'.
Found and cleaned up 1 empty switch in `\RAM64X1D.$proc$/usr/bin/../share/yosys/xilinx/cells_sim.v:1611$922'.
Removing empty process `RAM64X1D.$proc$/usr/bin/../share/yosys/xilinx/cells_sim.v:1611$922'.
Removing empty process `RAM32X1D_1.$proc$/usr/bin/../share/yosys/xilinx/cells_sim.v:1561$916'.
Found and cleaned up 1 empty switch in `\RAM32X1D_1.$proc$/usr/bin/../share/yosys/xilinx/cells_sim.v:1565$904'.
Removing empty process `RAM32X1D_1.$proc$/usr/bin/../share/yosys/xilinx/cells_sim.v:1565$904'.
Removing empty process `RAM32X1D.$proc$/usr/bin/../share/yosys/xilinx/cells_sim.v:1502$898'.
Found and cleaned up 1 empty switch in `\RAM32X1D.$proc$/usr/bin/../share/yosys/xilinx/cells_sim.v:1506$874'.
Removing empty process `RAM32X1D.$proc$/usr/bin/../share/yosys/xilinx/cells_sim.v:1506$874'.
Removing empty process `FDPE_1.$proc$/usr/bin/../share/yosys/xilinx/cells_sim.v:0$826'.
Found and cleaned up 1 empty switch in `\FDPE_1.$proc$/usr/bin/../share/yosys/xilinx/cells_sim.v:815$823'.
Removing empty process `FDPE_1.$proc$/usr/bin/../share/yosys/xilinx/cells_sim.v:815$823'.
Removing empty process `FDPE.$proc$/usr/bin/../share/yosys/xilinx/cells_sim.v:0$822'.
Found and cleaned up 1 empty switch in `\FDPE.$proc$/usr/bin/../share/yosys/xilinx/cells_sim.v:774$820'.
Removing empty process `FDPE.$proc$/usr/bin/../share/yosys/xilinx/cells_sim.v:774$820'.
Removing empty process `FDCE_1.$proc$/usr/bin/../share/yosys/xilinx/cells_sim.v:0$808'.
Found and cleaned up 1 empty switch in `\FDCE_1.$proc$/usr/bin/../share/yosys/xilinx/cells_sim.v:736$805'.
Removing empty process `FDCE_1.$proc$/usr/bin/../share/yosys/xilinx/cells_sim.v:736$805'.
Removing empty process `FDCE.$proc$/usr/bin/../share/yosys/xilinx/cells_sim.v:0$804'.
Found and cleaned up 1 empty switch in `\FDCE.$proc$/usr/bin/../share/yosys/xilinx/cells_sim.v:695$802'.
Removing empty process `FDCE.$proc$/usr/bin/../share/yosys/xilinx/cells_sim.v:695$802'.
Removing empty process `FDSE_1.$proc$/usr/bin/../share/yosys/xilinx/cells_sim.v:0$790'.
Found and cleaned up 2 empty switches in `\FDSE_1.$proc$/usr/bin/../share/yosys/xilinx/cells_sim.v:592$787'.
Removing empty process `FDSE_1.$proc$/usr/bin/../share/yosys/xilinx/cells_sim.v:592$787'.
Removing empty process `FDSE.$proc$/usr/bin/../share/yosys/xilinx/cells_sim.v:0$786'.
Found and cleaned up 2 empty switches in `\FDSE.$proc$/usr/bin/../share/yosys/xilinx/cells_sim.v:559$783'.
Removing empty process `FDSE.$proc$/usr/bin/../share/yosys/xilinx/cells_sim.v:559$783'.
Removing empty process `FDRE_1.$proc$/usr/bin/../share/yosys/xilinx/cells_sim.v:0$768'.
Found and cleaned up 2 empty switches in `\FDRE_1.$proc$/usr/bin/../share/yosys/xilinx/cells_sim.v:527$765'.
Removing empty process `FDRE_1.$proc$/usr/bin/../share/yosys/xilinx/cells_sim.v:527$765'.
Removing empty process `FDRE.$proc$/usr/bin/../share/yosys/xilinx/cells_sim.v:0$764'.
Found and cleaned up 2 empty switches in `\FDRE.$proc$/usr/bin/../share/yosys/xilinx/cells_sim.v:494$761'.
Removing empty process `FDRE.$proc$/usr/bin/../share/yosys/xilinx/cells_sim.v:494$761'.
Found and cleaned up 1 empty switch in `\core_single.$flatten\u_alu.$proc$rtl/core/alu.sv:0$4'.
Removing empty process `core_single.$flatten\u_alu.$proc$rtl/core/alu.sv:0$4'.
Found and cleaned up 1 empty switch in `\core_single.$flatten\u_imm.$proc$rtl/core/imm_gen.sv:0$39'.
Removing empty process `core_single.$flatten\u_imm.$proc$rtl/core/imm_gen.sv:0$39'.
Found and cleaned up 1 empty switch in `\core_single.$flatten\u_rf.$proc$rtl/core/regfile.sv:32$190'.
Removing empty process `core_single.$flatten\u_rf.$proc$rtl/core/regfile.sv:32$190'.
Found and cleaned up 4 empty switches in `\core_single.$flatten\u_rf.$proc$rtl/core/regfile.sv:0$209'.
Removing empty process `core_single.$flatten\u_rf.$proc$rtl/core/regfile.sv:0$209'.
Found and cleaned up 24 empty switches in `\core_single.$flatten\u_dec.$proc$rtl/core/decoder.sv:0$40'.
Removing empty process `core_single.$flatten\u_dec.$proc$rtl/core/decoder.sv:0$40'.
Found and cleaned up 2 empty switches in `\core_single.$proc$rtl/core/core_single.sv:193$186'.
Removing empty process `core_single.$proc$rtl/core/core_single.sv:193$186'.
Found and cleaned up 3 empty switches in `\core_single.$proc$rtl/core/core_single.sv:0$184'.
Removing empty process `core_single.$proc$rtl/core/core_single.sv:0$184'.
Found and cleaned up 1 empty switch in `\core_single.$proc$rtl/core/core_single.sv:0$178'.
Removing empty process `core_single.$proc$rtl/core/core_single.sv:0$178'.
Found and cleaned up 1 empty switch in `\core_single.$proc$rtl/core/core_single.sv:0$164'.
Removing empty process `core_single.$proc$rtl/core/core_single.sv:0$164'.
Found and cleaned up 1 empty switch in `\core_single.$proc$rtl/core/core_single.sv:0$162'.
Removing empty process `core_single.$proc$rtl/core/core_single.sv:0$162'.
Cleaned up 60 empty switches.

15.4.12. Executing OPT_EXPR pass (perform const folding).
Optimizing module core_single.
Couldn't topologically sort cells, optimizing module core_single may take a longer time.
<suppressed ~46 debug messages>

15.5. Executing TRIBUF pass.

15.6. Executing DEMINOUT pass (demote inout ports to input or output).

15.7. Executing OPT_EXPR pass (perform const folding).
Optimizing module core_single.

15.8. Executing OPT_CLEAN pass (remove unused cells and wires).
Finding unused cells or wires in module \core_single..
Removed 11 unused cells and 235 unused wires.
<suppressed ~12 debug messages>

15.9. Executing CHECK pass (checking for obvious problems).
Checking module core_single...
Found and reported 0 problems.

15.10. Executing OPT pass (performing simple optimizations).

15.10.1. Executing OPT_EXPR pass (perform const folding).
Optimizing module core_single.

15.10.2. Executing OPT_MERGE pass (detect identical cells).
Finding identical cells in module `\core_single'.
<suppressed ~489 debug messages>
Removed a total of 163 cells.

15.10.3. Executing OPT_MUXTREE pass (detect dead branches in mux trees).
Running muxtree optimizer on module \core_single..
  Creating internal representation of mux trees.
  Evaluating internal representation of mux trees.
  Analyzing evaluation results.
    dead port 1/2 on $mux $procmux$1689.
    dead port 1/2 on $mux $procmux$1692.
    dead port 2/2 on $mux $procmux$1694.
    dead port 2/2 on $mux $procmux$1696.
    dead port 1/2 on $mux $procmux$1712.
    dead port 2/2 on $mux $procmux$1714.
    dead port 2/2 on $mux $procmux$1716.
    dead port 1/2 on $mux $procmux$1732.
    dead port 2/2 on $mux $procmux$1734.
    dead port 2/2 on $mux $procmux$1736.
    dead port 2/2 on $mux $procmux$1751.
    dead port 2/2 on $mux $procmux$1753.
    dead port 2/2 on $mux $procmux$1768.
    dead port 2/2 on $mux $procmux$1770.
    dead port 2/2 on $mux $procmux$1784.
    dead port 2/2 on $mux $procmux$1798.
    dead port 1/2 on $mux $procmux$1808.
    dead port 2/2 on $mux $procmux$1810.
    dead port 2/2 on $mux $procmux$1812.
    dead port 1/2 on $mux $procmux$1822.
    dead port 2/2 on $mux $procmux$1824.
    dead port 2/2 on $mux $procmux$1826.
    dead port 2/2 on $mux $procmux$1835.
    dead port 2/2 on $mux $procmux$1837.
    dead port 2/2 on $mux $procmux$1846.
    dead port 2/2 on $mux $procmux$1848.
    dead port 2/2 on $mux $procmux$1858.
    dead port 2/2 on $mux $procmux$1860.
    dead port 1/2 on $mux $procmux$1453.
    dead port 2/2 on $mux $procmux$1875.
    dead port 1/2 on $mux $procmux$1462.
    dead port 2/2 on $mux $procmux$1890.
    dead port 2/2 on $mux $procmux$1486.
    dead port 2/2 on $mux $procmux$1900.
    dead port 2/2 on $mux $procmux$1909.
    dead port 2/2 on $mux $procmux$1919.
    dead port 2/2 on $mux $procmux$1491.
    dead port 2/2 on $mux $procmux$1929.
    dead port 2/2 on $mux $procmux$1939.
    dead port 2/2 on $mux $procmux$1949.
    dead port 2/2 on $mux $procmux$1959.
    dead port 2/2 on $mux $procmux$1497.
    dead port 2/2 on $mux $procmux$1970.
    dead port 2/2 on $mux $procmux$1981.
    dead port 2/2 on $mux $procmux$1992.
    dead port 2/2 on $mux $procmux$1503.
    dead port 2/2 on $mux $procmux$2003.
    dead port 2/2 on $mux $procmux$1510.
    dead port 2/2 on $mux $procmux$1517.
    dead port 2/2 on $mux $procmux$2020.
    dead port 2/2 on $mux $procmux$1525.
    dead port 2/2 on $mux $procmux$1527.
    dead port 2/2 on $mux $procmux$2037.
    dead port 2/2 on $mux $procmux$1536.
    dead port 2/2 on $mux $procmux$2049.
    dead port 2/2 on $mux $procmux$2062.
    dead port 2/2 on $mux $procmux$2075.
    dead port 2/2 on $mux $procmux$1538.
    dead port 2/2 on $mux $procmux$2088.
    dead port 2/2 on $mux $procmux$2101.
    dead port 2/2 on $mux $procmux$2114.
    dead port 1/2 on $mux $procmux$1549.
    dead port 2/2 on $mux $procmux$1551.
    dead port 2/2 on $mux $procmux$1553.
    dead port 1/2 on $mux $procmux$1564.
    dead port 2/2 on $mux $procmux$1566.
    dead port 2/2 on $mux $procmux$1568.
    dead port 2/2 on $mux $procmux$1578.
    dead port 2/2 on $mux $procmux$1580.
    dead port 2/2 on $mux $procmux$1590.
    dead port 2/2 on $mux $procmux$1592.
    dead port 2/2 on $mux $procmux$1603.
    dead port 2/2 on $mux $procmux$1605.
    dead port 2/2 on $mux $procmux$1617.
    dead port 2/2 on $mux $procmux$1619.
    dead port 2/2 on $mux $procmux$1632.
    dead port 2/2 on $mux $procmux$1634.
    dead port 2/2 on $mux $procmux$1648.
    dead port 2/2 on $mux $procmux$1650.
    dead port 1/2 on $mux $procmux$1666.
    dead port 1/2 on $mux $procmux$1669.
    dead port 2/2 on $mux $procmux$1671.
    dead port 1/2 on $mux $procmux$2236.
    dead port 1/2 on $mux $procmux$2239.
    dead port 1/2 on $mux $procmux$2245.
    dead port 2/2 on $mux $procmux$1673.
Removed 86 multiplexer ports.
<suppressed ~25 debug messages>

15.10.4. Executing OPT_REDUCE pass (consolidate $*mux and $reduce_* inputs).
  Optimizing cells in module \core_single.
    New ctrl vector for $pmux cell $procmux$1881: { $auto$opt_reduce.cc:137:opt_pmux$2344 $procmux$1649_CMP $procmux$1552_CMP }
    New ctrl vector for $pmux cell $procmux$2030: $auto$opt_reduce.cc:137:opt_pmux$2346
    New ctrl vector for $pmux cell $procmux$2121: { $auto$opt_reduce.cc:137:opt_pmux$2348 $procmux$2126_CMP $procmux$2021_CMP $procmux$1901_CMP }
    New ctrl vector for $pmux cell $procmux$2132: { $procmux$1813_CMP $procmux$1528_CMP }
    New ctrl vector for $pmux cell $procmux$2141: { $procmux$1950_CMP $procmux$1901_CMP $auto$opt_reduce.cc:137:opt_pmux$2350 }
    New ctrl vector for $pmux cell $procmux$2161: { $procmux$2050_CMP $procmux$1950_CMP $auto$opt_reduce.cc:137:opt_pmux$2352 $procmux$1487_CMP }
    New ctrl vector for $pmux cell $procmux$2171: { $auto$opt_reduce.cc:137:opt_pmux$2354 $procmux$2050_CMP $procmux$2021_CMP $procmux$1950_CMP $procmux$1901_CMP $procmux$1813_CMP $procmux$1528_CMP $procmux$1511_CMP $procmux$1487_CMP }
    New ctrl vector for $pmux cell $procmux$2219: { $procmux$2126_CMP $procmux$2050_CMP $procmux$1950_CMP }
    Consolidated identical input bits for $mux cell $procmux$1441:
      Old ports: A=0, B=32'11111111111111111111111111111111, Y=$flatten\u_rf.$0$memwr$\regs$rtl/core/regfile.sv:34$189_EN[31:0]$193
      New ports: A=1'0, B=1'1, Y=$flatten\u_rf.$0$memwr$\regs$rtl/core/regfile.sv:34$189_EN[31:0]$193 [0]
      New connections: $flatten\u_rf.$0$memwr$\regs$rtl/core/regfile.sv:34$189_EN[31:0]$193 [31:1] = { $flatten\u_rf.$0$memwr$\regs$rtl/core/regfile.sv:34$189_EN[31:0]$193 [0] $flatten\u_rf.$0$memwr$\regs$rtl/core/regfile.sv:34$189_EN[31:0]$193 [0] $flatten\u_rf.$0$memwr$\regs$rtl/core/regfile.sv:34$189_EN[31:0]$193 [0] $flatten\u_rf.$0$memwr$\regs$rtl/core/regfile.sv:34$189_EN[31:0]$193 [0] $flatten\u_rf.$0$memwr$\regs$rtl/core/regfile.sv:34$189_EN[31:0]$193 [0] $flatten\u_rf.$0$memwr$\regs$rtl/core/regfile.sv:34$189_EN[31:0]$193 [0] $flatten\u_rf.$0$memwr$\regs$rtl/core/regfile.sv:34$189_EN[31:0]$193 [0] $flatten\u_rf.$0$memwr$\regs$rtl/core/regfile.sv:34$189_EN[31:0]$193 [0] $flatten\u_rf.$0$memwr$\regs$rtl/core/regfile.sv:34$189_EN[31:0]$193 [0] $flatten\u_rf.$0$memwr$\regs$rtl/core/regfile.sv:34$189_EN[31:0]$193 [0] $flatten\u_rf.$0$memwr$\regs$rtl/core/regfile.sv:34$189_EN[31:0]$193 [0] $flatten\u_rf.$0$memwr$\regs$rtl/core/regfile.sv:34$189_EN[31:0]$193 [0] $flatten\u_rf.$0$memwr$\regs$rtl/core/regfile.sv:34$189_EN[31:0]$193 [0] $flatten\u_rf.$0$memwr$\regs$rtl/core/regfile.sv:34$189_EN[31:0]$193 [0] $flatten\u_rf.$0$memwr$\regs$rtl/core/regfile.sv:34$189_EN[31:0]$193 [0] $flatten\u_rf.$0$memwr$\regs$rtl/core/regfile.sv:34$189_EN[31:0]$193 [0] $flatten\u_rf.$0$memwr$\regs$rtl/core/regfile.sv:34$189_EN[31:0]$193 [0] $flatten\u_rf.$0$memwr$\regs$rtl/core/regfile.sv:34$189_EN[31:0]$193 [0] $flatten\u_rf.$0$memwr$\regs$rtl/core/regfile.sv:34$189_EN[31:0]$193 [0] $flatten\u_rf.$0$memwr$\regs$rtl/core/regfile.sv:34$189_EN[31:0]$193 [0] $flatten\u_rf.$0$memwr$\regs$rtl/core/regfile.sv:34$189_EN[31:0]$193 [0] $flatten\u_rf.$0$memwr$\regs$rtl/core/regfile.sv:34$189_EN[31:0]$193 [0] $flatten\u_rf.$0$memwr$\regs$rtl/core/regfile.sv:34$189_EN[31:0]$193 [0] $flatten\u_rf.$0$memwr$\regs$rtl/core/regfile.sv:34$189_EN[31:0]$193 [0] $flatten\u_rf.$0$memwr$\regs$rtl/core/regfile.sv:34$189_EN[31:0]$193 [0] $flatten\u_rf.$0$memwr$\regs$rtl/core/regfile.sv:34$189_EN[31:0]$193 [0] $flatten\u_rf.$0$memwr$\regs$rtl/core/regfile.sv:34$189_EN[31:0]$193 [0] $flatten\u_rf.$0$memwr$\regs$rtl/core/regfile.sv:34$189_EN[31:0]$193 [0] $flatten\u_rf.$0$memwr$\regs$rtl/core/regfile.sv:34$189_EN[31:0]$193 [0] $flatten\u_rf.$0$memwr$\regs$rtl/core/regfile.sv:34$189_EN[31:0]$193 [0] $flatten\u_rf.$0$memwr$\regs$rtl/core/regfile.sv:34$189_EN[31:0]$193 [0] }
  Optimizing cells in module \core_single.
Performed a total of 9 changes.

15.10.5. Executing OPT_MERGE pass (detect identical cells).
Finding identical cells in module `\core_single'.
<suppressed ~54 debug messages>
Removed a total of 18 cells.

15.10.6. Executing OPT_DFF pass (perform DFF optimizations).

15.10.7. Executing OPT_CLEAN pass (remove unused cells and wires).
Finding unused cells or wires in module \core_single..
Removed 0 unused cells and 267 unused wires.
<suppressed ~1 debug messages>

15.10.8. Executing OPT_EXPR pass (perform const folding).
Optimizing module core_single.

15.10.9. Rerunning OPT passes. (Maybe there is more to do..)

15.10.10. Executing OPT_MUXTREE pass (detect dead branches in mux trees).
Running muxtree optimizer on module \core_single..
  Creating internal representation of mux trees.
  Evaluating internal representation of mux trees.
  Analyzing evaluation results.
Removed 0 multiplexer ports.
<suppressed ~30 debug messages>

15.10.11. Executing OPT_REDUCE pass (consolidate $*mux and $reduce_* inputs).
  Optimizing cells in module \core_single.
    New ctrl vector for $pmux cell $procmux$1775: { $flatten\u_dec.$eq$rtl/core/decoder.sv:168$59_Y $procmux$1552_CMP $auto$opt_reduce.cc:137:opt_pmux$2356 }
    New ctrl vector for $pmux cell $procmux$2141: { $auto$opt_reduce.cc:137:opt_pmux$2358 $auto$opt_reduce.cc:137:opt_pmux$2350 }
    New ctrl vector for $pmux cell $procmux$2161: { $procmux$1950_CMP $auto$opt_reduce.cc:137:opt_pmux$2352 $auto$opt_reduce.cc:137:opt_pmux$2360 }
    New ctrl vector for $pmux cell $procmux$2171: { $auto$opt_reduce.cc:137:opt_pmux$2354 $procmux$2021_CMP $auto$opt_reduce.cc:137:opt_pmux$2364 $procmux$1813_CMP $procmux$1528_CMP $procmux$1511_CMP $auto$opt_reduce.cc:137:opt_pmux$2362 }
  Optimizing cells in module \core_single.
Performed a total of 4 changes.

15.10.12. Executing OPT_MERGE pass (detect identical cells).
Finding identical cells in module `\core_single'.
<suppressed ~6 debug messages>
Removed a total of 2 cells.

15.10.13. Executing OPT_DFF pass (perform DFF optimizations).

15.10.14. Executing OPT_CLEAN pass (remove unused cells and wires).
Finding unused cells or wires in module \core_single..
Removed 0 unused cells and 2 unused wires.
<suppressed ~1 debug messages>

15.10.15. Executing OPT_EXPR pass (perform const folding).
Optimizing module core_single.

15.10.16. Rerunning OPT passes. (Maybe there is more to do..)

15.10.17. Executing OPT_MUXTREE pass (detect dead branches in mux trees).
Running muxtree optimizer on module \core_single..
  Creating internal representation of mux trees.
  Evaluating internal representation of mux trees.
  Analyzing evaluation results.
Removed 0 multiplexer ports.
<suppressed ~30 debug messages>

15.10.18. Executing OPT_REDUCE pass (consolidate $*mux and $reduce_* inputs).
  Optimizing cells in module \core_single.
Performed a total of 0 changes.

15.10.19. Executing OPT_MERGE pass (detect identical cells).
Finding identical cells in module `\core_single'.
Removed a total of 0 cells.

15.10.20. Executing OPT_DFF pass (perform DFF optimizations).

15.10.21. Executing OPT_CLEAN pass (remove unused cells and wires).
Finding unused cells or wires in module \core_single..

15.10.22. Executing OPT_EXPR pass (perform const folding).
Optimizing module core_single.

15.10.23. Finished OPT passes. (There is nothing left to do.)

15.11. Executing FSM pass (extract and optimize FSM).

15.11.1. Executing FSM_DETECT pass (finding FSMs in design).

15.11.2. Executing FSM_EXTRACT pass (extracting FSM from design).

15.11.3. Executing FSM_OPT pass (simple optimizations of FSMs).

15.11.4. Executing OPT_CLEAN pass (remove unused cells and wires).
Finding unused cells or wires in module \core_single..

15.11.5. Executing FSM_OPT pass (simple optimizations of FSMs).

15.11.6. Executing FSM_RECODE pass (re-assigning FSM state encoding).

15.11.7. Executing FSM_INFO pass (dumping all available information on FSM cells).

15.11.8. Executing FSM_MAP pass (mapping FSMs to basic logic).

15.12. Executing OPT pass (performing simple optimizations).

15.12.1. Executing OPT_EXPR pass (perform const folding).
Optimizing module core_single.

15.12.2. Executing OPT_MERGE pass (detect identical cells).
Finding identical cells in module `\core_single'.
Removed a total of 0 cells.

15.12.3. Executing OPT_MUXTREE pass (detect dead branches in mux trees).
Running muxtree optimizer on module \core_single..
  Creating internal representation of mux trees.
  Evaluating internal representation of mux trees.
  Analyzing evaluation results.
Removed 0 multiplexer ports.
<suppressed ~30 debug messages>

15.12.4. Executing OPT_REDUCE pass (consolidate $*mux and $reduce_* inputs).
  Optimizing cells in module \core_single.
Performed a total of 0 changes.

15.12.5. Executing OPT_MERGE pass (detect identical cells).
Finding identical cells in module `\core_single'.
Removed a total of 0 cells.

15.12.6. Executing OPT_DFF pass (perform DFF optimizations).
Adding EN signal on $procdff$2341 ($adff) from module core_single (D = $0\in_handler[0:0], Q = \in_handler).
Adding EN signal on $procdff$2336 ($adff) from module core_single (D = \pc, Q = \epc).

15.12.7. Executing OPT_CLEAN pass (remove unused cells and wires).
Finding unused cells or wires in module \core_single..
Removed 1 unused cells and 1 unused wires.
<suppressed ~2 debug messages>

15.12.8. Executing OPT_EXPR pass (perform const folding).
Optimizing module core_single.
<suppressed ~1 debug messages>

15.12.9. Rerunning OPT passes. (Maybe there is more to do..)

15.12.10. Executing OPT_MUXTREE pass (detect dead branches in mux trees).
Running muxtree optimizer on module \core_single..
  Creating internal representation of mux trees.
  Evaluating internal representation of mux trees.
  Analyzing evaluation results.
Removed 0 multiplexer ports.
<suppressed ~29 debug messages>

15.12.11. Executing OPT_REDUCE pass (consolidate $*mux and $reduce_* inputs).
  Optimizing cells in module \core_single.
Performed a total of 0 changes.

15.12.12. Executing OPT_MERGE pass (detect identical cells).
Finding identical cells in module `\core_single'.
Removed a total of 0 cells.

15.12.13. Executing OPT_DFF pass (perform DFF optimizations).

15.12.14. Executing OPT_CLEAN pass (remove unused cells and wires).
Finding unused cells or wires in module \core_single..

15.12.15. Executing OPT_EXPR pass (perform const folding).
Optimizing module core_single.

15.12.16. Finished OPT passes. (There is nothing left to do.)

15.13. Executing WREDUCE pass (reducing word size of cells).
Removed top 2 bits (of 32) from port B of cell core_single.$flatten\u_dec.$eq$rtl/core/decoder.sv:161$58 ($eq).
Removed top 1 bits (of 3) from port B of cell core_single.$flatten\u_dec.$eq$rtl/core/decoder.sv:105$43 ($eq).
Removed top 1 bits (of 7) from port B of cell core_single.$flatten\u_dec.$eq$rtl/core/decoder.sv:131$46 ($eq).
Removed top 6 bits (of 7) from port B of cell core_single.$flatten\u_dec.$eq$rtl/core/decoder.sv:143$49 ($eq).
Removed top 1 bits (of 2) from port B of cell core_single.$eq$rtl/core/core_single.sv:161$175 ($eq).
Removed top 29 bits (of 32) from port B of cell core_single.$add$rtl/core/core_single.sv:174$179 ($add).
Removed top 1 bits (of 4) from port B of cell core_single.$procmux$1425_CMP0 ($eq).
Removed top 1 bits (of 4) from port B of cell core_single.$procmux$1426_CMP0 ($eq).
Removed top 1 bits (of 4) from port B of cell core_single.$procmux$1427_CMP0 ($eq).
Removed top 1 bits (of 4) from port B of cell core_single.$procmux$1428_CMP0 ($eq).
Removed top 2 bits (of 4) from port B of cell core_single.$procmux$1429_CMP0 ($eq).
Removed top 2 bits (of 4) from port B of cell core_single.$procmux$1430_CMP0 ($eq).
Removed top 3 bits (of 4) from port B of cell core_single.$procmux$1431_CMP0 ($eq).
Removed top 1 bits (of 3) from port B of cell core_single.$procmux$1436_CMP0 ($eq).
Removed top 1 bits (of 3) from port B of cell core_single.$procmux$1437_CMP0 ($eq).
Removed top 2 bits (of 3) from port B of cell core_single.$procmux$1438_CMP0 ($eq).
Removed top 3 bits (of 7) from port B of cell core_single.$procmux$1487_CMP0 ($eq).
Removed top 1 bits (of 7) from port B of cell core_single.$procmux$1528_CMP0 ($eq).
Removed top 1 bits (of 3) from port B of cell core_single.$procmux$1618_CMP0 ($eq).
Removed top 2 bits (of 3) from port B of cell core_single.$procmux$1649_CMP0 ($eq).
Removed top 1 bits (of 4) from mux cell core_single.$procmux$1805 ($mux).
Removed top 2 bits (of 7) from port B of cell core_single.$procmux$1813_CMP0 ($eq).
Removed top 1 bits (of 4) from mux cell core_single.$procmux$1833 ($mux).
Removed top 2 bits (of 3) from mux cell core_single.$procmux$1898 ($mux).
Removed top 1 bits (of 7) from port B of cell core_single.$procmux$1901_CMP0 ($eq).
Removed top 5 bits (of 7) from port B of cell core_single.$procmux$1950_CMP0 ($eq).
Removed top 1 bits (of 2) from mux cell core_single.$procmux$1979 ($mux).
Removed top 2 bits (of 7) from port B of cell core_single.$procmux$2127_CMP0 ($eq).
Removed top 1 bits (of 7) from port B of cell core_single.$procmux$2128_CMP0 ($eq).
Removed top 1 bits (of 3) from port B of cell core_single.$procmux$2260_CMP0 ($eq).
Removed top 1 bits (of 3) from port B of cell core_single.$procmux$2261_CMP0 ($eq).
Removed top 2 bits (of 3) from port B of cell core_single.$procmux$2262_CMP0 ($eq).
Removed top 1 bits (of 2) from port B of cell core_single.$procmux$2266_CMP0 ($eq).
Removed top 1 bits (of 4) from wire core_single.$flatten\u_dec.$11\alu_op[3:0].
Removed top 1 bits (of 4) from wire core_single.$flatten\u_dec.$12\alu_op[3:0].
Removed top 1 bits (of 2) from wire core_single.$flatten\u_dec.$3\wb_sel[1:0].
Removed top 2 bits (of 3) from wire core_single.$flatten\u_dec.$4\imm_type[2:0].

15.14. Executing PEEPOPT pass (run peephole optimizers).

15.15. Executing OPT_CLEAN pass (remove unused cells and wires).
Finding unused cells or wires in module \core_single..
Removed 0 unused cells and 4 unused wires.
<suppressed ~1 debug messages>

15.16. Executing PMUX2SHIFTX pass.
Inspecting $pmux cell core_single/$procmux$1421.
  data width: 32 (next power-of-2 = 32, log2 = 5)
  checking ctrl signal \u_alu.op
    best permutation: \u_alu.op
    best xor mask: 4'0000
      0: 4'1010 -> 4'1010 -> 4'1010: $flatten\u_alu.$mul$rtl/core/alu.sv:32$13_Y
      1: 4'1001 -> 4'1001 -> 4'1001: $flatten\u_alu.$and$rtl/core/alu.sv:31$12_Y
      2: 4'1000 -> 4'1000 -> 4'1000: $flatten\u_alu.$or$rtl/core/alu.sv:30$11_Y
      3: 4'0111 -> 4'0111 -> 4'0111: $flatten\u_alu.$sshr$rtl/core/alu.sv:29$10_Y
      4: 4'0110 -> 4'0110 -> 4'0110: $flatten\u_alu.$shr$rtl/core/alu.sv:28$9_Y
      5: 4'0101 -> 4'0101 -> 4'0101: $flatten\u_alu.$xor$rtl/core/alu.sv:27$8_Y
      6: 4'0100 -> 4'0100 -> 4'0100: { 31'0000000000000000000000000000000 \ltu }
      7: 4'0011 -> 4'0011 -> 4'0011: { 31'0000000000000000000000000000000 \lt }
      8: 4'0010 -> 4'0010 -> 4'0010: $flatten\u_alu.$shl$rtl/core/alu.sv:24$7_Y
      9: 4'0001 -> 4'0001 -> 4'0001: $flatten\u_alu.$sub$rtl/core/alu.sv:23$6_Y
     10: 4'0000 -> 4'0000 -> 4'0000: $flatten\u_alu.$add$rtl/core/alu.sv:22$5_Y
    choices: 11
    min choice: 0
    max choice: 10
    range density: 100%
    absolute density: 100%
    full density: 68%
    update to full case.
    new min choice: 0
    new max choice: 15
    full case: true
    created $shiftx cell $auto$pmux2shiftx.cc:712:execute$2374.
Inspecting $pmux cell core_single/$procmux$1434.
  data width: 32 (next power-of-2 = 32, log2 = 5)
  checking ctrl signal \u_imm.imm_type
    best permutation: \u_imm.imm_type
    best xor mask: 3'000
      0: 3'100 -> 3'100 -> 3'100: { \imem_rdata [31] \imem_rdata [31] \imem_rdata [31] \imem_rdata [31] \imem_rdata [31] \imem_rdata [31] \imem_rdata [31] \imem_rdata [31] \imem_rdata [31] \imem_rdata [31] \imem_rdata [31] \imem_rdata [31] \imem_rdata [19:12] \imem_rdata [20] \imem_rdata [30:21] 1'0 }
      1: 3'011 -> 3'011 -> 3'011: { \imem_rdata [31:12] 12'000000000000 }
      2: 3'010 -> 3'010 -> 3'010: { \imem_rdata [31] \imem_rdata [31] \imem_rdata [31] \imem_rdata [31] \imem_rdata [31] \imem_rdata [31] \imem_rdata [31] \imem_rdata [31] \imem_rdata [31] \imem_rdata [31] \imem_rdata [31] \imem_rdata [31] \imem_rdata [31] \imem_rdata [31] \imem_rdata [31] \imem_rdata [31] \imem_rdata [31] \imem_rdata [31] \imem_rdata [31] \imem_rdata [31] \imem_rdata [7] \imem_rdata [30:25] \imem_rdata [11:8] 1'0 }
      3: 3'001 -> 3'001 -> 3'001: { \imem_rdata [31] \imem_rdata [31] \imem_rdata [31] \imem_rdata [31] \imem_rdata [31] \imem_rdata [31] \imem_rdata [31] \imem_rdata [31] \imem_rdata [31] \imem_rdata [31] \imem_rdata [31] \imem_rdata [31] \imem_rdata [31] \imem_rdata [31] \imem_rdata [31] \imem_rdata [31] \imem_rdata [31] \imem_rdata [31] \imem_rdata [31] \imem_rdata [31] \imem_rdata [31:25] \imem_rdata [11:7] }
      4: 3'000 -> 3'000 -> 3'000: { \imem_rdata [31] \imem_rdata [31] \imem_rdata [31] \imem_rdata [31] \imem_rdata [31] \imem_rdata [31] \imem_rdata [31] \imem_rdata [31] \imem_rdata [31] \imem_rdata [31] \imem_rdata [31] \imem_rdata [31] \imem_rdata [31] \imem_rdata [31] \imem_rdata [31] \imem_rdata [31] \imem_rdata [31] \imem_rdata [31] \imem_rdata [31] \imem_rdata [31] \imem_rdata [31:20] }
    choices: 5
    min choice: 0
    max choice: 4
    range density: 100%
    absolute density: 100%
    full density: 62%
    update to full case.
    new min choice: 0
    new max choice: 7
    full case: true
    created $shiftx cell $auto$pmux2shiftx.cc:712:execute$2376.
Inspecting $pmux cell core_single/$procmux$1789.
  data width: 4 (next power-of-2 = 4, log2 = 2)
  checking ctrl signal \imem_rdata [14:12]
    best permutation: \imem_rdata [14:12]
    best xor mask: 3'000
      0: 3'111 -> 3'111 -> 3'111: 4'1001
      1: 3'110 -> 3'110 -> 3'110: 4'1000
      2: 3'101 -> 3'101 -> 3'101: { 1'0 $auto$wreduce.cc:514:run$2369 [2:0] }
      3: 3'100 -> 3'100 -> 3'100: 4'0101
      4: 3'011 -> 3'011 -> 3'011: 4'0100
      5: 3'010 -> 3'010 -> 3'010: 4'0011
      6: 3'001 -> 3'001 -> 3'001: 4'0010
      7: 3'000 -> 3'000 -> 3'000: $flatten\u_dec.$8\alu_op[3:0]
    choices: 8
    min choice: 0
    max choice: 7
    range density: 100%
    absolute density: 100%
    full density: 100%
    update to full case.
    new min choice: 0
    new max choice: 7
    full case: true
    created $shiftx cell $auto$pmux2shiftx.cc:712:execute$2378.
Inspecting $pmux cell core_single/$procmux$1866.
  data width: 4 (next power-of-2 = 4, log2 = 2)
  checking ctrl signal \imem_rdata [14:12]
    best permutation: \imem_rdata [14:12]
    best xor mask: 3'000
      0: 3'101 -> 3'101 -> 3'101: { 1'0 $auto$wreduce.cc:514:run$2369 [2:0] }
      1: 3'001 -> 3'001 -> 3'001: 4'0010
      2: 3'111 -> 3'111 -> 3'111: 4'1001
      3: 3'110 -> 3'110 -> 3'110: 4'1000
      4: 3'100 -> 3'100 -> 3'100: 4'0101
      5: 3'011 -> 3'011 -> 3'011: 4'0100
      6: 3'010 -> 3'010 -> 3'010: 4'0011
      7: 3'000 -> 3'000 -> 3'000: 4'0000
    choices: 8
    min choice: 0
    max choice: 7
    range density: 100%
    absolute density: 100%
    full density: 100%
    update to full case.
    new min choice: 0
    new max choice: 7
    full case: true
    created $shiftx cell $auto$pmux2shiftx.cc:712:execute$2380.
Inspecting $pmux cell core_single/$procmux$2013.
  data width: 3 (next power-of-2 = 4, log2 = 2)
  checking ctrl signal \imem_rdata [14:12]
    best permutation: \imem_rdata [14:12]
    best xor mask: 3'000
      0: 3'111 -> 3'111 -> 3'111: 3'110
      1: 3'110 -> 3'110 -> 3'110: 3'101
      2: 3'101 -> 3'101 -> 3'101: 3'100
      3: 3'100 -> 3'100 -> 3'100: 3'011
      4: 3'001 -> 3'001 -> 3'001: 3'010
      5: 3'000 -> 3'000 -> 3'000: 3'001
    choices: 6
    min choice: 0
    max choice: 7
    range density: 75%
    absolute density: 75%
    full density: 75%
    update to full case.
    new min choice: 0
    new max choice: 7
    full case: true
    created $shiftx cell $auto$pmux2shiftx.cc:712:execute$2382.
Inspecting $pmux cell core_single/$procmux$2121.
  data width: 3 (next power-of-2 = 4, log2 = 2)
  checking ctrl signal \imem_rdata [6:0]
    best permutation: { \imem_rdata [5:4] \imem_rdata [1:0] \imem_rdata [6] \imem_rdata [3:2] }
    best xor mask: 7'1011000
      0: 7'0100011 -> 7'1011000 -> 7'0000000: { 2'00 $auto$wreduce.cc:514:run$2372 [0] }
      1: 7'1100011 -> 7'1011100 -> 7'0000100: 3'010
      2: 7'1101111 -> 7'1011111 -> 7'0000111: 3'100
    choices: 3
    min choice: 0
    max choice: 7
    range density: 37%
    absolute density: 37%
    full case: false
    insufficient density.
Inspecting $pmux cell core_single/$procmux$2171.
  data width: 1 (next power-of-2 = 1, log2 = 0)
  checking ctrl signal \imem_rdata [6:0]
    best permutation: { \imem_rdata [3:0] \imem_rdata [6:4] }
    best xor mask: 7'0011000
      1: 7'1110011 -> 7'0011111 -> 7'0000111: $flatten\u_dec.$22\illegal[0:0]
      2: 7'0110011 -> 7'0011011 -> 7'0000011: $flatten\u_dec.$10\illegal[0:0]
      3: 7'0010011 -> 7'0011001 -> 7'0000001: $flatten\u_dec.$6\illegal[0:0]
      5: 7'1100011 -> 7'0011110 -> 7'0000110: $flatten\u_dec.$3\illegal[0:0]
    choices: 4
    min choice: 1
    max choice: 7
    range density: 57%
    absolute density: 50%
    full case: false
    created $shiftx cell $auto$pmux2shiftx.cc:712:execute$2388.
Inspecting $pmux cell core_single/$procmux$2207.
  data width: 3 (next power-of-2 = 4, log2 = 2)
  checking ctrl signal \imem_rdata [6:0]
    best permutation: { \imem_rdata [6:4] \imem_rdata [1:0] \imem_rdata [3:2] }
    best xor mask: 7'1101100
      0: 7'1100011 -> 7'1101100 -> 7'0000000: $flatten\u_dec.$3\br_type[2:0]
      1: 7'1100111 -> 7'1101101 -> 7'0000001: $flatten\u_dec.$2\br_type[2:0]
      2: 7'1101111 -> 7'1101111 -> 7'0000011: 3'111
    choices: 3
    min choice: 0
    max choice: 3
    range density: 75%
    absolute density: 75%
    full density: 2%
    full case: false
    created $shiftx cell $auto$pmux2shiftx.cc:712:execute$2394.
Inspecting $pmux cell core_single/$procmux$2219.
  data width: 2 (next power-of-2 = 2, log2 = 1)
  checking ctrl signal \imem_rdata [6:0]
    best permutation: { \imem_rdata [4] \imem_rdata [1:0] \imem_rdata [6:5] \imem_rdata [3:2] }
    best xor mask: 7'0110000
      0: 7'0000011 -> 7'0110000 -> 7'0000000: { 1'0 $auto$wreduce.cc:514:run$2371 [0] }
      1: 7'1100111 -> 7'0111101 -> 7'0001101: $flatten\u_dec.$2\wb_sel[1:0]
      2: 7'1101111 -> 7'0111111 -> 7'0001111: 2'10
    choices: 3
    min choice: 0
    max choice: 15
    range density: 18%
    absolute density: 18%
    full density: 2%
    full case: false
    insufficient density.
Inspecting $pmux cell core_single/$procmux$2255.
  data width: 1 (next power-of-2 = 1, log2 = 0)
  checking ctrl signal \br_type
    best permutation: \br_type
    best xor mask: 3'000
      0: 3'111 -> 3'111 -> 3'111: 1'1
      1: 3'110 -> 3'110 -> 3'110: $logic_not$rtl/core/core_single.sv:141$167_Y
      2: 3'101 -> 3'101 -> 3'101: \ltu
      3: 3'100 -> 3'100 -> 3'100: $logic_not$rtl/core/core_single.sv:139$166_Y
      4: 3'011 -> 3'011 -> 3'011: \lt
      5: 3'010 -> 3'010 -> 3'010: $logic_not$rtl/core/core_single.sv:137$165_Y
      6: 3'001 -> 3'001 -> 3'001: \eq
    choices: 7
    min choice: 1
    max choice: 7
    range density: 100%
    absolute density: 87%
    full density: 87%
    update to full case.
    new min choice: 0
    new max choice: 7
    full case: true
    created $shiftx cell $auto$pmux2shiftx.cc:712:execute$2396.
Removed 23 unused cells and 23 unused wires.

15.17. Executing MEMORY_DFF pass (merging $dff cells to $memrd).
Checking read port `\u_rf.regs'[0] in module `\core_single': no output FF found.
Checking read port `\u_rf.regs'[1] in module `\core_single': no output FF found.
Checking read port address `\u_rf.regs'[0] in module `\core_single': no address FF found.
Checking read port address `\u_rf.regs'[1] in module `\core_single': no address FF found.

15.18. Executing TECHMAP pass (map to technology primitives).

15.18.1. Executing Verilog-2005 frontend: /usr/bin/../share/yosys/mul2dsp.v
Parsing Verilog input from `/usr/bin/../share/yosys/mul2dsp.v' to AST representation.
Generating RTLIL representation for module `\_80_mul'.
Generating RTLIL representation for module `\_90_soft_mul'.
Successfully finished Verilog frontend.

15.18.2. Executing Verilog-2005 frontend: /usr/bin/../share/yosys/xilinx/xc7_dsp_map.v
Parsing Verilog input from `/usr/bin/../share/yosys/xilinx/xc7_dsp_map.v' to AST representation.
Generating RTLIL representation for module `\$__MUL25X18'.
Successfully finished Verilog frontend.

15.18.3. Continuing TECHMAP pass.
Using template $paramod$a6723094dea62072dba32ab67b56b3cb58dc0d5a\_80_mul for cells of type $mul.
Using template $paramod$395213c3917c8eeb1e1c3f3ae1e4925be9b6a279\_80_mul for cells of type $mul.
Using template $paramod$f0959df10ae1505b2ef291b098c3c46396c2eac6\_80_mul for cells of type $__mul.
Using template $paramod$0ca0a2beabfb02adcfc3d390a7383e9d741a383c\_80_mul for cells of type $__mul.
Using template $paramod$f972920bca387dff277a14b66740df03199c53c0\_80_mul for cells of type $__mul.
Using template $paramod$b326ef45623603cb0c298ae1eaab5028a2154cf7\_80_mul for cells of type $__mul.
Using template $paramod$cfb4b1dd2da69458d213ec6be14a680b5f99155d\_80_mul for cells of type $__mul.
Using template $paramod$602e0e7361d660412e3c0104fc9be56fc132949a\_80_mul for cells of type $__mul.
Using template $paramod$9aaf69a32d544a8319d193bef0e4e628b501c242\$__MUL25X18 for cells of type $__MUL25X18.
Using template $paramod$730e32f1699b3bb5ffc197cfe581372099362ff3\$__MUL25X18 for cells of type $__MUL25X18.
No more expansions possible.
<suppressed ~654 debug messages>

15.19. Executing OPT_EXPR pass (perform const folding).
Optimizing module core_single.
<suppressed ~3 debug messages>

15.20. Executing WREDUCE pass (reducing word size of cells).
Removed top 17 bits (of 32) from port Y of cell core_single.$techmap$flatten\u_alu.$mul$rtl/core/alu.sv:32$13.$add$/usr/bin/../share/yosys/mul2dsp.v:173$2404 ($add).
Removed top 17 bits (of 32) from port A of cell core_single.$techmap$flatten\u_alu.$mul$rtl/core/alu.sv:32$13.$add$/usr/bin/../share/yosys/mul2dsp.v:173$2404 ($add).
Removed top 2 bits (of 17) from port Y of cell core_single.$techmap$flatten\u_alu.$mul$rtl/core/alu.sv:32$13.genblk1.genblk1.genblk1.genblk1.genblk1.genblk1.genblk1.sliceA[0].mul.$add$/usr/bin/../share/yosys/mul2dsp.v:230$2407 ($add).
Removed top 2 bits (of 17) from port A of cell core_single.$techmap$flatten\u_alu.$mul$rtl/core/alu.sv:32$13.genblk1.genblk1.genblk1.genblk1.genblk1.genblk1.genblk1.sliceA[0].mul.$add$/usr/bin/../share/yosys/mul2dsp.v:230$2407 ($add).
Removed top 15 bits (of 32) from port B of cell core_single.$techmap$flatten\u_alu.$mul$rtl/core/alu.sv:32$13.genblk1.genblk1.genblk1.genblk1.genblk1.genblk1.genblk1.sliceA.last.$add$/usr/bin/../share/yosys/mul2dsp.v:230$2410 ($add).
Removed cell core_single.$techmap$flatten\u_alu.$mul$rtl/core/alu.sv:32$13.genblk1.genblk1.genblk1.genblk1.genblk1.genblk1.genblk1.sliceA.last.$add$/usr/bin/../share/yosys/mul2dsp.v:230$2410 ($add).

15.21. Executing XILINX_DSP pass (pack resources into DSPs).
Analysing core_single.$flatten\u_alu.$mul$rtl/core/alu.sv:32$13.genblk1.genblk1.genblk1.genblk1.genblk1.genblk1.genblk1.sliceA.last.genblk1.genblk1.genblk1.genblk1.genblk1.genblk1.genblk1.genblk1.sliceB[0].mul for Xilinx DSP packing.
  postadder $techmap$flatten\u_alu.$mul$rtl/core/alu.sv:32$13.$add$/usr/bin/../share/yosys/mul2dsp.v:173$2404 ($add)

Analysing core_single.$flatten\u_alu.$mul$rtl/core/alu.sv:32$13.genblk1.genblk1.genblk1.genblk1.genblk1.genblk1.genblk1.sliceA[0].mul.genblk1.genblk1.genblk1.genblk1.genblk1.genblk1.genblk1.genblk1.mul_sliceB_last for Xilinx DSP packing.
  postadder $techmap$flatten\u_alu.$mul$rtl/core/alu.sv:32$13.genblk1.genblk1.genblk1.genblk1.genblk1.genblk1.genblk1.sliceA[0].mul.$add$/usr/bin/../share/yosys/mul2dsp.v:230$2407 ($add)

Analysing core_single.$flatten\u_alu.$mul$rtl/core/alu.sv:32$13.genblk1.genblk1.genblk1.genblk1.genblk1.genblk1.genblk1.sliceA[0].mul.genblk1.genblk1.genblk1.genblk1.genblk1.genblk1.genblk1.genblk1.sliceB[0].mul for Xilinx DSP packing.

<suppressed ~42 debug messages>

15.22. Executing TECHMAP pass (map to technology primitives).

15.22.1. Executing Verilog-2005 frontend: /usr/bin/../share/yosys/cmp2lut.v
Parsing Verilog input from `/usr/bin/../share/yosys/cmp2lut.v' to AST representation.
Generating RTLIL representation for module `\_90_lut_cmp_'.
Successfully finished Verilog frontend.

15.22.2. Executing Verilog-2005 frontend: /usr/bin/../share/yosys/cmp2lcu.v
Parsing Verilog input from `/usr/bin/../share/yosys/cmp2lcu.v' to AST representation.
Generating RTLIL representation for module `\_80_lcu_cmp_'.
Generating RTLIL representation for module `\$__CMP2LCU'.
Successfully finished Verilog frontend.

15.22.3. Continuing TECHMAP pass.
Using template $paramod$d5de20e7d2f4e42d0bb14c5c99f5dd4d7cf7d159\_80_lcu_cmp_ for cells of type $lt.
Using template $paramod$5140946ee346318f29859a75f746d3d97c0b1c43\_80_lcu_cmp_ for cells of type $lt.
Using template $paramod$efc6276d5269699a74f97af6fbf0bafe6acc3e19\_80_lcu_cmp_ for cells of type $gt.
Using template $paramod$c6025fc778b17975e80833db9ed8575b2c5a9306\_80_lcu_cmp_ for cells of type $gt.
Using template $paramod$45f2f108157929267f6a876bda8209e58f25e0cd\$__CMP2LCU for cells of type $__CMP2LCU.
Using template $paramod$4324157e16a60fc2fe5e489d90325d8108981966\$__CMP2LCU for cells of type $__CMP2LCU.
Using template $paramod$6685b98533bd405fdb66177f608eed8f76d21e8d\$__CMP2LCU for cells of type $__CMP2LCU.
Using template $paramod$8a9e823e249a18cf40e8e3311ed4e0b87be604a3\$__CMP2LCU for cells of type $__CMP2LCU.
Using template $paramod$3e249468c598b509b2189213d155ba6eb7f2b51e\$__CMP2LCU for cells of type $__CMP2LCU.
Using template $paramod$8bd824ba2533c8480636f690575d8203304ffa5a\$__CMP2LCU for cells of type $__CMP2LCU.
Using template $paramod$c7212ca15062f404a4a2b88cc72c0bba52776650\$__CMP2LCU for cells of type $__CMP2LCU.
Using template $paramod$46d8cbacee00d8ff946ef2f8aaadd92906683b31\$__CMP2LCU for cells of type $__CMP2LCU.
Using template $paramod$f0e75a3f09301560d3386ea17b4f2c1327bc66dd\$__CMP2LCU for cells of type $__CMP2LCU.
Using template $paramod$304404e4f7c11f383c19ceb65b9570973a882e40\$__CMP2LCU for cells of type $__CMP2LCU.
Using template $paramod$4ba603f7f099c7c26d77d00610446050688190ee\$__CMP2LCU for cells of type $__CMP2LCU.
Using template $paramod$80f528699b7df9e1ac70774aaf402c997178d092\$__CMP2LCU for cells of type $__CMP2LCU.
Using template $paramod$744a3dbaebfdf08651817a6a3870fb6e34065a4b\$__CMP2LCU for cells of type $__CMP2LCU.
Using template $paramod$e31b294a0680e72a03b6421c4eff5316c662db3d\$__CMP2LCU for cells of type $__CMP2LCU.
Using template $paramod$7576c1d57da290ee243a300e703225fce44b9803\$__CMP2LCU for cells of type $__CMP2LCU.
Using template $paramod$53f2488f7b67c23d1fcbecae9e0ea65a2fa70428\$__CMP2LCU for cells of type $__CMP2LCU.
Using template $paramod$c9ed519a964df09a49f3e136e9a8f41840e8876a\$__CMP2LCU for cells of type $__CMP2LCU.
Using template $paramod$0c9c1994e65d84e02829afc11150d4ace924add3\$__CMP2LCU for cells of type $__CMP2LCU.
Using template $paramod$5e58b3bd644282af0bf8b48f45207bc98dc20ef3\$__CMP2LCU for cells of type $__CMP2LCU.
Using template $paramod$0a630c7ca44f699d41e14b58085cae102f4a57e6\$__CMP2LCU for cells of type $__CMP2LCU.
Using template $paramod$4d196030c0f57d436091051b21d6bb5652c88bdd\$__CMP2LCU for cells of type $__CMP2LCU.
Using template $paramod$a1604c510d79d890fb2868e900d37a29b4d33ee3\$__CMP2LCU for cells of type $__CMP2LCU.
Using template $paramod$b20bd01da13bb71480541a66493586b32ca46765\$__CMP2LCU for cells of type $__CMP2LCU.
Using template $paramod$5a250c323c4f8bfcef72ea167c7d79512a3e5405\$__CMP2LCU for cells of type $__CMP2LCU.
Using template $paramod$0d1c5d55b7717105a370eb36460beba579328517\$__CMP2LCU for cells of type $__CMP2LCU.
Using template $paramod$13d4153ea76e985055406d938a091c90f56b0277\$__CMP2LCU for cells of type $__CMP2LCU.
Using template $paramod$363e70ff8e24ba1bf2ed3f1f4d33b8ccb7ba185e\$__CMP2LCU for cells of type $__CMP2LCU.
Using template $paramod$11b8e473205c8b79e1be9acfa001660fb9d50bd1\$__CMP2LCU for cells of type $__CMP2LCU.
Using template $paramod$1ca700f56654682268050c8ab6733dff28f9b2a5\$__CMP2LCU for cells of type $__CMP2LCU.
Using template $paramod$94cda45a04705f83a6e7b7a966d2cbcd39ec8c26\$__CMP2LCU for cells of type $__CMP2LCU.
Using template $paramod$686e7902c0bb73ab4ee57ada26ce8851342c73af\$__CMP2LCU for cells of type $__CMP2LCU.
Using template $paramod$e480769f5d3ef623ff56c3d36800340fb75643ea\$__CMP2LCU for cells of type $__CMP2LCU.
Using template $paramod$be320ef6745d9eeeb33444d43da2a288ef0f44d5\$__CMP2LCU for cells of type $__CMP2LCU.
Using template $paramod$71110619de8135fa234c90ca2447467db547669d\$__CMP2LCU for cells of type $__CMP2LCU.
Using template $paramod$54b223acb87382da9e21d725275b34aa5e4c52d1\$__CMP2LCU for cells of type $__CMP2LCU.
Using template $paramod$38471edb7e30bdc6941190928d73c31f8cb982e5\$__CMP2LCU for cells of type $__CMP2LCU.
Using template $paramod$efa446ef96a12a9e243554fe24eef4fdcede1df2\$__CMP2LCU for cells of type $__CMP2LCU.
Using template $paramod$a6781ebb7c56c586e2d8d947dcb7aca1ee56d927\$__CMP2LCU for cells of type $__CMP2LCU.
Using template $paramod$a402a57fb4f8635f34f639590edc3af926716964\$__CMP2LCU for cells of type $__CMP2LCU.
Using template $paramod$54e2971e53f479d5081c818457fbe5faf0d4152b\$__CMP2LCU for cells of type $__CMP2LCU.
Using template $paramod$6e395552c29a4cc17a53ca4a0c9888b692696692\$__CMP2LCU for cells of type $__CMP2LCU.
Using template $paramod$9510b4ae2d2e1a5822e02239cb6f533a771aeddb\$__CMP2LCU for cells of type $__CMP2LCU.
Using template $paramod$9bf1cfecaccd5accd8939bf444a2be7c77effa2e\$__CMP2LCU for cells of type $__CMP2LCU.
Using template $paramod$a5a8361ebacb29a09a46635083622c4d035708f3\$__CMP2LCU for cells of type $__CMP2LCU.
No more expansions possible.
<suppressed ~1281 debug messages>

15.23. Executing ALUMACC pass (create $alu and $macc cells).
Extracting $alu and $macc cells in module core_single:
  creating $macc model for $add$rtl/core/core_single.sv:149$170 ($add).
  creating $macc model for $add$rtl/core/core_single.sv:174$179 ($add).
  creating $macc model for $flatten\u_alu.$add$rtl/core/alu.sv:22$5 ($add).
  creating $macc model for $add$rtl/core/core_single.sv:149$168 ($add).
  creating $macc model for $flatten\u_alu.$sub$rtl/core/alu.sv:23$6 ($sub).
  creating $alu model for $macc $flatten\u_alu.$sub$rtl/core/alu.sv:23$6.
  creating $alu model for $macc $add$rtl/core/core_single.sv:149$168.
  creating $alu model for $macc $flatten\u_alu.$add$rtl/core/alu.sv:22$5.
  creating $alu model for $macc $add$rtl/core/core_single.sv:174$179.
  creating $alu model for $macc $add$rtl/core/core_single.sv:149$170.
  creating $alu model for $flatten\u_alu.$eq$rtl/core/alu.sv:16$1 ($eq): merged with $flatten\u_alu.$sub$rtl/core/alu.sv:23$6.
  creating $alu cell for $add$rtl/core/core_single.sv:149$170: $auto$alumacc.cc:495:replace_alu$2713
  creating $alu cell for $add$rtl/core/core_single.sv:174$179: $auto$alumacc.cc:495:replace_alu$2716
  creating $alu cell for $flatten\u_alu.$add$rtl/core/alu.sv:22$5: $auto$alumacc.cc:495:replace_alu$2719
  creating $alu cell for $add$rtl/core/core_single.sv:149$168: $auto$alumacc.cc:495:replace_alu$2722
  creating $alu cell for $flatten\u_alu.$sub$rtl/core/alu.sv:23$6, $flatten\u_alu.$eq$rtl/core/alu.sv:16$1: $auto$alumacc.cc:495:replace_alu$2725
  created 5 $alu and 0 $macc cells.

15.24. Executing SHARE pass (SAT-based resource sharing).
Found 5 cells in module core_single that may be considered for resource sharing.
  Analyzing resource sharing options for $flatten\u_rf.$memrd$\regs$rtl/core/regfile.sv:54$213 ($memrd):
    Found 1 activation_patterns using ctrl signal $flatten\u_rf.$eq$rtl/core/regfile.sv:49$212_Y.
    Found 1 candidates: $flatten\u_rf.$memrd$\regs$rtl/core/regfile.sv:47$211
    Analyzing resource sharing with $flatten\u_rf.$memrd$\regs$rtl/core/regfile.sv:47$211 ($memrd):
      Found 1 activation_patterns using ctrl signal $flatten\u_rf.$eq$rtl/core/regfile.sv:42$210_Y.
      Forbidden control signals for this pair of cells: \br_cond
      Activation pattern for cell $flatten\u_rf.$memrd$\regs$rtl/core/regfile.sv:54$213: $flatten\u_rf.$eq$rtl/core/regfile.sv:49$212_Y = 1'0
      Activation pattern for cell $flatten\u_rf.$memrd$\regs$rtl/core/regfile.sv:47$211: $flatten\u_rf.$eq$rtl/core/regfile.sv:42$210_Y = 1'0
      Size of SAT problem: 2 cells, 27 variables, 51 clauses
      According to the SAT solver this pair of cells can not be shared.
      Model from SAT solver: { $flatten\u_rf.$eq$rtl/core/regfile.sv:49$212_Y $flatten\u_rf.$eq$rtl/core/regfile.sv:42$210_Y } = 2'00
  Analyzing resource sharing options for $flatten\u_rf.$memrd$\regs$rtl/core/regfile.sv:47$211 ($memrd):
    Found 1 activation_patterns using ctrl signal $flatten\u_rf.$eq$rtl/core/regfile.sv:42$210_Y.
    No candidates found.
  Analyzing resource sharing options for $flatten\u_alu.$sshr$rtl/core/alu.sv:29$10 ($sshr):
    Found 1 activation_patterns using ctrl signal 1'1.
    No candidates found.
  Analyzing resource sharing options for $flatten\u_alu.$shr$rtl/core/alu.sv:28$9 ($shr):
    Found 1 activation_patterns using ctrl signal 1'1.
    No candidates found.
  Analyzing resource sharing options for $flatten\u_alu.$shl$rtl/core/alu.sv:24$7 ($shl):
    Found 1 activation_patterns using ctrl signal 1'1.
    No candidates found.

15.25. Executing OPT pass (performing simple optimizations).

15.25.1. Executing OPT_EXPR pass (perform const folding).
Optimizing module core_single.
<suppressed ~66 debug messages>

15.25.2. Executing OPT_MERGE pass (detect identical cells).
Finding identical cells in module `\core_single'.
<suppressed ~465 debug messages>
Removed a total of 155 cells.

15.25.3. Executing OPT_MUXTREE pass (detect dead branches in mux trees).
Running muxtree optimizer on module \core_single..
  Creating internal representation of mux trees.
  Evaluating internal representation of mux trees.
  Analyzing evaluation results.
    dead port 1/13 on $pmux $procmux$1421.
    dead port 2/13 on $pmux $procmux$1421.
    dead port 3/13 on $pmux $procmux$1421.
    dead port 4/13 on $pmux $procmux$1421.
    dead port 5/13 on $pmux $procmux$1421.
    dead port 6/13 on $pmux $procmux$1421.
    dead port 7/13 on $pmux $procmux$1421.
    dead port 8/13 on $pmux $procmux$1421.
    dead port 9/13 on $pmux $procmux$1421.
    dead port 10/13 on $pmux $procmux$1421.
    dead port 11/13 on $pmux $procmux$1421.
    dead port 13/13 on $pmux $procmux$1421.
    dead port 1/7 on $pmux $procmux$1434.
    dead port 2/7 on $pmux $procmux$1434.
    dead port 3/7 on $pmux $procmux$1434.
    dead port 4/7 on $pmux $procmux$1434.
    dead port 5/7 on $pmux $procmux$1434.
    dead port 7/7 on $pmux $procmux$1434.
    dead port 1/10 on $pmux $procmux$1789.
    dead port 2/10 on $pmux $procmux$1789.
    dead port 3/10 on $pmux $procmux$1789.
    dead port 4/10 on $pmux $procmux$1789.
    dead port 5/10 on $pmux $procmux$1789.
    dead port 6/10 on $pmux $procmux$1789.
    dead port 7/10 on $pmux $procmux$1789.
    dead port 8/10 on $pmux $procmux$1789.
    dead port 10/10 on $pmux $procmux$1789.
    dead port 1/10 on $pmux $procmux$1866.
    dead port 2/10 on $pmux $procmux$1866.
    dead port 3/10 on $pmux $procmux$1866.
    dead port 4/10 on $pmux $procmux$1866.
    dead port 5/10 on $pmux $procmux$1866.
    dead port 6/10 on $pmux $procmux$1866.
    dead port 7/10 on $pmux $procmux$1866.
    dead port 8/10 on $pmux $procmux$1866.
    dead port 10/10 on $pmux $procmux$1866.
    dead port 1/8 on $pmux $procmux$2013.
    dead port 2/8 on $pmux $procmux$2013.
    dead port 3/8 on $pmux $procmux$2013.
    dead port 4/8 on $pmux $procmux$2013.
    dead port 5/8 on $pmux $procmux$2013.
    dead port 6/8 on $pmux $procmux$2013.
    dead port 8/8 on $pmux $procmux$2013.
    dead port 2/9 on $pmux $procmux$2171.
    dead port 3/9 on $pmux $procmux$2171.
    dead port 4/9 on $pmux $procmux$2171.
    dead port 6/9 on $pmux $procmux$2171.
    dead port 1/5 on $pmux $procmux$2207.
    dead port 2/5 on $pmux $procmux$2207.
    dead port 3/5 on $pmux $procmux$2207.
    dead port 1/9 on $pmux $procmux$2255.
    dead port 2/9 on $pmux $procmux$2255.
    dead port 3/9 on $pmux $procmux$2255.
    dead port 4/9 on $pmux $procmux$2255.
    dead port 5/9 on $pmux $procmux$2255.
    dead port 6/9 on $pmux $procmux$2255.
    dead port 7/9 on $pmux $procmux$2255.
    dead port 9/9 on $pmux $procmux$2255.
Removed 58 multiplexer ports.
<suppressed ~36 debug messages>

15.25.4. Executing OPT_REDUCE pass (consolidate $*mux and $reduce_* inputs).
  Optimizing cells in module \core_single.
Performed a total of 0 changes.

15.25.5. Executing OPT_MERGE pass (detect identical cells).
Finding identical cells in module `\core_single'.
<suppressed ~6 debug messages>
Removed a total of 2 cells.

15.25.6. Executing OPT_DFF pass (perform DFF optimizations).

15.25.7. Executing OPT_CLEAN pass (remove unused cells and wires).
Finding unused cells or wires in module \core_single..
Removed 1 unused cells and 999 unused wires.
<suppressed ~2 debug messages>

15.25.8. Executing OPT_EXPR pass (perform const folding).
Optimizing module core_single.

15.25.9. Rerunning OPT passes. (Maybe there is more to do..)

15.25.10. Executing OPT_MUXTREE pass (detect dead branches in mux trees).
Running muxtree optimizer on module \core_single..
  Creating internal representation of mux trees.
  Evaluating internal representation of mux trees.
  Analyzing evaluation results.
Removed 0 multiplexer ports.
<suppressed ~32 debug messages>

15.25.11. Executing OPT_REDUCE pass (consolidate $*mux and $reduce_* inputs).
  Optimizing cells in module \core_single.
Performed a total of 0 changes.

15.25.12. Executing OPT_MERGE pass (detect identical cells).
Finding identical cells in module `\core_single'.
Removed a total of 0 cells.

15.25.13. Executing OPT_DFF pass (perform DFF optimizations).

15.25.14. Executing OPT_CLEAN pass (remove unused cells and wires).
Finding unused cells or wires in module \core_single..

15.25.15. Executing OPT_EXPR pass (perform const folding).
Optimizing module core_single.

15.25.16. Finished OPT passes. (There is nothing left to do.)

15.26. Executing MEMORY pass.

15.26.1. Executing OPT_MEM pass (optimize memories).
Performed a total of 0 transformations.

15.26.2. Executing OPT_MEM_PRIORITY pass (removing unnecessary memory write priority relations).
Performed a total of 0 transformations.

15.26.3. Executing OPT_MEM_FEEDBACK pass (finding memory read-to-write feedback paths).
  Analyzing core_single.u_rf.regs write port 0.

15.26.4. Executing MEMORY_BMUX2ROM pass (converting muxes to ROMs).

15.26.5. Executing MEMORY_DFF pass (merging $dff cells to $memrd).
Checking read port `\u_rf.regs'[0] in module `\core_single': no output FF found.
Checking read port `\u_rf.regs'[1] in module `\core_single': no output FF found.
Checking read port address `\u_rf.regs'[0] in module `\core_single': no address FF found.
Checking read port address `\u_rf.regs'[1] in module `\core_single': no address FF found.

15.26.6. Executing OPT_CLEAN pass (remove unused cells and wires).
Finding unused cells or wires in module \core_single..

15.26.7. Executing MEMORY_SHARE pass (consolidating $memrd/$memwr cells).
Consolidating read ports of memory core_single.u_rf.regs by address:

15.26.8. Executing OPT_MEM_WIDEN pass (optimize memories where all ports are wide).
Performed a total of 0 transformations.

15.26.9. Executing OPT_CLEAN pass (remove unused cells and wires).
Finding unused cells or wires in module \core_single..

15.26.10. Executing MEMORY_COLLECT pass (generating $mem cells).

15.27. Executing OPT_CLEAN pass (remove unused cells and wires).
Finding unused cells or wires in module \core_single..

15.28. Executing MEMORY_LIBMAP pass (mapping memories to cells).
mapping memory core_single.u_rf.regs via $__XILINX_LUTRAM_SDP_
<suppressed ~252 debug messages>

15.29. Executing TECHMAP pass (map to technology primitives).

15.29.1. Executing Verilog-2005 frontend: /usr/bin/../share/yosys/xilinx/lutrams_xc5v_map.v
Parsing Verilog input from `/usr/bin/../share/yosys/xilinx/lutrams_xc5v_map.v' to AST representation.
Generating RTLIL representation for module `\$__XILINX_LUTRAM_SP_'.
Generating RTLIL representation for module `\$__XILINX_LUTRAM_DP_'.
Generating RTLIL representation for module `\$__XILINX_LUTRAM_QP_'.
Generating RTLIL representation for module `\$__XILINX_LUTRAM_OP_'.
Generating RTLIL representation for module `\$__XILINX_LUTRAM_SDP_'.
Generating RTLIL representation for module `\$__XILINX_LUTRAM_64X8SW_'.
Generating RTLIL representation for module `\$__XILINX_LUTRAM_32X16DR8_'.
Successfully finished Verilog frontend.

15.29.2. Continuing TECHMAP pass.
Using template $paramod$31933bc0586e304f9d4048cafdcf94ebf308e40b\$__XILINX_LUTRAM_SDP_ for cells of type $__XILINX_LUTRAM_SDP_.
Using template $paramod$b46e790e1a546c1d0fce1965900bc12ee9561e85\$__XILINX_LUTRAM_SDP_ for cells of type $__XILINX_LUTRAM_SDP_.
No more expansions possible.
<suppressed ~55 debug messages>

15.30. Executing TECHMAP pass (map to technology primitives).

15.30.1. Executing Verilog-2005 frontend: /usr/bin/../share/yosys/xilinx/brams_xc6v_map.v
Parsing Verilog input from `/usr/bin/../share/yosys/xilinx/brams_xc6v_map.v' to AST representation.
Generating RTLIL representation for module `\$__XILINX_BLOCKRAM_TDP_'.
Generating RTLIL representation for module `\$__XILINX_BLOCKRAM_SDP_'.
Successfully finished Verilog frontend.

15.30.2. Continuing TECHMAP pass.
No more expansions possible.
<suppressed ~4 debug messages>

15.31. Executing OPT pass (performing simple optimizations).

15.31.1. Executing OPT_EXPR pass (perform const folding).
Optimizing module core_single.
<suppressed ~23 debug messages>

15.31.2. Executing OPT_MERGE pass (detect identical cells).
Finding identical cells in module `\core_single'.
Removed a total of 0 cells.

15.31.3. Executing OPT_DFF pass (perform DFF optimizations).
Adding EN signal on $procdff$2331 ($adff) from module core_single (D = \pc_next [1:0], Q = \pc [1:0]).

15.31.4. Executing OPT_CLEAN pass (remove unused cells and wires).
Finding unused cells or wires in module \core_single..
Removed 1 unused cells and 84 unused wires.
<suppressed ~2 debug messages>

15.31.5. Rerunning OPT passes. (Removed registers in this run.)

15.31.6. Executing OPT_EXPR pass (perform const folding).
Optimizing module core_single.
<suppressed ~1 debug messages>

15.31.7. Executing OPT_MERGE pass (detect identical cells).
Finding identical cells in module `\core_single'.
Removed a total of 0 cells.

15.31.8. Executing OPT_DFF pass (perform DFF optimizations).

15.31.9. Executing OPT_CLEAN pass (remove unused cells and wires).
Finding unused cells or wires in module \core_single..

15.31.10. Finished fast OPT passes.

15.32. Executing MEMORY_MAP pass (converting memories to logic and flip-flops).

15.33. Executing OPT pass (performing simple optimizations).

15.33.1. Executing OPT_EXPR pass (perform const folding).
Optimizing module core_single.

15.33.2. Executing OPT_MERGE pass (detect identical cells).
Finding identical cells in module `\core_single'.
Removed a total of 0 cells.

15.33.3. Executing OPT_MUXTREE pass (detect dead branches in mux trees).
Running muxtree optimizer on module \core_single..
  Creating internal representation of mux trees.
  Evaluating internal representation of mux trees.
  Analyzing evaluation results.
Removed 0 multiplexer ports.
<suppressed ~23 debug messages>

15.33.4. Executing OPT_REDUCE pass (consolidate $*mux and $reduce_* inputs).
  Optimizing cells in module \core_single.
    Consolidated identical input bits for $mux cell $procmux$1663:
      Old ports: A=4'0000, B=4'1010, Y=$flatten\u_dec.$10\alu_op[3:0]
      New ports: A=1'0, B=1'1, Y=$flatten\u_dec.$10\alu_op[3:0] [1]
      New connections: { $flatten\u_dec.$10\alu_op[3:0] [3:2] $flatten\u_dec.$10\alu_op[3:0] [0] } = { $flatten\u_dec.$10\alu_op[3:0] [1] 2'00 }
    Consolidated identical input bits for $mux cell $procmux$1805:
      Old ports: A=3'000, B=3'111, Y=$auto$wreduce.cc:514:run$2370 [2:0]
      New ports: A=1'0, B=1'1, Y=$auto$wreduce.cc:514:run$2370 [0]
      New connections: $auto$wreduce.cc:514:run$2370 [2:1] = { $auto$wreduce.cc:514:run$2370 [0] $auto$wreduce.cc:514:run$2370 [0] }
    Consolidated identical input bits for $mux cell $procmux$2073:
      Old ports: A=3'000, B=3'111, Y=$flatten\u_dec.$2\br_type[2:0]
      New ports: A=1'0, B=1'1, Y=$flatten\u_dec.$2\br_type[2:0] [0]
      New connections: $flatten\u_dec.$2\br_type[2:0] [2:1] = { $flatten\u_dec.$2\br_type[2:0] [0] $flatten\u_dec.$2\br_type[2:0] [0] }
    Consolidated identical input bits for $mux cell $procmux$2086:
      Old ports: A=2'00, B=2'10, Y=$flatten\u_dec.$2\wb_sel[1:0]
      New ports: A=1'0, B=1'1, Y=$flatten\u_dec.$2\wb_sel[1:0] [1]
      New connections: $flatten\u_dec.$2\wb_sel[1:0] [0] = 1'0
  Optimizing cells in module \core_single.
    Consolidated identical input bits for $mux cell $procmux$1709:
      Old ports: A=$flatten\u_dec.$10\alu_op[3:0], B=4'0001, Y=$flatten\u_dec.$9\alu_op[3:0]
      New ports: A={ $flatten\u_dec.$10\alu_op[3:0] [1] 1'0 }, B=2'01, Y=$flatten\u_dec.$9\alu_op[3:0] [1:0]
      New connections: $flatten\u_dec.$9\alu_op[3:0] [3:2] = { $flatten\u_dec.$9\alu_op[3:0] [1] 1'0 }
    Consolidated identical input bits for $mux cell $procmux$1833:
      Old ports: A=$auto$wreduce.cc:514:run$2370 [2:0], B=3'110, Y=$auto$wreduce.cc:514:run$2369 [2:0]
      New ports: A={ $auto$wreduce.cc:514:run$2370 [0] $auto$wreduce.cc:514:run$2370 [0] }, B=2'10, Y=$auto$wreduce.cc:514:run$2369 [1:0]
      New connections: $auto$wreduce.cc:514:run$2369 [2] = $auto$wreduce.cc:514:run$2369 [1]
  Optimizing cells in module \core_single.
    Consolidated identical input bits for $mux cell $procmux$1749:
      Old ports: A=$flatten\u_dec.$9\alu_op[3:0], B=4'0000, Y=$flatten\u_dec.$8\alu_op[3:0]
      New ports: A=$flatten\u_dec.$9\alu_op[3:0] [1:0], B=2'00, Y=$flatten\u_dec.$8\alu_op[3:0] [1:0]
      New connections: $flatten\u_dec.$8\alu_op[3:0] [3:2] = { $flatten\u_dec.$8\alu_op[3:0] [1] 1'0 }
  Optimizing cells in module \core_single.
Performed a total of 7 changes.

15.33.5. Executing OPT_MERGE pass (detect identical cells).
Finding identical cells in module `\core_single'.
<suppressed ~3 debug messages>
Removed a total of 1 cells.

15.33.6. Executing OPT_SHARE pass.
    Found cells that share an operand and can be merged by moving the $pmux $procmux$2132 in front of them:
        $auto$pmux2shiftx.cc:712:execute$2378
        $auto$pmux2shiftx.cc:712:execute$2380

15.33.7. Executing OPT_DFF pass (perform DFF optimizations).

15.33.8. Executing OPT_CLEAN pass (remove unused cells and wires).
Finding unused cells or wires in module \core_single..
Removed 0 unused cells and 3 unused wires.
<suppressed ~1 debug messages>

15.33.9. Executing OPT_EXPR pass (perform const folding).
Optimizing module core_single.
<suppressed ~4 debug messages>

15.33.10. Rerunning OPT passes. (Maybe there is more to do..)

15.33.11. Executing OPT_MUXTREE pass (detect dead branches in mux trees).
Running muxtree optimizer on module \core_single..
  Creating internal representation of mux trees.
  Evaluating internal representation of mux trees.
  Analyzing evaluation results.
Removed 0 multiplexer ports.
<suppressed ~21 debug messages>

15.33.12. Executing OPT_REDUCE pass (consolidate $*mux and $reduce_* inputs).
  Optimizing cells in module \core_single.
    Consolidated identical input bits for $mux cell $auto$opt_share.cc:246:merge_operators$3108:
      Old ports: A={ 9'100110000 $auto$wreduce.cc:514:run$2369 [2] $auto$wreduce.cc:514:run$2369 [2] $auto$wreduce.cc:514:run$2369 [0] 20'01010100001100100000 }, B={ 9'100110000 $auto$wreduce.cc:514:run$2369 [2] $auto$wreduce.cc:514:run$2369 [2] $auto$wreduce.cc:514:run$2369 [0] 16'0101010000110010 $flatten\u_dec.$8\alu_op[3:0] [3] 1'0 $flatten\u_dec.$8\alu_op[3:0] [3] $flatten\u_dec.$8\alu_op[3:0] [0] }, Y=$auto$rtlil.cc:2916:Pmux$3109
      New ports: A=2'00, B={ $flatten\u_dec.$8\alu_op[3:0] [3] $flatten\u_dec.$8\alu_op[3:0] [0] }, Y=$auto$rtlil.cc:2916:Pmux$3109 [1:0]
      New connections: $auto$rtlil.cc:2916:Pmux$3109 [31:2] = { 9'100110000 $auto$wreduce.cc:514:run$2369 [2] $auto$wreduce.cc:514:run$2369 [2] $auto$wreduce.cc:514:run$2369 [0] 16'0101010000110010 $auto$rtlil.cc:2916:Pmux$3109 [1] 1'0 }
    New ctrl vector for $pmux cell $procmux$2132: $auto$opt_reduce.cc:137:opt_pmux$3111
  Optimizing cells in module \core_single.
Performed a total of 2 changes.

15.33.13. Executing OPT_MERGE pass (detect identical cells).
Finding identical cells in module `\core_single'.
Removed a total of 0 cells.

15.33.14. Executing OPT_SHARE pass.

15.33.15. Executing OPT_DFF pass (perform DFF optimizations).

15.33.16. Executing OPT_CLEAN pass (remove unused cells and wires).
Finding unused cells or wires in module \core_single..
Removed 0 unused cells and 4 unused wires.
<suppressed ~1 debug messages>

15.33.17. Executing OPT_EXPR pass (perform const folding).
Optimizing module core_single.

15.33.18. Rerunning OPT passes. (Maybe there is more to do..)

15.33.19. Executing OPT_MUXTREE pass (detect dead branches in mux trees).
Running muxtree optimizer on module \core_single..
  Creating internal representation of mux trees.
  Evaluating internal representation of mux trees.
  Analyzing evaluation results.
Removed 0 multiplexer ports.
<suppressed ~22 debug messages>

15.33.20. Executing OPT_REDUCE pass (consolidate $*mux and $reduce_* inputs).
  Optimizing cells in module \core_single.
Performed a total of 0 changes.

15.33.21. Executing OPT_MERGE pass (detect identical cells).
Finding identical cells in module `\core_single'.
Removed a total of 0 cells.

15.33.22. Executing OPT_SHARE pass.

15.33.23. Executing OPT_DFF pass (perform DFF optimizations).

15.33.24. Executing OPT_CLEAN pass (remove unused cells and wires).
Finding unused cells or wires in module \core_single..

15.33.25. Executing OPT_EXPR pass (perform const folding).
Optimizing module core_single.

15.33.26. Finished OPT passes. (There is nothing left to do.)

15.34. Executing XILINX_SRL pass (Xilinx shift register extraction).

15.35. Executing TECHMAP pass (map to technology primitives).

15.35.1. Executing Verilog-2005 frontend: /usr/bin/../share/yosys/techmap.v
Parsing Verilog input from `/usr/bin/../share/yosys/techmap.v' to AST representation.
Generating RTLIL representation for module `\_90_simplemap_bool_ops'.
Generating RTLIL representation for module `\_90_simplemap_reduce_ops'.
Generating RTLIL representation for module `\_90_simplemap_logic_ops'.
Generating RTLIL representation for module `\_90_simplemap_compare_ops'.
Generating RTLIL representation for module `\_90_simplemap_various'.
Generating RTLIL representation for module `\_90_simplemap_registers'.
Generating RTLIL representation for module `\_90_shift_ops_shr_shl_sshl_sshr'.
Generating RTLIL representation for module `\_90_shift_shiftx'.
Generating RTLIL representation for module `\_90_fa'.
Generating RTLIL representation for module `\_90_lcu_brent_kung'.
Generating RTLIL representation for module `\_90_alu'.
Generating RTLIL representation for module `\_90_macc'.
Generating RTLIL representation for module `\_90_alumacc'.
Generating RTLIL representation for module `\$__div_mod_u'.
Generating RTLIL representation for module `\$__div_mod_trunc'.
Generating RTLIL representation for module `\_90_div'.
Generating RTLIL representation for module `\_90_mod'.
Generating RTLIL representation for module `\$__div_mod_floor'.
Generating RTLIL representation for module `\_90_divfloor'.
Generating RTLIL representation for module `\_90_modfloor'.
Generating RTLIL representation for module `\_90_pow'.
Generating RTLIL representation for module `\_90_pmux'.
Generating RTLIL representation for module `\_90_demux'.
Generating RTLIL representation for module `\_90_lut'.
Successfully finished Verilog frontend.

15.35.2. Executing Verilog-2005 frontend: /usr/bin/../share/yosys/xilinx/arith_map.v
Parsing Verilog input from `/usr/bin/../share/yosys/xilinx/arith_map.v' to AST representation.
Generating RTLIL representation for module `\_80_xilinx_lcu'.
Generating RTLIL representation for module `\_80_xilinx_alu'.
Successfully finished Verilog frontend.

15.35.3. Continuing TECHMAP pass.
Using template $paramod$8fabc56b80a569262acfc42757a02ca0b8e91278\_90_pmux for cells of type $pmux.
Using template $paramod$constmap:4621fcf06a436d1e2a4080e2ed9866a7d07a6e07$paramod$335cfd09f1afa8139c4aafcbbe5f361887b79c5e\_90_shift_ops_shr_shl_sshl_sshr for cells of type $shl.
Using template $paramod$constmap:4621fcf06a436d1e2a4080e2ed9866a7d07a6e07$paramod$feecc7a0dbd012970970f2858f15e786e251f677\_90_shift_ops_shr_shl_sshl_sshr for cells of type $shr.
Using template $paramod$constmap:4621fcf06a436d1e2a4080e2ed9866a7d07a6e07$paramod$e765c459d3029c22a22a27989e94858fd9ebfa9c\_90_shift_ops_shr_shl_sshl_sshr for cells of type $sshr.
Using template $paramod$25c4246495a9f56061a0efa92b046161d5d15f2e\_80_xilinx_alu for cells of type $alu.
Using template $paramod$4fc821520cb3a924f2bc6fa8576a539779b37dc8\_80_xilinx_alu for cells of type $alu.
Using template $paramod\_80_xilinx_lcu\WIDTH=s32'00000000000000000000000000001011 for cells of type $lcu.
Using template $paramod$constmap:c3c0e54796f72c4880c9f973b25cd7fc0f56aa4a$paramod$23cddbd406cf321b741f23b1783b917d9c668aa9\_90_shift_shiftx for cells of type $shiftx.
Using template $paramod$constmap:673219142ba3f55256828599414e3b71f5aa4b05$paramod$7a189d0d77ebf62589ee491bddc7a9edc613a506\_90_shift_shiftx for cells of type $shiftx.
Using template $paramod$constmap:6f32aaea543adec5bc9691a1d5dc373bac6158ab$paramod$0cb9196b30d27697fac50e35166ae9dafb73bc50\_90_shift_shiftx for cells of type $shiftx.
Using template $paramod$constmap:2bc84b28b377a1f7607335a2fb61c73ebd237d44$paramod$3eb2d07227f5824664d1a7637f1590f1a70d6f13\_90_shift_shiftx for cells of type $shift.
Using extmapper simplemap for cells of type $reduce_bool.
Using extmapper simplemap for cells of type $not.
Using template $paramod$c5c783b17ab1d780abfad8cfe6563a0a7b47a3b0\_90_pmux for cells of type $pmux.
Using template $paramod$constmap:de3323eac59213ccefff809d04b4036ff3be9853$paramod$b2e85733ada4e92472b617be42677b51fe476597\_90_shift_shiftx for cells of type $shiftx.
Using template $paramod$d31bf4d7d72e59528d18fbd4f322e9d608532043\_90_pmux for cells of type $pmux.
Using template $paramod$constmap:a245c3c7020783f21a95662ea383afbf2f432d09$paramod$70307b0c46f360cdc944ccde23e9e2e58bd145d8\_90_shift_shiftx for cells of type $shiftx.
Using template $paramod$constmap:72d5c9d0672bd7fe71ca29259616905366285f54$paramod$2135cf178ab343577102d2d1f6f466e244799dcd\_90_shift_shiftx for cells of type $shift.
Using extmapper simplemap for cells of type $reduce_or.
Using template $paramod$constmap:ec455d513d4744e7d819c012011d7ac06067f0bd$paramod$1767781abb5510778c640b45ef027371b766e589\_90_shift_shiftx for cells of type $shiftx.
Using extmapper simplemap for cells of type $adffe.
Using template $paramod$constmap:24a13675e54398d8c3dbe00204d41c46ed041e81$paramod$92adee9538f2381d8e5006822c900eb986d754e8\_90_shift_shiftx for cells of type $shiftx.
Using extmapper simplemap for cells of type $logic_not.
Using extmapper simplemap for cells of type $eq.
Using extmapper simplemap for cells of type $and.
Using extmapper simplemap for cells of type $xnor.
Using extmapper simplemap for cells of type $logic_and.
Using extmapper simplemap for cells of type $xor.
Using extmapper simplemap for cells of type $or.
Using template $paramod$599fc21b257bc9b96c6caef6b35a2ec30d8fdbca\_80_xilinx_alu for cells of type $alu.
Using extmapper simplemap for cells of type $adff.
Using template $paramod$521ce43182eecb9f60c72393a788160d2c356bf5\_90_pmux for cells of type $pmux.
Using template $paramod$d629d85c8826a74239b9178d1930215a43b0ceb0\_90_pmux for cells of type $pmux.
Using template $paramod$b3b6ac92d800c6f07aa48f510f923d86a674e5a7\_90_pmux for cells of type $pmux.
Using template $paramod$97565c3687be688407d1272a293bd9d0ae6852dc\_90_pmux for cells of type $pmux.
Using extmapper simplemap for cells of type $reduce_and.
Using extmapper simplemap for cells of type $pos.
No more expansions possible.
<suppressed ~3832 debug messages>

15.36. Executing OPT pass (performing simple optimizations).

15.36.1. Executing OPT_EXPR pass (perform const folding).
Optimizing module core_single.
<suppressed ~969 debug messages>

15.36.2. Executing OPT_MERGE pass (detect identical cells).
Finding identical cells in module `\core_single'.
<suppressed ~3288 debug messages>
Removed a total of 1096 cells.

15.36.3. Executing OPT_DFF pass (perform DFF optimizations).

15.36.4. Executing OPT_CLEAN pass (remove unused cells and wires).
Finding unused cells or wires in module \core_single..
Removed 1441 unused cells and 725 unused wires.
<suppressed ~1442 debug messages>

15.36.5. Finished fast OPT passes.

15.37. Executing IOPADMAP pass (mapping inputs/outputs to IO-PAD cells).
Mapping port core_single.clk using IBUF.
Mapping port core_single.cus_a using OBUF.
Mapping port core_single.cus_b using OBUF.
Mapping port core_single.cus_op using OBUF.
Mapping port core_single.cus_req using OBUF.
Mapping port core_single.cus_result using IBUF.
Mapping port core_single.dbg_instr_retiring using OBUF.
Mapping port core_single.dbg_pc using OBUF.
Mapping port core_single.dmem_addr using OBUF.
Mapping port core_single.dmem_rdata using IBUF.
Mapping port core_single.dmem_re using OBUF.
Mapping port core_single.dmem_wdata using OBUF.
Mapping port core_single.dmem_we using OBUF.
Mapping port core_single.imem_addr using OBUF.
Mapping port core_single.imem_rdata using IBUF.
Mapping port core_single.irq using IBUF.
Mapping port core_single.rst_n using IBUF.

15.38. Executing TECHMAP pass (map to technology primitives).

15.38.1. Executing Verilog-2005 frontend: /usr/bin/../share/yosys/techmap.v
Parsing Verilog input from `/usr/bin/../share/yosys/techmap.v' to AST representation.
Generating RTLIL representation for module `\_90_simplemap_bool_ops'.
Generating RTLIL representation for module `\_90_simplemap_reduce_ops'.
Generating RTLIL representation for module `\_90_simplemap_logic_ops'.
Generating RTLIL representation for module `\_90_simplemap_compare_ops'.
Generating RTLIL representation for module `\_90_simplemap_various'.
Generating RTLIL representation for module `\_90_simplemap_registers'.
Generating RTLIL representation for module `\_90_shift_ops_shr_shl_sshl_sshr'.
Generating RTLIL representation for module `\_90_shift_shiftx'.
Generating RTLIL representation for module `\_90_fa'.
Generating RTLIL representation for module `\_90_lcu_brent_kung'.
Generating RTLIL representation for module `\_90_alu'.
Generating RTLIL representation for module `\_90_macc'.
Generating RTLIL representation for module `\_90_alumacc'.
Generating RTLIL representation for module `\$__div_mod_u'.
Generating RTLIL representation for module `\$__div_mod_trunc'.
Generating RTLIL representation for module `\_90_div'.
Generating RTLIL representation for module `\_90_mod'.
Generating RTLIL representation for module `\$__div_mod_floor'.
Generating RTLIL representation for module `\_90_divfloor'.
Generating RTLIL representation for module `\_90_modfloor'.
Generating RTLIL representation for module `\_90_pow'.
Generating RTLIL representation for module `\_90_pmux'.
Generating RTLIL representation for module `\_90_demux'.
Generating RTLIL representation for module `\_90_lut'.
Successfully finished Verilog frontend.

15.38.2. Executing Verilog-2005 frontend: /usr/bin/../share/yosys/xilinx/cells_map.v
Parsing Verilog input from `/usr/bin/../share/yosys/xilinx/cells_map.v' to AST representation.
Generating RTLIL representation for module `\$__SHREG_'.
Generating RTLIL representation for module `\$__XILINX_SHREG_'.
Generating RTLIL representation for module `\$__XILINX_MUXF78'.
Successfully finished Verilog frontend.

15.38.3. Continuing TECHMAP pass.
No more expansions possible.
<suppressed ~78 debug messages>
Removed 0 unused cells and 10 unused wires.

15.39. Executing DFFLEGALIZE pass (convert FFs to types supported by the target).

15.40. Executing OPT_EXPR pass (perform const folding).
Optimizing module core_single.
<suppressed ~11 debug messages>

15.41. Executing ABC pass (technology mapping using ABC).

15.41.1. Extracting gate netlist of module `\core_single' to `<abc-temp-dir>/input.blif'..
Extracted 2141 gates and 2561 wires to a netlist network with 418 inputs and 450 outputs.

15.41.1.1. Executing ABC.
Running ABC command: "<yosys-exe-dir>/yosys-abc" -s -f <abc-temp-dir>/abc.script 2>&1
ABC: ABC command line: "source <abc-temp-dir>/abc.script".
ABC: 
ABC: + read_blif <abc-temp-dir>/input.blif 
ABC: + read_lut <abc-temp-dir>/lutdefs.txt 
ABC: + strash 
ABC: + &get -n 
ABC: + &fraig -x 
ABC: + &put 
ABC: + scorr 
ABC: Warning: The network is combinational (run "fraig" or "fraig_sweep").
ABC: + dc2 
ABC: + dretime 
ABC: + strash 
ABC: + dch -f 
ABC: + if 
ABC: + mfs2 
ABC: + write_blif <abc-temp-dir>/output.blif 

15.41.1.2. Re-integrating ABC results.
ABC RESULTS:              $lut cells:      957
ABC RESULTS:        internal signals:     1693
ABC RESULTS:           input signals:      418
ABC RESULTS:          output signals:      450
Removing temp directory.
Removed 0 unused cells and 1104 unused wires.

15.42. Executing TECHMAP pass (map to technology primitives).

15.42.1. Executing Verilog-2005 frontend: /usr/bin/../share/yosys/xilinx/ff_map.v
Parsing Verilog input from `/usr/bin/../share/yosys/xilinx/ff_map.v' to AST representation.
Generating RTLIL representation for module `\$_DFFE_NP0P_'.
Generating RTLIL representation for module `\$_DFFE_PP0P_'.
Generating RTLIL representation for module `\$_DFFE_NP1P_'.
Generating RTLIL representation for module `\$_DFFE_PP1P_'.
Generating RTLIL representation for module `\$_DFFSRE_NPPP_'.
Generating RTLIL representation for module `\$_DFFSRE_PPPP_'.
Generating RTLIL representation for module `\$_SDFFE_NP0P_'.
Generating RTLIL representation for module `\$_SDFFE_PP0P_'.
Generating RTLIL representation for module `\$_SDFFE_NP1P_'.
Generating RTLIL representation for module `\$_SDFFE_PP1P_'.
Generating RTLIL representation for module `\$_DLATCH_NP0_'.
Generating RTLIL representation for module `\$_DLATCH_PP0_'.
Generating RTLIL representation for module `\$_DLATCH_NP1_'.
Generating RTLIL representation for module `\$_DLATCH_PP1_'.
Generating RTLIL representation for module `\$_DLATCH_NPP_'.
Generating RTLIL representation for module `\$_DLATCH_PPP_'.
Successfully finished Verilog frontend.

15.42.2. Continuing TECHMAP pass.
Using template $paramod\$_DFFE_PP0P_\_TECHMAP_WIREINIT_Q_=1'x for cells of type $_DFFE_PP0P_.
No more expansions possible.
<suppressed ~94 debug messages>

15.43. Executing XILINX_SRL pass (Xilinx shift register extraction).

15.44. Executing TECHMAP pass (map to technology primitives).

15.44.1. Executing Verilog-2005 frontend: /usr/bin/../share/yosys/xilinx/lut_map.v
Parsing Verilog input from `/usr/bin/../share/yosys/xilinx/lut_map.v' to AST representation.
Generating RTLIL representation for module `\$lut'.
Successfully finished Verilog frontend.

15.44.2. Executing Verilog-2005 frontend: /usr/bin/../share/yosys/xilinx/cells_map.v
Parsing Verilog input from `/usr/bin/../share/yosys/xilinx/cells_map.v' to AST representation.
Generating RTLIL representation for module `\$__SHREG_'.
Generating RTLIL representation for module `\$__XILINX_SHREG_'.
Generating RTLIL representation for module `\$__XILINX_MUXF78'.
Successfully finished Verilog frontend.

15.44.3. Continuing TECHMAP pass.
Using template $paramod$c5345dae3caec69010f85e0fefd1531ec6fb50e5\$lut for cells of type $lut.
Using template $paramod$9ae0f136c9ed34a2deb323e9b2a3a520eea61514\$lut for cells of type $lut.
Using template $paramod\$lut\WIDTH=32'00000000000000000000000000000011\LUT=8'00010000 for cells of type $lut.
Using template $paramod$14f974524b5f147582c86c7d4800b3673d5b8bc5\$lut for cells of type $lut.
Using template $paramod$ed12ce48a62ebeae61f2daa04d1d871232818fc6\$lut for cells of type $lut.
Using template $paramod$7bb6a37e65823eeb4b38c370fec30ab082759a14\$lut for cells of type $lut.
Using template $paramod$c362ad8dedc7d166ed978091aca319ab1e81a2d4\$lut for cells of type $lut.
Using template $paramod$436da1ed4df9e383f770e19f097123d7f09097ba\$lut for cells of type $lut.
Using template $paramod\$lut\WIDTH=32'00000000000000000000000000000010\LUT=4'0001 for cells of type $lut.
Using template $paramod$332a399730bfc61adea04021a76b1c4e4030f37d\$lut for cells of type $lut.
Using template $paramod$cffcdcfefee28cb7804202d59fcab831562282d3\$lut for cells of type $lut.
Using template $paramod$56c6fc98268f6966dd23dcb4af9b8f5298fa7ead\$lut for cells of type $lut.
Using template $paramod\$lut\WIDTH=32'00000000000000000000000000000011\LUT=8'01110000 for cells of type $lut.
Using template $paramod\$lut\WIDTH=32'00000000000000000000000000000011\LUT=8'11000101 for cells of type $lut.
Using template $paramod$073287d0e8a51fdbab008fe1a66596972df68c39\$lut for cells of type $lut.
Using template $paramod\$lut\WIDTH=32'00000000000000000000000000000010\LUT=4'0110 for cells of type $lut.
Using template $paramod$1ceefbe25b39a90696b7d7610bbe06eea996e3d7\$lut for cells of type $lut.
Using template $paramod$f4d3c4bd0ff2f650f1be62107bbff0d52f1460a5\$lut for cells of type $lut.
Using template $paramod$3bfc247a5b00cae12bc8dc0f7db236ec7bf51954\$lut for cells of type $lut.
Using template $paramod$f430edf78d0851a368056770966ef6ea21be8583\$lut for cells of type $lut.
Using template $paramod$9197eb4cd461d64d233caa31146820546f7cbf2e\$lut for cells of type $lut.
Using template $paramod$a82ce48e57db11bdeb478ab19883d6e7f01b3721\$lut for cells of type $lut.
Using template $paramod$c13a95cdf6812a01420d60ffc1e122f71e9cd484\$lut for cells of type $lut.
Using template $paramod$2bc4db8bd4fb8d056f72dd182e27de9a154d9eee\$lut for cells of type $lut.
Using template $paramod$8a5f3333716062c2cf7fdd69ebc17a069cd483f0\$lut for cells of type $lut.
Using template $paramod$ee19d45db61acb4c70d938b97483a4ed4b792645\$lut for cells of type $lut.
Using template $paramod$9cf044275e70b6dc34d2f815a6f8ffc23f9694a0\$lut for cells of type $lut.
Using template $paramod$87c5d2a373998fc677477054aaf99209c62dda44\$lut for cells of type $lut.
Using template $paramod$cbb2dfe31d344d3326d567c2ed5a4b2a29f63219\$lut for cells of type $lut.
Using template $paramod$c316b059651a9f508d303706619464199d9cee54\$lut for cells of type $lut.
Using template $paramod$ab54ca5d1432b2a7438dbd0f79077632c22902c3\$lut for cells of type $lut.
Using template $paramod$1b21bfe3f0f701f19b91b9d9f4b2cb25c52e0379\$lut for cells of type $lut.
Using template $paramod$9e79a13a55d249ef0f6436cf8d39a153087ef160\$lut for cells of type $lut.
Using template $paramod$4c64dd4aad3263994c26237de4236278b8177680\$lut for cells of type $lut.
Using template $paramod$bba54c1ef87367812b4c15f4aed5ac70773df775\$lut for cells of type $lut.
Using template $paramod$272652f6c6fbe9a75eff76e45cc7e2788835518b\$lut for cells of type $lut.
Using template $paramod$f7c33dfb883541ef5710c0858bc47602d3b1e00a\$lut for cells of type $lut.
Using template $paramod$b02965b43cd80cada5671b10a4eaf1a943c1f776\$lut for cells of type $lut.
Using template $paramod$fc73d9a1decf1f629db7242dca159a6c7f2ec3f6\$lut for cells of type $lut.
Using template $paramod$91a8cadf08eca79a61330dcd8203500bc9747ad1\$lut for cells of type $lut.
Using template $paramod$4da6fe9957da309dc16b8f31a6b80b19c05c808d\$lut for cells of type $lut.
Using template $paramod$8ec342753594b0e738bb9c1a4f9f00bd04dcaa4b\$lut for cells of type $lut.
Using template $paramod\$lut\WIDTH=32'00000000000000000000000000000011\LUT=8'01000000 for cells of type $lut.
Using template $paramod$5a7da99bb65559202c2505e23a1f99fa8f6e7d46\$lut for cells of type $lut.
Using template $paramod$7537da95c27d81fcfcefbe22389a13c72d70ca1f\$lut for cells of type $lut.
Using template $paramod$56310ff701860d13f2863d5da88c08ae3780813d\$lut for cells of type $lut.
Using template $paramod\$lut\WIDTH=32'00000000000000000000000000000010\LUT=4'1110 for cells of type $lut.
Using template $paramod$5a480d1c6aa86bb65afd90acedc6d8b400eb8277\$lut for cells of type $lut.
Using template $paramod$a1bb31485eadae6c88118b1ee5428d966a29054e\$lut for cells of type $lut.
Using template $paramod\$lut\WIDTH=32'00000000000000000000000000000011\LUT=8'00000111 for cells of type $lut.
Using template $paramod$8d0e29fded0cbccd65503e4c4ca0d90987716a5b\$lut for cells of type $lut.
Using template $paramod$8081fa57723493c8517c76ab1ced6689c9d0dffe\$lut for cells of type $lut.
Using template $paramod$262ff813f76f1e4b3f5facb6407d741452e5201b\$lut for cells of type $lut.
Using template $paramod$bf26bf5101b6f2603de87df63483ea4996150b6b\$lut for cells of type $lut.
Using template $paramod$cadb6576e57538873fd831fd47b57c8c5f0836ce\$lut for cells of type $lut.
Using template $paramod\$lut\WIDTH=32'00000000000000000000000000000010\LUT=4'1000 for cells of type $lut.
Using template $paramod\$lut\WIDTH=32'00000000000000000000000000000011\LUT=8'00000001 for cells of type $lut.
Using template $paramod$8adf7fbd410d2cc654c288d5be5f7508ee8809b0\$lut for cells of type $lut.
Using template $paramod\$lut\WIDTH=32'00000000000000000000000000000011\LUT=8'10000000 for cells of type $lut.
Using template $paramod$2c0001bb8124becc337daa71d1f46f20d5a016ab\$lut for cells of type $lut.
Using template $paramod$a914aec1a54430ccef5225f8048a42867e966d84\$lut for cells of type $lut.
Using template $paramod\$lut\WIDTH=32'00000000000000000000000000000011\LUT=8'11001010 for cells of type $lut.
Using template $paramod$7e0de11e2da5e37aa0dd2092b974d3fb64fe9100\$lut for cells of type $lut.
Using template $paramod$c29bdcec03bf3f09c4180d473d691444a1d1e15d\$lut for cells of type $lut.
Using template $paramod$ddc6f4fe74ed36832c5cee6594285c38523f3d9c\$lut for cells of type $lut.
Using template $paramod$8b24407096beec47292ddeb1567a058197a320b9\$lut for cells of type $lut.
Using template $paramod$671cc410e803a695b8dff8752b11b52368305273\$lut for cells of type $lut.
Using template $paramod\$lut\WIDTH=32'00000000000000000000000000000011\LUT=8'01000111 for cells of type $lut.
Using template $paramod$d1665c77c3adc964f0581b1cadefad61ef28e7b4\$lut for cells of type $lut.
Using template $paramod$9c52d2f0ba0274bd119cc05af7fe5988deff39d1\$lut for cells of type $lut.
Using template $paramod$3940bd230f202502ed9dd6e9562be452d60f57b9\$lut for cells of type $lut.
Using template $paramod$b95b9e8700379056f904a8cf25c650051953f7ff\$lut for cells of type $lut.
Using template $paramod$810bcb8e1b4f911b328e9c8b3dd807e8578436f4\$lut for cells of type $lut.
Using template $paramod$d4214cb3f915aece607f4f9c4c5b99df9a4050a8\$lut for cells of type $lut.
Using template $paramod$36019c682eca1cdf9651c15e96feed17e08ef3d4\$lut for cells of type $lut.
Using template $paramod$bfea2310c2673c70938b8c3203a41846114aa623\$lut for cells of type $lut.
Using template $paramod$e1a7b3ea1dd70465e2a25457d35aa65f1f32e114\$lut for cells of type $lut.
Using template $paramod$faf9bb3152f59d223caf8dc93d1882a4f933d2e4\$lut for cells of type $lut.
Using template $paramod$973818279bc95792902f3c09371fd2407d04a2a5\$lut for cells of type $lut.
Using template $paramod\$lut\WIDTH=32'00000000000000000000000000000011\LUT=8'10110000 for cells of type $lut.
Using template $paramod$e49f6e3576ef1a6d2f58c54414dbb786af8cc869\$lut for cells of type $lut.
Using template $paramod$12704c4d0aaf32242a4351c0462e65706abc7b3a\$lut for cells of type $lut.
Using template $paramod$3ada7c8c7ef0d996d3354de494b6f464cfcb8053\$lut for cells of type $lut.
Using template $paramod$a506d142d44ed7ab04ed8062647d1189a18f30a3\$lut for cells of type $lut.
Using template $paramod$ce3500c25da5392be033f9b6c2c6d3127327d026\$lut for cells of type $lut.
Using template $paramod$01e90c1e82dc87999f6ae3c13360653b0273448f\$lut for cells of type $lut.
Using template $paramod$c1b1e295769db1b6655cd9fa7f1823a266fa6d67\$lut for cells of type $lut.
Using template $paramod$302fcdd7912d7ae96843ab865c0d9e667d911498\$lut for cells of type $lut.
Using template $paramod$014d134d6f06b4acc0927502446276e7e81788d1\$lut for cells of type $lut.
Using template $paramod\$lut\WIDTH=32'00000000000000000000000000000010\LUT=4'1001 for cells of type $lut.
Using template $paramod\$lut\WIDTH=32'00000000000000000000000000000010\LUT=4'0100 for cells of type $lut.
Using template $paramod$5579d9aa701618899b66e2118f307230efa2e3ae\$lut for cells of type $lut.
Using template $paramod\$lut\WIDTH=32'00000000000000000000000000000011\LUT=8'11100000 for cells of type $lut.
Using template $paramod$a193f5affaf86bc14fe086f0d87ba6bcce2653e5\$lut for cells of type $lut.
Using template $paramod$c6364c1c44c01bd533fa2efe3a700455891e44b1\$lut for cells of type $lut.
Using template $paramod$c336f72d09060c9f8734030f982623117744dfdc\$lut for cells of type $lut.
Using template $paramod$e5f53fb2cb3e702c9422ebddd3ba952e5a8f3401\$lut for cells of type $lut.
Using template $paramod$9ca88c7147585883f0cbd00002df5b27d7997991\$lut for cells of type $lut.
Using template $paramod$4633f0cf34af17d5380c624bb5dedfead9ca3929\$lut for cells of type $lut.
Using template $paramod$51307cdec77060d17363ea3d60427c9afef1ddc2\$lut for cells of type $lut.
Using template $paramod$38f9bf4dd2329347b8471f0a98443dd323386889\$lut for cells of type $lut.
Using template $paramod$e2afc64a2b9610097adf17d335069872a5e0ffce\$lut for cells of type $lut.
Using template $paramod$d2ef43814113ff73f9ebc73be6b7b228fcced45d\$lut for cells of type $lut.
Using template $paramod$bffd3599bc06d3a587db3471d068fe12d3a4e714\$lut for cells of type $lut.
Using template $paramod$0d0da5eae71af558baf64649afbc2b05cdf5bb42\$lut for cells of type $lut.
Using template $paramod$9f0b7b73906cd4da99a3efc4a1ae90e62d729896\$lut for cells of type $lut.
Using template $paramod\$lut\WIDTH=32'00000000000000000000000000000011\LUT=8'11000100 for cells of type $lut.
Using template $paramod$33e58adf67c6b686a154c9ce8ebbc4b04b8cabc5\$lut for cells of type $lut.
Using template $paramod$571404c0889eaf57f492cb5e37f8acb5df5852f9\$lut for cells of type $lut.
Using template $paramod$8b09f347504cfc0d3d65fbb4601497936543b1b3\$lut for cells of type $lut.
Using template $paramod$a365a9794366930efc2828f4643f5e5948b96490\$lut for cells of type $lut.
Using template $paramod$99a2a175d178a040bb1ffceb53184fb0f59423c6\$lut for cells of type $lut.
Using template $paramod$edeefa75a073ab4ba97ba3187d883a0ba77290d0\$lut for cells of type $lut.
Using template $paramod$23716aa09ed3bf61ffdd7599ca5941804cdab3ca\$lut for cells of type $lut.
Using template $paramod$54873f1425187f1db13e7f6ab82331adc732aaf0\$lut for cells of type $lut.
Using template $paramod$a547ebbcb936a0942e18c1762283837f76f0003a\$lut for cells of type $lut.
Using template $paramod$c7fe5b42dfef201b6f7027bb7715f8c06a63472d\$lut for cells of type $lut.
Using template $paramod$ea88a06962d1884df863d9765f42571fd11bcb32\$lut for cells of type $lut.
Using template $paramod$f7e99b1fa717bd920bd60b4244e5c6659c1f7e64\$lut for cells of type $lut.
Using template $paramod\$lut\WIDTH=32'00000000000000000000000000000011\LUT=8'01001111 for cells of type $lut.
Using template $paramod\$lut\WIDTH=32'00000000000000000000000000000011\LUT=8'00110101 for cells of type $lut.
Using template $paramod$b4f85a6321a00b090afc4e21d68e7b99eb94d149\$lut for cells of type $lut.
Using template $paramod$0ed9744581a8291a339f5332747b6885afab5ad2\$lut for cells of type $lut.
Using template $paramod$fceec73bb8fcae56624653948721dd4b1c897807\$lut for cells of type $lut.
Using template $paramod$bfe2e8b305fae40124c0953dadd1f0f28fcde140\$lut for cells of type $lut.
Using template $paramod$243bf4a95c1083bd13efbda5d54bf4278f79881f\$lut for cells of type $lut.
Using template $paramod$6905e93d4e13716ed5f7affe6fa998ed716bfa17\$lut for cells of type $lut.
Using template $paramod$0b3e080007c986aaa2bfbd023aa18519f5bc22a6\$lut for cells of type $lut.
Using template $paramod$e8a3ce114d3a18f921b0de32613844642ff7c3bf\$lut for cells of type $lut.
Using template $paramod\$lut\WIDTH=32'00000000000000000000000000000010\LUT=4'1011 for cells of type $lut.
Using template $paramod$882c5af20b06b55549019f1508070524b76324f6\$lut for cells of type $lut.
Using template $paramod$1f667af01d5a199b9cd54bb98287bb421a30a848\$lut for cells of type $lut.
Using template $paramod$c4bd073181d5bf0f62839ffee582884a591b249d\$lut for cells of type $lut.
Using template $paramod$f72da89b0ffd26e3d947c8ad5e956f41c1b058ba\$lut for cells of type $lut.
Using template $paramod$6aafe2247883c58bccfb95f411f54fe47d6cecde\$lut for cells of type $lut.
Using template $paramod$f3e1547c4b47e64c590e75cf09078b2507c8cc75\$lut for cells of type $lut.
Using template $paramod$244f30686205451e8f8ab71f461067c9de71b9da\$lut for cells of type $lut.
Using template $paramod$7c5467c588dea5fdc150a56ee1a2774d2502e751\$lut for cells of type $lut.
Using template $paramod$eeed37ce45abdda29d3e180f2d1dfc0c4c376530\$lut for cells of type $lut.
Using template $paramod$50102072ba4a00114b2d8992a606d093a2112d6a\$lut for cells of type $lut.
Using template $paramod$6d6beead1425af15cf78b27fd9b11b41b5d4bce8\$lut for cells of type $lut.
Using template $paramod\$lut\WIDTH=32'00000000000000000000000000000001\LUT=2'01 for cells of type $lut.
Using template $paramod$265a2f0fe0a7434c7219f49749814b2b552be0a0\$lut for cells of type $lut.
Using template $paramod$7c5ae0c05d97404e8db9a2586c13db8761561f51\$lut for cells of type $lut.
Using template $paramod$eba683fa74aca3337bc1b85f2557a227c206120d\$lut for cells of type $lut.
Using template $paramod$9a61ff9f22870931c9f62a4f39c8904c74fbbd16\$lut for cells of type $lut.
Using template $paramod$56ef702454e0a023a5d2444d2613f38ff7a20d63\$lut for cells of type $lut.
Using template $paramod\$lut\WIDTH=32'00000000000000000000000000000011\LUT=8'00001000 for cells of type $lut.
Using template $paramod$766040e6e1ba74292704a60b55e7c5d876e06ca8\$lut for cells of type $lut.
Using template $paramod$351f126f5adad5a5ce642fb2cd3dfab21d802242\$lut for cells of type $lut.
Using template $paramod$c6932d0419018208e5384761d78f0ead9bcc772f\$lut for cells of type $lut.
Using template $paramod$e84cbadb272cf6e7c0969270fa68324ae967d086\$lut for cells of type $lut.
Using template $paramod$5e9c4b1613735a72235dca26f6ecd919bedd5892\$lut for cells of type $lut.
Using template $paramod$b782fabc2eb318148692051f7a2fc0154dc358e0\$lut for cells of type $lut.
Using template $paramod$2d3ba667e1bb663616320ee027494ac84a318704\$lut for cells of type $lut.
Using template $paramod$8e61050488e92b6589d433b68edae6845980a59b\$lut for cells of type $lut.
Using template $paramod$82994b3730f7680a3409e24b12d205524bbd0b86\$lut for cells of type $lut.
Using template $paramod$2770f985d143d31c82b14e6d92f220353c1159b2\$lut for cells of type $lut.
Using template $paramod$6fcdeeb94d373d64e546b38603a3d359a912c969\$lut for cells of type $lut.
Using template $paramod$048d4aa2263b685fba6c6b0d38f6224df0dc3042\$lut for cells of type $lut.
Using template $paramod$8f2081800037373eaa2b0c4387a59a08db58e51f\$lut for cells of type $lut.
Using template $paramod$1a6b6d4a5c7e6ac07ca0829a62d8e6eb00d1fc58\$lut for cells of type $lut.
Using template $paramod$4952cf500107bf3ebaab31635837d676956ee4fe\$lut for cells of type $lut.
Using template $paramod$e6c9ad94986bc86afe165f318af89e6b660a15d7\$lut for cells of type $lut.
Using template $paramod$487783ad5646425196a260db449f1139da12d39c\$lut for cells of type $lut.
Using template $paramod$77d128f8a7b591199310617358210673f74bd8a4\$lut for cells of type $lut.
Using template $paramod$c8b1bd77e845501bf5072986904c6f05a0c6e551\$lut for cells of type $lut.
Using template $paramod$0f462d30e97e3a95497ed3ed4c5670bec4507088\$lut for cells of type $lut.
Using template $paramod$41baccd50e8f6b0eb85b498721194c82ca33d19d\$lut for cells of type $lut.
Using template $paramod$f29ef1e095f9973e79799d2466cf6e87741d06b1\$lut for cells of type $lut.
Using template $paramod$3ed07decd17861c83716780ce094af4c774098c9\$lut for cells of type $lut.
Using template $paramod$d63352cd2aea3ef94d9e716a6e660e9ffdceefd3\$lut for cells of type $lut.
Using template $paramod$e856f6af4132f2ee9d4980afecb67ed58ab1c46f\$lut for cells of type $lut.
Using template $paramod$6ecd2792c80416c30c70fa50354e3928fb6c54af\$lut for cells of type $lut.
Using template $paramod$1ef0d761a226c97495e9492e91683bc8bc6a6a4d\$lut for cells of type $lut.
Using template $paramod$403e5f7fe5b72bc921fbe84f195421d1996766ca\$lut for cells of type $lut.
Using template $paramod$8be6f484c2e284936c20ea53b175812488fdd0ad\$lut for cells of type $lut.
Using template $paramod$7b3ecd43fce82659cb83e29661c635b1c1923418\$lut for cells of type $lut.
Using template $paramod$3a76b5d76f9b1008bf8cb3025101e089fa48e4c4\$lut for cells of type $lut.
Using template $paramod$2e5f5f6dc235f52ed66c99010db19ef7c8d53adc\$lut for cells of type $lut.
Using template $paramod$0af79956872b5242cc8829c66e9570806ba808ce\$lut for cells of type $lut.
Using template $paramod$e2d7d81f22c740b135ab7b68fb13f73e854e918d\$lut for cells of type $lut.
Using template $paramod$0df5f80779562344224a18b5c4114d465065733d\$lut for cells of type $lut.
Using template $paramod$8c63a579d6c96a1e042127a5000d882ceac95532\$lut for cells of type $lut.
Using template $paramod$f38b7f7299c2efc242a2a1cae2331d30d5d02cdd\$lut for cells of type $lut.
Using template $paramod$47b7cef0415baf28a5b55386e2c37288bfbeabd7\$lut for cells of type $lut.
Using template $paramod$e641c10edc15249a0f594f73750dc200eb8cdd39\$lut for cells of type $lut.
Using template $paramod$c82f17fa6455972d6f3b87804d9b0c53a0d1f4dc\$lut for cells of type $lut.
Using template $paramod$212c8ca3b8d909184bef47347e8a8d86faa0bcf6\$lut for cells of type $lut.
Using template $paramod$891e76347cfefe738978394f6982e214e5561ae9\$lut for cells of type $lut.
Using template $paramod$e5d6ed8f8758b7d6768aedc8d2958a7b66bd2a1f\$lut for cells of type $lut.
Using template $paramod$cc615e96d0b61e339413f35950820e8e51bc5702\$lut for cells of type $lut.
Using template $paramod$21258e4f137fd0b5b0eaf41c5b0d170364c0ec37\$lut for cells of type $lut.
Using template $paramod\$lut\WIDTH=32'00000000000000000000000000000011\LUT=8'10001111 for cells of type $lut.
Using template $paramod$09f2d459661e81f7c8aadf2da8c62a2aa0b680f8\$lut for cells of type $lut.
Using template $paramod$f301c49891a55fcb26d573609afa178b764cb9b3\$lut for cells of type $lut.
Using template $paramod$ea4af401b3e88df16c9bc91ab446d333325f99ae\$lut for cells of type $lut.
Using template $paramod$93e8cfce3aaba3117238a924c80282ad28a7f389\$lut for cells of type $lut.
Using template $paramod$c8e3ec3ef80a17406df2ac36ee8f5d050893015a\$lut for cells of type $lut.
Using template $paramod$0589adde083a5311b245343a0c4670b1c2f04ed4\$lut for cells of type $lut.
Using template $paramod$579adcb1933ff0f3a0ae340044de04e1f03651f4\$lut for cells of type $lut.
Using template $paramod$b9f94681c5ed2d2bd91611218d5a834f4441d617\$lut for cells of type $lut.
Using template $paramod$83b52864f128d196bcf03d0f484234bc72255a0a\$lut for cells of type $lut.
Using template $paramod$4e5e23136131135366f9dbe47f1d34c6e2e83166\$lut for cells of type $lut.
Using template $paramod\$lut\WIDTH=32'00000000000000000000000000000011\LUT=8'01100000 for cells of type $lut.
Using template $paramod$06413d73861152719084c03da4066d17165287ff\$lut for cells of type $lut.
Using template $paramod$ecffb272ddb5b14b6688374723748bd56fed7ee4\$lut for cells of type $lut.
Using template $paramod$c1bebfd70dd39ad345d63b1c86930f52dc92584a\$lut for cells of type $lut.
Using template $paramod$66d914203f8e7d43fde3543445710a265e6c8c76\$lut for cells of type $lut.
Using template $paramod$c38f735811f5ffff11388b22465e3c15edfc1ee0\$lut for cells of type $lut.
Using template $paramod$1f1c2285d3199e0f5231afa4adf5ed82133f9995\$lut for cells of type $lut.
Using template $paramod$4c56ce012fd155726eab154035827ede15ec2bb0\$lut for cells of type $lut.
Using template $paramod$bc8ffd362d55a229e3a821c1f13ebaa47bf2003b\$lut for cells of type $lut.
Using template $paramod$94ac66a11090dca84889e55fcf03297912a5b7ec\$lut for cells of type $lut.
Using template $paramod$0b26e6f0e70b4d9c5ffd19dc6a5d52fa692dc97a\$lut for cells of type $lut.
Using template $paramod$aaa7dd374bef581c299b959fed97297963af5030\$lut for cells of type $lut.
Using template $paramod$478e33feeac3aa53ff57d491aada044b8aedceae\$lut for cells of type $lut.
Using template $paramod$f825c4ff5e64218961159f03db9347435c750499\$lut for cells of type $lut.
Using template $paramod$6ee88e2b54b67919a552e338d86100c707d55806\$lut for cells of type $lut.
Using template $paramod$b1474fa771bb3a9e10bb3d17c4bb34381840190c\$lut for cells of type $lut.
Using template $paramod$df5ded58988e26a4eb3cbe879f886465cfb89b51\$lut for cells of type $lut.
Using template $paramod$3ee15c3cf04942f85b77b77dbeb37bf207c0f5c6\$lut for cells of type $lut.
Using template $paramod$2c8565284ebfe1e0df11db3e48ba79bffe23a225\$lut for cells of type $lut.
Using template $paramod\$lut\WIDTH=32'00000000000000000000000000000011\LUT=8'11010000 for cells of type $lut.
Using template $paramod$5a60a2ac5fa0ff621c08e76879e9692734937783\$lut for cells of type $lut.
Using template $paramod$d2c65720daeafc84186d9e49da67cdb529403f49\$lut for cells of type $lut.
Using template $paramod$2602a61299b87cb5bbab2305d293da0a24d406a5\$lut for cells of type $lut.
Using template $paramod$235b89f3ce042a36691b8e4eab5f542f000786d7\$lut for cells of type $lut.
Using template $paramod$c471af5667a682bd131a5b479e58e470d1b2b7cd\$lut for cells of type $lut.
Using template $paramod$f54c0ffd7b041ca43eac7710ab19c0666d826c22\$lut for cells of type $lut.
Using template $paramod$e4d6dd5b15df84fcbc6efa2398032b7ffafaafcb\$lut for cells of type $lut.
Using template $paramod$1bf63890fffcb1afc6a082aebd62e99fafbe9efb\$lut for cells of type $lut.
Using template $paramod$9b00b0f69f4f73ed49b0d3c19cedf384dc8d723f\$lut for cells of type $lut.
Using template $paramod$be60141055d534b77c77e105a57ced1798c31548\$lut for cells of type $lut.
Using template $paramod\$lut\WIDTH=32'00000000000000000000000000000011\LUT=8'11110100 for cells of type $lut.
Using template $paramod$450e31d394330e231f90018222347b383cc9cf17\$lut for cells of type $lut.
Using template $paramod$b51d1cc58e0ecd23dbd98e65fa52eba42bde7935\$lut for cells of type $lut.
Using template $paramod$b30b59a05319b3503b3f46133c0dac29eec125ca\$lut for cells of type $lut.
Using template $paramod$1361a92e662955a6d8cf2257a0d4d374ed57f5ed\$lut for cells of type $lut.
Using template $paramod$57f80d03c7614ed18c2728e741133fe08383c69b\$lut for cells of type $lut.
Using template $paramod$fa46e051d52b618a234fe096ceb1a5c35ff974c9\$lut for cells of type $lut.
Using template $paramod$17b39197fe9ca5c29551aaf13b1516045332eb9a\$lut for cells of type $lut.
Using template $paramod$9215ac92bac107ca60bd4fa8b17b542ee928d2a9\$lut for cells of type $lut.
Using template $paramod$598ee3529fe2196e41f5111281918c270d0ad752\$lut for cells of type $lut.
Using template $paramod$c315fd171a22ad0b563d890e3adda172ea240769\$lut for cells of type $lut.
Using template $paramod$8f6666db9c1b834c4e7e48e5cc2a545ef90ef85d\$lut for cells of type $lut.
Using template $paramod$a2b4ddfa3906001b2ef9f2414d79c3048f2a3a6e\$lut for cells of type $lut.
Using template $paramod$59e75a61b2e4a983c96d8aa2f40028bf6469834d\$lut for cells of type $lut.
Using template $paramod$ede3ec7ca66f4b0d81af050565e7400b28750263\$lut for cells of type $lut.
Using template $paramod$3821cce40a4eb9093b6f4c72198dea972a778a30\$lut for cells of type $lut.
Using template $paramod$70e21134c33136364bbfe44a290eec91993001c0\$lut for cells of type $lut.
Using template $paramod$c90fb89acbfaf2a1d4bcf947d8fbda2e99f7ebf5\$lut for cells of type $lut.
Using template $paramod$692927e279b3d5c42ee4aacb287247c0b34943ed\$lut for cells of type $lut.
Using template $paramod$df0cd37173347e3686d73edc7676056497f725c4\$lut for cells of type $lut.
Using template $paramod$d116ac83284bb54c6cd1aca298654bfcac7c1656\$lut for cells of type $lut.
Using template $paramod$7b6919999bd85b4923b85666b3a7163fa2f09c64\$lut for cells of type $lut.
Using template $paramod$6ac63e260ac9358393ce55a25a74c7e990c673c3\$lut for cells of type $lut.
Using template $paramod$89d1fa7ed7005293c3938b1e65522a2a173bdad8\$lut for cells of type $lut.
Using template $paramod$87112c7d511269df645aa80f0e41752d7498bc47\$lut for cells of type $lut.
Using template $paramod$3620ec2b60d88a714ed652739fc8dbc54cb6788b\$lut for cells of type $lut.
Using template $paramod$1a805f972a1fefa4356829453ef67f358d2a0242\$lut for cells of type $lut.
Using template $paramod$c8aa9d2153e3729bf51c0f7c3f61873bc4859d36\$lut for cells of type $lut.
Using template $paramod$a5763bf6276dba640667d9b925e2f79f0771d14c\$lut for cells of type $lut.
Using template $paramod$91c0f3082ed88844ca5e888662a77171edff98d2\$lut for cells of type $lut.
Using template $paramod$c64b7517fc2f663fc967e3272ed8f33ff1184910\$lut for cells of type $lut.
Using template $paramod$8f81f0c38ae541f955ad17f9f86b131d06265ffa\$lut for cells of type $lut.
Using template $paramod$0c50c3df7c107add21f29b244c2358194330c44d\$lut for cells of type $lut.
Using template $paramod$5f66aba5fdf9d9932fbddcbbea971f9e47eb4f12\$lut for cells of type $lut.
Using template $paramod$e3a48d0c91deb1e51f5a86bde7ba7f3e9af856eb\$lut for cells of type $lut.
Using template $paramod$0e0b568085824e9f7841013be5e14325b4e154e1\$lut for cells of type $lut.
Using template $paramod$7b4a60ee3124605bc41b96b9410c188d960c09f6\$lut for cells of type $lut.
Using template $paramod$3f0a081b6323bf368241de5b03493094f156ac0a\$lut for cells of type $lut.
Using template $paramod$3a69c37a117546fa4dc248c263d60eeb457c5051\$lut for cells of type $lut.
Using template $paramod$6a9e6a7be18da3b2738a3c440c25aefc246735de\$lut for cells of type $lut.
Using template $paramod$74e986a1d90ef8b5285226bfa988939e586989c7\$lut for cells of type $lut.
Using template $paramod$54561af07702a4cea373c888a888edc3a9a830e5\$lut for cells of type $lut.
Using template $paramod$afa5cc7ea02a0d78eb9b9c5845e7d58bfc9b0205\$lut for cells of type $lut.
Using template $paramod$b0f17191da3896586b83192690978dbdaea2db09\$lut for cells of type $lut.
Using template $paramod$091c39a92bf746b2aa7ab8b3e739fa60649279ed\$lut for cells of type $lut.
Using template $paramod$e5b56667971ffe9fb3ed12082ea7e6bf89ca4228\$lut for cells of type $lut.
Using template $paramod$39e38853c8921c84c8b07003e84b9520d10a00af\$lut for cells of type $lut.
Using template $paramod$c56780ede808530dca11f2f94cb045a554545fa7\$lut for cells of type $lut.
Using template $paramod$ea08b6af2790c91033cccd75e3fe00687b3a7933\$lut for cells of type $lut.
Using template $paramod$8298066bbae10d03bc627e9e4eb2084f2856a719\$lut for cells of type $lut.
Using template $paramod$1f1e8436ef1ad14c1e58dad0775b0add26a5ff5c\$lut for cells of type $lut.
Using template $paramod$8f27f19d619fce9120d0530088f4023c846bf382\$lut for cells of type $lut.
Using template $paramod$3c2c41a3dfa511b9d0c6ddbf4ddb8fe22bb4f3cf\$lut for cells of type $lut.
Using template $paramod$c7eead356f35a01992f85ffd32f00ceff3a4c62d\$lut for cells of type $lut.
Using template $paramod$9673ede40b01065da7512cec9b0f614a2d0531fd\$lut for cells of type $lut.
Using template $paramod$936fdfe5b8f023f6232c21b0b4a9df67eb322c90\$lut for cells of type $lut.
Using template $paramod$b297011e7a66dff202a52d8611f8ffa35ab96c6e\$lut for cells of type $lut.
Using template $paramod$81fd824bad60848b723f6df485c6c7be613adf93\$lut for cells of type $lut.
Using template $paramod$12739e28114222ac7821b0167131636706fffd51\$lut for cells of type $lut.
Using template $paramod$b06b86e33e9a40527551cc91a74729442ab35476\$lut for cells of type $lut.
Using template $paramod$60f2748aedb1ea7dcf33538799e70736044c1afd\$lut for cells of type $lut.
Using template $paramod$5f7ffcf185ed761ba0cfe54455dacda8504cf03f\$lut for cells of type $lut.
Using template $paramod$9ecb767afcd61fd7c6f9363e925732d507804eda\$lut for cells of type $lut.
Using template $paramod$a236d16e1adbd16a4d3edd3b482a9f5a1a3bb8ba\$lut for cells of type $lut.
Using template $paramod$e71acd1fd0d505c5322a040014ca4f2fbd36a053\$lut for cells of type $lut.
Using template $paramod$ddb7bd53ef53424454c6493613bcb98c619f5dfd\$lut for cells of type $lut.
Using template $paramod$1e8ca451634e7836d0bf98c7f8aa2c5a8c112aa4\$lut for cells of type $lut.
Using template $paramod$ca031407765df0bb652753cfcd7ba4ab0b14d340\$lut for cells of type $lut.
Using template $paramod$d603f4de03a7f2489edb0b3a9222f3a8028b8a2e\$lut for cells of type $lut.
Using template $paramod$18705a3d35bb9f76b880679101323968add53d4a\$lut for cells of type $lut.
Using template $paramod$ae00f74ab857b8acc032073a923dceede02faabb\$lut for cells of type $lut.
Using template $paramod$789944ba4f0e1a91c79910ea4e32fafcdf23278b\$lut for cells of type $lut.
Using template $paramod$8f9df5f78689253601ffce03bdf088e63e08b4e7\$lut for cells of type $lut.
Using template $paramod$3da59ea77224f93a44feffa3f2018db8b6b8da20\$lut for cells of type $lut.
Using template $paramod$944a902563c0f8dd967a1b214484f6afa1f64b6a\$lut for cells of type $lut.
Using template $paramod$ec5ff58565d0f3d5625fdc0f1cf7ad44cd353a04\$lut for cells of type $lut.
Using template $paramod$a60bc11b0ca2e46253f974353e5b37aa426c4670\$lut for cells of type $lut.
Using template $paramod$8b2f01080cf89b9ecb8445b652053846caca15ee\$lut for cells of type $lut.
Using template $paramod$230e597cd2b667f70c6e2144b604fd0e2da53bbf\$lut for cells of type $lut.
Using template $paramod$dd7c713d91f65690889f4afebd55d4158e38314a\$lut for cells of type $lut.
Using template $paramod$5166372f47d6b2739576beb9d7c1a7892a4781b7\$lut for cells of type $lut.
Using template $paramod$c8a55df61bbb33e11fd30e56a4b568e21fc9cccb\$lut for cells of type $lut.
Using template $paramod$bb0438d5b9cb4c74a7b5a2da59f392e4d5d18cf7\$lut for cells of type $lut.
Using template $paramod$4fbf44c0f42865c7a3d53fd5fb88b56173e668c1\$lut for cells of type $lut.
Using template $paramod$43a558b8f0c4e22b7f905a354bbf0299975ca28a\$lut for cells of type $lut.
Using template $paramod$93706bbdb618dfa5bd36c9935853d862b9beeb2c\$lut for cells of type $lut.
Using template $paramod$d062e4f0d96c4f2eeba04fe7c109e2a936524446\$lut for cells of type $lut.
Using template $paramod$b38164476ad2f113cd00c19481030e157045f2b2\$lut for cells of type $lut.
Using template $paramod$1640ae213434643a623502ead453143b98544d5f\$lut for cells of type $lut.
Using template $paramod$f4ee5d3ca71518910b4c5d756fd15cc155e9254b\$lut for cells of type $lut.
Using template $paramod$af8d2ee5e933de0d7c101495f671a25d8016826f\$lut for cells of type $lut.
Using template $paramod$f2c883e4da4df76b661473e913346d81213448a1\$lut for cells of type $lut.
Using template $paramod$a964f8ed466638f11766930007624f9261481a37\$lut for cells of type $lut.
Using template $paramod$95b86b57d923a2799ee64baf7966b3f958748c4e\$lut for cells of type $lut.
Using template $paramod$44d441ebbd70d89c43d177db3665961064bed1ae\$lut for cells of type $lut.
Using template $paramod$5248a06adb4f6c4d0841b56796fce9a51299ba30\$lut for cells of type $lut.
Using template $paramod$d9ced7ea8b9efc4be8df2c745f683ce10e37a95b\$lut for cells of type $lut.
Using template $paramod$5b57a639ea69c1b578b1c2486042f58c885583b7\$lut for cells of type $lut.
Using template $paramod$0918b01e1063fe94ccba997e58b010baebed122d\$lut for cells of type $lut.
Using template $paramod$5d995d09076af286d8f18ade13d21f39283ae38d\$lut for cells of type $lut.
Using template $paramod$05e0f9aaddbba22f859986d22e482ac679895162\$lut for cells of type $lut.
Using template $paramod$55a94c26f3f4504698bcc0c1d7dde1feffd8e844\$lut for cells of type $lut.
Using template $paramod$cc28538162e0a8c8882b44e9d4311b32c9a0e953\$lut for cells of type $lut.
Using template $paramod$40fce473d3ef8ba538a94f5bd77980cef77eecaf\$lut for cells of type $lut.
Using template $paramod$c13b4b932d79e7d4fd40ec84cd45702ad33d206a\$lut for cells of type $lut.
Using template $paramod$d21b3ad522f4da377bf4971c523dadbe0ad4584c\$lut for cells of type $lut.
Using template $paramod$62b10256145614519a107613336c12ff4a78856c\$lut for cells of type $lut.
Using template $paramod$4e057a9d4784142e963ab2ae584280a9d818914a\$lut for cells of type $lut.
Using template $paramod$fb3eb39c554aa570ec66759bd409c7a0bcba2941\$lut for cells of type $lut.
Using template $paramod$acbd34af7a74823d292c3e9c397b03c7c64176e6\$lut for cells of type $lut.
Using template $paramod$c68bfceaedd726f837620827096dadc9583ea4e6\$lut for cells of type $lut.
Using template $paramod$3dd85b95347cd596e37e3b8f0ac739168695084c\$lut for cells of type $lut.
Using template $paramod$b83857a12a880389eaddf372ddc57b8b5e5e18fa\$lut for cells of type $lut.
Using template $paramod$e26dc5407cfd33d4712644e115ee227c64ac7855\$lut for cells of type $lut.
Using template $paramod$89d6d97baa4396c2d08644a0696bb12bcf02b009\$lut for cells of type $lut.
Using template $paramod$ac033a275b87cdb05c637dddd04916794ef20530\$lut for cells of type $lut.
Using template $paramod$8dde6f2fafa18acfc59793d377a7ea3af33db6e9\$lut for cells of type $lut.
Using template $paramod$9ebc900425807e2292927573538e5ee5f28ccd46\$lut for cells of type $lut.
Using template $paramod$102b957b6ad461d77e934b9c2583a1df12683906\$lut for cells of type $lut.
Using template $paramod$f120d03d8cb2e1df5238ed2c7dc144a83a1bf118\$lut for cells of type $lut.
Using template $paramod$1654c6a1744ee26d07818f0f6c3a8c2cb1e39ac9\$lut for cells of type $lut.
Using template $paramod$5d8905045a6fbf8cf1b1587868d3efe72b4e3aff\$lut for cells of type $lut.
Using template $paramod$fb1d4b4d30c29c89fc713b8473faa540b5fa5649\$lut for cells of type $lut.
Using template $paramod$aedbfdcb2b667b461dff118f9baada645f7cf50e\$lut for cells of type $lut.
Using template $paramod$3e29e82c412f37f5b16b7748499671200e9ffdd0\$lut for cells of type $lut.
Using template $paramod$48a766e4ac7711adde4cdb853e7c8599a5a4214f\$lut for cells of type $lut.
Using template $paramod$13353c4d9d5f0de59bd7cae9e89998fdf60fc4ae\$lut for cells of type $lut.
Using template $paramod$1b50331b90b04382b33c15fba4a70fbf2b6549b2\$lut for cells of type $lut.
Using template $paramod$ade401959726e92c6c4a43ec31c3d03a22d7b60a\$lut for cells of type $lut.
Using template $paramod$1fc24f04c9d167ae205e81437168472c81ec935a\$lut for cells of type $lut.
Using template $paramod$987269b61f0caf50ce1e0f5cc79d928dc07a1771\$lut for cells of type $lut.
Using template $paramod$3bdf9ec3253fc40d1d6eb04695898491d79ee029\$lut for cells of type $lut.
Using template $paramod$becfa4be1cbf62cb6d3b232ddcf44f1e574aebf7\$lut for cells of type $lut.
Using template $paramod$edb3531543b66ae85b9b774688160f48da826eb3\$lut for cells of type $lut.
Using template $paramod$6c94a7115169c6d362306570f46ba729db7be88d\$lut for cells of type $lut.
Using template $paramod$2bc6375f5770e54def4a004dc0bd7cef3ddf165d\$lut for cells of type $lut.
Using template $paramod$f301a628026f586903001bd9c754b3b888afc128\$lut for cells of type $lut.
Using template $paramod$ca260995b172aa4c9c5dd2cfd96abcb790c4fdd6\$lut for cells of type $lut.
Using template $paramod$c45576938a9b58d891a9ccf0c10041ea33e86e1d\$lut for cells of type $lut.
Using template $paramod$aeb2059c8d5c16e5c3ffb21d7743bc104508c5c3\$lut for cells of type $lut.
Using template $paramod$b42ae7a75c19da7cc14c6b2821c7740e60241be3\$lut for cells of type $lut.
Using template $paramod$80224914615fb7c9f0b2e109882e87beffcc27cc\$lut for cells of type $lut.
Using template $paramod$34980eaddab882c79049a89ec262e9bbfa3cb6e5\$lut for cells of type $lut.
Using template $paramod$c8091b012966cb2125b40443b60b6dcb18aa84fc\$lut for cells of type $lut.
Using template $paramod$b00911e1d9bff0f8103e6c1a936ccd397928b397\$lut for cells of type $lut.
Using template $paramod$31197fdcc8b35cc8c5bd8802440818149c0a3c28\$lut for cells of type $lut.
Using template $paramod$fe42d55ce3a90c785b064dfc214fd70aa6e1164b\$lut for cells of type $lut.
Using template $paramod$d2b332747f3641ef8f4320090c054882c432d3ff\$lut for cells of type $lut.
Using template $paramod$33ad3407da4607e4f73f92e51f79270c120b4924\$lut for cells of type $lut.
Using template $paramod$52450af668416adf2083384536748ff743356b5a\$lut for cells of type $lut.
Using template $paramod$81ac7fc53bd126843ce9a2c8d3a364541c954ad8\$lut for cells of type $lut.
Using template $paramod$76627dd104685e3b65cf03514e459d654c30ea93\$lut for cells of type $lut.
Using template $paramod$f5cdd2c50ffc7b635233fdbd5baa5c70f6d2e843\$lut for cells of type $lut.
Using template $paramod$dfb7de1320cdb0d4c01c3c2dc2114febc7a300a7\$lut for cells of type $lut.
Using template $paramod$5a8795a45740e309eec459202c027a54dfea63a3\$lut for cells of type $lut.
Using template $paramod$438690ed3fd746c55b706c7f5bd1f839009e9fc8\$lut for cells of type $lut.
Using template $paramod$9188613f9d4d9c3e407b9d6a076a4395465bec3a\$lut for cells of type $lut.
Using template $paramod$ed451f897f88d79e7635bf26a663d2d56d430827\$lut for cells of type $lut.
Using template $paramod$de5b8121e1157627faaafeced3888d52ff0fd35b\$lut for cells of type $lut.
Using template $paramod$3736f9c708886fb32c6e2aa0ec47d7ede8d48e28\$lut for cells of type $lut.
Using template $paramod$0b8ddc2113b543c3bd32c141d76f3e4ea07f4ff5\$lut for cells of type $lut.
Using template $paramod$3893954f3dfb895cbed7cef3e88cd7ecc885bf49\$lut for cells of type $lut.
Using template $paramod$da6c2837f16b977f62971043a28383c616d24bf8\$lut for cells of type $lut.
Using template $paramod$28ee74b998b81446208f4e0c2a263f6240b29f67\$lut for cells of type $lut.
Using template $paramod$62656a60e6ccfb8a73138321e092381f5566ea9c\$lut for cells of type $lut.
Using template $paramod$a29891d6f45a469424974f925bd89a876506ea5a\$lut for cells of type $lut.
Using template $paramod$090057ea865d197dec93edea12082cb70dab9d8f\$lut for cells of type $lut.
Using template $paramod$54e067ecac6fc03b17571be52f8159a9aadc03aa\$lut for cells of type $lut.
Using template $paramod$c8287ea0f2f23eb68534583c7b1b14695de43045\$lut for cells of type $lut.
Using template $paramod$d11220df11224de9408ee4da3d273d2a3e1f1567\$lut for cells of type $lut.
Using template $paramod$552c54a44f22c5fb2e95c58915635f2a2f213caa\$lut for cells of type $lut.
Using template $paramod$c8a62351631a52b464e4492ed52329f6576aaeef\$lut for cells of type $lut.
Using template $paramod$4a4438de0f337a0f7b74485aa4515060381f0576\$lut for cells of type $lut.
Using template $paramod$be0a8feecf72aebad214c9847fa01c12ec936463\$lut for cells of type $lut.
Using template $paramod$11521610215bc99a674c93e7bfd0abcea548963d\$lut for cells of type $lut.
Using template $paramod$0379852ddeba5a97be212fad17d33b1c32b13d75\$lut for cells of type $lut.
Using template $paramod$962fca4723a500be9930d6150f10de7c93dcf61e\$lut for cells of type $lut.
Using template $paramod$1a14f2b6fb516022a6d7387714375dbb70441bca\$lut for cells of type $lut.
Using template $paramod$1dda1792877004a497b16979e2b25085b363216e\$lut for cells of type $lut.
Using template $paramod$e0c8df6a7b5dffc5e86d07b5b8639a3f16c369a6\$lut for cells of type $lut.
Using template $paramod$feddb60fa0ca9725a04f38df979dbc5bbf7cf238\$lut for cells of type $lut.
Using template $paramod$609e5885ea60a39b5435e9a0b9279380a4141328\$lut for cells of type $lut.
Using template $paramod$32a877b64338f507e8001bef5cb66e2aa3ea7eaa\$lut for cells of type $lut.
Using template $paramod$afb9fc6f38d703ae789e7527f19b58783c7ee9a3\$lut for cells of type $lut.
Using template $paramod$b19846ef51b9964dadba1ada32fb04c74dad7903\$lut for cells of type $lut.
Using template $paramod$1b4fc85f37f9d22970023b235dd8b73f90154850\$lut for cells of type $lut.
Using template $paramod$cecf5c99b093768aae3082b4d06c3e04b86888ba\$lut for cells of type $lut.
Using template $paramod$cdf0d21344bc4554ae5c4f2b05d6ec482f8f1fba\$lut for cells of type $lut.
Using template $paramod$f60ae6fa99b9b0aec146ab36263f972b4955deb3\$lut for cells of type $lut.
Using template $paramod$1e524b2e7adc40301a949f6ae2a1d7735f8b15f2\$lut for cells of type $lut.
Using template $paramod$ff92935c3e5d903d87c2c02185826e1751ddf1c8\$lut for cells of type $lut.
Using template $paramod$dfd57607b12cbcfa0282cd45553eece614a60bf8\$lut for cells of type $lut.
No more expansions possible.
<suppressed ~7270 debug messages>

15.45. Executing XILINX_DFFOPT pass (optimize FF control signal usage).
Optimizing FFs in core_single.

15.46. Executing OPT_LUT_INS pass (discard unused LUT inputs).
Optimizing LUTs in core_single.
  Optimizing lut $abc$10750$auto$blifparse.cc:535:parse_blif$11383.genblk1.genblk1.genblk1.genblk1.genblk1.genblk1.genblk1.genblk1.genblk1.genblk1.lut1.genblk1.genblk1.genblk1.genblk1.genblk1.genblk1.genblk1.genblk1.genblk1.lut1 (6 -> 0)
  Optimizing lut $abc$10750$auto$blifparse.cc:535:parse_blif$11091.genblk1.genblk1.genblk1.genblk1.genblk1.genblk1.genblk1.genblk1.genblk1.genblk1.lut0.genblk1.genblk1.genblk1.genblk1.genblk1.genblk1.genblk1.genblk1.genblk1.lut0 (6 -> 3)
  Optimizing lut $abc$10750$auto$blifparse.cc:535:parse_blif$11395.genblk1.genblk1.genblk1.genblk1.genblk1.genblk1.genblk1.genblk1.genblk1.lut0 (6 -> 0)
  Optimizing lut $abc$10750$auto$blifparse.cc:535:parse_blif$11054.genblk1.genblk1.genblk1.genblk1.genblk1.genblk1.genblk1.genblk1.genblk1.genblk1.lut0.genblk1.genblk1.genblk1.genblk1.genblk1.genblk1.genblk1.genblk1.genblk1.lut1 (6 -> 0)
  Optimizing lut $abc$10750$auto$blifparse.cc:535:parse_blif$11111.genblk1.genblk1.genblk1.genblk1.genblk1.genblk1.genblk1.genblk1.genblk1.genblk1.lut0.genblk1.genblk1.genblk1.genblk1.genblk1.genblk1.genblk1.genblk1.genblk1.lut0 (6 -> 0)
  Optimizing lut $abc$10750$auto$blifparse.cc:535:parse_blif$11183.genblk1.genblk1.genblk1.genblk1.genblk1.genblk1.genblk1.genblk1.genblk1.genblk1.lut1.genblk1.genblk1.genblk1.genblk1.genblk1.genblk1.genblk1.genblk1.genblk1.lut0 (6 -> 4)
  Optimizing lut $abc$10750$auto$blifparse.cc:535:parse_blif$11180.genblk1.genblk1.genblk1.genblk1.genblk1.genblk1.genblk1.genblk1.genblk1.lut0 (6 -> 4)
  Optimizing lut $abc$10750$auto$blifparse.cc:535:parse_blif$11018.genblk1.genblk1.genblk1.genblk1.genblk1.genblk1.genblk1.genblk1.genblk1.genblk1.lut1.genblk1.genblk1.genblk1.genblk1.genblk1.genblk1.genblk1.genblk1.genblk1.lut0 (6 -> 3)
  Optimizing lut $abc$10750$auto$blifparse.cc:535:parse_blif$11181.genblk1.genblk1.genblk1.genblk1.genblk1.genblk1.genblk1.genblk1.genblk1.genblk1.lut0.genblk1.genblk1.genblk1.genblk1.genblk1.genblk1.genblk1.genblk1.genblk1.lut0 (6 -> 0)
  Optimizing lut $abc$10750$auto$blifparse.cc:535:parse_blif$11259.genblk1.genblk1.genblk1.genblk1.genblk1.genblk1.genblk1.genblk1.genblk1.genblk1.lut0.genblk1.genblk1.genblk1.genblk1.genblk1.genblk1.genblk1.genblk1.genblk1.lut1 (6 -> 5)
  Optimizing lut $abc$10750$auto$blifparse.cc:535:parse_blif$11051.genblk1.genblk1.genblk1.genblk1.genblk1.genblk1.genblk1.genblk1.genblk1.genblk1.lut1.genblk1.genblk1.genblk1.genblk1.genblk1.genblk1.genblk1.genblk1.genblk1.lut0 (6 -> 3)
  Optimizing lut $abc$10750$auto$blifparse.cc:535:parse_blif$11179.genblk1.genblk1.genblk1.genblk1.genblk1.genblk1.genblk1.genblk1.genblk1.genblk1.lut0.genblk1.genblk1.genblk1.genblk1.genblk1.genblk1.genblk1.genblk1.genblk1.lut0 (6 -> 0)
  Optimizing lut $abc$10750$auto$blifparse.cc:535:parse_blif$11207.genblk1.genblk1.genblk1.genblk1.genblk1.genblk1.genblk1.genblk1.genblk1.genblk1.lut1.genblk1.genblk1.genblk1.genblk1.genblk1.genblk1.genblk1.genblk1.genblk1.lut0 (6 -> 3)
  Optimizing lut $abc$10750$auto$blifparse.cc:535:parse_blif$11032.genblk1.genblk1.genblk1.genblk1.genblk1.genblk1.genblk1.genblk1.genblk1.genblk1.lut0.genblk1.genblk1.genblk1.genblk1.genblk1.genblk1.genblk1.genblk1.genblk1.lut1 (6 -> 3)
  Optimizing lut $abc$10750$auto$blifparse.cc:535:parse_blif$11131.genblk1.genblk1.genblk1.genblk1.genblk1.genblk1.genblk1.genblk1.genblk1.genblk1.lut0.genblk1.genblk1.genblk1.genblk1.genblk1.genblk1.genblk1.genblk1.genblk1.lut0 (6 -> 4)
  Optimizing lut $abc$10750$auto$blifparse.cc:535:parse_blif$11057.genblk1.genblk1.genblk1.genblk1.genblk1.genblk1.genblk1.genblk1.genblk1.genblk1.lut0.genblk1.genblk1.genblk1.genblk1.genblk1.genblk1.genblk1.genblk1.genblk1.lut1 (6 -> 3)
  Optimizing lut $abc$10750$auto$blifparse.cc:535:parse_blif$11196.genblk1.genblk1.genblk1.genblk1.genblk1.genblk1.genblk1.genblk1.genblk1.genblk1.lut0.genblk1.genblk1.genblk1.genblk1.genblk1.genblk1.genblk1.genblk1.genblk1.lut1 (6 -> 3)
  Optimizing lut $abc$10750$auto$blifparse.cc:535:parse_blif$11206.genblk1.genblk1.genblk1.genblk1.genblk1.genblk1.genblk1.genblk1.genblk1.genblk1.lut1.genblk1.genblk1.genblk1.genblk1.genblk1.genblk1.genblk1.genblk1.genblk1.lut1 (6 -> 4)
  Optimizing lut $abc$10750$auto$blifparse.cc:535:parse_blif$11179.genblk1.genblk1.genblk1.genblk1.genblk1.genblk1.genblk1.genblk1.genblk1.genblk1.lut1.genblk1.genblk1.genblk1.genblk1.genblk1.genblk1.genblk1.genblk1.genblk1.lut1 (6 -> 2)
  Optimizing lut $abc$10750$auto$blifparse.cc:535:parse_blif$10842.genblk1.genblk1.genblk1.genblk1.genblk1.genblk1.genblk1.genblk1.genblk1.lut0 (6 -> 0)
  Optimizing lut $abc$10750$auto$blifparse.cc:535:parse_blif$11090.genblk1.genblk1.genblk1.genblk1.genblk1.genblk1.genblk1.genblk1.genblk1.genblk1.lut1.genblk1.genblk1.genblk1.genblk1.genblk1.genblk1.genblk1.genblk1.genblk1.lut1 (6 -> 3)
  Optimizing lut $abc$10750$auto$blifparse.cc:535:parse_blif$10891.genblk1.genblk1.genblk1.genblk1.genblk1.genblk1.genblk1.genblk1.genblk1.lut0 (6 -> 3)
  Optimizing lut $abc$10750$auto$blifparse.cc:535:parse_blif$10857.genblk1.genblk1.genblk1.genblk1.genblk1.genblk1.genblk1.genblk1.genblk1.genblk1.lut0.genblk1.genblk1.genblk1.genblk1.genblk1.genblk1.genblk1.genblk1.genblk1.lut0 (6 -> 0)
  Optimizing lut $abc$10750$auto$blifparse.cc:535:parse_blif$10881.genblk1.genblk1.genblk1.genblk1.genblk1.genblk1.genblk1.genblk1.genblk1.genblk1.lut1.genblk1.genblk1.genblk1.genblk1.genblk1.genblk1.genblk1.genblk1.genblk1.lut1 (6 -> 5)
  Optimizing lut $abc$10750$auto$blifparse.cc:535:parse_blif$11144.genblk1.genblk1.genblk1.genblk1.genblk1.genblk1.genblk1.genblk1.genblk1.genblk1.lut0.genblk1.genblk1.genblk1.genblk1.genblk1.genblk1.genblk1.genblk1.genblk1.lut0 (6 -> 4)
  Optimizing lut $abc$10750$auto$blifparse.cc:535:parse_blif$11144.genblk1.genblk1.genblk1.genblk1.genblk1.genblk1.genblk1.genblk1.genblk1.genblk1.lut1.genblk1.genblk1.genblk1.genblk1.genblk1.genblk1.genblk1.genblk1.genblk1.lut0 (6 -> 4)
  Optimizing lut $abc$10750$auto$blifparse.cc:535:parse_blif$11119.genblk1.genblk1.genblk1.genblk1.genblk1.genblk1.genblk1.genblk1.genblk1.genblk1.lut1.genblk1.genblk1.genblk1.genblk1.genblk1.genblk1.genblk1.genblk1.genblk1.lut0 (6 -> 2)
  Optimizing lut $abc$10750$auto$blifparse.cc:535:parse_blif$11052.genblk1.genblk1.genblk1.genblk1.genblk1.genblk1.genblk1.genblk1.genblk1.genblk1.lut1.genblk1.genblk1.genblk1.genblk1.genblk1.genblk1.genblk1.genblk1.genblk1.lut1 (6 -> 1)
  Optimizing lut $abc$10750$auto$blifparse.cc:535:parse_blif$11221.genblk1.genblk1.genblk1.genblk1.genblk1.genblk1.genblk1.genblk1.genblk1.genblk1.lut1.genblk1.genblk1.genblk1.genblk1.genblk1.genblk1.genblk1.genblk1.genblk1.lut0 (6 -> 4)
  Optimizing lut $abc$10750$auto$blifparse.cc:535:parse_blif$11105.genblk1.genblk1.genblk1.genblk1.genblk1.genblk1.genblk1.genblk1.genblk1.genblk1.lut1.genblk1.genblk1.genblk1.genblk1.genblk1.genblk1.genblk1.genblk1.genblk1.lut0 (6 -> 0)
  Optimizing lut $abc$10750$auto$blifparse.cc:535:parse_blif$11090.genblk1.genblk1.genblk1.genblk1.genblk1.genblk1.genblk1.genblk1.genblk1.genblk1.lut1.genblk1.genblk1.genblk1.genblk1.genblk1.genblk1.genblk1.genblk1.genblk1.lut0 (6 -> 5)
  Optimizing lut $abc$10750$auto$blifparse.cc:535:parse_blif$11091.genblk1.genblk1.genblk1.genblk1.genblk1.genblk1.genblk1.genblk1.genblk1.genblk1.lut0.genblk1.genblk1.genblk1.genblk1.genblk1.genblk1.genblk1.genblk1.genblk1.lut1 (6 -> 3)
  Optimizing lut $abc$10750$auto$blifparse.cc:535:parse_blif$11127.genblk1.genblk1.genblk1.genblk1.genblk1.genblk1.genblk1.genblk1.genblk1.genblk1.lut1.genblk1.genblk1.genblk1.genblk1.genblk1.genblk1.genblk1.genblk1.genblk1.lut1 (6 -> 0)
  Optimizing lut $abc$10750$auto$blifparse.cc:535:parse_blif$11109.genblk1.genblk1.genblk1.genblk1.genblk1.genblk1.genblk1.genblk1.genblk1.genblk1.lut0.genblk1.genblk1.genblk1.genblk1.genblk1.genblk1.genblk1.genblk1.genblk1.lut0 (6 -> 4)
  Optimizing lut $abc$10750$auto$blifparse.cc:535:parse_blif$11004.genblk1.genblk1.genblk1.genblk1.genblk1.genblk1.genblk1.genblk1.genblk1.genblk1.lut0.genblk1.genblk1.genblk1.genblk1.genblk1.genblk1.genblk1.genblk1.genblk1.lut1 (6 -> 3)
  Optimizing lut $abc$10750$auto$blifparse.cc:535:parse_blif$11222.genblk1.genblk1.genblk1.genblk1.genblk1.genblk1.genblk1.genblk1.genblk1.lut0 (6 -> 0)
  Optimizing lut $abc$10750$auto$blifparse.cc:535:parse_blif$11109.genblk1.genblk1.genblk1.genblk1.genblk1.genblk1.genblk1.genblk1.genblk1.genblk1.lut0.genblk1.genblk1.genblk1.genblk1.genblk1.genblk1.genblk1.genblk1.genblk1.lut1 (6 -> 5)
  Optimizing lut $abc$10750$auto$blifparse.cc:535:parse_blif$11145.genblk1.genblk1.genblk1.genblk1.genblk1.genblk1.genblk1.genblk1.genblk1.lut0 (6 -> 3)
  Optimizing lut $abc$10750$auto$blifparse.cc:535:parse_blif$11039.genblk1.genblk1.genblk1.genblk1.genblk1.genblk1.genblk1.genblk1.genblk1.genblk1.lut1.genblk1.genblk1.genblk1.genblk1.genblk1.genblk1.genblk1.genblk1.genblk1.lut1 (6 -> 1)
  Optimizing lut $abc$10750$auto$blifparse.cc:535:parse_blif$11096.genblk1.genblk1.genblk1.genblk1.genblk1.genblk1.genblk1.genblk1.genblk1.lut0 (6 -> 4)
  Optimizing lut $abc$10750$auto$blifparse.cc:535:parse_blif$11181.genblk1.genblk1.genblk1.genblk1.genblk1.genblk1.genblk1.genblk1.genblk1.genblk1.lut0.genblk1.genblk1.genblk1.genblk1.genblk1.genblk1.genblk1.genblk1.genblk1.lut1 (6 -> 0)
  Optimizing lut $abc$10750$auto$blifparse.cc:535:parse_blif$11259.genblk1.genblk1.genblk1.genblk1.genblk1.genblk1.genblk1.genblk1.genblk1.genblk1.lut0.genblk1.genblk1.genblk1.genblk1.genblk1.genblk1.genblk1.genblk1.genblk1.lut0 (6 -> 4)
  Optimizing lut $abc$10750$auto$blifparse.cc:535:parse_blif$10857.genblk1.genblk1.genblk1.genblk1.genblk1.genblk1.genblk1.genblk1.genblk1.genblk1.lut1.genblk1.genblk1.genblk1.genblk1.genblk1.genblk1.genblk1.genblk1.genblk1.lut0 (6 -> 0)
  Optimizing lut $abc$10750$auto$blifparse.cc:535:parse_blif$11136.genblk1.genblk1.genblk1.genblk1.genblk1.genblk1.genblk1.genblk1.genblk1.lut0 (6 -> 1)
  Optimizing lut $abc$10750$auto$blifparse.cc:535:parse_blif$10812.genblk1.genblk1.genblk1.genblk1.genblk1.genblk1.genblk1.genblk1.genblk1.genblk1.lut1.genblk1.genblk1.genblk1.genblk1.genblk1.genblk1.genblk1.genblk1.genblk1.lut0 (6 -> 0)
  Optimizing lut $abc$10750$auto$blifparse.cc:535:parse_blif$11351.genblk1.genblk1.genblk1.genblk1.genblk1.genblk1.genblk1.genblk1.genblk1.genblk1.lut1.genblk1.genblk1.genblk1.genblk1.genblk1.genblk1.genblk1.genblk1.genblk1.lut1 (6 -> 1)
  Optimizing lut $abc$10750$auto$blifparse.cc:535:parse_blif$11241.genblk1.genblk1.genblk1.genblk1.genblk1.genblk1.genblk1.genblk1.genblk1.genblk1.lut1.genblk1.genblk1.genblk1.genblk1.genblk1.genblk1.genblk1.genblk1.genblk1.lut0 (6 -> 3)
  Optimizing lut $abc$10750$auto$blifparse.cc:535:parse_blif$11029.genblk1.genblk1.genblk1.genblk1.genblk1.genblk1.genblk1.genblk1.genblk1.lut0 (6 -> 3)
  Optimizing lut $abc$10750$auto$blifparse.cc:535:parse_blif$11200.genblk1.genblk1.genblk1.genblk1.genblk1.genblk1.genblk1.genblk1.genblk1.genblk1.lut1.genblk1.genblk1.genblk1.genblk1.genblk1.genblk1.genblk1.genblk1.genblk1.lut0 (6 -> 1)
  Optimizing lut $abc$10750$auto$blifparse.cc:535:parse_blif$11206.genblk1.genblk1.genblk1.genblk1.genblk1.genblk1.genblk1.genblk1.genblk1.genblk1.lut0.genblk1.genblk1.genblk1.genblk1.genblk1.genblk1.genblk1.genblk1.genblk1.lut0 (6 -> 0)
  Optimizing lut $abc$10750$auto$blifparse.cc:535:parse_blif$10982.genblk1.genblk1.genblk1.genblk1.genblk1.genblk1.genblk1.genblk1.genblk1.genblk1.lut1.genblk1.genblk1.genblk1.genblk1.genblk1.genblk1.genblk1.genblk1.genblk1.lut0 (6 -> 3)
  Optimizing lut $abc$10750$auto$blifparse.cc:535:parse_blif$11396.genblk1.genblk1.genblk1.genblk1.genblk1.genblk1.genblk1.genblk1.genblk1.lut1 (6 -> 0)
  Optimizing lut $abc$10750$auto$blifparse.cc:535:parse_blif$10869.genblk1.genblk1.genblk1.genblk1.genblk1.genblk1.genblk1.genblk1.genblk1.genblk1.lut1.genblk1.genblk1.genblk1.genblk1.genblk1.genblk1.genblk1.genblk1.genblk1.lut0 (6 -> 0)
  Optimizing lut $abc$10750$auto$blifparse.cc:535:parse_blif$11164.genblk1.genblk1.genblk1.genblk1.genblk1.genblk1.genblk1.genblk1.genblk1.lut0 (6 -> 1)
  Optimizing lut $abc$10750$auto$blifparse.cc:535:parse_blif$10808.genblk1.genblk1.genblk1.genblk1.genblk1.genblk1.genblk1.genblk1.genblk1.genblk1.lut0.genblk1.genblk1.genblk1.genblk1.genblk1.genblk1.genblk1.genblk1.genblk1.lut0 (6 -> 0)
  Optimizing lut $abc$10750$auto$blifparse.cc:535:parse_blif$11169.genblk1.genblk1.genblk1.genblk1.genblk1.genblk1.genblk1.genblk1.genblk1.genblk1.lut0.genblk1.genblk1.genblk1.genblk1.genblk1.genblk1.genblk1.genblk1.genblk1.lut1 (6 -> 0)
  Optimizing lut $abc$10750$auto$blifparse.cc:535:parse_blif$10808.genblk1.genblk1.genblk1.genblk1.genblk1.genblk1.genblk1.genblk1.genblk1.genblk1.lut1.genblk1.genblk1.genblk1.genblk1.genblk1.genblk1.genblk1.genblk1.genblk1.lut0 (6 -> 0)
  Optimizing lut $abc$10750$auto$blifparse.cc:535:parse_blif$11170.genblk1.genblk1.genblk1.genblk1.genblk1.genblk1.genblk1.genblk1.genblk1.lut0 (6 -> 4)
  Optimizing lut $abc$10750$auto$blifparse.cc:535:parse_blif$11171.genblk1.genblk1.genblk1.genblk1.genblk1.genblk1.genblk1.genblk1.genblk1.lut0 (6 -> 0)
  Optimizing lut $abc$10750$auto$blifparse.cc:535:parse_blif$11173.genblk1.genblk1.genblk1.genblk1.genblk1.genblk1.genblk1.genblk1.genblk1.genblk1.lut1.genblk1.genblk1.genblk1.genblk1.genblk1.genblk1.genblk1.genblk1.genblk1.lut0 (6 -> 4)
  Optimizing lut $abc$10750$auto$blifparse.cc:535:parse_blif$11173.genblk1.genblk1.genblk1.genblk1.genblk1.genblk1.genblk1.genblk1.genblk1.genblk1.lut1.genblk1.genblk1.genblk1.genblk1.genblk1.genblk1.genblk1.genblk1.genblk1.lut1 (6 -> 4)
  Optimizing lut $abc$10750$auto$blifparse.cc:535:parse_blif$10804.genblk1.genblk1.genblk1.genblk1.genblk1.genblk1.genblk1.genblk1.genblk1.genblk1.lut0.genblk1.genblk1.genblk1.genblk1.genblk1.genblk1.genblk1.genblk1.genblk1.lut0 (6 -> 0)
  Optimizing lut $abc$10750$auto$blifparse.cc:535:parse_blif$10804.genblk1.genblk1.genblk1.genblk1.genblk1.genblk1.genblk1.genblk1.genblk1.genblk1.lut1.genblk1.genblk1.genblk1.genblk1.genblk1.genblk1.genblk1.genblk1.genblk1.lut0 (6 -> 0)
  Optimizing lut $abc$10750$auto$blifparse.cc:535:parse_blif$11364.genblk1.genblk1.genblk1.genblk1.genblk1.genblk1.genblk1.genblk1.genblk1.genblk1.lut0.genblk1.genblk1.genblk1.genblk1.genblk1.genblk1.genblk1.genblk1.genblk1.lut0 (6 -> 4)
  Optimizing lut $abc$10750$auto$blifparse.cc:535:parse_blif$11389.genblk1.genblk1.genblk1.genblk1.genblk1.genblk1.genblk1.genblk1.genblk1.genblk1.lut1.genblk1.genblk1.genblk1.genblk1.genblk1.genblk1.genblk1.genblk1.genblk1.lut1 (6 -> 0)
  Optimizing lut $abc$10750$auto$blifparse.cc:535:parse_blif$10979.genblk1.genblk1.genblk1.genblk1.genblk1.genblk1.genblk1.genblk1.genblk1.genblk1.lut1.genblk1.genblk1.genblk1.genblk1.genblk1.genblk1.genblk1.genblk1.genblk1.lut0 (6 -> 3)
  Optimizing lut $abc$10750$auto$blifparse.cc:535:parse_blif$11206.genblk1.genblk1.genblk1.genblk1.genblk1.genblk1.genblk1.genblk1.genblk1.genblk1.lut1.genblk1.genblk1.genblk1.genblk1.genblk1.genblk1.genblk1.genblk1.genblk1.lut0 (6 -> 4)
  Optimizing lut $abc$10750$auto$blifparse.cc:535:parse_blif$10965.genblk1.genblk1.genblk1.genblk1.genblk1.genblk1.genblk1.genblk1.genblk1.genblk1.lut0.genblk1.genblk1.genblk1.genblk1.genblk1.genblk1.genblk1.genblk1.genblk1.lut1 (6 -> 0)
  Optimizing lut $abc$10750$auto$blifparse.cc:535:parse_blif$11370.genblk1.genblk1.genblk1.genblk1.genblk1.genblk1.genblk1.genblk1.genblk1.lut0 (6 -> 0)
  Optimizing lut $abc$10750$auto$blifparse.cc:535:parse_blif$11165.genblk1.genblk1.genblk1.genblk1.genblk1.genblk1.genblk1.genblk1.genblk1.genblk1.lut1.genblk1.genblk1.genblk1.genblk1.genblk1.genblk1.genblk1.genblk1.genblk1.lut1 (6 -> 1)
  Optimizing lut $abc$10750$auto$blifparse.cc:535:parse_blif$11378.genblk1.genblk1.genblk1.genblk1.genblk1.genblk1.genblk1.genblk1.genblk1.genblk1.lut0.genblk1.genblk1.genblk1.genblk1.genblk1.genblk1.genblk1.genblk1.genblk1.lut0 (6 -> 2)
  Optimizing lut $abc$10750$auto$blifparse.cc:535:parse_blif$11281.genblk1.genblk1.genblk1.genblk1.genblk1.genblk1.genblk1.genblk1.genblk1.lut0 (6 -> 0)
  Optimizing lut $abc$10750$auto$blifparse.cc:535:parse_blif$11382.genblk1.genblk1.genblk1.genblk1.genblk1.genblk1.genblk1.genblk1.genblk1.lut0 (6 -> 0)
  Optimizing lut $abc$10750$auto$blifparse.cc:535:parse_blif$11383.genblk1.genblk1.genblk1.genblk1.genblk1.genblk1.genblk1.genblk1.genblk1.genblk1.lut1.genblk1.genblk1.genblk1.genblk1.genblk1.genblk1.genblk1.genblk1.genblk1.lut0 (6 -> 0)
  Optimizing lut $abc$10750$auto$blifparse.cc:535:parse_blif$11246.genblk1.genblk1.genblk1.genblk1.genblk1.genblk1.genblk1.genblk1.genblk1.genblk1.lut0.genblk1.genblk1.genblk1.genblk1.genblk1.genblk1.genblk1.genblk1.genblk1.lut0 (6 -> 0)
  Optimizing lut $abc$10750$auto$blifparse.cc:535:parse_blif$11246.genblk1.genblk1.genblk1.genblk1.genblk1.genblk1.genblk1.genblk1.genblk1.genblk1.lut1.genblk1.genblk1.genblk1.genblk1.genblk1.genblk1.genblk1.genblk1.genblk1.lut0 (6 -> 5)
  Optimizing lut $abc$10750$auto$blifparse.cc:535:parse_blif$11384.genblk1.genblk1.genblk1.genblk1.genblk1.genblk1.genblk1.genblk1.genblk1.genblk1.lut1.genblk1.genblk1.genblk1.genblk1.genblk1.genblk1.genblk1.genblk1.genblk1.lut0 (6 -> 3)
  Optimizing lut $abc$10750$auto$blifparse.cc:535:parse_blif$11280.genblk1.genblk1.genblk1.genblk1.genblk1.genblk1.genblk1.genblk1.genblk1.genblk1.lut1.genblk1.genblk1.genblk1.genblk1.genblk1.genblk1.genblk1.genblk1.genblk1.lut0 (6 -> 4)
  Optimizing lut $abc$10750$auto$blifparse.cc:535:parse_blif$11005.genblk1.genblk1.genblk1.genblk1.genblk1.genblk1.genblk1.genblk1.genblk1.genblk1.lut1.genblk1.genblk1.genblk1.genblk1.genblk1.genblk1.genblk1.genblk1.genblk1.lut0 (6 -> 3)
  Optimizing lut $abc$10750$auto$blifparse.cc:535:parse_blif$11053.genblk1.genblk1.genblk1.genblk1.genblk1.genblk1.genblk1.genblk1.genblk1.lut0 (6 -> 4)
  Optimizing lut $abc$10750$auto$blifparse.cc:535:parse_blif$11050.genblk1.genblk1.genblk1.genblk1.genblk1.genblk1.genblk1.genblk1.genblk1.genblk1.lut1.genblk1.genblk1.genblk1.genblk1.genblk1.genblk1.genblk1.genblk1.genblk1.lut0 (6 -> 3)
  Optimizing lut $abc$10750$auto$blifparse.cc:535:parse_blif$11211.genblk1.genblk1.genblk1.genblk1.genblk1.genblk1.genblk1.genblk1.genblk1.genblk1.lut0.genblk1.genblk1.genblk1.genblk1.genblk1.genblk1.genblk1.genblk1.genblk1.lut0 (6 -> 4)
  Optimizing lut $abc$10750$auto$blifparse.cc:535:parse_blif$11211.genblk1.genblk1.genblk1.genblk1.genblk1.genblk1.genblk1.genblk1.genblk1.genblk1.lut1.genblk1.genblk1.genblk1.genblk1.genblk1.genblk1.genblk1.genblk1.genblk1.lut0 (6 -> 4)
  Optimizing lut $abc$10750$auto$blifparse.cc:535:parse_blif$10981.genblk1.genblk1.genblk1.genblk1.genblk1.genblk1.genblk1.genblk1.genblk1.genblk1.lut1.genblk1.genblk1.genblk1.genblk1.genblk1.genblk1.genblk1.genblk1.genblk1.lut0 (6 -> 3)
  Optimizing lut $abc$10750$auto$blifparse.cc:535:parse_blif$10988.genblk1.genblk1.genblk1.genblk1.genblk1.genblk1.genblk1.genblk1.genblk1.genblk1.lut0.genblk1.genblk1.genblk1.genblk1.genblk1.genblk1.genblk1.genblk1.genblk1.lut0 (6 -> 0)
  Optimizing lut $abc$10750$auto$blifparse.cc:535:parse_blif$11280.genblk1.genblk1.genblk1.genblk1.genblk1.genblk1.genblk1.genblk1.genblk1.genblk1.lut0.genblk1.genblk1.genblk1.genblk1.genblk1.genblk1.genblk1.genblk1.genblk1.lut0 (6 -> 4)
  Optimizing lut $abc$10750$auto$blifparse.cc:535:parse_blif$10835.genblk1.genblk1.genblk1.genblk1.genblk1.genblk1.genblk1.genblk1.genblk1.lut1 (6 -> 0)
  Optimizing lut $abc$10750$auto$blifparse.cc:535:parse_blif$10963.genblk1.genblk1.genblk1.genblk1.genblk1.genblk1.genblk1.genblk1.genblk1.genblk1.lut1.genblk1.genblk1.genblk1.genblk1.genblk1.genblk1.genblk1.genblk1.genblk1.lut0 (6 -> 0)
  Optimizing lut $abc$10750$auto$blifparse.cc:535:parse_blif$10970.genblk1.genblk1.genblk1.genblk1.genblk1.genblk1.genblk1.genblk1.genblk1.lut0 (6 -> 4)
  Optimizing lut $abc$10750$auto$blifparse.cc:535:parse_blif$11032.genblk1.genblk1.genblk1.genblk1.genblk1.genblk1.genblk1.genblk1.genblk1.genblk1.lut1.genblk1.genblk1.genblk1.genblk1.genblk1.genblk1.genblk1.genblk1.genblk1.lut0 (6 -> 3)
  Optimizing lut $abc$10750$auto$blifparse.cc:535:parse_blif$10965.genblk1.genblk1.genblk1.genblk1.genblk1.genblk1.genblk1.genblk1.genblk1.genblk1.lut0.genblk1.genblk1.genblk1.genblk1.genblk1.genblk1.genblk1.genblk1.genblk1.lut0 (6 -> 0)
  Optimizing lut $abc$10750$auto$blifparse.cc:535:parse_blif$11217.genblk1.genblk1.genblk1.genblk1.genblk1.genblk1.genblk1.genblk1.genblk1.genblk1.lut1.genblk1.genblk1.genblk1.genblk1.genblk1.genblk1.genblk1.genblk1.genblk1.lut0 (6 -> 3)
  Optimizing lut $abc$10750$auto$blifparse.cc:535:parse_blif$10865.genblk1.genblk1.genblk1.genblk1.genblk1.genblk1.genblk1.genblk1.genblk1.genblk1.lut1.genblk1.genblk1.genblk1.genblk1.genblk1.genblk1.genblk1.genblk1.genblk1.lut0 (6 -> 0)
  Optimizing lut $abc$10750$auto$blifparse.cc:535:parse_blif$10865.genblk1.genblk1.genblk1.genblk1.genblk1.genblk1.genblk1.genblk1.genblk1.genblk1.lut0.genblk1.genblk1.genblk1.genblk1.genblk1.genblk1.genblk1.genblk1.genblk1.lut0 (6 -> 0)
  Optimizing lut $abc$10750$auto$blifparse.cc:535:parse_blif$11076.genblk1.genblk1.genblk1.genblk1.genblk1.genblk1.genblk1.genblk1.genblk1.genblk1.lut0.genblk1.genblk1.genblk1.genblk1.genblk1.genblk1.genblk1.genblk1.genblk1.lut0 (6 -> 0)
  Optimizing lut $abc$10750$auto$blifparse.cc:535:parse_blif$11174.genblk1.genblk1.genblk1.genblk1.genblk1.genblk1.genblk1.genblk1.genblk1.genblk1.lut1.genblk1.genblk1.genblk1.genblk1.genblk1.genblk1.genblk1.genblk1.genblk1.lut0 (6 -> 3)
  Optimizing lut $abc$10750$auto$blifparse.cc:535:parse_blif$11291.genblk1.genblk1.genblk1.genblk1.genblk1.genblk1.genblk1.genblk1.genblk1.genblk1.lut1.genblk1.genblk1.genblk1.genblk1.genblk1.genblk1.genblk1.genblk1.genblk1.lut0 (6 -> 0)
  Optimizing lut $abc$10750$auto$blifparse.cc:535:parse_blif$10873.genblk1.genblk1.genblk1.genblk1.genblk1.genblk1.genblk1.genblk1.genblk1.genblk1.lut1.genblk1.genblk1.genblk1.genblk1.genblk1.genblk1.genblk1.genblk1.genblk1.lut0 (6 -> 0)
  Optimizing lut $abc$10750$auto$blifparse.cc:535:parse_blif$10873.genblk1.genblk1.genblk1.genblk1.genblk1.genblk1.genblk1.genblk1.genblk1.genblk1.lut0.genblk1.genblk1.genblk1.genblk1.genblk1.genblk1.genblk1.genblk1.genblk1.lut0 (6 -> 0)
  Optimizing lut $abc$10750$auto$blifparse.cc:535:parse_blif$11002.genblk1.genblk1.genblk1.genblk1.genblk1.genblk1.genblk1.genblk1.genblk1.genblk1.lut1.genblk1.genblk1.genblk1.genblk1.genblk1.genblk1.genblk1.genblk1.genblk1.lut0 (6 -> 3)
  Optimizing lut $abc$10750$auto$blifparse.cc:535:parse_blif$11153.genblk1.genblk1.genblk1.genblk1.genblk1.genblk1.genblk1.genblk1.genblk1.genblk1.lut1.genblk1.genblk1.genblk1.genblk1.genblk1.genblk1.genblk1.genblk1.genblk1.lut0 (6 -> 3)
  Optimizing lut $abc$10750$auto$blifparse.cc:535:parse_blif$11265.genblk1.genblk1.genblk1.genblk1.genblk1.genblk1.genblk1.genblk1.genblk1.genblk1.lut1.genblk1.genblk1.genblk1.genblk1.genblk1.genblk1.genblk1.genblk1.genblk1.lut0 (6 -> 3)
  Optimizing lut $abc$10750$auto$blifparse.cc:535:parse_blif$11034.genblk1.genblk1.genblk1.genblk1.genblk1.genblk1.genblk1.genblk1.genblk1.genblk1.lut1.genblk1.genblk1.genblk1.genblk1.genblk1.genblk1.genblk1.genblk1.genblk1.lut0 (6 -> 3)
  Optimizing lut $abc$10750$auto$blifparse.cc:535:parse_blif$10999.genblk1.genblk1.genblk1.genblk1.genblk1.genblk1.genblk1.genblk1.genblk1.genblk1.lut0.genblk1.genblk1.genblk1.genblk1.genblk1.genblk1.genblk1.genblk1.genblk1.lut0 (6 -> 0)
  Optimizing lut $abc$10750$auto$blifparse.cc:535:parse_blif$10999.genblk1.genblk1.genblk1.genblk1.genblk1.genblk1.genblk1.genblk1.genblk1.genblk1.lut1.genblk1.genblk1.genblk1.genblk1.genblk1.genblk1.genblk1.genblk1.genblk1.lut0 (6 -> 0)
  Optimizing lut $abc$10750$auto$blifparse.cc:535:parse_blif$11090.genblk1.genblk1.genblk1.genblk1.genblk1.genblk1.genblk1.genblk1.genblk1.genblk1.lut0.genblk1.genblk1.genblk1.genblk1.genblk1.genblk1.genblk1.genblk1.genblk1.lut0 (6 -> 0)
  Optimizing lut $abc$10750$auto$blifparse.cc:535:parse_blif$11011.genblk1.genblk1.genblk1.genblk1.genblk1.genblk1.genblk1.genblk1.genblk1.lut1 (6 -> 4)
  Optimizing lut $abc$10750$auto$blifparse.cc:535:parse_blif$11305.genblk1.genblk1.genblk1.genblk1.genblk1.genblk1.genblk1.genblk1.genblk1.genblk1.lut1.genblk1.genblk1.genblk1.genblk1.genblk1.genblk1.genblk1.genblk1.genblk1.lut0 (6 -> 1)
  Optimizing lut $abc$10750$auto$blifparse.cc:535:parse_blif$11333.genblk1.genblk1.genblk1.genblk1.genblk1.genblk1.genblk1.genblk1.genblk1.lut0 (6 -> 0)
  Optimizing lut $abc$10750$auto$blifparse.cc:535:parse_blif$11295.genblk1.genblk1.genblk1.genblk1.genblk1.genblk1.genblk1.genblk1.genblk1.genblk1.lut0.genblk1.genblk1.genblk1.genblk1.genblk1.genblk1.genblk1.genblk1.genblk1.lut1 (6 -> 3)
  Optimizing lut $abc$10750$auto$blifparse.cc:535:parse_blif$11340.genblk1.genblk1.genblk1.genblk1.genblk1.genblk1.genblk1.genblk1.genblk1.genblk1.lut1.genblk1.genblk1.genblk1.genblk1.genblk1.genblk1.genblk1.genblk1.genblk1.lut0 (6 -> 3)
  Optimizing lut $abc$10750$auto$blifparse.cc:535:parse_blif$11351.genblk1.genblk1.genblk1.genblk1.genblk1.genblk1.genblk1.genblk1.genblk1.genblk1.lut0.genblk1.genblk1.genblk1.genblk1.genblk1.genblk1.genblk1.genblk1.genblk1.lut0 (6 -> 5)
  Optimizing lut $abc$10750$auto$blifparse.cc:535:parse_blif$11351.genblk1.genblk1.genblk1.genblk1.genblk1.genblk1.genblk1.genblk1.genblk1.genblk1.lut1.genblk1.genblk1.genblk1.genblk1.genblk1.genblk1.genblk1.genblk1.genblk1.lut0 (6 -> 1)
  Optimizing lut $abc$10750$auto$blifparse.cc:535:parse_blif$11352.genblk1.genblk1.genblk1.genblk1.genblk1.genblk1.genblk1.genblk1.genblk1.lut0 (6 -> 0)
  Optimizing lut $abc$10750$auto$blifparse.cc:535:parse_blif$11358.genblk1.genblk1.genblk1.genblk1.genblk1.genblk1.genblk1.genblk1.genblk1.lut0 (6 -> 0)
  Optimizing lut $abc$10750$auto$blifparse.cc:535:parse_blif$11079.genblk1.genblk1.genblk1.genblk1.genblk1.genblk1.genblk1.genblk1.genblk1.genblk1.lut0.genblk1.genblk1.genblk1.genblk1.genblk1.genblk1.genblk1.genblk1.genblk1.lut0 (6 -> 1)
  Optimizing lut $abc$10750$auto$blifparse.cc:535:parse_blif$11028.genblk1.genblk1.genblk1.genblk1.genblk1.genblk1.genblk1.genblk1.genblk1.lut0 (6 -> 1)
  Optimizing lut $abc$10750$auto$blifparse.cc:535:parse_blif$11084.genblk1.genblk1.genblk1.genblk1.genblk1.genblk1.genblk1.genblk1.genblk1.genblk1.lut1.genblk1.genblk1.genblk1.genblk1.genblk1.genblk1.genblk1.genblk1.genblk1.lut0 (6 -> 1)
  Optimizing lut $abc$10750$auto$blifparse.cc:535:parse_blif$11036.genblk1.genblk1.genblk1.genblk1.genblk1.genblk1.genblk1.genblk1.genblk1.lut1 (6 -> 4)
  Optimizing lut $abc$10750$auto$blifparse.cc:535:parse_blif$11328.genblk1.genblk1.genblk1.genblk1.genblk1.genblk1.genblk1.genblk1.genblk1.genblk1.lut1.genblk1.genblk1.genblk1.genblk1.genblk1.genblk1.genblk1.genblk1.genblk1.lut0 (6 -> 4)
  Optimizing lut $abc$10750$auto$blifparse.cc:535:parse_blif$11323.genblk1.genblk1.genblk1.genblk1.genblk1.genblk1.genblk1.genblk1.genblk1.genblk1.lut1.genblk1.genblk1.genblk1.genblk1.genblk1.genblk1.genblk1.genblk1.genblk1.lut0 (6 -> 3)
  Optimizing lut $abc$10750$auto$blifparse.cc:535:parse_blif$11317.genblk1.genblk1.genblk1.genblk1.genblk1.genblk1.genblk1.genblk1.genblk1.genblk1.lut1.genblk1.genblk1.genblk1.genblk1.genblk1.genblk1.genblk1.genblk1.genblk1.lut0 (6 -> 4)
  Optimizing lut $abc$10750$auto$blifparse.cc:535:parse_blif$11275.genblk1.genblk1.genblk1.genblk1.genblk1.genblk1.genblk1.genblk1.genblk1.genblk1.lut1.genblk1.genblk1.genblk1.genblk1.genblk1.genblk1.genblk1.genblk1.genblk1.lut0 (6 -> 3)
  Optimizing lut $abc$10750$auto$blifparse.cc:535:parse_blif$11383.genblk1.genblk1.genblk1.genblk1.genblk1.genblk1.genblk1.genblk1.genblk1.genblk1.lut0.genblk1.genblk1.genblk1.genblk1.genblk1.genblk1.genblk1.genblk1.genblk1.lut1 (6 -> 4)
  Optimizing lut $abc$10750$auto$blifparse.cc:535:parse_blif$11195.genblk1.genblk1.genblk1.genblk1.genblk1.genblk1.genblk1.genblk1.genblk1.genblk1.lut1.genblk1.genblk1.genblk1.genblk1.genblk1.genblk1.genblk1.genblk1.genblk1.lut0 (6 -> 4)
  Optimizing lut $abc$10750$auto$blifparse.cc:535:parse_blif$11099.genblk1.genblk1.genblk1.genblk1.genblk1.genblk1.genblk1.genblk1.genblk1.genblk1.lut1.genblk1.genblk1.genblk1.genblk1.genblk1.genblk1.genblk1.genblk1.genblk1.lut0 (6 -> 3)
  Optimizing lut $abc$10750$auto$blifparse.cc:535:parse_blif$11313.genblk1.genblk1.genblk1.genblk1.genblk1.genblk1.genblk1.genblk1.genblk1.genblk1.lut0.genblk1.genblk1.genblk1.genblk1.genblk1.genblk1.genblk1.genblk1.genblk1.lut0 (6 -> 0)
  Optimizing lut $abc$10750$auto$blifparse.cc:535:parse_blif$11383.genblk1.genblk1.genblk1.genblk1.genblk1.genblk1.genblk1.genblk1.genblk1.genblk1.lut0.genblk1.genblk1.genblk1.genblk1.genblk1.genblk1.genblk1.genblk1.genblk1.lut0 (6 -> 4)
  Optimizing lut $abc$10750$auto$blifparse.cc:535:parse_blif$11048.genblk1.genblk1.genblk1.genblk1.genblk1.genblk1.genblk1.genblk1.genblk1.lut0 (6 -> 0)
  Optimizing lut $abc$10750$auto$blifparse.cc:535:parse_blif$11058.genblk1.genblk1.genblk1.genblk1.genblk1.genblk1.genblk1.genblk1.genblk1.lut0 (6 -> 4)
  Optimizing lut $abc$10750$auto$blifparse.cc:535:parse_blif$11230.genblk1.genblk1.genblk1.genblk1.genblk1.genblk1.genblk1.genblk1.genblk1.genblk1.lut1.genblk1.genblk1.genblk1.genblk1.genblk1.genblk1.genblk1.genblk1.genblk1.lut0 (6 -> 3)
  Optimizing lut $abc$10750$auto$blifparse.cc:535:parse_blif$11389.genblk1.genblk1.genblk1.genblk1.genblk1.genblk1.genblk1.genblk1.genblk1.genblk1.lut0.genblk1.genblk1.genblk1.genblk1.genblk1.genblk1.genblk1.genblk1.genblk1.lut0 (6 -> 1)
  Optimizing lut $abc$10750$auto$blifparse.cc:535:parse_blif$11058.genblk1.genblk1.genblk1.genblk1.genblk1.genblk1.genblk1.genblk1.genblk1.lut1 (6 -> 4)
  Optimizing lut $abc$10750$auto$blifparse.cc:535:parse_blif$11153.genblk1.genblk1.genblk1.genblk1.genblk1.genblk1.genblk1.genblk1.genblk1.genblk1.lut0.genblk1.genblk1.genblk1.genblk1.genblk1.genblk1.genblk1.genblk1.genblk1.lut1 (6 -> 3)
  Optimizing lut $abc$10750$auto$blifparse.cc:535:parse_blif$11070.genblk1.genblk1.genblk1.genblk1.genblk1.genblk1.genblk1.genblk1.genblk1.lut1 (6 -> 4)
  Optimizing lut $abc$10750$auto$blifparse.cc:535:parse_blif$11191.genblk1.genblk1.genblk1.genblk1.genblk1.genblk1.genblk1.genblk1.genblk1.lut1 (6 -> 0)
  Optimizing lut $abc$10750$auto$blifparse.cc:535:parse_blif$11008.genblk1.genblk1.genblk1.genblk1.genblk1.genblk1.genblk1.genblk1.genblk1.lut1 (6 -> 1)
  Optimizing lut $abc$10750$auto$blifparse.cc:535:parse_blif$11084.genblk1.genblk1.genblk1.genblk1.genblk1.genblk1.genblk1.genblk1.genblk1.genblk1.lut0.genblk1.genblk1.genblk1.genblk1.genblk1.genblk1.genblk1.genblk1.genblk1.lut0 (6 -> 3)
  Optimizing lut $abc$10750$auto$blifparse.cc:535:parse_blif$11086.genblk1.genblk1.genblk1.genblk1.genblk1.genblk1.genblk1.genblk1.genblk1.lut1 (6 -> 0)
  Optimizing lut $abc$10750$auto$blifparse.cc:535:parse_blif$11131.genblk1.genblk1.genblk1.genblk1.genblk1.genblk1.genblk1.genblk1.genblk1.genblk1.lut1.genblk1.genblk1.genblk1.genblk1.genblk1.genblk1.genblk1.genblk1.genblk1.lut0 (6 -> 4)
  Optimizing lut $abc$10750$auto$blifparse.cc:535:parse_blif$11017.genblk1.genblk1.genblk1.genblk1.genblk1.genblk1.genblk1.genblk1.genblk1.genblk1.lut1.genblk1.genblk1.genblk1.genblk1.genblk1.genblk1.genblk1.genblk1.genblk1.lut0 (6 -> 3)
  Optimizing lut $abc$10750$auto$blifparse.cc:535:parse_blif$10869.genblk1.genblk1.genblk1.genblk1.genblk1.genblk1.genblk1.genblk1.genblk1.genblk1.lut0.genblk1.genblk1.genblk1.genblk1.genblk1.genblk1.genblk1.genblk1.genblk1.lut0 (6 -> 0)
  Optimizing lut $abc$10750$auto$blifparse.cc:535:parse_blif$11234.genblk1.genblk1.genblk1.genblk1.genblk1.genblk1.genblk1.genblk1.genblk1.genblk1.lut0.genblk1.genblk1.genblk1.genblk1.genblk1.genblk1.genblk1.genblk1.genblk1.lut0 (6 -> 0)
  Optimizing lut $abc$10750$auto$blifparse.cc:535:parse_blif$11067.genblk1.genblk1.genblk1.genblk1.genblk1.genblk1.genblk1.genblk1.genblk1.lut0 (6 -> 1)
  Optimizing lut $abc$10750$auto$blifparse.cc:535:parse_blif$11285.genblk1.genblk1.genblk1.genblk1.genblk1.genblk1.genblk1.genblk1.genblk1.genblk1.lut1.genblk1.genblk1.genblk1.genblk1.genblk1.genblk1.genblk1.genblk1.genblk1.lut0 (6 -> 3)
  Optimizing lut $abc$10750$auto$blifparse.cc:535:parse_blif$11330.genblk1.genblk1.genblk1.genblk1.genblk1.genblk1.genblk1.genblk1.genblk1.lut0 (6 -> 0)
  Optimizing lut $abc$10750$auto$blifparse.cc:535:parse_blif$11070.genblk1.genblk1.genblk1.genblk1.genblk1.genblk1.genblk1.genblk1.genblk1.lut0 (6 -> 4)
  Optimizing lut $abc$10750$auto$blifparse.cc:535:parse_blif$11310.genblk1.genblk1.genblk1.genblk1.genblk1.genblk1.genblk1.genblk1.genblk1.lut1 (6 -> 0)
  Optimizing lut $abc$10750$auto$blifparse.cc:535:parse_blif$11357.genblk1.genblk1.genblk1.genblk1.genblk1.genblk1.genblk1.genblk1.genblk1.genblk1.lut0.genblk1.genblk1.genblk1.genblk1.genblk1.genblk1.genblk1.genblk1.genblk1.lut0 (6 -> 1)
  Optimizing lut $abc$10750$auto$blifparse.cc:535:parse_blif$11174.genblk1.genblk1.genblk1.genblk1.genblk1.genblk1.genblk1.genblk1.genblk1.genblk1.lut1.genblk1.genblk1.genblk1.genblk1.genblk1.genblk1.genblk1.genblk1.genblk1.lut1 (6 -> 1)
  Optimizing lut $abc$10750$auto$blifparse.cc:535:parse_blif$11264.genblk1.genblk1.genblk1.genblk1.genblk1.genblk1.genblk1.genblk1.genblk1.lut1 (6 -> 4)
  Optimizing lut $abc$10750$auto$blifparse.cc:535:parse_blif$11264.genblk1.genblk1.genblk1.genblk1.genblk1.genblk1.genblk1.genblk1.genblk1.lut0 (6 -> 4)
  Optimizing lut $abc$10750$auto$blifparse.cc:535:parse_blif$10990.genblk1.genblk1.genblk1.genblk1.genblk1.genblk1.genblk1.genblk1.genblk1.lut1 (6 -> 0)
  Optimizing lut $abc$10750$auto$blifparse.cc:535:parse_blif$11179.genblk1.genblk1.genblk1.genblk1.genblk1.genblk1.genblk1.genblk1.genblk1.genblk1.lut1.genblk1.genblk1.genblk1.genblk1.genblk1.genblk1.genblk1.genblk1.genblk1.lut0 (6 -> 5)
  Optimizing lut $abc$10750$auto$blifparse.cc:535:parse_blif$11109.genblk1.genblk1.genblk1.genblk1.genblk1.genblk1.genblk1.genblk1.genblk1.genblk1.lut1.genblk1.genblk1.genblk1.genblk1.genblk1.genblk1.genblk1.genblk1.genblk1.lut1 (6 -> 2)
  Optimizing lut $abc$10750$auto$blifparse.cc:535:parse_blif$11057.genblk1.genblk1.genblk1.genblk1.genblk1.genblk1.genblk1.genblk1.genblk1.genblk1.lut1.genblk1.genblk1.genblk1.genblk1.genblk1.genblk1.genblk1.genblk1.genblk1.lut1 (6 -> 1)
  Optimizing lut $abc$10750$auto$blifparse.cc:535:parse_blif$11260.genblk1.genblk1.genblk1.genblk1.genblk1.genblk1.genblk1.genblk1.genblk1.lut0 (6 -> 5)
  Optimizing lut $abc$10750$auto$blifparse.cc:535:parse_blif$11173.genblk1.genblk1.genblk1.genblk1.genblk1.genblk1.genblk1.genblk1.genblk1.genblk1.lut0.genblk1.genblk1.genblk1.genblk1.genblk1.genblk1.genblk1.genblk1.genblk1.lut1 (6 -> 0)
  Optimizing lut $abc$10750$auto$blifparse.cc:535:parse_blif$11192.genblk1.genblk1.genblk1.genblk1.genblk1.genblk1.genblk1.genblk1.genblk1.genblk1.lut0.genblk1.genblk1.genblk1.genblk1.genblk1.genblk1.genblk1.genblk1.genblk1.lut1 (6 -> 1)
  Optimizing lut $abc$10750$auto$blifparse.cc:535:parse_blif$11241.genblk1.genblk1.genblk1.genblk1.genblk1.genblk1.genblk1.genblk1.genblk1.genblk1.lut0.genblk1.genblk1.genblk1.genblk1.genblk1.genblk1.genblk1.genblk1.genblk1.lut1 (6 -> 3)
  Optimizing lut $abc$10750$auto$blifparse.cc:535:parse_blif$11384.genblk1.genblk1.genblk1.genblk1.genblk1.genblk1.genblk1.genblk1.genblk1.genblk1.lut0.genblk1.genblk1.genblk1.genblk1.genblk1.genblk1.genblk1.genblk1.genblk1.lut1 (6 -> 3)
  Optimizing lut $abc$10750$auto$blifparse.cc:535:parse_blif$11165.genblk1.genblk1.genblk1.genblk1.genblk1.genblk1.genblk1.genblk1.genblk1.genblk1.lut0.genblk1.genblk1.genblk1.genblk1.genblk1.genblk1.genblk1.genblk1.genblk1.lut1 (6 -> 3)
  Optimizing lut $abc$10750$auto$blifparse.cc:535:parse_blif$11011.genblk1.genblk1.genblk1.genblk1.genblk1.genblk1.genblk1.genblk1.genblk1.lut0 (6 -> 4)
  Optimizing lut $abc$10750$auto$blifparse.cc:535:parse_blif$11323.genblk1.genblk1.genblk1.genblk1.genblk1.genblk1.genblk1.genblk1.genblk1.genblk1.lut1.genblk1.genblk1.genblk1.genblk1.genblk1.genblk1.genblk1.genblk1.genblk1.lut1 (6 -> 1)
  Optimizing lut $abc$10750$auto$blifparse.cc:535:parse_blif$11285.genblk1.genblk1.genblk1.genblk1.genblk1.genblk1.genblk1.genblk1.genblk1.genblk1.lut1.genblk1.genblk1.genblk1.genblk1.genblk1.genblk1.genblk1.genblk1.genblk1.lut1 (6 -> 1)
  Optimizing lut $abc$10750$auto$blifparse.cc:535:parse_blif$11331.genblk1.genblk1.genblk1.genblk1.genblk1.genblk1.genblk1.genblk1.genblk1.genblk1.lut1.genblk1.genblk1.genblk1.genblk1.genblk1.genblk1.genblk1.genblk1.genblk1.lut1 (6 -> 1)
  Optimizing lut $abc$10750$auto$blifparse.cc:535:parse_blif$11340.genblk1.genblk1.genblk1.genblk1.genblk1.genblk1.genblk1.genblk1.genblk1.genblk1.lut0.genblk1.genblk1.genblk1.genblk1.genblk1.genblk1.genblk1.genblk1.genblk1.lut1 (6 -> 3)
  Optimizing lut $abc$10750$auto$blifparse.cc:535:parse_blif$11036.genblk1.genblk1.genblk1.genblk1.genblk1.genblk1.genblk1.genblk1.genblk1.lut0 (6 -> 4)
  Optimizing lut $abc$10750$auto$blifparse.cc:535:parse_blif$11052.genblk1.genblk1.genblk1.genblk1.genblk1.genblk1.genblk1.genblk1.genblk1.genblk1.lut1.genblk1.genblk1.genblk1.genblk1.genblk1.genblk1.genblk1.genblk1.genblk1.lut0 (6 -> 3)
  Optimizing lut $abc$10750$auto$blifparse.cc:535:parse_blif$11181.genblk1.genblk1.genblk1.genblk1.genblk1.genblk1.genblk1.genblk1.genblk1.genblk1.lut1.genblk1.genblk1.genblk1.genblk1.genblk1.genblk1.genblk1.genblk1.genblk1.lut1 (6 -> 5)
  Optimizing lut $abc$10750$auto$blifparse.cc:535:parse_blif$11206.genblk1.genblk1.genblk1.genblk1.genblk1.genblk1.genblk1.genblk1.genblk1.genblk1.lut0.genblk1.genblk1.genblk1.genblk1.genblk1.genblk1.genblk1.genblk1.genblk1.lut1 (6 -> 0)
  Optimizing lut $abc$10750$auto$blifparse.cc:535:parse_blif$11050.genblk1.genblk1.genblk1.genblk1.genblk1.genblk1.genblk1.genblk1.genblk1.genblk1.lut0.genblk1.genblk1.genblk1.genblk1.genblk1.genblk1.genblk1.genblk1.genblk1.lut1 (6 -> 3)
  Optimizing lut $abc$10750$auto$blifparse.cc:535:parse_blif$11051.genblk1.genblk1.genblk1.genblk1.genblk1.genblk1.genblk1.genblk1.genblk1.genblk1.lut1.genblk1.genblk1.genblk1.genblk1.genblk1.genblk1.genblk1.genblk1.genblk1.lut1 (6 -> 1)
  Optimizing lut $abc$10750$auto$blifparse.cc:535:parse_blif$11207.genblk1.genblk1.genblk1.genblk1.genblk1.genblk1.genblk1.genblk1.genblk1.genblk1.lut0.genblk1.genblk1.genblk1.genblk1.genblk1.genblk1.genblk1.genblk1.genblk1.lut1 (6 -> 3)
  Optimizing lut $abc$10750$auto$blifparse.cc:535:parse_blif$11002.genblk1.genblk1.genblk1.genblk1.genblk1.genblk1.genblk1.genblk1.genblk1.genblk1.lut0.genblk1.genblk1.genblk1.genblk1.genblk1.genblk1.genblk1.genblk1.genblk1.lut0 (6 -> 3)
  Optimizing lut $abc$10750$auto$blifparse.cc:535:parse_blif$10984.genblk1.genblk1.genblk1.genblk1.genblk1.genblk1.genblk1.genblk1.genblk1.genblk1.lut0.genblk1.genblk1.genblk1.genblk1.genblk1.genblk1.genblk1.genblk1.genblk1.lut1 (6 -> 3)
  Optimizing lut $abc$10750$auto$blifparse.cc:535:parse_blif$11252.genblk1.genblk1.genblk1.genblk1.genblk1.genblk1.genblk1.genblk1.genblk1.genblk1.lut1.genblk1.genblk1.genblk1.genblk1.genblk1.genblk1.genblk1.genblk1.genblk1.lut1 (6 -> 1)
  Optimizing lut $abc$10750$auto$blifparse.cc:535:parse_blif$11217.genblk1.genblk1.genblk1.genblk1.genblk1.genblk1.genblk1.genblk1.genblk1.genblk1.lut1.genblk1.genblk1.genblk1.genblk1.genblk1.genblk1.genblk1.genblk1.genblk1.lut1 (6 -> 1)
  Optimizing lut $abc$10750$auto$blifparse.cc:535:parse_blif$11007.genblk1.genblk1.genblk1.genblk1.genblk1.genblk1.genblk1.genblk1.genblk1.genblk1.lut1.genblk1.genblk1.genblk1.genblk1.genblk1.genblk1.genblk1.genblk1.genblk1.lut1 (6 -> 1)
  Optimizing lut $abc$10750$auto$blifparse.cc:535:parse_blif$11062.genblk1.genblk1.genblk1.genblk1.genblk1.genblk1.genblk1.genblk1.genblk1.genblk1.lut1.genblk1.genblk1.genblk1.genblk1.genblk1.genblk1.genblk1.genblk1.genblk1.lut0 (6 -> 3)
  Optimizing lut $abc$10750$auto$blifparse.cc:535:parse_blif$11056.genblk1.genblk1.genblk1.genblk1.genblk1.genblk1.genblk1.genblk1.genblk1.genblk1.lut0.genblk1.genblk1.genblk1.genblk1.genblk1.genblk1.genblk1.genblk1.genblk1.lut1 (6 -> 3)
  Optimizing lut $abc$10750$auto$blifparse.cc:535:parse_blif$11090.genblk1.genblk1.genblk1.genblk1.genblk1.genblk1.genblk1.genblk1.genblk1.genblk1.lut0.genblk1.genblk1.genblk1.genblk1.genblk1.genblk1.genblk1.genblk1.genblk1.lut1 (6 -> 0)
  Optimizing lut $abc$10750$auto$blifparse.cc:535:parse_blif$11076.genblk1.genblk1.genblk1.genblk1.genblk1.genblk1.genblk1.genblk1.genblk1.genblk1.lut0.genblk1.genblk1.genblk1.genblk1.genblk1.genblk1.genblk1.genblk1.genblk1.lut1 (6 -> 0)
  Optimizing lut $abc$10750$auto$blifparse.cc:535:parse_blif$11134.genblk1.genblk1.genblk1.genblk1.genblk1.genblk1.genblk1.genblk1.genblk1.genblk1.lut1.genblk1.genblk1.genblk1.genblk1.genblk1.genblk1.genblk1.genblk1.genblk1.lut0 (6 -> 3)
  Optimizing lut $abc$10750$auto$blifparse.cc:535:parse_blif$11230.genblk1.genblk1.genblk1.genblk1.genblk1.genblk1.genblk1.genblk1.genblk1.genblk1.lut1.genblk1.genblk1.genblk1.genblk1.genblk1.genblk1.genblk1.genblk1.genblk1.lut1 (6 -> 1)
  Optimizing lut $abc$10750$auto$blifparse.cc:535:parse_blif$11265.genblk1.genblk1.genblk1.genblk1.genblk1.genblk1.genblk1.genblk1.genblk1.genblk1.lut1.genblk1.genblk1.genblk1.genblk1.genblk1.genblk1.genblk1.genblk1.genblk1.lut1 (6 -> 1)
  Optimizing lut $abc$10750$auto$blifparse.cc:535:parse_blif$11099.genblk1.genblk1.genblk1.genblk1.genblk1.genblk1.genblk1.genblk1.genblk1.genblk1.lut1.genblk1.genblk1.genblk1.genblk1.genblk1.genblk1.genblk1.genblk1.genblk1.lut1 (6 -> 1)
  Optimizing lut $abc$10750$auto$blifparse.cc:535:parse_blif$10967.genblk1.genblk1.genblk1.genblk1.genblk1.genblk1.genblk1.genblk1.genblk1.lut0 (6 -> 0)
  Optimizing lut $abc$10750$auto$blifparse.cc:535:parse_blif$10969.genblk1.genblk1.genblk1.genblk1.genblk1.genblk1.genblk1.genblk1.genblk1.lut0 (6 -> 0)
  Optimizing lut $abc$10750$auto$blifparse.cc:535:parse_blif$10881.genblk1.genblk1.genblk1.genblk1.genblk1.genblk1.genblk1.genblk1.genblk1.genblk1.lut0.genblk1.genblk1.genblk1.genblk1.genblk1.genblk1.genblk1.genblk1.genblk1.lut0 (6 -> 5)
  Optimizing lut $abc$10750$auto$blifparse.cc:535:parse_blif$10886.genblk1.genblk1.genblk1.genblk1.genblk1.genblk1.genblk1.genblk1.genblk1.genblk1.lut0.genblk1.genblk1.genblk1.genblk1.genblk1.genblk1.genblk1.genblk1.genblk1.lut0 (6 -> 0)
  Optimizing lut $abc$10750$auto$blifparse.cc:535:parse_blif$11054.genblk1.genblk1.genblk1.genblk1.genblk1.genblk1.genblk1.genblk1.genblk1.genblk1.lut0.genblk1.genblk1.genblk1.genblk1.genblk1.genblk1.genblk1.genblk1.genblk1.lut0 (6 -> 0)
  Optimizing lut $abc$10750$auto$blifparse.cc:535:parse_blif$11051.genblk1.genblk1.genblk1.genblk1.genblk1.genblk1.genblk1.genblk1.genblk1.genblk1.lut0.genblk1.genblk1.genblk1.genblk1.genblk1.genblk1.genblk1.genblk1.genblk1.lut1 (6 -> 3)
  Optimizing lut $abc$10750$auto$blifparse.cc:535:parse_blif$10768.genblk1.genblk1.genblk1.genblk1.genblk1.genblk1.genblk1.genblk1.genblk1.lut1 (6 -> 0)
  Optimizing lut $abc$10750$auto$blifparse.cc:535:parse_blif$11057.genblk1.genblk1.genblk1.genblk1.genblk1.genblk1.genblk1.genblk1.genblk1.genblk1.lut1.genblk1.genblk1.genblk1.genblk1.genblk1.genblk1.genblk1.genblk1.genblk1.lut0 (6 -> 3)
  Optimizing lut $abc$10750$auto$blifparse.cc:535:parse_blif$11195.genblk1.genblk1.genblk1.genblk1.genblk1.genblk1.genblk1.genblk1.genblk1.genblk1.lut1.genblk1.genblk1.genblk1.genblk1.genblk1.genblk1.genblk1.genblk1.genblk1.lut1 (6 -> 4)
  Optimizing lut $abc$10750$auto$blifparse.cc:535:parse_blif$11169.genblk1.genblk1.genblk1.genblk1.genblk1.genblk1.genblk1.genblk1.genblk1.genblk1.lut1.genblk1.genblk1.genblk1.genblk1.genblk1.genblk1.genblk1.genblk1.genblk1.lut0 (6 -> 5)
  Optimizing lut $abc$10750$auto$blifparse.cc:535:parse_blif$11115.genblk1.genblk1.genblk1.genblk1.genblk1.genblk1.genblk1.genblk1.genblk1.genblk1.lut1.genblk1.genblk1.genblk1.genblk1.genblk1.genblk1.genblk1.genblk1.genblk1.lut1 (6 -> 1)
  Optimizing lut $abc$10750$auto$blifparse.cc:535:parse_blif$11062.genblk1.genblk1.genblk1.genblk1.genblk1.genblk1.genblk1.genblk1.genblk1.genblk1.lut1.genblk1.genblk1.genblk1.genblk1.genblk1.genblk1.genblk1.genblk1.genblk1.lut1 (6 -> 1)
  Optimizing lut $abc$10750$auto$blifparse.cc:535:parse_blif$11153.genblk1.genblk1.genblk1.genblk1.genblk1.genblk1.genblk1.genblk1.genblk1.genblk1.lut1.genblk1.genblk1.genblk1.genblk1.genblk1.genblk1.genblk1.genblk1.genblk1.lut1 (6 -> 1)
  Optimizing lut $abc$10750$auto$blifparse.cc:535:parse_blif$11195.genblk1.genblk1.genblk1.genblk1.genblk1.genblk1.genblk1.genblk1.genblk1.genblk1.lut0.genblk1.genblk1.genblk1.genblk1.genblk1.genblk1.genblk1.genblk1.genblk1.lut0 (6 -> 0)
  Optimizing lut $abc$10750$auto$blifparse.cc:535:parse_blif$11189.genblk1.genblk1.genblk1.genblk1.genblk1.genblk1.genblk1.genblk1.genblk1.lut0 (6 -> 5)
  Optimizing lut $abc$10750$auto$blifparse.cc:535:parse_blif$10846.genblk1.genblk1.genblk1.genblk1.genblk1.genblk1.genblk1.genblk1.genblk1.lut0 (6 -> 5)
  Optimizing lut $abc$10750$auto$blifparse.cc:535:parse_blif$11196.genblk1.genblk1.genblk1.genblk1.genblk1.genblk1.genblk1.genblk1.genblk1.genblk1.lut1.genblk1.genblk1.genblk1.genblk1.genblk1.genblk1.genblk1.genblk1.genblk1.lut1 (6 -> 1)
  Optimizing lut $abc$10750$auto$blifparse.cc:535:parse_blif$10847.genblk1.genblk1.genblk1.genblk1.genblk1.genblk1.genblk1.genblk1.genblk1.lut0 (6 -> 0)
  Optimizing lut $abc$10750$auto$blifparse.cc:535:parse_blif$10885.genblk1.genblk1.genblk1.genblk1.genblk1.genblk1.genblk1.genblk1.genblk1.genblk1.lut1.genblk1.genblk1.genblk1.genblk1.genblk1.genblk1.genblk1.genblk1.genblk1.lut0 (6 -> 1)
  Optimizing lut $abc$10750$auto$blifparse.cc:535:parse_blif$11004.genblk1.genblk1.genblk1.genblk1.genblk1.genblk1.genblk1.genblk1.genblk1.genblk1.lut1.genblk1.genblk1.genblk1.genblk1.genblk1.genblk1.genblk1.genblk1.genblk1.lut1 (6 -> 1)
  Optimizing lut $abc$10750$auto$blifparse.cc:535:parse_blif$11091.genblk1.genblk1.genblk1.genblk1.genblk1.genblk1.genblk1.genblk1.genblk1.genblk1.lut1.genblk1.genblk1.genblk1.genblk1.genblk1.genblk1.genblk1.genblk1.genblk1.lut0 (6 -> 3)
  Optimizing lut $abc$10750$auto$blifparse.cc:535:parse_blif$11004.genblk1.genblk1.genblk1.genblk1.genblk1.genblk1.genblk1.genblk1.genblk1.genblk1.lut1.genblk1.genblk1.genblk1.genblk1.genblk1.genblk1.genblk1.genblk1.genblk1.lut0 (6 -> 3)
  Optimizing lut $abc$10750$auto$blifparse.cc:535:parse_blif$11076.genblk1.genblk1.genblk1.genblk1.genblk1.genblk1.genblk1.genblk1.genblk1.genblk1.lut1.genblk1.genblk1.genblk1.genblk1.genblk1.genblk1.genblk1.genblk1.genblk1.lut1 (6 -> 0)
  Optimizing lut $abc$10750$auto$blifparse.cc:535:parse_blif$11252.genblk1.genblk1.genblk1.genblk1.genblk1.genblk1.genblk1.genblk1.genblk1.genblk1.lut0.genblk1.genblk1.genblk1.genblk1.genblk1.genblk1.genblk1.genblk1.genblk1.lut1 (6 -> 3)
  Optimizing lut $abc$10750$auto$blifparse.cc:535:parse_blif$10982.genblk1.genblk1.genblk1.genblk1.genblk1.genblk1.genblk1.genblk1.genblk1.genblk1.lut1.genblk1.genblk1.genblk1.genblk1.genblk1.genblk1.genblk1.genblk1.genblk1.lut1 (6 -> 1)
  Optimizing lut $abc$10750$auto$blifparse.cc:535:parse_blif$10853.genblk1.genblk1.genblk1.genblk1.genblk1.genblk1.genblk1.genblk1.genblk1.genblk1.lut0.genblk1.genblk1.genblk1.genblk1.genblk1.genblk1.genblk1.genblk1.genblk1.lut0 (6 -> 0)
  Optimizing lut $abc$10750$auto$blifparse.cc:535:parse_blif$10780.genblk1.genblk1.genblk1.genblk1.genblk1.genblk1.genblk1.genblk1.genblk1.lut0 (6 -> 0)
  Optimizing lut $abc$10750$auto$blifparse.cc:535:parse_blif$10881.genblk1.genblk1.genblk1.genblk1.genblk1.genblk1.genblk1.genblk1.genblk1.genblk1.lut1.genblk1.genblk1.genblk1.genblk1.genblk1.genblk1.genblk1.genblk1.genblk1.lut0 (6 -> 5)
  Optimizing lut $abc$10750$auto$blifparse.cc:535:parse_blif$10784.genblk1.genblk1.genblk1.genblk1.genblk1.genblk1.genblk1.genblk1.genblk1.lut0 (6 -> 0)
  Optimizing lut $abc$10750$auto$blifparse.cc:535:parse_blif$10886.genblk1.genblk1.genblk1.genblk1.genblk1.genblk1.genblk1.genblk1.genblk1.genblk1.lut0.genblk1.genblk1.genblk1.genblk1.genblk1.genblk1.genblk1.genblk1.genblk1.lut1 (6 -> 0)
  Optimizing lut $abc$10750$auto$blifparse.cc:535:parse_blif$10881.genblk1.genblk1.genblk1.genblk1.genblk1.genblk1.genblk1.genblk1.genblk1.genblk1.lut0.genblk1.genblk1.genblk1.genblk1.genblk1.genblk1.genblk1.genblk1.genblk1.lut1 (6 -> 5)
  Optimizing lut $abc$10750$auto$blifparse.cc:535:parse_blif$11181.genblk1.genblk1.genblk1.genblk1.genblk1.genblk1.genblk1.genblk1.genblk1.genblk1.lut1.genblk1.genblk1.genblk1.genblk1.genblk1.genblk1.genblk1.genblk1.genblk1.lut0 (6 -> 4)
  Optimizing lut $abc$10750$auto$blifparse.cc:535:parse_blif$10897.genblk1.genblk1.genblk1.genblk1.genblk1.genblk1.genblk1.genblk1.genblk1.genblk1.lut0.genblk1.genblk1.genblk1.genblk1.genblk1.genblk1.genblk1.genblk1.genblk1.lut0 (6 -> 0)
  Optimizing lut $abc$10750$auto$blifparse.cc:535:parse_blif$11246.genblk1.genblk1.genblk1.genblk1.genblk1.genblk1.genblk1.genblk1.genblk1.genblk1.lut0.genblk1.genblk1.genblk1.genblk1.genblk1.genblk1.genblk1.genblk1.genblk1.lut1 (6 -> 0)
  Optimizing lut $abc$10750$auto$blifparse.cc:535:parse_blif$10901.genblk1.genblk1.genblk1.genblk1.genblk1.genblk1.genblk1.genblk1.genblk1.genblk1.lut0.genblk1.genblk1.genblk1.genblk1.genblk1.genblk1.genblk1.genblk1.genblk1.lut0 (6 -> 0)
  Optimizing lut $abc$10750$auto$blifparse.cc:535:parse_blif$11378.genblk1.genblk1.genblk1.genblk1.genblk1.genblk1.genblk1.genblk1.genblk1.genblk1.lut1.genblk1.genblk1.genblk1.genblk1.genblk1.genblk1.genblk1.genblk1.genblk1.lut1 (6 -> 1)
  Optimizing lut $abc$10750$auto$blifparse.cc:535:parse_blif$10905.genblk1.genblk1.genblk1.genblk1.genblk1.genblk1.genblk1.genblk1.genblk1.genblk1.lut0.genblk1.genblk1.genblk1.genblk1.genblk1.genblk1.genblk1.genblk1.genblk1.lut0 (6 -> 0)
  Optimizing lut $abc$10750$auto$blifparse.cc:535:parse_blif$10909.genblk1.genblk1.genblk1.genblk1.genblk1.genblk1.genblk1.genblk1.genblk1.lut1 (6 -> 0)
  Optimizing lut $abc$10750$auto$blifparse.cc:535:parse_blif$10912.genblk1.genblk1.genblk1.genblk1.genblk1.genblk1.genblk1.genblk1.genblk1.lut1 (6 -> 0)
  Optimizing lut $abc$10750$auto$blifparse.cc:535:parse_blif$10836.genblk1.genblk1.genblk1.genblk1.genblk1.genblk1.genblk1.genblk1.genblk1.lut0 (6 -> 0)
  Optimizing lut $abc$10750$auto$blifparse.cc:535:parse_blif$11031.genblk1.genblk1.genblk1.genblk1.genblk1.genblk1.genblk1.genblk1.genblk1.genblk1.lut0.genblk1.genblk1.genblk1.genblk1.genblk1.genblk1.genblk1.genblk1.genblk1.lut1 (6 -> 3)
  Optimizing lut $abc$10750$auto$blifparse.cc:535:parse_blif$11193.genblk1.genblk1.genblk1.genblk1.genblk1.genblk1.genblk1.genblk1.genblk1.lut0 (6 -> 4)
  Optimizing lut $abc$10750$auto$blifparse.cc:535:parse_blif$10885.genblk1.genblk1.genblk1.genblk1.genblk1.genblk1.genblk1.genblk1.genblk1.genblk1.lut0.genblk1.genblk1.genblk1.genblk1.genblk1.genblk1.genblk1.genblk1.genblk1.lut1 (6 -> 1)
  Optimizing lut $abc$10750$auto$blifparse.cc:535:parse_blif$11034.genblk1.genblk1.genblk1.genblk1.genblk1.genblk1.genblk1.genblk1.genblk1.genblk1.lut1.genblk1.genblk1.genblk1.genblk1.genblk1.genblk1.genblk1.genblk1.genblk1.lut1 (6 -> 1)
  Optimizing lut $abc$10750$auto$blifparse.cc:535:parse_blif$10897.genblk1.genblk1.genblk1.genblk1.genblk1.genblk1.genblk1.genblk1.genblk1.genblk1.lut1.genblk1.genblk1.genblk1.genblk1.genblk1.genblk1.genblk1.genblk1.genblk1.lut0 (6 -> 0)
  Optimizing lut $abc$10750$auto$blifparse.cc:535:parse_blif$11034.genblk1.genblk1.genblk1.genblk1.genblk1.genblk1.genblk1.genblk1.genblk1.genblk1.lut0.genblk1.genblk1.genblk1.genblk1.genblk1.genblk1.genblk1.genblk1.genblk1.lut1 (6 -> 3)
  Optimizing lut $abc$10750$auto$blifparse.cc:535:parse_blif$10970.genblk1.genblk1.genblk1.genblk1.genblk1.genblk1.genblk1.genblk1.genblk1.lut1 (6 -> 4)
  Optimizing lut $abc$10750$auto$blifparse.cc:535:parse_blif$11115.genblk1.genblk1.genblk1.genblk1.genblk1.genblk1.genblk1.genblk1.genblk1.genblk1.lut1.genblk1.genblk1.genblk1.genblk1.genblk1.genblk1.genblk1.genblk1.genblk1.lut0 (6 -> 3)
  Optimizing lut $abc$10750$auto$blifparse.cc:535:parse_blif$10981.genblk1.genblk1.genblk1.genblk1.genblk1.genblk1.genblk1.genblk1.genblk1.genblk1.lut0.genblk1.genblk1.genblk1.genblk1.genblk1.genblk1.genblk1.genblk1.genblk1.lut1 (6 -> 3)
  Optimizing lut $abc$10750$auto$blifparse.cc:535:parse_blif$11241.genblk1.genblk1.genblk1.genblk1.genblk1.genblk1.genblk1.genblk1.genblk1.genblk1.lut1.genblk1.genblk1.genblk1.genblk1.genblk1.genblk1.genblk1.genblk1.genblk1.lut1 (6 -> 1)
  Optimizing lut $abc$10750$auto$blifparse.cc:535:parse_blif$10965.genblk1.genblk1.genblk1.genblk1.genblk1.genblk1.genblk1.genblk1.genblk1.genblk1.lut1.genblk1.genblk1.genblk1.genblk1.genblk1.genblk1.genblk1.genblk1.genblk1.lut1 (6 -> 0)
  Optimizing lut $abc$10750$auto$blifparse.cc:535:parse_blif$10983.genblk1.genblk1.genblk1.genblk1.genblk1.genblk1.genblk1.genblk1.genblk1.genblk1.lut1.genblk1.genblk1.genblk1.genblk1.genblk1.genblk1.genblk1.genblk1.genblk1.lut1 (6 -> 1)
  Optimizing lut $abc$10750$auto$blifparse.cc:535:parse_blif$10987.genblk1.genblk1.genblk1.genblk1.genblk1.genblk1.genblk1.genblk1.genblk1.lut1 (6 -> 0)
  Optimizing lut $abc$10750$auto$blifparse.cc:535:parse_blif$10981.genblk1.genblk1.genblk1.genblk1.genblk1.genblk1.genblk1.genblk1.genblk1.genblk1.lut1.genblk1.genblk1.genblk1.genblk1.genblk1.genblk1.genblk1.genblk1.genblk1.lut1 (6 -> 1)
  Optimizing lut $abc$10750$auto$blifparse.cc:535:parse_blif$11184.genblk1.genblk1.genblk1.genblk1.genblk1.genblk1.genblk1.genblk1.genblk1.genblk1.lut1.genblk1.genblk1.genblk1.genblk1.genblk1.genblk1.genblk1.genblk1.genblk1.lut0 (6 -> 3)
  Optimizing lut $abc$10750$auto$blifparse.cc:535:parse_blif$11174.genblk1.genblk1.genblk1.genblk1.genblk1.genblk1.genblk1.genblk1.genblk1.genblk1.lut0.genblk1.genblk1.genblk1.genblk1.genblk1.genblk1.genblk1.genblk1.genblk1.lut1 (6 -> 3)
  Optimizing lut $abc$10750$auto$blifparse.cc:535:parse_blif$11002.genblk1.genblk1.genblk1.genblk1.genblk1.genblk1.genblk1.genblk1.genblk1.genblk1.lut1.genblk1.genblk1.genblk1.genblk1.genblk1.genblk1.genblk1.genblk1.genblk1.lut1 (6 -> 3)
  Optimizing lut $abc$10750$auto$blifparse.cc:535:parse_blif$10886.genblk1.genblk1.genblk1.genblk1.genblk1.genblk1.genblk1.genblk1.genblk1.genblk1.lut1.genblk1.genblk1.genblk1.genblk1.genblk1.genblk1.genblk1.genblk1.genblk1.lut0 (6 -> 0)
  Optimizing lut $abc$10750$auto$blifparse.cc:535:parse_blif$11105.genblk1.genblk1.genblk1.genblk1.genblk1.genblk1.genblk1.genblk1.genblk1.genblk1.lut0.genblk1.genblk1.genblk1.genblk1.genblk1.genblk1.genblk1.genblk1.genblk1.lut0 (6 -> 1)
  Optimizing lut $abc$10750$auto$blifparse.cc:535:parse_blif$11005.genblk1.genblk1.genblk1.genblk1.genblk1.genblk1.genblk1.genblk1.genblk1.genblk1.lut0.genblk1.genblk1.genblk1.genblk1.genblk1.genblk1.genblk1.genblk1.genblk1.lut1 (6 -> 3)
  Optimizing lut $abc$10750$auto$blifparse.cc:535:parse_blif$11007.genblk1.genblk1.genblk1.genblk1.genblk1.genblk1.genblk1.genblk1.genblk1.genblk1.lut0.genblk1.genblk1.genblk1.genblk1.genblk1.genblk1.genblk1.genblk1.genblk1.lut1 (6 -> 3)
  Optimizing lut $abc$10750$auto$blifparse.cc:535:parse_blif$11134.genblk1.genblk1.genblk1.genblk1.genblk1.genblk1.genblk1.genblk1.genblk1.genblk1.lut1.genblk1.genblk1.genblk1.genblk1.genblk1.genblk1.genblk1.genblk1.genblk1.lut1 (6 -> 1)
  Optimizing lut $abc$10750$auto$blifparse.cc:535:parse_blif$11010.genblk1.genblk1.genblk1.genblk1.genblk1.genblk1.genblk1.genblk1.genblk1.lut1 (6 -> 3)
  Optimizing lut $abc$10750$auto$blifparse.cc:535:parse_blif$11128.genblk1.genblk1.genblk1.genblk1.genblk1.genblk1.genblk1.genblk1.genblk1.genblk1.lut1.genblk1.genblk1.genblk1.genblk1.genblk1.genblk1.genblk1.genblk1.genblk1.lut1 (6 -> 1)
  Optimizing lut $abc$10750$auto$blifparse.cc:535:parse_blif$10984.genblk1.genblk1.genblk1.genblk1.genblk1.genblk1.genblk1.genblk1.genblk1.genblk1.lut1.genblk1.genblk1.genblk1.genblk1.genblk1.genblk1.genblk1.genblk1.genblk1.lut0 (6 -> 3)
  Optimizing lut $abc$10750$auto$blifparse.cc:535:parse_blif$11017.genblk1.genblk1.genblk1.genblk1.genblk1.genblk1.genblk1.genblk1.genblk1.genblk1.lut0.genblk1.genblk1.genblk1.genblk1.genblk1.genblk1.genblk1.genblk1.genblk1.lut1 (6 -> 3)
  Optimizing lut $abc$10750$auto$blifparse.cc:535:parse_blif$11018.genblk1.genblk1.genblk1.genblk1.genblk1.genblk1.genblk1.genblk1.genblk1.genblk1.lut0.genblk1.genblk1.genblk1.genblk1.genblk1.genblk1.genblk1.genblk1.genblk1.lut1 (6 -> 3)
  Optimizing lut $abc$10750$auto$blifparse.cc:535:parse_blif$11134.genblk1.genblk1.genblk1.genblk1.genblk1.genblk1.genblk1.genblk1.genblk1.genblk1.lut0.genblk1.genblk1.genblk1.genblk1.genblk1.genblk1.genblk1.genblk1.genblk1.lut1 (6 -> 3)
  Optimizing lut $abc$10750$auto$blifparse.cc:535:parse_blif$11269.genblk1.genblk1.genblk1.genblk1.genblk1.genblk1.genblk1.genblk1.genblk1.genblk1.lut1.genblk1.genblk1.genblk1.genblk1.genblk1.genblk1.genblk1.genblk1.genblk1.lut0 (6 -> 4)
  Optimizing lut $abc$10750$auto$blifparse.cc:535:parse_blif$11158.genblk1.genblk1.genblk1.genblk1.genblk1.genblk1.genblk1.genblk1.genblk1.lut1 (6 -> 1)
  Optimizing lut $abc$10750$auto$blifparse.cc:535:parse_blif$11162.genblk1.genblk1.genblk1.genblk1.genblk1.genblk1.genblk1.genblk1.genblk1.lut0 (6 -> 4)
  Optimizing lut $abc$10750$auto$blifparse.cc:535:parse_blif$10963.genblk1.genblk1.genblk1.genblk1.genblk1.genblk1.genblk1.genblk1.genblk1.genblk1.lut1.genblk1.genblk1.genblk1.genblk1.genblk1.genblk1.genblk1.genblk1.genblk1.lut1 (6 -> 0)
  Optimizing lut $abc$10750$auto$blifparse.cc:535:parse_blif$11052.genblk1.genblk1.genblk1.genblk1.genblk1.genblk1.genblk1.genblk1.genblk1.genblk1.lut0.genblk1.genblk1.genblk1.genblk1.genblk1.genblk1.genblk1.genblk1.genblk1.lut1 (6 -> 3)
  Optimizing lut $abc$10750$auto$blifparse.cc:535:parse_blif$11032.genblk1.genblk1.genblk1.genblk1.genblk1.genblk1.genblk1.genblk1.genblk1.genblk1.lut1.genblk1.genblk1.genblk1.genblk1.genblk1.genblk1.genblk1.genblk1.genblk1.lut1 (6 -> 1)
  Optimizing lut $abc$10750$auto$blifparse.cc:535:parse_blif$11035.genblk1.genblk1.genblk1.genblk1.genblk1.genblk1.genblk1.genblk1.genblk1.lut1 (6 -> 4)
  Optimizing lut $abc$10750$auto$blifparse.cc:535:parse_blif$11217.genblk1.genblk1.genblk1.genblk1.genblk1.genblk1.genblk1.genblk1.genblk1.genblk1.lut0.genblk1.genblk1.genblk1.genblk1.genblk1.genblk1.genblk1.genblk1.genblk1.lut1 (6 -> 3)
  Optimizing lut $abc$10750$auto$blifparse.cc:535:parse_blif$11043.genblk1.genblk1.genblk1.genblk1.genblk1.genblk1.genblk1.genblk1.genblk1.lut1 (6 -> 3)
  Optimizing lut $abc$10750$auto$blifparse.cc:535:parse_blif$11056.genblk1.genblk1.genblk1.genblk1.genblk1.genblk1.genblk1.genblk1.genblk1.genblk1.lut1.genblk1.genblk1.genblk1.genblk1.genblk1.genblk1.genblk1.genblk1.genblk1.lut1 (6 -> 1)
  Optimizing lut $abc$10750$auto$blifparse.cc:535:parse_blif$11056.genblk1.genblk1.genblk1.genblk1.genblk1.genblk1.genblk1.genblk1.genblk1.genblk1.lut1.genblk1.genblk1.genblk1.genblk1.genblk1.genblk1.genblk1.genblk1.genblk1.lut0 (6 -> 3)
  Optimizing lut $abc$10750$auto$blifparse.cc:535:parse_blif$11389.genblk1.genblk1.genblk1.genblk1.genblk1.genblk1.genblk1.genblk1.genblk1.genblk1.lut1.genblk1.genblk1.genblk1.genblk1.genblk1.genblk1.genblk1.genblk1.genblk1.lut0 (6 -> 0)
  Optimizing lut $abc$10750$auto$blifparse.cc:535:parse_blif$11105.genblk1.genblk1.genblk1.genblk1.genblk1.genblk1.genblk1.genblk1.genblk1.genblk1.lut1.genblk1.genblk1.genblk1.genblk1.genblk1.genblk1.genblk1.genblk1.genblk1.lut1 (6 -> 0)
  Optimizing lut $abc$10750$auto$blifparse.cc:535:parse_blif$11053.genblk1.genblk1.genblk1.genblk1.genblk1.genblk1.genblk1.genblk1.genblk1.lut1 (6 -> 4)
  Optimizing lut $abc$10750$auto$blifparse.cc:535:parse_blif$11207.genblk1.genblk1.genblk1.genblk1.genblk1.genblk1.genblk1.genblk1.genblk1.genblk1.lut1.genblk1.genblk1.genblk1.genblk1.genblk1.genblk1.genblk1.genblk1.genblk1.lut1 (6 -> 1)
  Optimizing lut $abc$10750$auto$blifparse.cc:535:parse_blif$11039.genblk1.genblk1.genblk1.genblk1.genblk1.genblk1.genblk1.genblk1.genblk1.genblk1.lut0.genblk1.genblk1.genblk1.genblk1.genblk1.genblk1.genblk1.genblk1.genblk1.lut1 (6 -> 3)
  Optimizing lut $abc$10750$auto$blifparse.cc:535:parse_blif$11039.genblk1.genblk1.genblk1.genblk1.genblk1.genblk1.genblk1.genblk1.genblk1.genblk1.lut1.genblk1.genblk1.genblk1.genblk1.genblk1.genblk1.genblk1.genblk1.genblk1.lut0 (6 -> 3)
  Optimizing lut $abc$10750$auto$blifparse.cc:535:parse_blif$11087.genblk1.genblk1.genblk1.genblk1.genblk1.genblk1.genblk1.genblk1.genblk1.genblk1.lut1.genblk1.genblk1.genblk1.genblk1.genblk1.genblk1.genblk1.genblk1.genblk1.lut0 (6 -> 3)
  Optimizing lut $abc$10750$auto$blifparse.cc:535:parse_blif$10979.genblk1.genblk1.genblk1.genblk1.genblk1.genblk1.genblk1.genblk1.genblk1.genblk1.lut1.genblk1.genblk1.genblk1.genblk1.genblk1.genblk1.genblk1.genblk1.genblk1.lut1 (6 -> 1)
  Optimizing lut $abc$10750$auto$blifparse.cc:535:parse_blif$11378.genblk1.genblk1.genblk1.genblk1.genblk1.genblk1.genblk1.genblk1.genblk1.genblk1.lut1.genblk1.genblk1.genblk1.genblk1.genblk1.genblk1.genblk1.genblk1.genblk1.lut0 (6 -> 1)
  Optimizing lut $abc$10750$auto$blifparse.cc:535:parse_blif$11079.genblk1.genblk1.genblk1.genblk1.genblk1.genblk1.genblk1.genblk1.genblk1.genblk1.lut0.genblk1.genblk1.genblk1.genblk1.genblk1.genblk1.genblk1.genblk1.genblk1.lut1 (6 -> 1)
  Optimizing lut $abc$10750$auto$blifparse.cc:535:parse_blif$11084.genblk1.genblk1.genblk1.genblk1.genblk1.genblk1.genblk1.genblk1.genblk1.genblk1.lut1.genblk1.genblk1.genblk1.genblk1.genblk1.genblk1.genblk1.genblk1.genblk1.lut1 (6 -> 1)
  Optimizing lut $abc$10750$auto$blifparse.cc:535:parse_blif$11328.genblk1.genblk1.genblk1.genblk1.genblk1.genblk1.genblk1.genblk1.genblk1.genblk1.lut0.genblk1.genblk1.genblk1.genblk1.genblk1.genblk1.genblk1.genblk1.genblk1.lut0 (6 -> 4)
  Optimizing lut $abc$10750$auto$blifparse.cc:535:parse_blif$11005.genblk1.genblk1.genblk1.genblk1.genblk1.genblk1.genblk1.genblk1.genblk1.genblk1.lut1.genblk1.genblk1.genblk1.genblk1.genblk1.genblk1.genblk1.genblk1.genblk1.lut1 (6 -> 1)
  Optimizing lut $abc$10750$auto$blifparse.cc:535:parse_blif$11295.genblk1.genblk1.genblk1.genblk1.genblk1.genblk1.genblk1.genblk1.genblk1.genblk1.lut1.genblk1.genblk1.genblk1.genblk1.genblk1.genblk1.genblk1.genblk1.genblk1.lut0 (6 -> 3)
  Optimizing lut $abc$10750$auto$blifparse.cc:535:parse_blif$11087.genblk1.genblk1.genblk1.genblk1.genblk1.genblk1.genblk1.genblk1.genblk1.genblk1.lut0.genblk1.genblk1.genblk1.genblk1.genblk1.genblk1.genblk1.genblk1.genblk1.lut1 (6 -> 3)
  Optimizing lut $abc$10750$auto$blifparse.cc:535:parse_blif$11265.genblk1.genblk1.genblk1.genblk1.genblk1.genblk1.genblk1.genblk1.genblk1.genblk1.lut0.genblk1.genblk1.genblk1.genblk1.genblk1.genblk1.genblk1.genblk1.genblk1.lut1 (6 -> 3)
  Optimizing lut $abc$10750$auto$blifparse.cc:535:parse_blif$11096.genblk1.genblk1.genblk1.genblk1.genblk1.genblk1.genblk1.genblk1.genblk1.lut1 (6 -> 4)
  Optimizing lut $abc$10750$auto$blifparse.cc:535:parse_blif$11099.genblk1.genblk1.genblk1.genblk1.genblk1.genblk1.genblk1.genblk1.genblk1.genblk1.lut0.genblk1.genblk1.genblk1.genblk1.genblk1.genblk1.genblk1.genblk1.genblk1.lut1 (6 -> 3)
  Optimizing lut $abc$10750$auto$blifparse.cc:535:parse_blif$11109.genblk1.genblk1.genblk1.genblk1.genblk1.genblk1.genblk1.genblk1.genblk1.genblk1.lut1.genblk1.genblk1.genblk1.genblk1.genblk1.genblk1.genblk1.genblk1.genblk1.lut0 (6 -> 2)
  Optimizing lut $abc$10750$auto$blifparse.cc:535:parse_blif$11111.genblk1.genblk1.genblk1.genblk1.genblk1.genblk1.genblk1.genblk1.genblk1.genblk1.lut0.genblk1.genblk1.genblk1.genblk1.genblk1.genblk1.genblk1.genblk1.genblk1.lut1 (6 -> 0)
  Optimizing lut $abc$10750$auto$blifparse.cc:535:parse_blif$11114.genblk1.genblk1.genblk1.genblk1.genblk1.genblk1.genblk1.genblk1.genblk1.lut1 (6 -> 0)
  Optimizing lut $abc$10750$auto$blifparse.cc:535:parse_blif$11119.genblk1.genblk1.genblk1.genblk1.genblk1.genblk1.genblk1.genblk1.genblk1.genblk1.lut0.genblk1.genblk1.genblk1.genblk1.genblk1.genblk1.genblk1.genblk1.genblk1.lut1 (6 -> 1)
  Optimizing lut $abc$10750$auto$blifparse.cc:535:parse_blif$11111.genblk1.genblk1.genblk1.genblk1.genblk1.genblk1.genblk1.genblk1.genblk1.genblk1.lut1.genblk1.genblk1.genblk1.genblk1.genblk1.genblk1.genblk1.genblk1.genblk1.lut1 (6 -> 0)
  Optimizing lut $abc$10750$auto$blifparse.cc:535:parse_blif$11128.genblk1.genblk1.genblk1.genblk1.genblk1.genblk1.genblk1.genblk1.genblk1.genblk1.lut0.genblk1.genblk1.genblk1.genblk1.genblk1.genblk1.genblk1.genblk1.genblk1.lut1 (6 -> 3)
  Optimizing lut $abc$10750$auto$blifparse.cc:535:parse_blif$10812.genblk1.genblk1.genblk1.genblk1.genblk1.genblk1.genblk1.genblk1.genblk1.genblk1.lut0.genblk1.genblk1.genblk1.genblk1.genblk1.genblk1.genblk1.genblk1.genblk1.lut0 (6 -> 0)
  Optimizing lut $abc$10750$auto$blifparse.cc:535:parse_blif$11007.genblk1.genblk1.genblk1.genblk1.genblk1.genblk1.genblk1.genblk1.genblk1.genblk1.lut1.genblk1.genblk1.genblk1.genblk1.genblk1.genblk1.genblk1.genblk1.genblk1.lut0 (6 -> 3)
  Optimizing lut $abc$10750$auto$blifparse.cc:535:parse_blif$11384.genblk1.genblk1.genblk1.genblk1.genblk1.genblk1.genblk1.genblk1.genblk1.genblk1.lut1.genblk1.genblk1.genblk1.genblk1.genblk1.genblk1.genblk1.genblk1.genblk1.lut1 (6 -> 1)
  Optimizing lut $abc$10750$auto$blifparse.cc:535:parse_blif$11029.genblk1.genblk1.genblk1.genblk1.genblk1.genblk1.genblk1.genblk1.genblk1.lut1 (6 -> 4)
  Optimizing lut $abc$10750$auto$blifparse.cc:535:parse_blif$11075.genblk1.genblk1.genblk1.genblk1.genblk1.genblk1.genblk1.genblk1.genblk1.genblk1.lut1.genblk1.genblk1.genblk1.genblk1.genblk1.genblk1.genblk1.genblk1.genblk1.lut0 (6 -> 3)
  Optimizing lut $abc$10750$auto$blifparse.cc:535:parse_blif$11035.genblk1.genblk1.genblk1.genblk1.genblk1.genblk1.genblk1.genblk1.genblk1.lut0 (6 -> 4)
  Optimizing lut $abc$10750$auto$blifparse.cc:535:parse_blif$11160.genblk1.genblk1.genblk1.genblk1.genblk1.genblk1.genblk1.genblk1.genblk1.lut1 (6 -> 3)
  Optimizing lut $abc$10750$auto$blifparse.cc:535:parse_blif$11162.genblk1.genblk1.genblk1.genblk1.genblk1.genblk1.genblk1.genblk1.genblk1.lut1 (6 -> 4)
  Optimizing lut $abc$10750$auto$blifparse.cc:535:parse_blif$10983.genblk1.genblk1.genblk1.genblk1.genblk1.genblk1.genblk1.genblk1.genblk1.genblk1.lut0.genblk1.genblk1.genblk1.genblk1.genblk1.genblk1.genblk1.genblk1.genblk1.lut1 (6 -> 3)
  Optimizing lut $abc$10750$auto$blifparse.cc:535:parse_blif$11031.genblk1.genblk1.genblk1.genblk1.genblk1.genblk1.genblk1.genblk1.genblk1.genblk1.lut1.genblk1.genblk1.genblk1.genblk1.genblk1.genblk1.genblk1.genblk1.genblk1.lut0 (6 -> 3)
  Optimizing lut $abc$10750$auto$blifparse.cc:535:parse_blif$11169.genblk1.genblk1.genblk1.genblk1.genblk1.genblk1.genblk1.genblk1.genblk1.genblk1.lut0.genblk1.genblk1.genblk1.genblk1.genblk1.genblk1.genblk1.genblk1.genblk1.lut0 (6 -> 0)
  Optimizing lut $abc$10750$auto$blifparse.cc:535:parse_blif$11170.genblk1.genblk1.genblk1.genblk1.genblk1.genblk1.genblk1.genblk1.genblk1.lut1 (6 -> 4)
  Optimizing lut $abc$10750$auto$blifparse.cc:535:parse_blif$10982.genblk1.genblk1.genblk1.genblk1.genblk1.genblk1.genblk1.genblk1.genblk1.genblk1.lut0.genblk1.genblk1.genblk1.genblk1.genblk1.genblk1.genblk1.genblk1.genblk1.lut1 (6 -> 3)
  Optimizing lut $abc$10750$auto$blifparse.cc:535:parse_blif$11179.genblk1.genblk1.genblk1.genblk1.genblk1.genblk1.genblk1.genblk1.genblk1.genblk1.lut0.genblk1.genblk1.genblk1.genblk1.genblk1.genblk1.genblk1.genblk1.genblk1.lut1 (6 -> 0)
  Optimizing lut $abc$10750$auto$blifparse.cc:535:parse_blif$11180.genblk1.genblk1.genblk1.genblk1.genblk1.genblk1.genblk1.genblk1.genblk1.lut1 (6 -> 4)
  Optimizing lut $abc$10750$auto$blifparse.cc:535:parse_blif$11054.genblk1.genblk1.genblk1.genblk1.genblk1.genblk1.genblk1.genblk1.genblk1.genblk1.lut1.genblk1.genblk1.genblk1.genblk1.genblk1.genblk1.genblk1.genblk1.genblk1.lut1 (6 -> 0)
  Optimizing lut $abc$10750$auto$blifparse.cc:535:parse_blif$11183.genblk1.genblk1.genblk1.genblk1.genblk1.genblk1.genblk1.genblk1.genblk1.genblk1.lut1.genblk1.genblk1.genblk1.genblk1.genblk1.genblk1.genblk1.genblk1.genblk1.lut1 (6 -> 4)
  Optimizing lut $abc$10750$auto$blifparse.cc:535:parse_blif$11183.genblk1.genblk1.genblk1.genblk1.genblk1.genblk1.genblk1.genblk1.genblk1.genblk1.lut0.genblk1.genblk1.genblk1.genblk1.genblk1.genblk1.genblk1.genblk1.genblk1.lut1 (6 -> 0)
  Optimizing lut $abc$10750$auto$blifparse.cc:535:parse_blif$11184.genblk1.genblk1.genblk1.genblk1.genblk1.genblk1.genblk1.genblk1.genblk1.genblk1.lut0.genblk1.genblk1.genblk1.genblk1.genblk1.genblk1.genblk1.genblk1.genblk1.lut1 (6 -> 3)
  Optimizing lut $abc$10750$auto$blifparse.cc:535:parse_blif$11189.genblk1.genblk1.genblk1.genblk1.genblk1.genblk1.genblk1.genblk1.genblk1.lut1 (6 -> 1)
  Optimizing lut $abc$10750$auto$blifparse.cc:535:parse_blif$11364.genblk1.genblk1.genblk1.genblk1.genblk1.genblk1.genblk1.genblk1.genblk1.genblk1.lut1.genblk1.genblk1.genblk1.genblk1.genblk1.genblk1.genblk1.genblk1.genblk1.lut0 (6 -> 4)
  Optimizing lut $abc$10750$auto$blifparse.cc:535:parse_blif$11169.genblk1.genblk1.genblk1.genblk1.genblk1.genblk1.genblk1.genblk1.genblk1.genblk1.lut1.genblk1.genblk1.genblk1.genblk1.genblk1.genblk1.genblk1.genblk1.genblk1.lut1 (6 -> 2)
  Optimizing lut $abc$10750$auto$blifparse.cc:535:parse_blif$10984.genblk1.genblk1.genblk1.genblk1.genblk1.genblk1.genblk1.genblk1.genblk1.genblk1.lut1.genblk1.genblk1.genblk1.genblk1.genblk1.genblk1.genblk1.genblk1.genblk1.lut1 (6 -> 1)
  Optimizing lut $abc$10750$auto$blifparse.cc:535:parse_blif$10963.genblk1.genblk1.genblk1.genblk1.genblk1.genblk1.genblk1.genblk1.genblk1.genblk1.lut0.genblk1.genblk1.genblk1.genblk1.genblk1.genblk1.genblk1.genblk1.genblk1.lut0 (6 -> 1)
  Optimizing lut $abc$10750$auto$blifparse.cc:535:parse_blif$11020.genblk1.genblk1.genblk1.genblk1.genblk1.genblk1.genblk1.genblk1.genblk1.lut0 (6 -> 0)
  Optimizing lut $abc$10750$auto$blifparse.cc:535:parse_blif$11195.genblk1.genblk1.genblk1.genblk1.genblk1.genblk1.genblk1.genblk1.genblk1.genblk1.lut0.genblk1.genblk1.genblk1.genblk1.genblk1.genblk1.genblk1.genblk1.genblk1.lut1 (6 -> 0)
  Optimizing lut $abc$10750$auto$blifparse.cc:535:parse_blif$10853.genblk1.genblk1.genblk1.genblk1.genblk1.genblk1.genblk1.genblk1.genblk1.genblk1.lut1.genblk1.genblk1.genblk1.genblk1.genblk1.genblk1.genblk1.genblk1.genblk1.lut0 (6 -> 0)
  Optimizing lut $abc$10750$auto$blifparse.cc:535:parse_blif$10955.genblk1.genblk1.genblk1.genblk1.genblk1.genblk1.genblk1.genblk1.genblk1.lut0 (6 -> 0)
  Optimizing lut $abc$10750$auto$blifparse.cc:535:parse_blif$10979.genblk1.genblk1.genblk1.genblk1.genblk1.genblk1.genblk1.genblk1.genblk1.genblk1.lut0.genblk1.genblk1.genblk1.genblk1.genblk1.genblk1.genblk1.genblk1.genblk1.lut1 (6 -> 3)
  Optimizing lut $abc$10750$auto$blifparse.cc:535:parse_blif$11091.genblk1.genblk1.genblk1.genblk1.genblk1.genblk1.genblk1.genblk1.genblk1.genblk1.lut1.genblk1.genblk1.genblk1.genblk1.genblk1.genblk1.genblk1.genblk1.genblk1.lut1 (6 -> 3)
  Optimizing lut $abc$10750$auto$blifparse.cc:535:parse_blif$11200.genblk1.genblk1.genblk1.genblk1.genblk1.genblk1.genblk1.genblk1.genblk1.genblk1.lut1.genblk1.genblk1.genblk1.genblk1.genblk1.genblk1.genblk1.genblk1.genblk1.lut1 (6 -> 1)
  Optimizing lut $abc$10750$auto$blifparse.cc:535:parse_blif$11183.genblk1.genblk1.genblk1.genblk1.genblk1.genblk1.genblk1.genblk1.genblk1.genblk1.lut0.genblk1.genblk1.genblk1.genblk1.genblk1.genblk1.genblk1.genblk1.genblk1.lut0 (6 -> 0)
  Optimizing lut $abc$10750$auto$blifparse.cc:535:parse_blif$11200.genblk1.genblk1.genblk1.genblk1.genblk1.genblk1.genblk1.genblk1.genblk1.genblk1.lut0.genblk1.genblk1.genblk1.genblk1.genblk1.genblk1.genblk1.genblk1.genblk1.lut1 (6 -> 0)
  Optimizing lut $abc$10750$auto$blifparse.cc:535:parse_blif$11050.genblk1.genblk1.genblk1.genblk1.genblk1.genblk1.genblk1.genblk1.genblk1.genblk1.lut1.genblk1.genblk1.genblk1.genblk1.genblk1.genblk1.genblk1.genblk1.genblk1.lut1 (6 -> 1)
  Optimizing lut $abc$10750$auto$blifparse.cc:535:parse_blif$10988.genblk1.genblk1.genblk1.genblk1.genblk1.genblk1.genblk1.genblk1.genblk1.genblk1.lut0.genblk1.genblk1.genblk1.genblk1.genblk1.genblk1.genblk1.genblk1.genblk1.lut1 (6 -> 0)
  Optimizing lut $abc$10750$auto$blifparse.cc:535:parse_blif$11127.genblk1.genblk1.genblk1.genblk1.genblk1.genblk1.genblk1.genblk1.genblk1.genblk1.lut0.genblk1.genblk1.genblk1.genblk1.genblk1.genblk1.genblk1.genblk1.genblk1.lut0 (6 -> 1)
  Optimizing lut $abc$10750$auto$blifparse.cc:535:parse_blif$11331.genblk1.genblk1.genblk1.genblk1.genblk1.genblk1.genblk1.genblk1.genblk1.genblk1.lut1.genblk1.genblk1.genblk1.genblk1.genblk1.genblk1.genblk1.genblk1.genblk1.lut0 (6 -> 3)
  Optimizing lut $abc$10750$auto$blifparse.cc:535:parse_blif$11079.genblk1.genblk1.genblk1.genblk1.genblk1.genblk1.genblk1.genblk1.genblk1.genblk1.lut1.genblk1.genblk1.genblk1.genblk1.genblk1.genblk1.genblk1.genblk1.genblk1.lut0 (6 -> 2)
  Optimizing lut $abc$10750$auto$blifparse.cc:535:parse_blif$11230.genblk1.genblk1.genblk1.genblk1.genblk1.genblk1.genblk1.genblk1.genblk1.genblk1.lut0.genblk1.genblk1.genblk1.genblk1.genblk1.genblk1.genblk1.genblk1.genblk1.lut1 (6 -> 3)
  Optimizing lut $abc$10750$auto$blifparse.cc:535:parse_blif$11234.genblk1.genblk1.genblk1.genblk1.genblk1.genblk1.genblk1.genblk1.genblk1.genblk1.lut1.genblk1.genblk1.genblk1.genblk1.genblk1.genblk1.genblk1.genblk1.genblk1.lut0 (6 -> 0)
  Optimizing lut $abc$10750$auto$blifparse.cc:535:parse_blif$11075.genblk1.genblk1.genblk1.genblk1.genblk1.genblk1.genblk1.genblk1.genblk1.genblk1.lut1.genblk1.genblk1.genblk1.genblk1.genblk1.genblk1.genblk1.genblk1.genblk1.lut1 (6 -> 1)
  Optimizing lut $abc$10750$auto$blifparse.cc:535:parse_blif$11200.genblk1.genblk1.genblk1.genblk1.genblk1.genblk1.genblk1.genblk1.genblk1.genblk1.lut0.genblk1.genblk1.genblk1.genblk1.genblk1.genblk1.genblk1.genblk1.genblk1.lut0 (6 -> 5)
  Optimizing lut $abc$10750$auto$blifparse.cc:535:parse_blif$11252.genblk1.genblk1.genblk1.genblk1.genblk1.genblk1.genblk1.genblk1.genblk1.genblk1.lut1.genblk1.genblk1.genblk1.genblk1.genblk1.genblk1.genblk1.genblk1.genblk1.lut0 (6 -> 3)
  Optimizing lut $abc$10750$auto$blifparse.cc:535:parse_blif$11192.genblk1.genblk1.genblk1.genblk1.genblk1.genblk1.genblk1.genblk1.genblk1.genblk1.lut1.genblk1.genblk1.genblk1.genblk1.genblk1.genblk1.genblk1.genblk1.genblk1.lut1 (6 -> 2)
  Optimizing lut $abc$10750$auto$blifparse.cc:535:parse_blif$11291.genblk1.genblk1.genblk1.genblk1.genblk1.genblk1.genblk1.genblk1.genblk1.genblk1.lut0.genblk1.genblk1.genblk1.genblk1.genblk1.genblk1.genblk1.genblk1.genblk1.lut0 (6 -> 0)
  Optimizing lut $abc$10750$auto$blifparse.cc:535:parse_blif$11031.genblk1.genblk1.genblk1.genblk1.genblk1.genblk1.genblk1.genblk1.genblk1.genblk1.lut1.genblk1.genblk1.genblk1.genblk1.genblk1.genblk1.genblk1.genblk1.genblk1.lut1 (6 -> 1)
  Optimizing lut $abc$10750$auto$blifparse.cc:535:parse_blif$11184.genblk1.genblk1.genblk1.genblk1.genblk1.genblk1.genblk1.genblk1.genblk1.genblk1.lut1.genblk1.genblk1.genblk1.genblk1.genblk1.genblk1.genblk1.genblk1.genblk1.lut1 (6 -> 1)
  Optimizing lut $abc$10750$auto$blifparse.cc:535:parse_blif$11259.genblk1.genblk1.genblk1.genblk1.genblk1.genblk1.genblk1.genblk1.genblk1.genblk1.lut1.genblk1.genblk1.genblk1.genblk1.genblk1.genblk1.genblk1.genblk1.genblk1.lut1 (6 -> 1)
  Optimizing lut $abc$10750$auto$blifparse.cc:535:parse_blif$11196.genblk1.genblk1.genblk1.genblk1.genblk1.genblk1.genblk1.genblk1.genblk1.genblk1.lut1.genblk1.genblk1.genblk1.genblk1.genblk1.genblk1.genblk1.genblk1.genblk1.lut0 (6 -> 3)
  Optimizing lut $abc$10750$auto$blifparse.cc:535:parse_blif$11260.genblk1.genblk1.genblk1.genblk1.genblk1.genblk1.genblk1.genblk1.genblk1.lut1 (6 -> 4)
  Optimizing lut $abc$10750$auto$blifparse.cc:535:parse_blif$11192.genblk1.genblk1.genblk1.genblk1.genblk1.genblk1.genblk1.genblk1.genblk1.genblk1.lut0.genblk1.genblk1.genblk1.genblk1.genblk1.genblk1.genblk1.genblk1.genblk1.lut0 (6 -> 5)
  Optimizing lut $abc$10750$auto$blifparse.cc:535:parse_blif$11295.genblk1.genblk1.genblk1.genblk1.genblk1.genblk1.genblk1.genblk1.genblk1.genblk1.lut1.genblk1.genblk1.genblk1.genblk1.genblk1.genblk1.genblk1.genblk1.genblk1.lut1 (6 -> 1)
  Optimizing lut $abc$10750$auto$blifparse.cc:535:parse_blif$10983.genblk1.genblk1.genblk1.genblk1.genblk1.genblk1.genblk1.genblk1.genblk1.genblk1.lut1.genblk1.genblk1.genblk1.genblk1.genblk1.genblk1.genblk1.genblk1.genblk1.lut0 (6 -> 3)
  Optimizing lut $abc$10750$auto$blifparse.cc:535:parse_blif$11275.genblk1.genblk1.genblk1.genblk1.genblk1.genblk1.genblk1.genblk1.genblk1.genblk1.lut1.genblk1.genblk1.genblk1.genblk1.genblk1.genblk1.genblk1.genblk1.genblk1.lut1 (6 -> 1)
  Optimizing lut $abc$10750$auto$blifparse.cc:535:parse_blif$11275.genblk1.genblk1.genblk1.genblk1.genblk1.genblk1.genblk1.genblk1.genblk1.genblk1.lut0.genblk1.genblk1.genblk1.genblk1.genblk1.genblk1.genblk1.genblk1.genblk1.lut1 (6 -> 3)
  Optimizing lut $abc$10750$auto$blifparse.cc:535:parse_blif$11087.genblk1.genblk1.genblk1.genblk1.genblk1.genblk1.genblk1.genblk1.genblk1.genblk1.lut1.genblk1.genblk1.genblk1.genblk1.genblk1.genblk1.genblk1.genblk1.genblk1.lut1 (6 -> 1)
  Optimizing lut $abc$10750$auto$blifparse.cc:535:parse_blif$10988.genblk1.genblk1.genblk1.genblk1.genblk1.genblk1.genblk1.genblk1.genblk1.genblk1.lut1.genblk1.genblk1.genblk1.genblk1.genblk1.genblk1.genblk1.genblk1.genblk1.lut1 (6 -> 0)
  Optimizing lut $abc$10750$auto$blifparse.cc:535:parse_blif$10901.genblk1.genblk1.genblk1.genblk1.genblk1.genblk1.genblk1.genblk1.genblk1.genblk1.lut1.genblk1.genblk1.genblk1.genblk1.genblk1.genblk1.genblk1.genblk1.genblk1.lut0 (6 -> 0)
  Optimizing lut $abc$10750$auto$blifparse.cc:535:parse_blif$11285.genblk1.genblk1.genblk1.genblk1.genblk1.genblk1.genblk1.genblk1.genblk1.genblk1.lut0.genblk1.genblk1.genblk1.genblk1.genblk1.genblk1.genblk1.genblk1.genblk1.lut1 (6 -> 3)
  Optimizing lut $abc$10750$auto$blifparse.cc:535:parse_blif$11259.genblk1.genblk1.genblk1.genblk1.genblk1.genblk1.genblk1.genblk1.genblk1.genblk1.lut1.genblk1.genblk1.genblk1.genblk1.genblk1.genblk1.genblk1.genblk1.genblk1.lut0 (6 -> 1)
  Optimizing lut $abc$10750$auto$blifparse.cc:535:parse_blif$11305.genblk1.genblk1.genblk1.genblk1.genblk1.genblk1.genblk1.genblk1.genblk1.genblk1.lut0.genblk1.genblk1.genblk1.genblk1.genblk1.genblk1.genblk1.genblk1.genblk1.lut0 (6 -> 1)
  Optimizing lut $abc$10750$auto$blifparse.cc:535:parse_blif$11128.genblk1.genblk1.genblk1.genblk1.genblk1.genblk1.genblk1.genblk1.genblk1.genblk1.lut1.genblk1.genblk1.genblk1.genblk1.genblk1.genblk1.genblk1.genblk1.genblk1.lut0 (6 -> 3)
  Optimizing lut $abc$10750$auto$blifparse.cc:535:parse_blif$11305.genblk1.genblk1.genblk1.genblk1.genblk1.genblk1.genblk1.genblk1.genblk1.genblk1.lut1.genblk1.genblk1.genblk1.genblk1.genblk1.genblk1.genblk1.genblk1.genblk1.lut1 (6 -> 1)
  Optimizing lut $abc$10750$auto$blifparse.cc:535:parse_blif$11269.genblk1.genblk1.genblk1.genblk1.genblk1.genblk1.genblk1.genblk1.genblk1.genblk1.lut0.genblk1.genblk1.genblk1.genblk1.genblk1.genblk1.genblk1.genblk1.genblk1.lut0 (6 -> 4)
  Optimizing lut $abc$10750$auto$blifparse.cc:535:parse_blif$11193.genblk1.genblk1.genblk1.genblk1.genblk1.genblk1.genblk1.genblk1.genblk1.lut1 (6 -> 4)
  Optimizing lut $abc$10750$auto$blifparse.cc:535:parse_blif$11313.genblk1.genblk1.genblk1.genblk1.genblk1.genblk1.genblk1.genblk1.genblk1.genblk1.lut1.genblk1.genblk1.genblk1.genblk1.genblk1.genblk1.genblk1.genblk1.genblk1.lut1 (6 -> 1)
  Optimizing lut $abc$10750$auto$blifparse.cc:535:parse_blif$11313.genblk1.genblk1.genblk1.genblk1.genblk1.genblk1.genblk1.genblk1.genblk1.genblk1.lut0.genblk1.genblk1.genblk1.genblk1.genblk1.genblk1.genblk1.genblk1.genblk1.lut1 (6 -> 0)
  Optimizing lut $abc$10750$auto$blifparse.cc:535:parse_blif$11322.genblk1.genblk1.genblk1.genblk1.genblk1.genblk1.genblk1.genblk1.genblk1.lut0 (6 -> 0)
  Optimizing lut $abc$10750$auto$blifparse.cc:535:parse_blif$11317.genblk1.genblk1.genblk1.genblk1.genblk1.genblk1.genblk1.genblk1.genblk1.genblk1.lut0.genblk1.genblk1.genblk1.genblk1.genblk1.genblk1.genblk1.genblk1.genblk1.lut0 (6 -> 4)
  Optimizing lut $abc$10750$auto$blifparse.cc:535:parse_blif$11323.genblk1.genblk1.genblk1.genblk1.genblk1.genblk1.genblk1.genblk1.genblk1.genblk1.lut0.genblk1.genblk1.genblk1.genblk1.genblk1.genblk1.genblk1.genblk1.genblk1.lut1 (6 -> 3)
  Optimizing lut $abc$10750$auto$blifparse.cc:535:parse_blif$11002.genblk1.genblk1.genblk1.genblk1.genblk1.genblk1.genblk1.genblk1.genblk1.genblk1.lut0.genblk1.genblk1.genblk1.genblk1.genblk1.genblk1.genblk1.genblk1.genblk1.lut1 (6 -> 3)
  Optimizing lut $abc$10750$auto$blifparse.cc:535:parse_blif$11331.genblk1.genblk1.genblk1.genblk1.genblk1.genblk1.genblk1.genblk1.genblk1.genblk1.lut0.genblk1.genblk1.genblk1.genblk1.genblk1.genblk1.genblk1.genblk1.genblk1.lut1 (6 -> 3)
  Optimizing lut $abc$10750$auto$blifparse.cc:535:parse_blif$11339.genblk1.genblk1.genblk1.genblk1.genblk1.genblk1.genblk1.genblk1.genblk1.lut0 (6 -> 0)
  Optimizing lut $abc$10750$auto$blifparse.cc:535:parse_blif$11305.genblk1.genblk1.genblk1.genblk1.genblk1.genblk1.genblk1.genblk1.genblk1.genblk1.lut0.genblk1.genblk1.genblk1.genblk1.genblk1.genblk1.genblk1.genblk1.genblk1.lut1 (6 -> 5)
  Optimizing lut $abc$10750$auto$blifparse.cc:535:parse_blif$11084.genblk1.genblk1.genblk1.genblk1.genblk1.genblk1.genblk1.genblk1.genblk1.genblk1.lut0.genblk1.genblk1.genblk1.genblk1.genblk1.genblk1.genblk1.genblk1.genblk1.lut1 (6 -> 1)
  Optimizing lut $abc$10750$auto$blifparse.cc:535:parse_blif$11340.genblk1.genblk1.genblk1.genblk1.genblk1.genblk1.genblk1.genblk1.genblk1.genblk1.lut1.genblk1.genblk1.genblk1.genblk1.genblk1.genblk1.genblk1.genblk1.genblk1.lut1 (6 -> 1)
  Optimizing lut $abc$10750$auto$blifparse.cc:535:parse_blif$11354.genblk1.genblk1.genblk1.genblk1.genblk1.genblk1.genblk1.genblk1.genblk1.lut1 (6 -> 4)
  Optimizing lut $abc$10750$auto$blifparse.cc:535:parse_blif$11357.genblk1.genblk1.genblk1.genblk1.genblk1.genblk1.genblk1.genblk1.genblk1.genblk1.lut1.genblk1.genblk1.genblk1.genblk1.genblk1.genblk1.genblk1.genblk1.genblk1.lut1 (6 -> 2)
  Optimizing lut $abc$10750$auto$blifparse.cc:535:parse_blif$11357.genblk1.genblk1.genblk1.genblk1.genblk1.genblk1.genblk1.genblk1.genblk1.genblk1.lut0.genblk1.genblk1.genblk1.genblk1.genblk1.genblk1.genblk1.genblk1.genblk1.lut1 (6 -> 1)
  Optimizing lut $abc$10750$auto$blifparse.cc:535:parse_blif$11354.genblk1.genblk1.genblk1.genblk1.genblk1.genblk1.genblk1.genblk1.genblk1.lut0 (6 -> 4)
  Optimizing lut $abc$10750$auto$blifparse.cc:535:parse_blif$11351.genblk1.genblk1.genblk1.genblk1.genblk1.genblk1.genblk1.genblk1.genblk1.genblk1.lut0.genblk1.genblk1.genblk1.genblk1.genblk1.genblk1.genblk1.genblk1.genblk1.lut1 (6 -> 0)
  Optimizing lut $abc$10750$auto$blifparse.cc:535:parse_blif$11173.genblk1.genblk1.genblk1.genblk1.genblk1.genblk1.genblk1.genblk1.genblk1.genblk1.lut0.genblk1.genblk1.genblk1.genblk1.genblk1.genblk1.genblk1.genblk1.genblk1.lut0 (6 -> 0)
  Optimizing lut $abc$10750$auto$blifparse.cc:535:parse_blif$11165.genblk1.genblk1.genblk1.genblk1.genblk1.genblk1.genblk1.genblk1.genblk1.genblk1.lut1.genblk1.genblk1.genblk1.genblk1.genblk1.genblk1.genblk1.genblk1.genblk1.lut0 (6 -> 3)
  Optimizing lut $abc$10750$auto$blifparse.cc:535:parse_blif$11378.genblk1.genblk1.genblk1.genblk1.genblk1.genblk1.genblk1.genblk1.genblk1.genblk1.lut0.genblk1.genblk1.genblk1.genblk1.genblk1.genblk1.genblk1.genblk1.genblk1.lut1 (6 -> 3)
  Optimizing lut $abc$10750$auto$blifparse.cc:535:parse_blif$10905.genblk1.genblk1.genblk1.genblk1.genblk1.genblk1.genblk1.genblk1.genblk1.genblk1.lut1.genblk1.genblk1.genblk1.genblk1.genblk1.genblk1.genblk1.genblk1.genblk1.lut0 (6 -> 0)
  Optimizing lut $abc$10750$auto$blifparse.cc:535:parse_blif$11075.genblk1.genblk1.genblk1.genblk1.genblk1.genblk1.genblk1.genblk1.genblk1.genblk1.lut0.genblk1.genblk1.genblk1.genblk1.genblk1.genblk1.genblk1.genblk1.genblk1.lut1 (6 -> 3)
  Optimizing lut $abc$10750$auto$blifparse.cc:535:parse_blif$11246.genblk1.genblk1.genblk1.genblk1.genblk1.genblk1.genblk1.genblk1.genblk1.genblk1.lut1.genblk1.genblk1.genblk1.genblk1.genblk1.genblk1.genblk1.genblk1.genblk1.lut1 (6 -> 3)
  Optimizing lut $abc$10750$auto$blifparse.cc:535:parse_blif$11018.genblk1.genblk1.genblk1.genblk1.genblk1.genblk1.genblk1.genblk1.genblk1.genblk1.lut1.genblk1.genblk1.genblk1.genblk1.genblk1.genblk1.genblk1.genblk1.genblk1.lut1 (6 -> 1)
  Optimizing lut $abc$10750$auto$blifparse.cc:535:parse_blif$11127.genblk1.genblk1.genblk1.genblk1.genblk1.genblk1.genblk1.genblk1.genblk1.genblk1.lut1.genblk1.genblk1.genblk1.genblk1.genblk1.genblk1.genblk1.genblk1.genblk1.lut0 (6 -> 0)
  Optimizing lut $abc$10750$auto$blifparse.cc:535:parse_blif$11221.genblk1.genblk1.genblk1.genblk1.genblk1.genblk1.genblk1.genblk1.genblk1.genblk1.lut0.genblk1.genblk1.genblk1.genblk1.genblk1.genblk1.genblk1.genblk1.genblk1.lut0 (6 -> 4)
  Optimizing lut $abc$10750$auto$blifparse.cc:535:parse_blif$10885.genblk1.genblk1.genblk1.genblk1.genblk1.genblk1.genblk1.genblk1.genblk1.genblk1.lut0.genblk1.genblk1.genblk1.genblk1.genblk1.genblk1.genblk1.genblk1.genblk1.lut0 (6 -> 1)
  Optimizing lut $abc$10750$auto$blifparse.cc:535:parse_blif$11017.genblk1.genblk1.genblk1.genblk1.genblk1.genblk1.genblk1.genblk1.genblk1.genblk1.lut1.genblk1.genblk1.genblk1.genblk1.genblk1.genblk1.genblk1.genblk1.genblk1.lut1 (6 -> 1)
  Optimizing lut $abc$10750$auto$blifparse.cc:535:parse_blif$11062.genblk1.genblk1.genblk1.genblk1.genblk1.genblk1.genblk1.genblk1.genblk1.genblk1.lut0.genblk1.genblk1.genblk1.genblk1.genblk1.genblk1.genblk1.genblk1.genblk1.lut1 (6 -> 3)
  Optimizing lut $abc$10750$auto$blifparse.cc:535:parse_blif$11119.genblk1.genblk1.genblk1.genblk1.genblk1.genblk1.genblk1.genblk1.genblk1.genblk1.lut0.genblk1.genblk1.genblk1.genblk1.genblk1.genblk1.genblk1.genblk1.genblk1.lut0 (6 -> 1)
  Optimizing lut $abc$10750$auto$blifparse.cc:535:parse_blif$11115.genblk1.genblk1.genblk1.genblk1.genblk1.genblk1.genblk1.genblk1.genblk1.genblk1.lut0.genblk1.genblk1.genblk1.genblk1.genblk1.genblk1.genblk1.genblk1.genblk1.lut1 (6 -> 3)

15.47. Executing CLKBUFMAP pass (inserting clock buffers).
Inserting BUFG on core_single.u_rf.clk[0].
Removed 0 unused cells and 4282 unused wires.

15.48. Executing HIERARCHY pass (managing design hierarchy).
Attribute `top' found on module `core_single'. Setting top module to core_single.

15.48.1. Analyzing design hierarchy..
Top module:  \core_single

15.48.2. Analyzing design hierarchy..
Top module:  \core_single
Removed 0 unused modules.

15.49. Printing statistics.

=== core_single ===

   Number of wires:               1129
   Number of wire bits:           4841
   Number of public wires:          54
   Number of public wire bits:     962
   Number of ports:                 17
   Number of port bits:            298
   Number of memories:               0
   Number of memory bits:            0
   Number of processes:              0
   Number of cells:               2044
     $scopeinfo                      4
     BUFG                            1
     CARRY4                         46
     DSP48E1                         3
     FDCE                           65
     IBUF                           99
     INV                            99
     LUT1                           80
     LUT2                          171
     LUT3                          199
     LUT4                          162
     LUT5                          197
     LUT6                          322
     MUXF7                         279
     MUXF8                         106
     OBUF                          199
     RAM32M                         12

   Estimated number of LCs:        880

15.50. Executing CHECK pass (checking for obvious problems).
Checking module core_single...
Found and reported 0 problems.

16. Printing statistics.

=== core_single ===

   Number of wires:               1129
   Number of wire bits:           4841
   Number of public wires:          54
   Number of public wire bits:     962
   Number of ports:                 17
   Number of port bits:            298
   Number of memories:               0
   Number of memory bits:            0
   Number of processes:              0
   Number of cells:               2044
     $scopeinfo                      4
     BUFG                            1
     CARRY4                         46
     DSP48E1                         3
     FDCE                           65
     IBUF                           99
     INV                            99
     LUT1                           80
     LUT2                          171
     LUT3                          199
     LUT4                          162
     LUT5                          197
     LUT6                          322
     MUXF7                         279
     MUXF8                         106
     OBUF                          199
     RAM32M                         12

Warnings: 2 unique messages, 2 total
End of script. Logfile hash: 8b47339452, CPU: user 3.46s system 0.11s, MEM: 175.35 MB peak
Yosys 0.52 (git sha1 fee39a3284c90249e1d9684cf6944ffbbcbb8f90)
Time spent: 29% 30x read_verilog (1 sec), 19% 1x abc (0 sec), ...
