
 /----------------------------------------------------------------------------\
 |  yosys -- Yosys Open SYnthesis Suite                                       |
 |  Copyright (C) 2012 - 2025  Claire Xenia Wolf <claire@yosyshq.com>         |
 |  Distributed under an ISC-like license, type "license" to see terms        |
 \----------------------------------------------------------------------------/
 Yosys 0.52 (git sha1 fee39a3284c90249e1d9684cf6944ffbbcbb8f90)

-- Executing script file `/dev/stdin' --

1. Executing Verilog-2005 frontend: rtl/core/alu.sv
Parsing SystemVerilog input from `rtl/core/alu.sv' to AST representation.
Generating RTLIL representation for module `\alu'.
Successfully finished Verilog frontend.

2. Executing Verilog-2005 frontend: rtl/core/regfile.sv
Parsing SystemVerilog input from `rtl/core/regfile.sv' to AST representation.
Generating RTLIL representation for module `\regfile'.
Successfully finished Verilog frontend.

3. Executing Verilog-2005 frontend: rtl/core/imm_gen.sv
Parsing SystemVerilog input from `rtl/core/imm_gen.sv' to AST representation.
Generating RTLIL representation for module `\imm_gen'.
Successfully finished Verilog frontend.

4. Executing Verilog-2005 frontend: rtl/core/decoder.sv
Parsing SystemVerilog input from `rtl/core/decoder.sv' to AST representation.
Generating RTLIL representation for module `\decoder'.
Successfully finished Verilog frontend.

5. Executing Verilog-2005 frontend: rtl/mem/imem.sv
Parsing SystemVerilog input from `rtl/mem/imem.sv' to AST representation.
Generating RTLIL representation for module `\imem'.
Successfully finished Verilog frontend.

6. Executing Verilog-2005 frontend: rtl/mem/dmem.sv
Parsing SystemVerilog input from `rtl/mem/dmem.sv' to AST representation.
Generating RTLIL representation for module `\dmem'.
Successfully finished Verilog frontend.

7. Executing Verilog-2005 frontend: rtl/periph/uart_tx.sv
Parsing SystemVerilog input from `rtl/periph/uart_tx.sv' to AST representation.
Generating RTLIL representation for module `\uart_tx'.
Successfully finished Verilog frontend.

8. Executing Verilog-2005 frontend: rtl/periph/uart_rx.sv
Parsing SystemVerilog input from `rtl/periph/uart_rx.sv' to AST representation.
Generating RTLIL representation for module `\uart_rx'.
Successfully finished Verilog frontend.

9. Executing Verilog-2005 frontend: rtl/periph/uart.sv
Parsing SystemVerilog input from `rtl/periph/uart.sv' to AST representation.
Generating RTLIL representation for module `\uart'.
Successfully finished Verilog frontend.

10. Executing Verilog-2005 frontend: rtl/periph/timer.sv
Parsing SystemVerilog input from `rtl/periph/timer.sv' to AST representation.
Generating RTLIL representation for module `\timer'.
Successfully finished Verilog frontend.

11. Executing Verilog-2005 frontend: rtl/custom/dotp.sv
Parsing SystemVerilog input from `rtl/custom/dotp.sv' to AST representation.
Generating RTLIL representation for module `\dotp'.
Warning: Replacing memory \b with list of registers. See rtl/custom/dotp.sv:63
Warning: Replacing memory \a with list of registers. See rtl/custom/dotp.sv:62
Successfully finished Verilog frontend.

12. Executing HIERARCHY pass (managing design hierarchy).

12.1. Analyzing design hierarchy..
Top module:  \dotp

12.2. Analyzing design hierarchy..
Top module:  \dotp
Removing unused module `\timer'.
Removing unused module `\uart'.
Removing unused module `\uart_rx'.
Removing unused module `\uart_tx'.
Removing unused module `\dmem'.
Removing unused module `\imem'.
Removing unused module `\decoder'.
Removing unused module `\imm_gen'.
Removing unused module `\regfile'.
Removing unused module `\alu'.
Removed 10 unused modules.

13. Executing FLATTEN pass (flatten design).

14. Executing SYNTH_XILINX pass.

14.1. Executing Verilog-2005 frontend: /usr/bin/../share/yosys/xilinx/cells_sim.v
Parsing Verilog input from `/usr/bin/../share/yosys/xilinx/cells_sim.v' to AST representation.
Generating RTLIL representation for module `\VCC'.
Generating RTLIL representation for module `\GND'.
Generating RTLIL representation for module `\IBUF'.
Generating RTLIL representation for module `\IBUFG'.
Generating RTLIL representation for module `\OBUF'.
Generating RTLIL representation for module `\IOBUF'.
Generating RTLIL representation for module `\OBUFT'.
Generating RTLIL representation for module `\BUFG'.
Generating RTLIL representation for module `\BUFGCTRL'.
Generating RTLIL representation for module `\BUFHCE'.
Generating RTLIL representation for module `\INV'.
Generating RTLIL representation for module `\LUT1'.
Generating RTLIL representation for module `\LUT2'.
Generating RTLIL representation for module `\LUT3'.
Generating RTLIL representation for module `\LUT4'.
Generating RTLIL representation for module `\LUT5'.
Generating RTLIL representation for module `\LUT6'.
Generating RTLIL representation for module `\LUT6_2'.
Generating RTLIL representation for module `\$__ABC9_LUT7'.
Generating RTLIL representation for module `\$__ABC9_LUT8'.
Generating RTLIL representation for module `\MUXCY'.
Generating RTLIL representation for module `\MUXF5'.
Generating RTLIL representation for module `\MUXF6'.
Generating RTLIL representation for module `\MUXF7'.
Generating RTLIL representation for module `\MUXF8'.
Generating RTLIL representation for module `\MUXF9'.
Generating RTLIL representation for module `\XORCY'.
Generating RTLIL representation for module `\CARRY4'.
Generating RTLIL representation for module `\CARRY8'.
Generating RTLIL representation for module `\ORCY'.
Generating RTLIL representation for module `\MULT_AND'.
Generating RTLIL representation for module `\FDRE'.
Generating RTLIL representation for module `\FDRE_1'.
Generating RTLIL representation for module `\FDSE'.
Generating RTLIL representation for module `\FDSE_1'.
Generating RTLIL representation for module `\FDRSE'.
Generating RTLIL representation for module `\FDRSE_1'.
Generating RTLIL representation for module `\FDCE'.
Generating RTLIL representation for module `\FDCE_1'.
Generating RTLIL representation for module `\FDPE'.
Generating RTLIL representation for module `\FDPE_1'.
Generating RTLIL representation for module `\FDCPE'.
Generating RTLIL representation for module `\FDCPE_1'.
Generating RTLIL representation for module `\LDCE'.
Generating RTLIL representation for module `\LDPE'.
Generating RTLIL representation for module `\LDCPE'.
Generating RTLIL representation for module `\AND2B1L'.
Generating RTLIL representation for module `\OR2L'.
Generating RTLIL representation for module `\RAM16X1S'.
Generating RTLIL representation for module `\RAM16X1S_1'.
Generating RTLIL representation for module `\RAM32X1S'.
Generating RTLIL representation for module `\RAM32X1S_1'.
Generating RTLIL representation for module `\RAM64X1S'.
Generating RTLIL representation for module `\RAM64X1S_1'.
Generating RTLIL representation for module `\RAM128X1S'.
Generating RTLIL representation for module `\RAM128X1S_1'.
Generating RTLIL representation for module `\RAM256X1S'.
Generating RTLIL representation for module `\RAM512X1S'.
Generating RTLIL representation for module `\RAM16X2S'.
Generating RTLIL representation for module `\RAM32X2S'.
Generating RTLIL representation for module `\RAM64X2S'.
Generating RTLIL representation for module `\RAM16X4S'.
Generating RTLIL representation for module `\RAM32X4S'.
Generating RTLIL representation for module `\RAM16X8S'.
Generating RTLIL representation for module `\RAM32X8S'.
Generating RTLIL representation for module `\RAM16X1D'.
Generating RTLIL representation for module `\RAM16X1D_1'.
Generating RTLIL representation for module `\RAM32X1D'.
Generating RTLIL representation for module `\RAM32X1D_1'.
Generating RTLIL representation for module `\RAM64X1D'.
Generating RTLIL representation for module `\RAM64X1D_1'.
Generating RTLIL representation for module `\RAM128X1D'.
Generating RTLIL representation for module `\RAM256X1D'.
Generating RTLIL representation for module `\RAM32M'.
Generating RTLIL representation for module `\RAM32M16'.
Generating RTLIL representation for module `\RAM64M'.
Generating RTLIL representation for module `\RAM64M8'.
Generating RTLIL representation for module `\RAM32X16DR8'.
Generating RTLIL representation for module `\RAM64X8SW'.
Generating RTLIL representation for module `\ROM16X1'.
Generating RTLIL representation for module `\ROM32X1'.
Generating RTLIL representation for module `\ROM64X1'.
Generating RTLIL representation for module `\ROM128X1'.
Generating RTLIL representation for module `\ROM256X1'.
Generating RTLIL representation for module `\SRL16'.
Generating RTLIL representation for module `\SRL16E'.
Generating RTLIL representation for module `\SRLC16'.
Generating RTLIL representation for module `\SRLC16E'.
Generating RTLIL representation for module `\SRLC32E'.
Generating RTLIL representation for module `\CFGLUT5'.
Generating RTLIL representation for module `\MULT18X18'.
Generating RTLIL representation for module `\MULT18X18S'.
Generating RTLIL representation for module `\MULT18X18SIO'.
Generating RTLIL representation for module `\DSP48A'.
Generating RTLIL representation for module `\DSP48A1'.
Generating RTLIL representation for module `\DSP48'.
Generating RTLIL representation for module `\DSP48E1'.
Generating RTLIL representation for module `\RAMB18E1'.
Generating RTLIL representation for module `\RAMB36E1'.
Successfully finished Verilog frontend.

14.2. Executing Verilog-2005 frontend: /usr/bin/../share/yosys/xilinx/cells_xtra.v
Parsing Verilog input from `/usr/bin/../share/yosys/xilinx/cells_xtra.v' to AST representation.
Generating RTLIL representation for module `\RAMB4_S1'.
Generating RTLIL representation for module `\RAMB4_S2'.
Generating RTLIL representation for module `\RAMB4_S4'.
Generating RTLIL representation for module `\RAMB4_S8'.
Generating RTLIL representation for module `\RAMB4_S16'.
Generating RTLIL representation for module `\RAMB4_S1_S1'.
Generating RTLIL representation for module `\RAMB4_S1_S2'.
Generating RTLIL representation for module `\RAMB4_S1_S4'.
Generating RTLIL representation for module `\RAMB4_S1_S8'.
Generating RTLIL representation for module `\RAMB4_S1_S16'.
Generating RTLIL representation for module `\RAMB4_S2_S2'.
Generating RTLIL representation for module `\RAMB4_S2_S4'.
Generating RTLIL representation for module `\RAMB4_S2_S8'.
Generating RTLIL representation for module `\RAMB4_S2_S16'.
Generating RTLIL representation for module `\RAMB4_S4_S4'.
Generating RTLIL representation for module `\RAMB4_S4_S8'.
Generating RTLIL representation for module `\RAMB4_S4_S16'.
Generating RTLIL representation for module `\RAMB4_S8_S8'.
Generating RTLIL representation for module `\RAMB4_S8_S16'.
Generating RTLIL representation for module `\RAMB4_S16_S16'.
Generating RTLIL representation for module `\RAMB16_S1'.
Generating RTLIL representation for module `\RAMB16_S2'.
Generating RTLIL representation for module `\RAMB16_S4'.
Generating RTLIL representation for module `\RAMB16_S9'.
Generating RTLIL representation for module `\RAMB16_S18'.
Generating RTLIL representation for module `\RAMB16_S36'.
Generating RTLIL representation for module `\RAMB16_S1_S1'.
Generating RTLIL representation for module `\RAMB16_S1_S2'.
Generating RTLIL representation for module `\RAMB16_S1_S4'.
Generating RTLIL representation for module `\RAMB16_S1_S9'.
Generating RTLIL representation for module `\RAMB16_S1_S18'.
Generating RTLIL representation for module `\RAMB16_S1_S36'.
Generating RTLIL representation for module `\RAMB16_S2_S2'.
Generating RTLIL representation for module `\RAMB16_S2_S4'.
Generating RTLIL representation for module `\RAMB16_S2_S9'.
Generating RTLIL representation for module `\RAMB16_S2_S18'.
Generating RTLIL representation for module `\RAMB16_S2_S36'.
Generating RTLIL representation for module `\RAMB16_S4_S4'.
Generating RTLIL representation for module `\RAMB16_S4_S9'.
Generating RTLIL representation for module `\RAMB16_S4_S18'.
Generating RTLIL representation for module `\RAMB16_S4_S36'.
Generating RTLIL representation for module `\RAMB16_S9_S9'.
Generating RTLIL representation for module `\RAMB16_S9_S18'.
Generating RTLIL representation for module `\RAMB16_S9_S36'.
Generating RTLIL representation for module `\RAMB16_S18_S18'.
Generating RTLIL representation for module `\RAMB16_S18_S36'.
Generating RTLIL representation for module `\RAMB16_S36_S36'.
Generating RTLIL representation for module `\RAMB16BWE_S18'.
Generating RTLIL representation for module `\RAMB16BWE_S36'.
Generating RTLIL representation for module `\RAMB16BWE_S18_S9'.
Generating RTLIL representation for module `\RAMB16BWE_S18_S18'.
Generating RTLIL representation for module `\RAMB16BWE_S36_S9'.
Generating RTLIL representation for module `\RAMB16BWE_S36_S18'.
Generating RTLIL representation for module `\RAMB16BWE_S36_S36'.
Generating RTLIL representation for module `\RAMB16BWER'.
Generating RTLIL representation for module `\RAMB8BWER'.
Generating RTLIL representation for module `\FIFO16'.
Generating RTLIL representation for module `\RAMB16'.
Generating RTLIL representation for module `\RAMB32_S64_ECC'.
Generating RTLIL representation for module `\FIFO18'.
Generating RTLIL representation for module `\FIFO18_36'.
Generating RTLIL representation for module `\FIFO36'.
Generating RTLIL representation for module `\FIFO36_72'.
Generating RTLIL representation for module `\RAMB18'.
Generating RTLIL representation for module `\RAMB36'.
Generating RTLIL representation for module `\RAMB18SDP'.
Generating RTLIL representation for module `\RAMB36SDP'.
Generating RTLIL representation for module `\FIFO18E1'.
Generating RTLIL representation for module `\FIFO36E1'.
Generating RTLIL representation for module `\FIFO18E2'.
Generating RTLIL representation for module `\FIFO36E2'.
Generating RTLIL representation for module `\RAMB18E2'.
Generating RTLIL representation for module `\RAMB36E2'.
Generating RTLIL representation for module `\URAM288'.
Generating RTLIL representation for module `\URAM288_BASE'.
Generating RTLIL representation for module `\DSP48E'.
Generating RTLIL representation for module `\DSP48E2'.
Generating RTLIL representation for module `\FDDRCPE'.
Generating RTLIL representation for module `\FDDRRSE'.
Generating RTLIL representation for module `\IFDDRCPE'.
Generating RTLIL representation for module `\IFDDRRSE'.
Generating RTLIL representation for module `\OFDDRCPE'.
Generating RTLIL representation for module `\OFDDRRSE'.
Generating RTLIL representation for module `\OFDDRTCPE'.
Generating RTLIL representation for module `\OFDDRTRSE'.
Generating RTLIL representation for module `\IDDR2'.
Generating RTLIL representation for module `\ODDR2'.
Generating RTLIL representation for module `\IDDR'.
Generating RTLIL representation for module `\IDDR_2CLK'.
Generating RTLIL representation for module `\ODDR'.
Generating RTLIL representation for module `\IDELAYCTRL'.
Generating RTLIL representation for module `\IDELAY'.
Generating RTLIL representation for module `\ISERDES'.
Generating RTLIL representation for module `\OSERDES'.
Generating RTLIL representation for module `\IODELAY'.
Generating RTLIL representation for module `\ISERDES_NODELAY'.
Generating RTLIL representation for module `\IODELAYE1'.
Generating RTLIL representation for module `\ISERDESE1'.
Generating RTLIL representation for module `\OSERDESE1'.
Generating RTLIL representation for module `\IDELAYE2'.
Generating RTLIL representation for module `\ODELAYE2'.
Generating RTLIL representation for module `\ISERDESE2'.
Generating RTLIL representation for module `\OSERDESE2'.
Generating RTLIL representation for module `\PHASER_IN'.
Generating RTLIL representation for module `\PHASER_IN_PHY'.
Generating RTLIL representation for module `\PHASER_OUT'.
Generating RTLIL representation for module `\PHASER_OUT_PHY'.
Generating RTLIL representation for module `\PHASER_REF'.
Generating RTLIL representation for module `\PHY_CONTROL'.
Generating RTLIL representation for module `\IDDRE1'.
Generating RTLIL representation for module `\ODDRE1'.
Generating RTLIL representation for module `\IDELAYE3'.
Generating RTLIL representation for module `\ODELAYE3'.
Generating RTLIL representation for module `\ISERDESE3'.
Generating RTLIL representation for module `\OSERDESE3'.
Generating RTLIL representation for module `\BITSLICE_CONTROL'.
Generating RTLIL representation for module `\RIU_OR'.
Generating RTLIL representation for module `\RX_BITSLICE'.
Generating RTLIL representation for module `\RXTX_BITSLICE'.
Generating RTLIL representation for module `\TX_BITSLICE'.
Generating RTLIL representation for module `\TX_BITSLICE_TRI'.
Generating RTLIL representation for module `\IODELAY2'.
Generating RTLIL representation for module `\IODRP2'.
Generating RTLIL representation for module `\IODRP2_MCB'.
Generating RTLIL representation for module `\ISERDES2'.
Generating RTLIL representation for module `\OSERDES2'.
Generating RTLIL representation for module `\IBUF_DLY_ADJ'.
Generating RTLIL representation for module `\IBUF_IBUFDISABLE'.
Generating RTLIL representation for module `\IBUF_INTERMDISABLE'.
Generating RTLIL representation for module `\IBUF_ANALOG'.
Generating RTLIL representation for module `\IBUFE3'.
Generating RTLIL representation for module `\IBUFDS'.
Generating RTLIL representation for module `\IBUFDS_DLY_ADJ'.
Generating RTLIL representation for module `\IBUFDS_IBUFDISABLE'.
Generating RTLIL representation for module `\IBUFDS_INTERMDISABLE'.
Generating RTLIL representation for module `\IBUFDS_DIFF_OUT'.
Generating RTLIL representation for module `\IBUFDS_DIFF_OUT_IBUFDISABLE'.
Generating RTLIL representation for module `\IBUFDS_DIFF_OUT_INTERMDISABLE'.
Generating RTLIL representation for module `\IBUFDSE3'.
Generating RTLIL representation for module `\IBUFDS_DPHY'.
Generating RTLIL representation for module `\IBUFGDS'.
Generating RTLIL representation for module `\IBUFGDS_DIFF_OUT'.
Generating RTLIL representation for module `\IOBUF_DCIEN'.
Generating RTLIL representation for module `\IOBUF_INTERMDISABLE'.
Generating RTLIL representation for module `\IOBUFE3'.
Generating RTLIL representation for module `\IOBUFDS'.
Generating RTLIL representation for module `\IOBUFDS_DCIEN'.
Generating RTLIL representation for module `\IOBUFDS_INTERMDISABLE'.
Generating RTLIL representation for module `\IOBUFDS_DIFF_OUT'.
Generating RTLIL representation for module `\IOBUFDS_DIFF_OUT_DCIEN'.
Generating RTLIL representation for module `\IOBUFDS_DIFF_OUT_INTERMDISABLE'.
Generating RTLIL representation for module `\IOBUFDSE3'.
Generating RTLIL representation for module `\OBUFDS'.
Generating RTLIL representation for module `\OBUFDS_DPHY'.
Generating RTLIL representation for module `\OBUFTDS'.
Generating RTLIL representation for module `\KEEPER'.
Generating RTLIL representation for module `\PULLDOWN'.
Generating RTLIL representation for module `\PULLUP'.
Generating RTLIL representation for module `\DCIRESET'.
Generating RTLIL representation for module `\HPIO_VREF'.
Generating RTLIL representation for module `\BUFGCE'.
Generating RTLIL representation for module `\BUFGCE_1'.
Generating RTLIL representation for module `\BUFGMUX'.
Generating RTLIL representation for module `\BUFGMUX_1'.
Generating RTLIL representation for module `\BUFGMUX_CTRL'.
Generating RTLIL representation for module `\BUFGMUX_VIRTEX4'.
Generating RTLIL representation for module `\BUFG_GT'.
Generating RTLIL representation for module `\BUFG_GT_SYNC'.
Generating RTLIL representation for module `\BUFG_PS'.
Generating RTLIL representation for module `\BUFGCE_DIV'.
Generating RTLIL representation for module `\BUFH'.
Generating RTLIL representation for module `\BUFIO2'.
Generating RTLIL representation for module `\BUFIO2_2CLK'.
Generating RTLIL representation for module `\BUFIO2FB'.
Generating RTLIL representation for module `\BUFPLL'.
Generating RTLIL representation for module `\BUFPLL_MCB'.
Generating RTLIL representation for module `\BUFIO'.
Generating RTLIL representation for module `\BUFIODQS'.
Generating RTLIL representation for module `\BUFR'.
Generating RTLIL representation for module `\BUFMR'.
Generating RTLIL representation for module `\BUFMRCE'.
Generating RTLIL representation for module `\DCM'.
Generating RTLIL representation for module `\DCM_SP'.
Generating RTLIL representation for module `\DCM_CLKGEN'.
Generating RTLIL representation for module `\DCM_ADV'.
Generating RTLIL representation for module `\DCM_BASE'.
Generating RTLIL representation for module `\DCM_PS'.
Generating RTLIL representation for module `\PMCD'.
Generating RTLIL representation for module `\PLL_ADV'.
Generating RTLIL representation for module `\PLL_BASE'.
Generating RTLIL representation for module `\MMCM_ADV'.
Generating RTLIL representation for module `\MMCM_BASE'.
Generating RTLIL representation for module `\MMCME2_ADV'.
Generating RTLIL representation for module `\MMCME2_BASE'.
Generating RTLIL representation for module `\PLLE2_ADV'.
Generating RTLIL representation for module `\PLLE2_BASE'.
Generating RTLIL representation for module `\MMCME3_ADV'.
Generating RTLIL representation for module `\MMCME3_BASE'.
Generating RTLIL representation for module `\PLLE3_ADV'.
Generating RTLIL representation for module `\PLLE3_BASE'.
Generating RTLIL representation for module `\MMCME4_ADV'.
Generating RTLIL representation for module `\MMCME4_BASE'.
Generating RTLIL representation for module `\PLLE4_ADV'.
Generating RTLIL representation for module `\PLLE4_BASE'.
Generating RTLIL representation for module `\BUFT'.
Generating RTLIL representation for module `\IN_FIFO'.
Generating RTLIL representation for module `\OUT_FIFO'.
Generating RTLIL representation for module `\HARD_SYNC'.
Generating RTLIL representation for module `\STARTUP_SPARTAN3'.
Generating RTLIL representation for module `\STARTUP_SPARTAN3E'.
Generating RTLIL representation for module `\STARTUP_SPARTAN3A'.
Generating RTLIL representation for module `\STARTUP_SPARTAN6'.
Generating RTLIL representation for module `\STARTUP_VIRTEX4'.
Generating RTLIL representation for module `\STARTUP_VIRTEX5'.
Generating RTLIL representation for module `\STARTUP_VIRTEX6'.
Generating RTLIL representation for module `\STARTUPE2'.
Generating RTLIL representation for module `\STARTUPE3'.
Generating RTLIL representation for module `\CAPTURE_SPARTAN3'.
Generating RTLIL representation for module `\CAPTURE_SPARTAN3A'.
Generating RTLIL representation for module `\CAPTURE_VIRTEX4'.
Generating RTLIL representation for module `\CAPTURE_VIRTEX5'.
Generating RTLIL representation for module `\CAPTURE_VIRTEX6'.
Generating RTLIL representation for module `\CAPTUREE2'.
Generating RTLIL representation for module `\ICAP_SPARTAN3A'.
Generating RTLIL representation for module `\ICAP_SPARTAN6'.
Generating RTLIL representation for module `\ICAP_VIRTEX4'.
Generating RTLIL representation for module `\ICAP_VIRTEX5'.
Generating RTLIL representation for module `\ICAP_VIRTEX6'.
Generating RTLIL representation for module `\ICAPE2'.
Generating RTLIL representation for module `\ICAPE3'.
Generating RTLIL representation for module `\BSCAN_SPARTAN3'.
Generating RTLIL representation for module `\BSCAN_SPARTAN3A'.
Generating RTLIL representation for module `\BSCAN_SPARTAN6'.
Generating RTLIL representation for module `\BSCAN_VIRTEX4'.
Generating RTLIL representation for module `\BSCAN_VIRTEX5'.
Generating RTLIL representation for module `\BSCAN_VIRTEX6'.
Generating RTLIL representation for module `\BSCANE2'.
Generating RTLIL representation for module `\DNA_PORT'.
Generating RTLIL representation for module `\DNA_PORTE2'.
Generating RTLIL representation for module `\FRAME_ECC_VIRTEX4'.
Generating RTLIL representation for module `\FRAME_ECC_VIRTEX5'.
Generating RTLIL representation for module `\FRAME_ECC_VIRTEX6'.
Generating RTLIL representation for module `\FRAME_ECCE2'.
Generating RTLIL representation for module `\FRAME_ECCE3'.
Generating RTLIL representation for module `\FRAME_ECCE4'.
Generating RTLIL representation for module `\USR_ACCESS_VIRTEX4'.
Generating RTLIL representation for module `\USR_ACCESS_VIRTEX5'.
Generating RTLIL representation for module `\USR_ACCESS_VIRTEX6'.
Generating RTLIL representation for module `\USR_ACCESSE2'.
Generating RTLIL representation for module `\POST_CRC_INTERNAL'.
Generating RTLIL representation for module `\SUSPEND_SYNC'.
Generating RTLIL representation for module `\KEY_CLEAR'.
Generating RTLIL representation for module `\MASTER_JTAG'.
Generating RTLIL representation for module `\SPI_ACCESS'.
Generating RTLIL representation for module `\EFUSE_USR'.
Generating RTLIL representation for module `\SYSMON'.
Generating RTLIL representation for module `\XADC'.
Generating RTLIL representation for module `\SYSMONE1'.
Generating RTLIL representation for module `\SYSMONE4'.
Generating RTLIL representation for module `\GTPA1_DUAL'.
Generating RTLIL representation for module `\GT11_CUSTOM'.
Generating RTLIL representation for module `\GT11_DUAL'.
Generating RTLIL representation for module `\GT11CLK'.
Generating RTLIL representation for module `\GT11CLK_MGT'.
Generating RTLIL representation for module `\GTP_DUAL'.
Generating RTLIL representation for module `\GTX_DUAL'.
Generating RTLIL representation for module `\CRC32'.
Generating RTLIL representation for module `\CRC64'.
Generating RTLIL representation for module `\GTHE1_QUAD'.
Generating RTLIL representation for module `\GTXE1'.
Generating RTLIL representation for module `\IBUFDS_GTXE1'.
Generating RTLIL representation for module `\IBUFDS_GTHE1'.
Generating RTLIL representation for module `\GTHE2_CHANNEL'.
Generating RTLIL representation for module `\GTHE2_COMMON'.
Generating RTLIL representation for module `\GTPE2_CHANNEL'.
Generating RTLIL representation for module `\GTPE2_COMMON'.
Generating RTLIL representation for module `\GTXE2_CHANNEL'.
Generating RTLIL representation for module `\GTXE2_COMMON'.
Generating RTLIL representation for module `\IBUFDS_GTE2'.
Generating RTLIL representation for module `\GTHE3_CHANNEL'.
Generating RTLIL representation for module `\GTHE3_COMMON'.
Generating RTLIL representation for module `\GTYE3_CHANNEL'.
Generating RTLIL representation for module `\GTYE3_COMMON'.
Generating RTLIL representation for module `\IBUFDS_GTE3'.
Generating RTLIL representation for module `\OBUFDS_GTE3'.
Generating RTLIL representation for module `\OBUFDS_GTE3_ADV'.
Generating RTLIL representation for module `\GTHE4_CHANNEL'.
Generating RTLIL representation for module `\GTHE4_COMMON'.
Generating RTLIL representation for module `\GTYE4_CHANNEL'.
Generating RTLIL representation for module `\GTYE4_COMMON'.
Generating RTLIL representation for module `\IBUFDS_GTE4'.
Generating RTLIL representation for module `\OBUFDS_GTE4'.
Generating RTLIL representation for module `\OBUFDS_GTE4_ADV'.
Generating RTLIL representation for module `\GTM_DUAL'.
Generating RTLIL representation for module `\IBUFDS_GTM'.
Generating RTLIL representation for module `\OBUFDS_GTM'.
Generating RTLIL representation for module `\OBUFDS_GTM_ADV'.
Generating RTLIL representation for module `\HSDAC'.
Generating RTLIL representation for module `\HSADC'.
Generating RTLIL representation for module `\RFDAC'.
Generating RTLIL representation for module `\RFADC'.
Generating RTLIL representation for module `\PCIE_A1'.
Generating RTLIL representation for module `\PCIE_EP'.
Generating RTLIL representation for module `\PCIE_2_0'.
Generating RTLIL representation for module `\PCIE_2_1'.
Generating RTLIL representation for module `\PCIE_3_0'.
Generating RTLIL representation for module `\PCIE_3_1'.
Generating RTLIL representation for module `\PCIE40E4'.
Generating RTLIL representation for module `\PCIE4CE4'.
Generating RTLIL representation for module `\EMAC'.
Generating RTLIL representation for module `\TEMAC'.
Generating RTLIL representation for module `\TEMAC_SINGLE'.
Generating RTLIL representation for module `\CMAC'.
Generating RTLIL representation for module `\CMACE4'.
Generating RTLIL representation for module `\MCB'.
Generating RTLIL representation for module `\HBM_REF_CLK'.
Generating RTLIL representation for module `\HBM_SNGLBLI_INTF_APB'.
Generating RTLIL representation for module `\HBM_SNGLBLI_INTF_AXI'.
Generating RTLIL representation for module `\HBM_ONE_STACK_INTF'.
Generating RTLIL representation for module `\HBM_TWO_STACK_INTF'.
Generating RTLIL representation for module `\PPC405_ADV'.
Generating RTLIL representation for module `\PPC440'.
Generating RTLIL representation for module `\PS7'.
Generating RTLIL representation for module `\PS8'.
Generating RTLIL representation for module `\ILKN'.
Generating RTLIL representation for module `\ILKNE4'.
Generating RTLIL representation for module `\VCU'.
Generating RTLIL representation for module `\FE'.
Successfully finished Verilog frontend.

14.3. Executing HIERARCHY pass (managing design hierarchy).

14.3.1. Analyzing design hierarchy..
Top module:  \dotp

14.3.2. Analyzing design hierarchy..
Top module:  \dotp
Removed 0 unused modules.

14.4. Executing PROC pass (convert processes to netlists).

14.4.1. Executing PROC_CLEAN pass (remove empty switches from decision trees).
Cleaned up 0 empty switches.

14.4.2. Executing PROC_RMDEAD pass (remove dead branches from decision trees).
Marked 1 switch rules as full_case in process $proc$/usr/bin/../share/yosys/xilinx/cells_sim.v:1986$1076 in module RAM64M.
Marked 1 switch rules as full_case in process $proc$/usr/bin/../share/yosys/xilinx/cells_sim.v:1812$956 in module RAM32M.
Marked 1 switch rules as full_case in process $proc$/usr/bin/../share/yosys/xilinx/cells_sim.v:1716$903 in module RAM128X1D.
Marked 1 switch rules as full_case in process $proc$/usr/bin/../share/yosys/xilinx/cells_sim.v:1611$866 in module RAM64X1D.
Marked 1 switch rules as full_case in process $proc$/usr/bin/../share/yosys/xilinx/cells_sim.v:1565$848 in module RAM32X1D_1.
Marked 1 switch rules as full_case in process $proc$/usr/bin/../share/yosys/xilinx/cells_sim.v:1506$818 in module RAM32X1D.
Marked 1 switch rules as full_case in process $proc$/usr/bin/../share/yosys/xilinx/cells_sim.v:815$767 in module FDPE_1.
Marked 1 switch rules as full_case in process $proc$/usr/bin/../share/yosys/xilinx/cells_sim.v:774$764 in module FDPE.
Marked 1 switch rules as full_case in process $proc$/usr/bin/../share/yosys/xilinx/cells_sim.v:736$749 in module FDCE_1.
Marked 1 switch rules as full_case in process $proc$/usr/bin/../share/yosys/xilinx/cells_sim.v:695$746 in module FDCE.
Marked 1 switch rules as full_case in process $proc$/usr/bin/../share/yosys/xilinx/cells_sim.v:592$731 in module FDSE_1.
Marked 1 switch rules as full_case in process $proc$/usr/bin/../share/yosys/xilinx/cells_sim.v:559$727 in module FDSE.
Marked 1 switch rules as full_case in process $proc$/usr/bin/../share/yosys/xilinx/cells_sim.v:527$709 in module FDRE_1.
Marked 1 switch rules as full_case in process $proc$/usr/bin/../share/yosys/xilinx/cells_sim.v:494$705 in module FDRE.
Marked 1 switch rules as full_case in process $proc$rtl/custom/dotp.sv:0$161 in module dotp.
Marked 1 switch rules as full_case in process $proc$rtl/custom/dotp.sv:60$158 in module dotp.
Removed a total of 0 dead cases.

14.4.3. Executing PROC_PRUNE pass (remove redundant assignments in processes).
Removed 0 redundant assignments.
Promoted 64 assignments to connections.

14.4.4. Executing PROC_INIT pass (extract init attributes).
Found init rule in `\SRLC32E.$proc$/usr/bin/../share/yosys/xilinx/cells_sim.v:2405$1205'.
  Set init value: \r = 0
Found init rule in `\SRLC16E.$proc$/usr/bin/../share/yosys/xilinx/cells_sim.v:2361$1198'.
  Set init value: \r = 16'0000000000000000
Found init rule in `\SRLC16.$proc$/usr/bin/../share/yosys/xilinx/cells_sim.v:2329$1191'.
  Set init value: \r = 16'0000000000000000
Found init rule in `\SRL16E.$proc$/usr/bin/../share/yosys/xilinx/cells_sim.v:2292$1188'.
  Set init value: \r = 16'0000000000000000
Found init rule in `\SRL16.$proc$/usr/bin/../share/yosys/xilinx/cells_sim.v:2264$1181'.
  Set init value: \r = 16'0000000000000000
Found init rule in `\RAM64M.$proc$/usr/bin/../share/yosys/xilinx/cells_sim.v:1980$1154'.
  Set init value: \mem_d = 64'0000000000000000000000000000000000000000000000000000000000000000
Found init rule in `\RAM64M.$proc$/usr/bin/../share/yosys/xilinx/cells_sim.v:1979$1153'.
  Set init value: \mem_c = 64'0000000000000000000000000000000000000000000000000000000000000000
Found init rule in `\RAM64M.$proc$/usr/bin/../share/yosys/xilinx/cells_sim.v:1978$1152'.
  Set init value: \mem_b = 64'0000000000000000000000000000000000000000000000000000000000000000
Found init rule in `\RAM64M.$proc$/usr/bin/../share/yosys/xilinx/cells_sim.v:1977$1151'.
  Set init value: \mem_a = 64'0000000000000000000000000000000000000000000000000000000000000000
Found init rule in `\RAM32M.$proc$/usr/bin/../share/yosys/xilinx/cells_sim.v:1806$1054'.
  Set init value: \mem_d = 64'0000000000000000000000000000000000000000000000000000000000000000
Found init rule in `\RAM32M.$proc$/usr/bin/../share/yosys/xilinx/cells_sim.v:1805$1053'.
  Set init value: \mem_c = 64'0000000000000000000000000000000000000000000000000000000000000000
Found init rule in `\RAM32M.$proc$/usr/bin/../share/yosys/xilinx/cells_sim.v:1804$1052'.
  Set init value: \mem_b = 64'0000000000000000000000000000000000000000000000000000000000000000
Found init rule in `\RAM32M.$proc$/usr/bin/../share/yosys/xilinx/cells_sim.v:1803$1051'.
  Set init value: \mem_a = 64'0000000000000000000000000000000000000000000000000000000000000000
Found init rule in `\RAM128X1D.$proc$/usr/bin/../share/yosys/xilinx/cells_sim.v:1712$933'.
  Set init value: \mem = 128'00000000000000000000000000000000000000000000000000000000000000000000000000000000000000000000000000000000000000000000000000000000
Found init rule in `\RAM64X1D.$proc$/usr/bin/../share/yosys/xilinx/cells_sim.v:1607$896'.
  Set init value: \mem = 64'0000000000000000000000000000000000000000000000000000000000000000
Found init rule in `\RAM32X1D_1.$proc$/usr/bin/../share/yosys/xilinx/cells_sim.v:1561$860'.
  Set init value: \mem = 0
Found init rule in `\RAM32X1D.$proc$/usr/bin/../share/yosys/xilinx/cells_sim.v:1502$842'.
  Set init value: \mem = 0
Found init rule in `\FDPE_1.$proc$/usr/bin/../share/yosys/xilinx/cells_sim.v:0$770'.
  Set init value: \Q = 1'1
Found init rule in `\FDPE.$proc$/usr/bin/../share/yosys/xilinx/cells_sim.v:0$766'.
  Set init value: \Q = 1'1
Found init rule in `\FDCE_1.$proc$/usr/bin/../share/yosys/xilinx/cells_sim.v:0$752'.
  Set init value: \Q = 1'0
Found init rule in `\FDCE.$proc$/usr/bin/../share/yosys/xilinx/cells_sim.v:0$748'.
  Set init value: \Q = 1'0
Found init rule in `\FDSE_1.$proc$/usr/bin/../share/yosys/xilinx/cells_sim.v:0$734'.
  Set init value: \Q = 1'1
Found init rule in `\FDSE.$proc$/usr/bin/../share/yosys/xilinx/cells_sim.v:0$730'.
  Set init value: \Q = 1'1
Found init rule in `\FDRE_1.$proc$/usr/bin/../share/yosys/xilinx/cells_sim.v:0$712'.
  Set init value: \Q = 1'0
Found init rule in `\FDRE.$proc$/usr/bin/../share/yosys/xilinx/cells_sim.v:0$708'.
  Set init value: \Q = 1'0

14.4.5. Executing PROC_ARST pass (detect async resets in processes).
Found async reset \PRE in `\FDPE_1.$proc$/usr/bin/../share/yosys/xilinx/cells_sim.v:815$767'.
Found async reset \PRE in `\FDPE.$proc$/usr/bin/../share/yosys/xilinx/cells_sim.v:774$764'.
Found async reset \CLR in `\FDCE_1.$proc$/usr/bin/../share/yosys/xilinx/cells_sim.v:736$749'.
Found async reset \CLR in `\FDCE.$proc$/usr/bin/../share/yosys/xilinx/cells_sim.v:695$746'.
Found async reset \rst_n in `\dotp.$proc$rtl/custom/dotp.sv:60$158'.

14.4.6. Executing PROC_ROM pass (convert switches to ROMs).
Converted 0 switches.
<suppressed ~25 debug messages>

14.4.7. Executing PROC_MUX pass (convert decision trees to multiplexers).
Creating decoders for process `\SRLC32E.$proc$/usr/bin/../share/yosys/xilinx/cells_sim.v:2405$1205'.
Creating decoders for process `\SRLC32E.$proc$/usr/bin/../share/yosys/xilinx/cells_sim.v:2413$1204'.
     1/1: $0\r[31:0]
Creating decoders for process `\SRLC16E.$proc$/usr/bin/../share/yosys/xilinx/cells_sim.v:2361$1198'.
Creating decoders for process `\SRLC16E.$proc$/usr/bin/../share/yosys/xilinx/cells_sim.v:2369$1197'.
     1/1: $0\r[15:0]
Creating decoders for process `\SRLC16.$proc$/usr/bin/../share/yosys/xilinx/cells_sim.v:2329$1191'.
Creating decoders for process `\SRLC16.$proc$/usr/bin/../share/yosys/xilinx/cells_sim.v:2332$1190'.
Creating decoders for process `\SRL16E.$proc$/usr/bin/../share/yosys/xilinx/cells_sim.v:2292$1188'.
Creating decoders for process `\SRL16E.$proc$/usr/bin/../share/yosys/xilinx/cells_sim.v:2299$1187'.
     1/1: $0\r[15:0]
Creating decoders for process `\SRL16.$proc$/usr/bin/../share/yosys/xilinx/cells_sim.v:2264$1181'.
Creating decoders for process `\SRL16.$proc$/usr/bin/../share/yosys/xilinx/cells_sim.v:2266$1180'.
Creating decoders for process `\RAM64M.$proc$/usr/bin/../share/yosys/xilinx/cells_sim.v:1980$1154'.
Creating decoders for process `\RAM64M.$proc$/usr/bin/../share/yosys/xilinx/cells_sim.v:1979$1153'.
Creating decoders for process `\RAM64M.$proc$/usr/bin/../share/yosys/xilinx/cells_sim.v:1978$1152'.
Creating decoders for process `\RAM64M.$proc$/usr/bin/../share/yosys/xilinx/cells_sim.v:1977$1151'.
Creating decoders for process `\RAM64M.$proc$/usr/bin/../share/yosys/xilinx/cells_sim.v:1986$1076'.
     1/8: $1$lookahead\mem_d$1075[63:0]$1092
     2/8: $1$bitselwrite$pos$/usr/bin/../share/yosys/xilinx/cells_sim.v:1991$1066[5:0]$1088
     3/8: $1$lookahead\mem_c$1074[63:0]$1091
     4/8: $1$bitselwrite$pos$/usr/bin/../share/yosys/xilinx/cells_sim.v:1990$1065[5:0]$1087
     5/8: $1$lookahead\mem_b$1073[63:0]$1090
     6/8: $1$bitselwrite$pos$/usr/bin/../share/yosys/xilinx/cells_sim.v:1989$1064[5:0]$1086
     7/8: $1$lookahead\mem_a$1072[63:0]$1089
     8/8: $1$bitselwrite$pos$/usr/bin/../share/yosys/xilinx/cells_sim.v:1988$1063[5:0]$1085
Creating decoders for process `\RAM32M.$proc$/usr/bin/../share/yosys/xilinx/cells_sim.v:1806$1054'.
Creating decoders for process `\RAM32M.$proc$/usr/bin/../share/yosys/xilinx/cells_sim.v:1805$1053'.
Creating decoders for process `\RAM32M.$proc$/usr/bin/../share/yosys/xilinx/cells_sim.v:1804$1052'.
Creating decoders for process `\RAM32M.$proc$/usr/bin/../share/yosys/xilinx/cells_sim.v:1803$1051'.
Creating decoders for process `\RAM32M.$proc$/usr/bin/../share/yosys/xilinx/cells_sim.v:1812$956'.
     1/8: $1$lookahead\mem_d$955[63:0]$972
     2/8: $1$bitselwrite$pos$/usr/bin/../share/yosys/xilinx/cells_sim.v:1817$938[31:0]$968
     3/8: $1$lookahead\mem_c$954[63:0]$971
     4/8: $1$bitselwrite$pos$/usr/bin/../share/yosys/xilinx/cells_sim.v:1816$937[31:0]$967
     5/8: $1$lookahead\mem_b$953[63:0]$970
     6/8: $1$bitselwrite$pos$/usr/bin/../share/yosys/xilinx/cells_sim.v:1815$936[31:0]$966
     7/8: $1$lookahead\mem_a$952[63:0]$969
     8/8: $1$bitselwrite$pos$/usr/bin/../share/yosys/xilinx/cells_sim.v:1814$935[31:0]$965
Creating decoders for process `\RAM128X1D.$proc$/usr/bin/../share/yosys/xilinx/cells_sim.v:1712$933'.
Creating decoders for process `\RAM128X1D.$proc$/usr/bin/../share/yosys/xilinx/cells_sim.v:1716$903'.
     1/2: $1$lookahead\mem$902[127:0]$907
     2/2: $1$bitselwrite$pos$/usr/bin/../share/yosys/xilinx/cells_sim.v:1716$898[6:0]$906
Creating decoders for process `\RAM64X1D.$proc$/usr/bin/../share/yosys/xilinx/cells_sim.v:1607$896'.
Creating decoders for process `\RAM64X1D.$proc$/usr/bin/../share/yosys/xilinx/cells_sim.v:1611$866'.
     1/2: $1$lookahead\mem$865[63:0]$870
     2/2: $1$bitselwrite$pos$/usr/bin/../share/yosys/xilinx/cells_sim.v:1611$861[5:0]$869
Creating decoders for process `\RAM32X1D_1.$proc$/usr/bin/../share/yosys/xilinx/cells_sim.v:1561$860'.
Creating decoders for process `\RAM32X1D_1.$proc$/usr/bin/../share/yosys/xilinx/cells_sim.v:1565$848'.
     1/2: $1$lookahead\mem$847[31:0]$852
     2/2: $1$bitselwrite$pos$/usr/bin/../share/yosys/xilinx/cells_sim.v:1565$843[4:0]$851
Creating decoders for process `\RAM32X1D.$proc$/usr/bin/../share/yosys/xilinx/cells_sim.v:1502$842'.
Creating decoders for process `\RAM32X1D.$proc$/usr/bin/../share/yosys/xilinx/cells_sim.v:1506$818'.
     1/2: $1$lookahead\mem$817[31:0]$822
     2/2: $1$bitselwrite$pos$/usr/bin/../share/yosys/xilinx/cells_sim.v:1506$813[4:0]$821
Creating decoders for process `\FDPE_1.$proc$/usr/bin/../share/yosys/xilinx/cells_sim.v:0$770'.
Creating decoders for process `\FDPE_1.$proc$/usr/bin/../share/yosys/xilinx/cells_sim.v:815$767'.
     1/1: $0\Q[0:0]
Creating decoders for process `\FDPE.$proc$/usr/bin/../share/yosys/xilinx/cells_sim.v:0$766'.
Creating decoders for process `\FDPE.$proc$/usr/bin/../share/yosys/xilinx/cells_sim.v:774$764'.
     1/1: $0\Q[0:0]
Creating decoders for process `\FDCE_1.$proc$/usr/bin/../share/yosys/xilinx/cells_sim.v:0$752'.
Creating decoders for process `\FDCE_1.$proc$/usr/bin/../share/yosys/xilinx/cells_sim.v:736$749'.
     1/1: $0\Q[0:0]
Creating decoders for process `\FDCE.$proc$/usr/bin/../share/yosys/xilinx/cells_sim.v:0$748'.
Creating decoders for process `\FDCE.$proc$/usr/bin/../share/yosys/xilinx/cells_sim.v:695$746'.
     1/1: $0\Q[0:0]
Creating decoders for process `\FDSE_1.$proc$/usr/bin/../share/yosys/xilinx/cells_sim.v:0$734'.
Creating decoders for process `\FDSE_1.$proc$/usr/bin/../share/yosys/xilinx/cells_sim.v:592$731'.
     1/1: $0\Q[0:0]
Creating decoders for process `\FDSE.$proc$/usr/bin/../share/yosys/xilinx/cells_sim.v:0$730'.
Creating decoders for process `\FDSE.$proc$/usr/bin/../share/yosys/xilinx/cells_sim.v:559$727'.
     1/1: $0\Q[0:0]
Creating decoders for process `\FDRE_1.$proc$/usr/bin/../share/yosys/xilinx/cells_sim.v:0$712'.
Creating decoders for process `\FDRE_1.$proc$/usr/bin/../share/yosys/xilinx/cells_sim.v:527$709'.
     1/1: $0\Q[0:0]
Creating decoders for process `\FDRE.$proc$/usr/bin/../share/yosys/xilinx/cells_sim.v:0$708'.
Creating decoders for process `\FDRE.$proc$/usr/bin/../share/yosys/xilinx/cells_sim.v:494$705'.
     1/1: $0\Q[0:0]
Creating decoders for process `\dotp.$proc$rtl/custom/dotp.sv:0$161'.
     1/1: $1\rdata[31:0]
Creating decoders for process `\dotp.$proc$rtl/custom/dotp.sv:60$158'.
     1/9: $0\b[3][31:0]
     2/9: $0\b[2][31:0]
     3/9: $0\b[1][31:0]
     4/9: $0\b[0][31:0]
     5/9: $0\a[3][31:0]
     6/9: $0\a[2][31:0]
     7/9: $0\a[1][31:0]
     8/9: $0\a[0][31:0]
     9/9: $0\result[31:0]

14.4.8. Executing PROC_DLATCH pass (convert process syncs to latches).
No latch inferred for signal `\dotp.\rdata' from process `\dotp.$proc$rtl/custom/dotp.sv:0$161'.

14.4.9. Executing PROC_DFF pass (convert process syncs to FFs).
Creating register for signal `\SRLC32E.\r' using process `\SRLC32E.$proc$/usr/bin/../share/yosys/xilinx/cells_sim.v:2413$1204'.
  created $dff cell `$procdff$1449' with positive edge clock.
Creating register for signal `\SRLC16E.\r' using process `\SRLC16E.$proc$/usr/bin/../share/yosys/xilinx/cells_sim.v:2369$1197'.
  created $dff cell `$procdff$1450' with positive edge clock.
Creating register for signal `\SRLC16.\r' using process `\SRLC16.$proc$/usr/bin/../share/yosys/xilinx/cells_sim.v:2332$1190'.
  created $dff cell `$procdff$1451' with positive edge clock.
Creating register for signal `\SRL16E.\r' using process `\SRL16E.$proc$/usr/bin/../share/yosys/xilinx/cells_sim.v:2299$1187'.
  created $dff cell `$procdff$1452' with positive edge clock.
Creating register for signal `\SRL16.\r' using process `\SRL16.$proc$/usr/bin/../share/yosys/xilinx/cells_sim.v:2266$1180'.
  created $dff cell `$procdff$1453' with positive edge clock.
Creating register for signal `\RAM64M.\mem_a' using process `\RAM64M.$proc$/usr/bin/../share/yosys/xilinx/cells_sim.v:1986$1076'.
  created $dff cell `$procdff$1454' with positive edge clock.
Creating register for signal `\RAM64M.\mem_b' using process `\RAM64M.$proc$/usr/bin/../share/yosys/xilinx/cells_sim.v:1986$1076'.
  created $dff cell `$procdff$1455' with positive edge clock.
Creating register for signal `\RAM64M.\mem_c' using process `\RAM64M.$proc$/usr/bin/../share/yosys/xilinx/cells_sim.v:1986$1076'.
  created $dff cell `$procdff$1456' with positive edge clock.
Creating register for signal `\RAM64M.\mem_d' using process `\RAM64M.$proc$/usr/bin/../share/yosys/xilinx/cells_sim.v:1986$1076'.
  created $dff cell `$procdff$1457' with positive edge clock.
Creating register for signal `\RAM64M.$bitselwrite$pos$/usr/bin/../share/yosys/xilinx/cells_sim.v:1988$1063' using process `\RAM64M.$proc$/usr/bin/../share/yosys/xilinx/cells_sim.v:1986$1076'.
  created $dff cell `$procdff$1458' with positive edge clock.
Creating register for signal `\RAM64M.$bitselwrite$pos$/usr/bin/../share/yosys/xilinx/cells_sim.v:1989$1064' using process `\RAM64M.$proc$/usr/bin/../share/yosys/xilinx/cells_sim.v:1986$1076'.
  created $dff cell `$procdff$1459' with positive edge clock.
Creating register for signal `\RAM64M.$bitselwrite$pos$/usr/bin/../share/yosys/xilinx/cells_sim.v:1990$1065' using process `\RAM64M.$proc$/usr/bin/../share/yosys/xilinx/cells_sim.v:1986$1076'.
  created $dff cell `$procdff$1460' with positive edge clock.
Creating register for signal `\RAM64M.$bitselwrite$pos$/usr/bin/../share/yosys/xilinx/cells_sim.v:1991$1066' using process `\RAM64M.$proc$/usr/bin/../share/yosys/xilinx/cells_sim.v:1986$1076'.
  created $dff cell `$procdff$1461' with positive edge clock.
Creating register for signal `\RAM64M.$lookahead\mem_a$1072' using process `\RAM64M.$proc$/usr/bin/../share/yosys/xilinx/cells_sim.v:1986$1076'.
  created $dff cell `$procdff$1462' with positive edge clock.
Creating register for signal `\RAM64M.$lookahead\mem_b$1073' using process `\RAM64M.$proc$/usr/bin/../share/yosys/xilinx/cells_sim.v:1986$1076'.
  created $dff cell `$procdff$1463' with positive edge clock.
Creating register for signal `\RAM64M.$lookahead\mem_c$1074' using process `\RAM64M.$proc$/usr/bin/../share/yosys/xilinx/cells_sim.v:1986$1076'.
  created $dff cell `$procdff$1464' with positive edge clock.
Creating register for signal `\RAM64M.$lookahead\mem_d$1075' using process `\RAM64M.$proc$/usr/bin/../share/yosys/xilinx/cells_sim.v:1986$1076'.
  created $dff cell `$procdff$1465' with positive edge clock.
Creating register for signal `\RAM32M.\mem_a' using process `\RAM32M.$proc$/usr/bin/../share/yosys/xilinx/cells_sim.v:1812$956'.
  created $dff cell `$procdff$1466' with positive edge clock.
Creating register for signal `\RAM32M.\mem_b' using process `\RAM32M.$proc$/usr/bin/../share/yosys/xilinx/cells_sim.v:1812$956'.
  created $dff cell `$procdff$1467' with positive edge clock.
Creating register for signal `\RAM32M.\mem_c' using process `\RAM32M.$proc$/usr/bin/../share/yosys/xilinx/cells_sim.v:1812$956'.
  created $dff cell `$procdff$1468' with positive edge clock.
Creating register for signal `\RAM32M.\mem_d' using process `\RAM32M.$proc$/usr/bin/../share/yosys/xilinx/cells_sim.v:1812$956'.
  created $dff cell `$procdff$1469' with positive edge clock.
Creating register for signal `\RAM32M.$bitselwrite$pos$/usr/bin/../share/yosys/xilinx/cells_sim.v:1814$935' using process `\RAM32M.$proc$/usr/bin/../share/yosys/xilinx/cells_sim.v:1812$956'.
  created $dff cell `$procdff$1470' with positive edge clock.
Creating register for signal `\RAM32M.$bitselwrite$pos$/usr/bin/../share/yosys/xilinx/cells_sim.v:1815$936' using process `\RAM32M.$proc$/usr/bin/../share/yosys/xilinx/cells_sim.v:1812$956'.
  created $dff cell `$procdff$1471' with positive edge clock.
Creating register for signal `\RAM32M.$bitselwrite$pos$/usr/bin/../share/yosys/xilinx/cells_sim.v:1816$937' using process `\RAM32M.$proc$/usr/bin/../share/yosys/xilinx/cells_sim.v:1812$956'.
  created $dff cell `$procdff$1472' with positive edge clock.
Creating register for signal `\RAM32M.$bitselwrite$pos$/usr/bin/../share/yosys/xilinx/cells_sim.v:1817$938' using process `\RAM32M.$proc$/usr/bin/../share/yosys/xilinx/cells_sim.v:1812$956'.
  created $dff cell `$procdff$1473' with positive edge clock.
Creating register for signal `\RAM32M.$lookahead\mem_a$952' using process `\RAM32M.$proc$/usr/bin/../share/yosys/xilinx/cells_sim.v:1812$956'.
  created $dff cell `$procdff$1474' with positive edge clock.
Creating register for signal `\RAM32M.$lookahead\mem_b$953' using process `\RAM32M.$proc$/usr/bin/../share/yosys/xilinx/cells_sim.v:1812$956'.
  created $dff cell `$procdff$1475' with positive edge clock.
Creating register for signal `\RAM32M.$lookahead\mem_c$954' using process `\RAM32M.$proc$/usr/bin/../share/yosys/xilinx/cells_sim.v:1812$956'.
  created $dff cell `$procdff$1476' with positive edge clock.
Creating register for signal `\RAM32M.$lookahead\mem_d$955' using process `\RAM32M.$proc$/usr/bin/../share/yosys/xilinx/cells_sim.v:1812$956'.
  created $dff cell `$procdff$1477' with positive edge clock.
Creating register for signal `\RAM128X1D.\mem' using process `\RAM128X1D.$proc$/usr/bin/../share/yosys/xilinx/cells_sim.v:1716$903'.
  created $dff cell `$procdff$1478' with positive edge clock.
Creating register for signal `\RAM128X1D.$bitselwrite$pos$/usr/bin/../share/yosys/xilinx/cells_sim.v:1716$898' using process `\RAM128X1D.$proc$/usr/bin/../share/yosys/xilinx/cells_sim.v:1716$903'.
  created $dff cell `$procdff$1479' with positive edge clock.
Creating register for signal `\RAM128X1D.$lookahead\mem$902' using process `\RAM128X1D.$proc$/usr/bin/../share/yosys/xilinx/cells_sim.v:1716$903'.
  created $dff cell `$procdff$1480' with positive edge clock.
Creating register for signal `\RAM64X1D.\mem' using process `\RAM64X1D.$proc$/usr/bin/../share/yosys/xilinx/cells_sim.v:1611$866'.
  created $dff cell `$procdff$1481' with positive edge clock.
Creating register for signal `\RAM64X1D.$bitselwrite$pos$/usr/bin/../share/yosys/xilinx/cells_sim.v:1611$861' using process `\RAM64X1D.$proc$/usr/bin/../share/yosys/xilinx/cells_sim.v:1611$866'.
  created $dff cell `$procdff$1482' with positive edge clock.
Creating register for signal `\RAM64X1D.$lookahead\mem$865' using process `\RAM64X1D.$proc$/usr/bin/../share/yosys/xilinx/cells_sim.v:1611$866'.
  created $dff cell `$procdff$1483' with positive edge clock.
Creating register for signal `\RAM32X1D_1.\mem' using process `\RAM32X1D_1.$proc$/usr/bin/../share/yosys/xilinx/cells_sim.v:1565$848'.
  created $dff cell `$procdff$1484' with negative edge clock.
Creating register for signal `\RAM32X1D_1.$bitselwrite$pos$/usr/bin/../share/yosys/xilinx/cells_sim.v:1565$843' using process `\RAM32X1D_1.$proc$/usr/bin/../share/yosys/xilinx/cells_sim.v:1565$848'.
  created $dff cell `$procdff$1485' with negative edge clock.
Creating register for signal `\RAM32X1D_1.$lookahead\mem$847' using process `\RAM32X1D_1.$proc$/usr/bin/../share/yosys/xilinx/cells_sim.v:1565$848'.
  created $dff cell `$procdff$1486' with negative edge clock.
Creating register for signal `\RAM32X1D.\mem' using process `\RAM32X1D.$proc$/usr/bin/../share/yosys/xilinx/cells_sim.v:1506$818'.
  created $dff cell `$procdff$1487' with positive edge clock.
Creating register for signal `\RAM32X1D.$bitselwrite$pos$/usr/bin/../share/yosys/xilinx/cells_sim.v:1506$813' using process `\RAM32X1D.$proc$/usr/bin/../share/yosys/xilinx/cells_sim.v:1506$818'.
  created $dff cell `$procdff$1488' with positive edge clock.
Creating register for signal `\RAM32X1D.$lookahead\mem$817' using process `\RAM32X1D.$proc$/usr/bin/../share/yosys/xilinx/cells_sim.v:1506$818'.
  created $dff cell `$procdff$1489' with positive edge clock.
Creating register for signal `\FDPE_1.\Q' using process `\FDPE_1.$proc$/usr/bin/../share/yosys/xilinx/cells_sim.v:815$767'.
  created $adff cell `$procdff$1492' with negative edge clock and positive level reset.
Creating register for signal `\FDPE.\Q' using process `\FDPE.$proc$/usr/bin/../share/yosys/xilinx/cells_sim.v:774$764'.
  created $adff cell `$procdff$1495' with positive edge clock and positive level reset.
Creating register for signal `\FDCE_1.\Q' using process `\FDCE_1.$proc$/usr/bin/../share/yosys/xilinx/cells_sim.v:736$749'.
  created $adff cell `$procdff$1498' with negative edge clock and positive level reset.
Creating register for signal `\FDCE.\Q' using process `\FDCE.$proc$/usr/bin/../share/yosys/xilinx/cells_sim.v:695$746'.
  created $adff cell `$procdff$1501' with positive edge clock and positive level reset.
Creating register for signal `\FDSE_1.\Q' using process `\FDSE_1.$proc$/usr/bin/../share/yosys/xilinx/cells_sim.v:592$731'.
  created $dff cell `$procdff$1502' with negative edge clock.
Creating register for signal `\FDSE.\Q' using process `\FDSE.$proc$/usr/bin/../share/yosys/xilinx/cells_sim.v:559$727'.
  created $dff cell `$procdff$1503' with positive edge clock.
Creating register for signal `\FDRE_1.\Q' using process `\FDRE_1.$proc$/usr/bin/../share/yosys/xilinx/cells_sim.v:527$709'.
  created $dff cell `$procdff$1504' with negative edge clock.
Creating register for signal `\FDRE.\Q' using process `\FDRE.$proc$/usr/bin/../share/yosys/xilinx/cells_sim.v:494$705'.
  created $dff cell `$procdff$1505' with positive edge clock.
Creating register for signal `\dotp.\result' using process `\dotp.$proc$rtl/custom/dotp.sv:60$158'.
  created $adff cell `$procdff$1510' with positive edge clock and positive level reset.
Creating register for signal `\dotp.\a[0]' using process `\dotp.$proc$rtl/custom/dotp.sv:60$158'.
  created $adff cell `$procdff$1515' with positive edge clock and positive level reset.
Creating register for signal `\dotp.\a[1]' using process `\dotp.$proc$rtl/custom/dotp.sv:60$158'.
  created $adff cell `$procdff$1520' with positive edge clock and positive level reset.
Creating register for signal `\dotp.\a[2]' using process `\dotp.$proc$rtl/custom/dotp.sv:60$158'.
  created $adff cell `$procdff$1525' with positive edge clock and positive level reset.
Creating register for signal `\dotp.\a[3]' using process `\dotp.$proc$rtl/custom/dotp.sv:60$158'.
  created $adff cell `$procdff$1530' with positive edge clock and positive level reset.
Creating register for signal `\dotp.\b[0]' using process `\dotp.$proc$rtl/custom/dotp.sv:60$158'.
  created $adff cell `$procdff$1535' with positive edge clock and positive level reset.
Creating register for signal `\dotp.\b[1]' using process `\dotp.$proc$rtl/custom/dotp.sv:60$158'.
  created $adff cell `$procdff$1540' with positive edge clock and positive level reset.
Creating register for signal `\dotp.\b[2]' using process `\dotp.$proc$rtl/custom/dotp.sv:60$158'.
  created $adff cell `$procdff$1545' with positive edge clock and positive level reset.
Creating register for signal `\dotp.\b[3]' using process `\dotp.$proc$rtl/custom/dotp.sv:60$158'.
  created $adff cell `$procdff$1550' with positive edge clock and positive level reset.

14.4.10. Executing PROC_MEMWR pass (convert process memory writes to cells).

14.4.11. Executing PROC_CLEAN pass (remove empty switches from decision trees).
Removing empty process `SRLC32E.$proc$/usr/bin/../share/yosys/xilinx/cells_sim.v:2405$1205'.
Found and cleaned up 1 empty switch in `\SRLC32E.$proc$/usr/bin/../share/yosys/xilinx/cells_sim.v:2413$1204'.
Removing empty process `SRLC32E.$proc$/usr/bin/../share/yosys/xilinx/cells_sim.v:2413$1204'.
Removing empty process `SRLC16E.$proc$/usr/bin/../share/yosys/xilinx/cells_sim.v:2361$1198'.
Found and cleaned up 1 empty switch in `\SRLC16E.$proc$/usr/bin/../share/yosys/xilinx/cells_sim.v:2369$1197'.
Removing empty process `SRLC16E.$proc$/usr/bin/../share/yosys/xilinx/cells_sim.v:2369$1197'.
Removing empty process `SRLC16.$proc$/usr/bin/../share/yosys/xilinx/cells_sim.v:2329$1191'.
Removing empty process `SRLC16.$proc$/usr/bin/../share/yosys/xilinx/cells_sim.v:2332$1190'.
Removing empty process `SRL16E.$proc$/usr/bin/../share/yosys/xilinx/cells_sim.v:2292$1188'.
Found and cleaned up 1 empty switch in `\SRL16E.$proc$/usr/bin/../share/yosys/xilinx/cells_sim.v:2299$1187'.
Removing empty process `SRL16E.$proc$/usr/bin/../share/yosys/xilinx/cells_sim.v:2299$1187'.
Removing empty process `SRL16.$proc$/usr/bin/../share/yosys/xilinx/cells_sim.v:2264$1181'.
Removing empty process `SRL16.$proc$/usr/bin/../share/yosys/xilinx/cells_sim.v:2266$1180'.
Removing empty process `RAM64M.$proc$/usr/bin/../share/yosys/xilinx/cells_sim.v:1980$1154'.
Removing empty process `RAM64M.$proc$/usr/bin/../share/yosys/xilinx/cells_sim.v:1979$1153'.
Removing empty process `RAM64M.$proc$/usr/bin/../share/yosys/xilinx/cells_sim.v:1978$1152'.
Removing empty process `RAM64M.$proc$/usr/bin/../share/yosys/xilinx/cells_sim.v:1977$1151'.
Found and cleaned up 1 empty switch in `\RAM64M.$proc$/usr/bin/../share/yosys/xilinx/cells_sim.v:1986$1076'.
Removing empty process `RAM64M.$proc$/usr/bin/../share/yosys/xilinx/cells_sim.v:1986$1076'.
Removing empty process `RAM32M.$proc$/usr/bin/../share/yosys/xilinx/cells_sim.v:1806$1054'.
Removing empty process `RAM32M.$proc$/usr/bin/../share/yosys/xilinx/cells_sim.v:1805$1053'.
Removing empty process `RAM32M.$proc$/usr/bin/../share/yosys/xilinx/cells_sim.v:1804$1052'.
Removing empty process `RAM32M.$proc$/usr/bin/../share/yosys/xilinx/cells_sim.v:1803$1051'.
Found and cleaned up 1 empty switch in `\RAM32M.$proc$/usr/bin/../share/yosys/xilinx/cells_sim.v:1812$956'.
Removing empty process `RAM32M.$proc$/usr/bin/../share/yosys/xilinx/cells_sim.v:1812$956'.
Removing empty process `RAM128X1D.$proc$/usr/bin/../share/yosys/xilinx/cells_sim.v:1712$933'.
Found and cleaned up 1 empty switch in `\RAM128X1D.$proc$/usr/bin/../share/yosys/xilinx/cells_sim.v:1716$903'.
Removing empty process `RAM128X1D.$proc$/usr/bin/../share/yosys/xilinx/cells_sim.v:1716$903'.
Removing empty process `RAM64X1D.$proc$/usr/bin/../share/yosys/xilinx/cells_sim.v:1607$896'.
Found and cleaned up 1 empty switch in `\RAM64X1D.$proc$/usr/bin/../share/yosys/xilinx/cells_sim.v:1611$866'.
Removing empty process `RAM64X1D.$proc$/usr/bin/../share/yosys/xilinx/cells_sim.v:1611$866'.
Removing empty process `RAM32X1D_1.$proc$/usr/bin/../share/yosys/xilinx/cells_sim.v:1561$860'.
Found and cleaned up 1 empty switch in `\RAM32X1D_1.$proc$/usr/bin/../share/yosys/xilinx/cells_sim.v:1565$848'.
Removing empty process `RAM32X1D_1.$proc$/usr/bin/../share/yosys/xilinx/cells_sim.v:1565$848'.
Removing empty process `RAM32X1D.$proc$/usr/bin/../share/yosys/xilinx/cells_sim.v:1502$842'.
Found and cleaned up 1 empty switch in `\RAM32X1D.$proc$/usr/bin/../share/yosys/xilinx/cells_sim.v:1506$818'.
Removing empty process `RAM32X1D.$proc$/usr/bin/../share/yosys/xilinx/cells_sim.v:1506$818'.
Removing empty process `FDPE_1.$proc$/usr/bin/../share/yosys/xilinx/cells_sim.v:0$770'.
Found and cleaned up 1 empty switch in `\FDPE_1.$proc$/usr/bin/../share/yosys/xilinx/cells_sim.v:815$767'.
Removing empty process `FDPE_1.$proc$/usr/bin/../share/yosys/xilinx/cells_sim.v:815$767'.
Removing empty process `FDPE.$proc$/usr/bin/../share/yosys/xilinx/cells_sim.v:0$766'.
Found and cleaned up 1 empty switch in `\FDPE.$proc$/usr/bin/../share/yosys/xilinx/cells_sim.v:774$764'.
Removing empty process `FDPE.$proc$/usr/bin/../share/yosys/xilinx/cells_sim.v:774$764'.
Removing empty process `FDCE_1.$proc$/usr/bin/../share/yosys/xilinx/cells_sim.v:0$752'.
Found and cleaned up 1 empty switch in `\FDCE_1.$proc$/usr/bin/../share/yosys/xilinx/cells_sim.v:736$749'.
Removing empty process `FDCE_1.$proc$/usr/bin/../share/yosys/xilinx/cells_sim.v:736$749'.
Removing empty process `FDCE.$proc$/usr/bin/../share/yosys/xilinx/cells_sim.v:0$748'.
Found and cleaned up 1 empty switch in `\FDCE.$proc$/usr/bin/../share/yosys/xilinx/cells_sim.v:695$746'.
Removing empty process `FDCE.$proc$/usr/bin/../share/yosys/xilinx/cells_sim.v:695$746'.
Removing empty process `FDSE_1.$proc$/usr/bin/../share/yosys/xilinx/cells_sim.v:0$734'.
Found and cleaned up 2 empty switches in `\FDSE_1.$proc$/usr/bin/../share/yosys/xilinx/cells_sim.v:592$731'.
Removing empty process `FDSE_1.$proc$/usr/bin/../share/yosys/xilinx/cells_sim.v:592$731'.
Removing empty process `FDSE.$proc$/usr/bin/../share/yosys/xilinx/cells_sim.v:0$730'.
Found and cleaned up 2 empty switches in `\FDSE.$proc$/usr/bin/../share/yosys/xilinx/cells_sim.v:559$727'.
Removing empty process `FDSE.$proc$/usr/bin/../share/yosys/xilinx/cells_sim.v:559$727'.
Removing empty process `FDRE_1.$proc$/usr/bin/../share/yosys/xilinx/cells_sim.v:0$712'.
Found and cleaned up 2 empty switches in `\FDRE_1.$proc$/usr/bin/../share/yosys/xilinx/cells_sim.v:527$709'.
Removing empty process `FDRE_1.$proc$/usr/bin/../share/yosys/xilinx/cells_sim.v:527$709'.
Removing empty process `FDRE.$proc$/usr/bin/../share/yosys/xilinx/cells_sim.v:0$708'.
Found and cleaned up 2 empty switches in `\FDRE.$proc$/usr/bin/../share/yosys/xilinx/cells_sim.v:494$705'.
Removing empty process `FDRE.$proc$/usr/bin/../share/yosys/xilinx/cells_sim.v:494$705'.
Found and cleaned up 1 empty switch in `\dotp.$proc$rtl/custom/dotp.sv:0$161'.
Removing empty process `dotp.$proc$rtl/custom/dotp.sv:0$161'.
Found and cleaned up 3 empty switches in `\dotp.$proc$rtl/custom/dotp.sv:60$158'.
Removing empty process `dotp.$proc$rtl/custom/dotp.sv:60$158'.
Cleaned up 25 empty switches.

14.4.12. Executing OPT_EXPR pass (perform const folding).
Optimizing module dotp.
<suppressed ~21 debug messages>

14.5. Executing TRIBUF pass.

14.6. Executing DEMINOUT pass (demote inout ports to input or output).

14.7. Executing OPT_EXPR pass (perform const folding).
Optimizing module dotp.

14.8. Executing OPT_CLEAN pass (remove unused cells and wires).
Finding unused cells or wires in module \dotp..
Removed 10 unused cells and 54 unused wires.
<suppressed ~11 debug messages>

14.9. Executing CHECK pass (checking for obvious problems).
Checking module dotp...
Found and reported 0 problems.

14.10. Executing OPT pass (performing simple optimizations).

14.10.1. Executing OPT_EXPR pass (perform const folding).
Optimizing module dotp.

14.10.2. Executing OPT_MERGE pass (detect identical cells).
Finding identical cells in module `\dotp'.
<suppressed ~72 debug messages>
Removed a total of 24 cells.

14.10.3. Executing OPT_MUXTREE pass (detect dead branches in mux trees).
Running muxtree optimizer on module \dotp..
  Creating internal representation of mux trees.
  Evaluating internal representation of mux trees.
  Analyzing evaluation results.
Removed 0 multiplexer ports.
<suppressed ~19 debug messages>

14.10.4. Executing OPT_REDUCE pass (consolidate $*mux and $reduce_* inputs).
  Optimizing cells in module \dotp.
Performed a total of 0 changes.

14.10.5. Executing OPT_MERGE pass (detect identical cells).
Finding identical cells in module `\dotp'.
Removed a total of 0 cells.

14.10.6. Executing OPT_DFF pass (perform DFF optimizations).

14.10.7. Executing OPT_CLEAN pass (remove unused cells and wires).
Finding unused cells or wires in module \dotp..
Removed 0 unused cells and 24 unused wires.
<suppressed ~1 debug messages>

14.10.8. Executing OPT_EXPR pass (perform const folding).
Optimizing module dotp.

14.10.9. Rerunning OPT passes. (Maybe there is more to do..)

14.10.10. Executing OPT_MUXTREE pass (detect dead branches in mux trees).
Running muxtree optimizer on module \dotp..
  Creating internal representation of mux trees.
  Evaluating internal representation of mux trees.
  Analyzing evaluation results.
Removed 0 multiplexer ports.
<suppressed ~19 debug messages>

14.10.11. Executing OPT_REDUCE pass (consolidate $*mux and $reduce_* inputs).
  Optimizing cells in module \dotp.
Performed a total of 0 changes.

14.10.12. Executing OPT_MERGE pass (detect identical cells).
Finding identical cells in module `\dotp'.
Removed a total of 0 cells.

14.10.13. Executing OPT_DFF pass (perform DFF optimizations).

14.10.14. Executing OPT_CLEAN pass (remove unused cells and wires).
Finding unused cells or wires in module \dotp..

14.10.15. Executing OPT_EXPR pass (perform const folding).
Optimizing module dotp.

14.10.16. Finished OPT passes. (There is nothing left to do.)

14.11. Executing FSM pass (extract and optimize FSM).

14.11.1. Executing FSM_DETECT pass (finding FSMs in design).

14.11.2. Executing FSM_EXTRACT pass (extracting FSM from design).

14.11.3. Executing FSM_OPT pass (simple optimizations of FSMs).

14.11.4. Executing OPT_CLEAN pass (remove unused cells and wires).
Finding unused cells or wires in module \dotp..

14.11.5. Executing FSM_OPT pass (simple optimizations of FSMs).

14.11.6. Executing FSM_RECODE pass (re-assigning FSM state encoding).

14.11.7. Executing FSM_INFO pass (dumping all available information on FSM cells).

14.11.8. Executing FSM_MAP pass (mapping FSMs to basic logic).

14.12. Executing OPT pass (performing simple optimizations).

14.12.1. Executing OPT_EXPR pass (perform const folding).
Optimizing module dotp.

14.12.2. Executing OPT_MERGE pass (detect identical cells).
Finding identical cells in module `\dotp'.
Removed a total of 0 cells.

14.12.3. Executing OPT_MUXTREE pass (detect dead branches in mux trees).
Running muxtree optimizer on module \dotp..
  Creating internal representation of mux trees.
  Evaluating internal representation of mux trees.
  Analyzing evaluation results.
Removed 0 multiplexer ports.
<suppressed ~19 debug messages>

14.12.4. Executing OPT_REDUCE pass (consolidate $*mux and $reduce_* inputs).
  Optimizing cells in module \dotp.
Performed a total of 0 changes.

14.12.5. Executing OPT_MERGE pass (detect identical cells).
Finding identical cells in module `\dotp'.
Removed a total of 0 cells.

14.12.6. Executing OPT_DFF pass (perform DFF optimizations).
Adding EN signal on $procdff$1550 ($adff) from module dotp (D = \wdata, Q = \b[3]).
Adding EN signal on $procdff$1545 ($adff) from module dotp (D = \wdata, Q = \b[2]).
Adding EN signal on $procdff$1540 ($adff) from module dotp (D = \wdata, Q = \b[1]).
Adding EN signal on $procdff$1535 ($adff) from module dotp (D = \wdata, Q = \b[0]).
Adding EN signal on $procdff$1530 ($adff) from module dotp (D = \wdata, Q = \a[3]).
Adding EN signal on $procdff$1525 ($adff) from module dotp (D = \wdata, Q = \a[2]).
Adding EN signal on $procdff$1520 ($adff) from module dotp (D = \wdata, Q = \a[1]).
Adding EN signal on $procdff$1515 ($adff) from module dotp (D = \wdata, Q = \a[0]).

14.12.7. Executing OPT_CLEAN pass (remove unused cells and wires).
Finding unused cells or wires in module \dotp..
Removed 16 unused cells and 16 unused wires.
<suppressed ~17 debug messages>

14.12.8. Executing OPT_EXPR pass (perform const folding).
Optimizing module dotp.

14.12.9. Rerunning OPT passes. (Maybe there is more to do..)

14.12.10. Executing OPT_MUXTREE pass (detect dead branches in mux trees).
Running muxtree optimizer on module \dotp..
  Creating internal representation of mux trees.
  Evaluating internal representation of mux trees.
  Analyzing evaluation results.
Removed 0 multiplexer ports.
<suppressed ~11 debug messages>

14.12.11. Executing OPT_REDUCE pass (consolidate $*mux and $reduce_* inputs).
  Optimizing cells in module \dotp.
Performed a total of 0 changes.

14.12.12. Executing OPT_MERGE pass (detect identical cells).
Finding identical cells in module `\dotp'.
Removed a total of 0 cells.

14.12.13. Executing OPT_DFF pass (perform DFF optimizations).

14.12.14. Executing OPT_CLEAN pass (remove unused cells and wires).
Finding unused cells or wires in module \dotp..

14.12.15. Executing OPT_EXPR pass (perform const folding).
Optimizing module dotp.

14.12.16. Finished OPT passes. (There is nothing left to do.)

14.13. Executing WREDUCE pass (reducing word size of cells).
Removed top 5 bits (of 6) from port B of cell dotp.$eq$rtl/custom/dotp.sv:43$124 ($eq).
Removed top 4 bits (of 6) from port B of cell dotp.$eq$rtl/custom/dotp.sv:44$128 ($eq).
Removed top 4 bits (of 6) from port B of cell dotp.$eq$rtl/custom/dotp.sv:45$132 ($eq).
Removed top 3 bits (of 6) from port B of cell dotp.$eq$rtl/custom/dotp.sv:46$136 ($eq).
Removed top 3 bits (of 6) from port B of cell dotp.$eq$rtl/custom/dotp.sv:47$140 ($eq).
Removed top 3 bits (of 6) from port B of cell dotp.$eq$rtl/custom/dotp.sv:48$144 ($eq).
Removed top 3 bits (of 6) from port B of cell dotp.$eq$rtl/custom/dotp.sv:49$148 ($eq).
Removed top 2 bits (of 6) from port B of cell dotp.$procmux$1366_CMP0 ($eq).
Removed top 2 bits (of 6) from port B of cell dotp.$procmux$1446_CMP0 ($eq).

14.14. Executing PEEPOPT pass (run peephole optimizers).

14.15. Executing OPT_CLEAN pass (remove unused cells and wires).
Finding unused cells or wires in module \dotp..

14.16. Executing PMUX2SHIFTX pass.
Inspecting $pmux cell dotp/$procmux$1365.
  data width: 32 (next power-of-2 = 32, log2 = 5)
  checking ctrl signal \addr
    best permutation: \addr
    best xor mask: 6'000000
      0: 6'001000 -> 6'001000 -> 6'001000: \result
      1: 6'000111 -> 6'000111 -> 6'000111: \b[3]
      2: 6'000110 -> 6'000110 -> 6'000110: \b[2]
      3: 6'000101 -> 6'000101 -> 6'000101: \b[1]
      4: 6'000100 -> 6'000100 -> 6'000100: \b[0]
      5: 6'000011 -> 6'000011 -> 6'000011: \a[3]
      6: 6'000010 -> 6'000010 -> 6'000010: \a[2]
      7: 6'000001 -> 6'000001 -> 6'000001: \a[1]
      8: 6'000000 -> 6'000000 -> 6'000000: \a[0]
    choices: 9
    min choice: 0
    max choice: 8
    range density: 100%
    absolute density: 100%
    full density: 14%
    full case: false
    created $shiftx cell $auto$pmux2shiftx.cc:712:execute$1578.
Removed 1 unused cells and 1 unused wires.

14.17. Executing MEMORY_DFF pass (merging $dff cells to $memrd).

14.18. Executing TECHMAP pass (map to technology primitives).

14.18.1. Executing Verilog-2005 frontend: /usr/bin/../share/yosys/mul2dsp.v
Parsing Verilog input from `/usr/bin/../share/yosys/mul2dsp.v' to AST representation.
Generating RTLIL representation for module `\_80_mul'.
Generating RTLIL representation for module `\_90_soft_mul'.
Successfully finished Verilog frontend.

14.18.2. Executing Verilog-2005 frontend: /usr/bin/../share/yosys/xilinx/xc7_dsp_map.v
Parsing Verilog input from `/usr/bin/../share/yosys/xilinx/xc7_dsp_map.v' to AST representation.
Generating RTLIL representation for module `\$__MUL25X18'.
Successfully finished Verilog frontend.

14.18.3. Continuing TECHMAP pass.
Using template $paramod$a6723094dea62072dba32ab67b56b3cb58dc0d5a\_80_mul for cells of type $mul.
Using template $paramod$395213c3917c8eeb1e1c3f3ae1e4925be9b6a279\_80_mul for cells of type $mul.
Using template $paramod$f0959df10ae1505b2ef291b098c3c46396c2eac6\_80_mul for cells of type $__mul.
Using template $paramod$0ca0a2beabfb02adcfc3d390a7383e9d741a383c\_80_mul for cells of type $__mul.
Using template $paramod$cfb4b1dd2da69458d213ec6be14a680b5f99155d\_80_mul for cells of type $__mul.
Using template $paramod$602e0e7361d660412e3c0104fc9be56fc132949a\_80_mul for cells of type $__mul.
Using template $paramod$f972920bca387dff277a14b66740df03199c53c0\_80_mul for cells of type $__mul.
Using template $paramod$b326ef45623603cb0c298ae1eaab5028a2154cf7\_80_mul for cells of type $__mul.
Using template $paramod$730e32f1699b3bb5ffc197cfe581372099362ff3\$__MUL25X18 for cells of type $__MUL25X18.
Using template $paramod$9aaf69a32d544a8319d193bef0e4e628b501c242\$__MUL25X18 for cells of type $__MUL25X18.
No more expansions possible.
<suppressed ~690 debug messages>

14.19. Executing OPT_EXPR pass (perform const folding).
Optimizing module dotp.
<suppressed ~12 debug messages>

14.20. Executing WREDUCE pass (reducing word size of cells).
Removed top 2 bits (of 17) from port Y of cell dotp.$techmap$mul$rtl/custom/dotp.sv:52$151.genblk1.genblk1.genblk1.genblk1.genblk1.genblk1.genblk1.sliceA[0].mul.$add$/usr/bin/../share/yosys/mul2dsp.v:230$1588 ($add).
Removed top 2 bits (of 17) from port A of cell dotp.$techmap$mul$rtl/custom/dotp.sv:52$151.genblk1.genblk1.genblk1.genblk1.genblk1.genblk1.genblk1.sliceA[0].mul.$add$/usr/bin/../share/yosys/mul2dsp.v:230$1588 ($add).
Removed top 2 bits (of 17) from port Y of cell dotp.$techmap$mul$rtl/custom/dotp.sv:54$153.genblk1.genblk1.genblk1.genblk1.genblk1.genblk1.genblk1.sliceA[0].mul.$add$/usr/bin/../share/yosys/mul2dsp.v:230$1588 ($add).
Removed top 2 bits (of 17) from port A of cell dotp.$techmap$mul$rtl/custom/dotp.sv:54$153.genblk1.genblk1.genblk1.genblk1.genblk1.genblk1.genblk1.sliceA[0].mul.$add$/usr/bin/../share/yosys/mul2dsp.v:230$1588 ($add).
Removed top 15 bits (of 32) from port B of cell dotp.$techmap$mul$rtl/custom/dotp.sv:54$153.genblk1.genblk1.genblk1.genblk1.genblk1.genblk1.genblk1.sliceA.last.$add$/usr/bin/../share/yosys/mul2dsp.v:230$1591 ($add).
Removed top 17 bits (of 32) from port Y of cell dotp.$techmap$mul$rtl/custom/dotp.sv:54$153.genblk1.genblk1.genblk1.genblk1.genblk1.genblk1.genblk1.sliceA.last.$add$/usr/bin/../share/yosys/mul2dsp.v:230$1591 ($add).
Removed top 17 bits (of 32) from port A of cell dotp.$techmap$mul$rtl/custom/dotp.sv:54$153.genblk1.genblk1.genblk1.genblk1.genblk1.genblk1.genblk1.sliceA.last.$add$/usr/bin/../share/yosys/mul2dsp.v:230$1591 ($add).
Removed top 2 bits (of 17) from port B of cell dotp.$techmap$mul$rtl/custom/dotp.sv:54$153.genblk1.genblk1.genblk1.genblk1.genblk1.genblk1.genblk1.sliceA.last.$add$/usr/bin/../share/yosys/mul2dsp.v:230$1591 ($add).
Removed top 17 bits (of 32) from port Y of cell dotp.$techmap$mul$rtl/custom/dotp.sv:54$153.$add$/usr/bin/../share/yosys/mul2dsp.v:173$1585 ($add).
Removed top 17 bits (of 32) from port A of cell dotp.$techmap$mul$rtl/custom/dotp.sv:54$153.$add$/usr/bin/../share/yosys/mul2dsp.v:173$1585 ($add).
Removed top 15 bits (of 32) from port B of cell dotp.$techmap$mul$rtl/custom/dotp.sv:55$154.genblk1.genblk1.genblk1.genblk1.genblk1.genblk1.genblk1.sliceA.last.$add$/usr/bin/../share/yosys/mul2dsp.v:230$1591 ($add).
Removed top 17 bits (of 32) from port Y of cell dotp.$techmap$mul$rtl/custom/dotp.sv:55$154.genblk1.genblk1.genblk1.genblk1.genblk1.genblk1.genblk1.sliceA.last.$add$/usr/bin/../share/yosys/mul2dsp.v:230$1591 ($add).
Removed top 17 bits (of 32) from port A of cell dotp.$techmap$mul$rtl/custom/dotp.sv:55$154.genblk1.genblk1.genblk1.genblk1.genblk1.genblk1.genblk1.sliceA.last.$add$/usr/bin/../share/yosys/mul2dsp.v:230$1591 ($add).
Removed top 2 bits (of 17) from port B of cell dotp.$techmap$mul$rtl/custom/dotp.sv:55$154.genblk1.genblk1.genblk1.genblk1.genblk1.genblk1.genblk1.sliceA.last.$add$/usr/bin/../share/yosys/mul2dsp.v:230$1591 ($add).
Removed top 15 bits (of 32) from port B of cell dotp.$techmap$mul$rtl/custom/dotp.sv:52$151.genblk1.genblk1.genblk1.genblk1.genblk1.genblk1.genblk1.sliceA.last.$add$/usr/bin/../share/yosys/mul2dsp.v:230$1591 ($add).
Removed top 17 bits (of 32) from port Y of cell dotp.$techmap$mul$rtl/custom/dotp.sv:52$151.genblk1.genblk1.genblk1.genblk1.genblk1.genblk1.genblk1.sliceA.last.$add$/usr/bin/../share/yosys/mul2dsp.v:230$1591 ($add).
Removed top 17 bits (of 32) from port A of cell dotp.$techmap$mul$rtl/custom/dotp.sv:52$151.genblk1.genblk1.genblk1.genblk1.genblk1.genblk1.genblk1.sliceA.last.$add$/usr/bin/../share/yosys/mul2dsp.v:230$1591 ($add).
Removed top 2 bits (of 17) from port B of cell dotp.$techmap$mul$rtl/custom/dotp.sv:52$151.genblk1.genblk1.genblk1.genblk1.genblk1.genblk1.genblk1.sliceA.last.$add$/usr/bin/../share/yosys/mul2dsp.v:230$1591 ($add).
Removed top 2 bits (of 17) from port Y of cell dotp.$techmap$mul$rtl/custom/dotp.sv:53$152.genblk1.genblk1.genblk1.genblk1.genblk1.genblk1.genblk1.sliceA[0].mul.$add$/usr/bin/../share/yosys/mul2dsp.v:230$1588 ($add).
Removed top 2 bits (of 17) from port A of cell dotp.$techmap$mul$rtl/custom/dotp.sv:53$152.genblk1.genblk1.genblk1.genblk1.genblk1.genblk1.genblk1.sliceA[0].mul.$add$/usr/bin/../share/yosys/mul2dsp.v:230$1588 ($add).
Removed top 15 bits (of 32) from port B of cell dotp.$techmap$mul$rtl/custom/dotp.sv:53$152.genblk1.genblk1.genblk1.genblk1.genblk1.genblk1.genblk1.sliceA.last.$add$/usr/bin/../share/yosys/mul2dsp.v:230$1591 ($add).
Removed top 17 bits (of 32) from port Y of cell dotp.$techmap$mul$rtl/custom/dotp.sv:53$152.genblk1.genblk1.genblk1.genblk1.genblk1.genblk1.genblk1.sliceA.last.$add$/usr/bin/../share/yosys/mul2dsp.v:230$1591 ($add).
Removed top 17 bits (of 32) from port A of cell dotp.$techmap$mul$rtl/custom/dotp.sv:53$152.genblk1.genblk1.genblk1.genblk1.genblk1.genblk1.genblk1.sliceA.last.$add$/usr/bin/../share/yosys/mul2dsp.v:230$1591 ($add).
Removed top 2 bits (of 17) from port B of cell dotp.$techmap$mul$rtl/custom/dotp.sv:53$152.genblk1.genblk1.genblk1.genblk1.genblk1.genblk1.genblk1.sliceA.last.$add$/usr/bin/../share/yosys/mul2dsp.v:230$1591 ($add).
Removed top 17 bits (of 32) from port Y of cell dotp.$techmap$mul$rtl/custom/dotp.sv:55$154.$add$/usr/bin/../share/yosys/mul2dsp.v:173$1585 ($add).
Removed top 17 bits (of 32) from port A of cell dotp.$techmap$mul$rtl/custom/dotp.sv:55$154.$add$/usr/bin/../share/yosys/mul2dsp.v:173$1585 ($add).
Removed top 17 bits (of 32) from port Y of cell dotp.$techmap$mul$rtl/custom/dotp.sv:52$151.$add$/usr/bin/../share/yosys/mul2dsp.v:173$1585 ($add).
Removed top 17 bits (of 32) from port A of cell dotp.$techmap$mul$rtl/custom/dotp.sv:52$151.$add$/usr/bin/../share/yosys/mul2dsp.v:173$1585 ($add).
Removed top 17 bits (of 32) from port Y of cell dotp.$techmap$mul$rtl/custom/dotp.sv:53$152.$add$/usr/bin/../share/yosys/mul2dsp.v:173$1585 ($add).
Removed top 17 bits (of 32) from port A of cell dotp.$techmap$mul$rtl/custom/dotp.sv:53$152.$add$/usr/bin/../share/yosys/mul2dsp.v:173$1585 ($add).
Removed top 2 bits (of 17) from port Y of cell dotp.$techmap$mul$rtl/custom/dotp.sv:55$154.genblk1.genblk1.genblk1.genblk1.genblk1.genblk1.genblk1.sliceA[0].mul.$add$/usr/bin/../share/yosys/mul2dsp.v:230$1588 ($add).
Removed top 2 bits (of 17) from port A of cell dotp.$techmap$mul$rtl/custom/dotp.sv:55$154.genblk1.genblk1.genblk1.genblk1.genblk1.genblk1.genblk1.sliceA[0].mul.$add$/usr/bin/../share/yosys/mul2dsp.v:230$1588 ($add).
Removed cell dotp.$techmap$mul$rtl/custom/dotp.sv:54$153.genblk1.genblk1.genblk1.genblk1.genblk1.genblk1.genblk1.sliceA.last.$add$/usr/bin/../share/yosys/mul2dsp.v:230$1591 ($add).
Removed cell dotp.$techmap$mul$rtl/custom/dotp.sv:55$154.genblk1.genblk1.genblk1.genblk1.genblk1.genblk1.genblk1.sliceA.last.$add$/usr/bin/../share/yosys/mul2dsp.v:230$1591 ($add).
Removed cell dotp.$techmap$mul$rtl/custom/dotp.sv:52$151.genblk1.genblk1.genblk1.genblk1.genblk1.genblk1.genblk1.sliceA.last.$add$/usr/bin/../share/yosys/mul2dsp.v:230$1591 ($add).
Removed cell dotp.$techmap$mul$rtl/custom/dotp.sv:53$152.genblk1.genblk1.genblk1.genblk1.genblk1.genblk1.genblk1.sliceA.last.$add$/usr/bin/../share/yosys/mul2dsp.v:230$1591 ($add).

14.21. Executing XILINX_DSP pass (pack resources into DSPs).
Analysing dotp.$mul$rtl/custom/dotp.sv:54$153.genblk1.genblk1.genblk1.genblk1.genblk1.genblk1.genblk1.sliceA[0].mul.genblk1.genblk1.genblk1.genblk1.genblk1.genblk1.genblk1.genblk1.mul_sliceB_last for Xilinx DSP packing.
  postadder $techmap$mul$rtl/custom/dotp.sv:54$153.genblk1.genblk1.genblk1.genblk1.genblk1.genblk1.genblk1.sliceA[0].mul.$add$/usr/bin/../share/yosys/mul2dsp.v:230$1588 ($add)

Analysing dotp.$mul$rtl/custom/dotp.sv:53$152.genblk1.genblk1.genblk1.genblk1.genblk1.genblk1.genblk1.sliceA[0].mul.genblk1.genblk1.genblk1.genblk1.genblk1.genblk1.genblk1.genblk1.mul_sliceB_last for Xilinx DSP packing.
  postadder $techmap$mul$rtl/custom/dotp.sv:53$152.genblk1.genblk1.genblk1.genblk1.genblk1.genblk1.genblk1.sliceA[0].mul.$add$/usr/bin/../share/yosys/mul2dsp.v:230$1588 ($add)

Analysing dotp.$mul$rtl/custom/dotp.sv:53$152.genblk1.genblk1.genblk1.genblk1.genblk1.genblk1.genblk1.sliceA.last.genblk1.genblk1.genblk1.genblk1.genblk1.genblk1.genblk1.genblk1.sliceB[0].mul for Xilinx DSP packing.
  postadder $techmap$mul$rtl/custom/dotp.sv:53$152.$add$/usr/bin/../share/yosys/mul2dsp.v:173$1585 ($add)

Analysing dotp.$mul$rtl/custom/dotp.sv:52$151.genblk1.genblk1.genblk1.genblk1.genblk1.genblk1.genblk1.sliceA[0].mul.genblk1.genblk1.genblk1.genblk1.genblk1.genblk1.genblk1.genblk1.mul_sliceB_last for Xilinx DSP packing.
  postadder $techmap$mul$rtl/custom/dotp.sv:52$151.genblk1.genblk1.genblk1.genblk1.genblk1.genblk1.genblk1.sliceA[0].mul.$add$/usr/bin/../share/yosys/mul2dsp.v:230$1588 ($add)

Analysing dotp.$mul$rtl/custom/dotp.sv:55$154.genblk1.genblk1.genblk1.genblk1.genblk1.genblk1.genblk1.sliceA[0].mul.genblk1.genblk1.genblk1.genblk1.genblk1.genblk1.genblk1.genblk1.mul_sliceB_last for Xilinx DSP packing.
  postadder $techmap$mul$rtl/custom/dotp.sv:55$154.genblk1.genblk1.genblk1.genblk1.genblk1.genblk1.genblk1.sliceA[0].mul.$add$/usr/bin/../share/yosys/mul2dsp.v:230$1588 ($add)

Analysing dotp.$mul$rtl/custom/dotp.sv:52$151.genblk1.genblk1.genblk1.genblk1.genblk1.genblk1.genblk1.sliceA[0].mul.genblk1.genblk1.genblk1.genblk1.genblk1.genblk1.genblk1.genblk1.sliceB[0].mul for Xilinx DSP packing.

Analysing dotp.$mul$rtl/custom/dotp.sv:53$152.genblk1.genblk1.genblk1.genblk1.genblk1.genblk1.genblk1.sliceA[0].mul.genblk1.genblk1.genblk1.genblk1.genblk1.genblk1.genblk1.genblk1.sliceB[0].mul for Xilinx DSP packing.

Analysing dotp.$mul$rtl/custom/dotp.sv:55$154.genblk1.genblk1.genblk1.genblk1.genblk1.genblk1.genblk1.sliceA.last.genblk1.genblk1.genblk1.genblk1.genblk1.genblk1.genblk1.genblk1.sliceB[0].mul for Xilinx DSP packing.
  postadder $techmap$mul$rtl/custom/dotp.sv:55$154.$add$/usr/bin/../share/yosys/mul2dsp.v:173$1585 ($add)

Analysing dotp.$mul$rtl/custom/dotp.sv:55$154.genblk1.genblk1.genblk1.genblk1.genblk1.genblk1.genblk1.sliceA[0].mul.genblk1.genblk1.genblk1.genblk1.genblk1.genblk1.genblk1.genblk1.sliceB[0].mul for Xilinx DSP packing.

Analysing dotp.$mul$rtl/custom/dotp.sv:54$153.genblk1.genblk1.genblk1.genblk1.genblk1.genblk1.genblk1.sliceA[0].mul.genblk1.genblk1.genblk1.genblk1.genblk1.genblk1.genblk1.genblk1.sliceB[0].mul for Xilinx DSP packing.

Analysing dotp.$mul$rtl/custom/dotp.sv:52$151.genblk1.genblk1.genblk1.genblk1.genblk1.genblk1.genblk1.sliceA.last.genblk1.genblk1.genblk1.genblk1.genblk1.genblk1.genblk1.genblk1.sliceB[0].mul for Xilinx DSP packing.
  postadder $techmap$mul$rtl/custom/dotp.sv:52$151.$add$/usr/bin/../share/yosys/mul2dsp.v:173$1585 ($add)

Analysing dotp.$mul$rtl/custom/dotp.sv:54$153.genblk1.genblk1.genblk1.genblk1.genblk1.genblk1.genblk1.sliceA.last.genblk1.genblk1.genblk1.genblk1.genblk1.genblk1.genblk1.genblk1.sliceB[0].mul for Xilinx DSP packing.
  postadder $techmap$mul$rtl/custom/dotp.sv:54$153.$add$/usr/bin/../share/yosys/mul2dsp.v:173$1585 ($add)

<suppressed ~168 debug messages>

14.22. Executing TECHMAP pass (map to technology primitives).

14.22.1. Executing Verilog-2005 frontend: /usr/bin/../share/yosys/cmp2lut.v
Parsing Verilog input from `/usr/bin/../share/yosys/cmp2lut.v' to AST representation.
Generating RTLIL representation for module `\_90_lut_cmp_'.
Successfully finished Verilog frontend.

14.22.2. Executing Verilog-2005 frontend: /usr/bin/../share/yosys/cmp2lcu.v
Parsing Verilog input from `/usr/bin/../share/yosys/cmp2lcu.v' to AST representation.
Generating RTLIL representation for module `\_80_lcu_cmp_'.
Generating RTLIL representation for module `\$__CMP2LCU'.
Successfully finished Verilog frontend.

14.22.3. Continuing TECHMAP pass.
No more expansions possible.
<suppressed ~7 debug messages>

14.23. Executing ALUMACC pass (create $alu and $macc cells).
Extracting $alu and $macc cells in module dotp:
  creating $macc model for $add$rtl/custom/dotp.sv:56$156 ($add).
  creating $macc model for $add$rtl/custom/dotp.sv:56$157 ($add).
  creating $macc model for $add$rtl/custom/dotp.sv:56$155 ($add).
  merging $macc model for $add$rtl/custom/dotp.sv:56$155 into $add$rtl/custom/dotp.sv:56$157.
  merging $macc model for $add$rtl/custom/dotp.sv:56$156 into $add$rtl/custom/dotp.sv:56$157.
  creating $macc cell for $add$rtl/custom/dotp.sv:56$157: $auto$alumacc.cc:365:replace_macc$1650
  created 0 $alu and 1 $macc cells.

14.24. Executing SHARE pass (SAT-based resource sharing).

14.25. Executing OPT pass (performing simple optimizations).

14.25.1. Executing OPT_EXPR pass (perform const folding).
Optimizing module dotp.

14.25.2. Executing OPT_MERGE pass (detect identical cells).
Finding identical cells in module `\dotp'.
Removed a total of 0 cells.

14.25.3. Executing OPT_MUXTREE pass (detect dead branches in mux trees).
Running muxtree optimizer on module \dotp..
  Creating internal representation of mux trees.
  Evaluating internal representation of mux trees.
  Analyzing evaluation results.
    dead port 1/11 on $pmux $procmux$1365.
    dead port 2/11 on $pmux $procmux$1365.
    dead port 3/11 on $pmux $procmux$1365.
    dead port 4/11 on $pmux $procmux$1365.
    dead port 5/11 on $pmux $procmux$1365.
    dead port 6/11 on $pmux $procmux$1365.
    dead port 7/11 on $pmux $procmux$1365.
    dead port 8/11 on $pmux $procmux$1365.
    dead port 9/11 on $pmux $procmux$1365.
Removed 9 multiplexer ports.
<suppressed ~11 debug messages>

14.25.4. Executing OPT_REDUCE pass (consolidate $*mux and $reduce_* inputs).
  Optimizing cells in module \dotp.
Performed a total of 0 changes.

14.25.5. Executing OPT_MERGE pass (detect identical cells).
Finding identical cells in module `\dotp'.
Removed a total of 0 cells.

14.25.6. Executing OPT_DFF pass (perform DFF optimizations).

14.25.7. Executing OPT_CLEAN pass (remove unused cells and wires).
Finding unused cells or wires in module \dotp..
Removed 6 unused cells and 270 unused wires.
<suppressed ~7 debug messages>

14.25.8. Executing OPT_EXPR pass (perform const folding).
Optimizing module dotp.

14.25.9. Rerunning OPT passes. (Maybe there is more to do..)

14.25.10. Executing OPT_MUXTREE pass (detect dead branches in mux trees).
Running muxtree optimizer on module \dotp..
  Creating internal representation of mux trees.
  Evaluating internal representation of mux trees.
  Analyzing evaluation results.
Removed 0 multiplexer ports.
<suppressed ~11 debug messages>

14.25.11. Executing OPT_REDUCE pass (consolidate $*mux and $reduce_* inputs).
  Optimizing cells in module \dotp.
Performed a total of 0 changes.

14.25.12. Executing OPT_MERGE pass (detect identical cells).
Finding identical cells in module `\dotp'.
Removed a total of 0 cells.

14.25.13. Executing OPT_DFF pass (perform DFF optimizations).

14.25.14. Executing OPT_CLEAN pass (remove unused cells and wires).
Finding unused cells or wires in module \dotp..

14.25.15. Executing OPT_EXPR pass (perform const folding).
Optimizing module dotp.

14.25.16. Finished OPT passes. (There is nothing left to do.)

14.26. Executing MEMORY pass.

14.26.1. Executing OPT_MEM pass (optimize memories).
Performed a total of 0 transformations.

14.26.2. Executing OPT_MEM_PRIORITY pass (removing unnecessary memory write priority relations).
Performed a total of 0 transformations.

14.26.3. Executing OPT_MEM_FEEDBACK pass (finding memory read-to-write feedback paths).

14.26.4. Executing MEMORY_BMUX2ROM pass (converting muxes to ROMs).

14.26.5. Executing MEMORY_DFF pass (merging $dff cells to $memrd).

14.26.6. Executing OPT_CLEAN pass (remove unused cells and wires).
Finding unused cells or wires in module \dotp..

14.26.7. Executing MEMORY_SHARE pass (consolidating $memrd/$memwr cells).

14.26.8. Executing OPT_MEM_WIDEN pass (optimize memories where all ports are wide).
Performed a total of 0 transformations.

14.26.9. Executing OPT_CLEAN pass (remove unused cells and wires).
Finding unused cells or wires in module \dotp..

14.26.10. Executing MEMORY_COLLECT pass (generating $mem cells).

14.27. Executing OPT_CLEAN pass (remove unused cells and wires).
Finding unused cells or wires in module \dotp..

14.28. Executing MEMORY_LIBMAP pass (mapping memories to cells).

14.29. Executing TECHMAP pass (map to technology primitives).

14.29.1. Executing Verilog-2005 frontend: /usr/bin/../share/yosys/xilinx/lutrams_xc5v_map.v
Parsing Verilog input from `/usr/bin/../share/yosys/xilinx/lutrams_xc5v_map.v' to AST representation.
Generating RTLIL representation for module `\$__XILINX_LUTRAM_SP_'.
Generating RTLIL representation for module `\$__XILINX_LUTRAM_DP_'.
Generating RTLIL representation for module `\$__XILINX_LUTRAM_QP_'.
Generating RTLIL representation for module `\$__XILINX_LUTRAM_OP_'.
Generating RTLIL representation for module `\$__XILINX_LUTRAM_SDP_'.
Generating RTLIL representation for module `\$__XILINX_LUTRAM_64X8SW_'.
Generating RTLIL representation for module `\$__XILINX_LUTRAM_32X16DR8_'.
Successfully finished Verilog frontend.

14.29.2. Continuing TECHMAP pass.
No more expansions possible.
<suppressed ~9 debug messages>

14.30. Executing TECHMAP pass (map to technology primitives).

14.30.1. Executing Verilog-2005 frontend: /usr/bin/../share/yosys/xilinx/brams_xc6v_map.v
Parsing Verilog input from `/usr/bin/../share/yosys/xilinx/brams_xc6v_map.v' to AST representation.
Generating RTLIL representation for module `\$__XILINX_BLOCKRAM_TDP_'.
Generating RTLIL representation for module `\$__XILINX_BLOCKRAM_SDP_'.
Successfully finished Verilog frontend.

14.30.2. Continuing TECHMAP pass.
No more expansions possible.
<suppressed ~4 debug messages>

14.31. Executing OPT pass (performing simple optimizations).

14.31.1. Executing OPT_EXPR pass (perform const folding).
Optimizing module dotp.

14.31.2. Executing OPT_MERGE pass (detect identical cells).
Finding identical cells in module `\dotp'.
Removed a total of 0 cells.

14.31.3. Executing OPT_DFF pass (perform DFF optimizations).

14.31.4. Executing OPT_CLEAN pass (remove unused cells and wires).
Finding unused cells or wires in module \dotp..

14.31.5. Finished fast OPT passes.

14.32. Executing MEMORY_MAP pass (converting memories to logic and flip-flops).

14.33. Executing OPT pass (performing simple optimizations).

14.33.1. Executing OPT_EXPR pass (perform const folding).
Optimizing module dotp.

14.33.2. Executing OPT_MERGE pass (detect identical cells).
Finding identical cells in module `\dotp'.
Removed a total of 0 cells.

14.33.3. Executing OPT_MUXTREE pass (detect dead branches in mux trees).
Running muxtree optimizer on module \dotp..
  Creating internal representation of mux trees.
  Evaluating internal representation of mux trees.
  Analyzing evaluation results.
Removed 0 multiplexer ports.
<suppressed ~11 debug messages>

14.33.4. Executing OPT_REDUCE pass (consolidate $*mux and $reduce_* inputs).
  Optimizing cells in module \dotp.
Performed a total of 0 changes.

14.33.5. Executing OPT_MERGE pass (detect identical cells).
Finding identical cells in module `\dotp'.
Removed a total of 0 cells.

14.33.6. Executing OPT_SHARE pass.

14.33.7. Executing OPT_DFF pass (perform DFF optimizations).

14.33.8. Executing OPT_CLEAN pass (remove unused cells and wires).
Finding unused cells or wires in module \dotp..

14.33.9. Executing OPT_EXPR pass (perform const folding).
Optimizing module dotp.

14.33.10. Finished OPT passes. (There is nothing left to do.)

14.34. Executing XILINX_SRL pass (Xilinx shift register extraction).

14.35. Executing TECHMAP pass (map to technology primitives).

14.35.1. Executing Verilog-2005 frontend: /usr/bin/../share/yosys/techmap.v
Parsing Verilog input from `/usr/bin/../share/yosys/techmap.v' to AST representation.
Generating RTLIL representation for module `\_90_simplemap_bool_ops'.
Generating RTLIL representation for module `\_90_simplemap_reduce_ops'.
Generating RTLIL representation for module `\_90_simplemap_logic_ops'.
Generating RTLIL representation for module `\_90_simplemap_compare_ops'.
Generating RTLIL representation for module `\_90_simplemap_various'.
Generating RTLIL representation for module `\_90_simplemap_registers'.
Generating RTLIL representation for module `\_90_shift_ops_shr_shl_sshl_sshr'.
Generating RTLIL representation for module `\_90_shift_shiftx'.
Generating RTLIL representation for module `\_90_fa'.
Generating RTLIL representation for module `\_90_lcu_brent_kung'.
Generating RTLIL representation for module `\_90_alu'.
Generating RTLIL representation for module `\_90_macc'.
Generating RTLIL representation for module `\_90_alumacc'.
Generating RTLIL representation for module `\$__div_mod_u'.
Generating RTLIL representation for module `\$__div_mod_trunc'.
Generating RTLIL representation for module `\_90_div'.
Generating RTLIL representation for module `\_90_mod'.
Generating RTLIL representation for module `\$__div_mod_floor'.
Generating RTLIL representation for module `\_90_divfloor'.
Generating RTLIL representation for module `\_90_modfloor'.
Generating RTLIL representation for module `\_90_pow'.
Generating RTLIL representation for module `\_90_pmux'.
Generating RTLIL representation for module `\_90_demux'.
Generating RTLIL representation for module `\_90_lut'.
Successfully finished Verilog frontend.

14.35.2. Executing Verilog-2005 frontend: /usr/bin/../share/yosys/xilinx/arith_map.v
Parsing Verilog input from `/usr/bin/../share/yosys/xilinx/arith_map.v' to AST representation.
Generating RTLIL representation for module `\_80_xilinx_lcu'.
Generating RTLIL representation for module `\_80_xilinx_alu'.
Successfully finished Verilog frontend.

14.35.3. Continuing TECHMAP pass.
Using extmapper simplemap for cells of type $logic_and.
Using extmapper simplemap for cells of type $logic_not.
Using extmapper simplemap for cells of type $mux.
Using extmapper simplemap for cells of type $adffe.
Using extmapper simplemap for cells of type $eq.
Using extmapper simplemap for cells of type $reduce_and.
Using template $paramod$constmap:ea96ee1fb5787aedad018728a5ee068b3ddf64ff$paramod$2041227bd033aaa2807831214899f62702555ca1\_90_shift_shiftx for cells of type $shift.
Using template $paramod$constmap:676c1f4a5c20626dae42510eac5fd23aeef41fee$paramod$5c4e52a372a7221491d10cb88fa5f6042b86e3b6\_90_shift_shiftx for cells of type $shiftx.
Using extmapper maccmap for cells of type $macc_v2.
  add \p0 (32 bits, unsigned)
  add \p2 (32 bits, unsigned)
  add \p1 (32 bits, unsigned)
  add \p3 (32 bits, unsigned)
Using extmapper simplemap for cells of type $adff.
Using template $paramod\_90_fa\WIDTH=32'00000000000000000000000000100000 for cells of type $fa.
Using template $paramod$4fc821520cb3a924f2bc6fa8576a539779b37dc8\_80_xilinx_alu for cells of type $alu.
Using extmapper simplemap for cells of type $or.
Using extmapper simplemap for cells of type $xor.
Using extmapper simplemap for cells of type $and.
Using extmapper simplemap for cells of type $not.
Using extmapper simplemap for cells of type $pos.
No more expansions possible.
<suppressed ~537 debug messages>

14.36. Executing OPT pass (performing simple optimizations).

14.36.1. Executing OPT_EXPR pass (perform const folding).
Optimizing module dotp.
<suppressed ~117 debug messages>

14.36.2. Executing OPT_MERGE pass (detect identical cells).
Finding identical cells in module `\dotp'.
<suppressed ~174 debug messages>
Removed a total of 58 cells.

14.36.3. Executing OPT_DFF pass (perform DFF optimizations).

14.36.4. Executing OPT_CLEAN pass (remove unused cells and wires).
Finding unused cells or wires in module \dotp..
Removed 862 unused cells and 99 unused wires.
<suppressed ~863 debug messages>

14.36.5. Finished fast OPT passes.

14.37. Executing IOPADMAP pass (mapping inputs/outputs to IO-PAD cells).
Mapping port dotp.addr using IBUF.
Mapping port dotp.clk using IBUF.
Mapping port dotp.cus_req using IBUF.
Mapping port dotp.cus_result using OBUF.
Mapping port dotp.rdata using OBUF.
Mapping port dotp.req using IBUF.
Mapping port dotp.rst_n using IBUF.
Mapping port dotp.wdata using IBUF.
Mapping port dotp.we using IBUF.

14.38. Executing TECHMAP pass (map to technology primitives).

14.38.1. Executing Verilog-2005 frontend: /usr/bin/../share/yosys/techmap.v
Parsing Verilog input from `/usr/bin/../share/yosys/techmap.v' to AST representation.
Generating RTLIL representation for module `\_90_simplemap_bool_ops'.
Generating RTLIL representation for module `\_90_simplemap_reduce_ops'.
Generating RTLIL representation for module `\_90_simplemap_logic_ops'.
Generating RTLIL representation for module `\_90_simplemap_compare_ops'.
Generating RTLIL representation for module `\_90_simplemap_various'.
Generating RTLIL representation for module `\_90_simplemap_registers'.
Generating RTLIL representation for module `\_90_shift_ops_shr_shl_sshl_sshr'.
Generating RTLIL representation for module `\_90_shift_shiftx'.
Generating RTLIL representation for module `\_90_fa'.
Generating RTLIL representation for module `\_90_lcu_brent_kung'.
Generating RTLIL representation for module `\_90_alu'.
Generating RTLIL representation for module `\_90_macc'.
Generating RTLIL representation for module `\_90_alumacc'.
Generating RTLIL representation for module `\$__div_mod_u'.
Generating RTLIL representation for module `\$__div_mod_trunc'.
Generating RTLIL representation for module `\_90_div'.
Generating RTLIL representation for module `\_90_mod'.
Generating RTLIL representation for module `\$__div_mod_floor'.
Generating RTLIL representation for module `\_90_divfloor'.
Generating RTLIL representation for module `\_90_modfloor'.
Generating RTLIL representation for module `\_90_pow'.
Generating RTLIL representation for module `\_90_pmux'.
Generating RTLIL representation for module `\_90_demux'.
Generating RTLIL representation for module `\_90_lut'.
Successfully finished Verilog frontend.

14.38.2. Executing Verilog-2005 frontend: /usr/bin/../share/yosys/xilinx/cells_map.v
Parsing Verilog input from `/usr/bin/../share/yosys/xilinx/cells_map.v' to AST representation.
Generating RTLIL representation for module `\$__SHREG_'.
Generating RTLIL representation for module `\$__XILINX_SHREG_'.
Generating RTLIL representation for module `\$__XILINX_MUXF78'.
Successfully finished Verilog frontend.

14.38.3. Continuing TECHMAP pass.
No more expansions possible.
<suppressed ~78 debug messages>
Removed 0 unused cells and 1 unused wires.

14.39. Executing DFFLEGALIZE pass (convert FFs to types supported by the target).

14.40. Executing OPT_EXPR pass (perform const folding).
Optimizing module dotp.
<suppressed ~99 debug messages>

14.41. Executing ABC pass (technology mapping using ABC).

14.41.1. Extracting gate netlist of module `\dotp' to `<abc-temp-dir>/input.blif'..
Extracted 1323 gates and 1814 wires to a netlist network with 490 inputs and 679 outputs.

14.41.1.1. Executing ABC.
Running ABC command: "<yosys-exe-dir>/yosys-abc" -s -f <abc-temp-dir>/abc.script 2>&1
ABC: ABC command line: "source <abc-temp-dir>/abc.script".
ABC: 
ABC: + read_blif <abc-temp-dir>/input.blif 
ABC: + read_lut <abc-temp-dir>/lutdefs.txt 
ABC: + strash 
ABC: + &get -n 
ABC: + &fraig -x 
ABC: + &put 
ABC: + scorr 
ABC: Warning: The network is combinational (run "fraig" or "fraig_sweep").
ABC: + dc2 
ABC: + dretime 
ABC: + strash 
ABC: + dch -f 
ABC: + if 
ABC: + mfs2 
ABC: + write_blif <abc-temp-dir>/output.blif 

14.41.1.2. Re-integrating ABC results.
ABC RESULTS:              $lut cells:      776
ABC RESULTS:        internal signals:      645
ABC RESULTS:           input signals:      490
ABC RESULTS:          output signals:      679
Removing temp directory.
Removed 0 unused cells and 1160 unused wires.

14.42. Executing TECHMAP pass (map to technology primitives).

14.42.1. Executing Verilog-2005 frontend: /usr/bin/../share/yosys/xilinx/ff_map.v
Parsing Verilog input from `/usr/bin/../share/yosys/xilinx/ff_map.v' to AST representation.
Generating RTLIL representation for module `\$_DFFE_NP0P_'.
Generating RTLIL representation for module `\$_DFFE_PP0P_'.
Generating RTLIL representation for module `\$_DFFE_NP1P_'.
Generating RTLIL representation for module `\$_DFFE_PP1P_'.
Generating RTLIL representation for module `\$_DFFSRE_NPPP_'.
Generating RTLIL representation for module `\$_DFFSRE_PPPP_'.
Generating RTLIL representation for module `\$_SDFFE_NP0P_'.
Generating RTLIL representation for module `\$_SDFFE_PP0P_'.
Generating RTLIL representation for module `\$_SDFFE_NP1P_'.
Generating RTLIL representation for module `\$_SDFFE_PP1P_'.
Generating RTLIL representation for module `\$_DLATCH_NP0_'.
Generating RTLIL representation for module `\$_DLATCH_PP0_'.
Generating RTLIL representation for module `\$_DLATCH_NP1_'.
Generating RTLIL representation for module `\$_DLATCH_PP1_'.
Generating RTLIL representation for module `\$_DLATCH_NPP_'.
Generating RTLIL representation for module `\$_DLATCH_PPP_'.
Successfully finished Verilog frontend.

14.42.2. Continuing TECHMAP pass.
Using template $paramod\$_DFFE_PP0P_\_TECHMAP_WIREINIT_Q_=1'x for cells of type $_DFFE_PP0P_.
No more expansions possible.
<suppressed ~317 debug messages>

14.43. Executing XILINX_SRL pass (Xilinx shift register extraction).

14.44. Executing TECHMAP pass (map to technology primitives).

14.44.1. Executing Verilog-2005 frontend: /usr/bin/../share/yosys/xilinx/lut_map.v
Parsing Verilog input from `/usr/bin/../share/yosys/xilinx/lut_map.v' to AST representation.
Generating RTLIL representation for module `\$lut'.
Successfully finished Verilog frontend.

14.44.2. Executing Verilog-2005 frontend: /usr/bin/../share/yosys/xilinx/cells_map.v
Parsing Verilog input from `/usr/bin/../share/yosys/xilinx/cells_map.v' to AST representation.
Generating RTLIL representation for module `\$__SHREG_'.
Generating RTLIL representation for module `\$__XILINX_SHREG_'.
Generating RTLIL representation for module `\$__XILINX_MUXF78'.
Successfully finished Verilog frontend.

14.44.3. Continuing TECHMAP pass.
Using template $paramod\$lut\WIDTH=32'00000000000000000000000000000001\LUT=2'01 for cells of type $lut.
Using template $paramod$f72589b1a6d1c85adffef02325d417657798d180\$lut for cells of type $lut.
Using template $paramod$915a0e8a09d193f826a24e328cb76bfc84992eb8\$lut for cells of type $lut.
Using template $paramod\$lut\WIDTH=32'00000000000000000000000000000010\LUT=4'1001 for cells of type $lut.
Using template $paramod$4c3e441bae6a2bbcdcee7c54a3b6ae5dd40fa4d9\$lut for cells of type $lut.
Using template $paramod$65d01ffc7795d09e3ebcac50a949892166dd73be\$lut for cells of type $lut.
Using template $paramod\$lut\WIDTH=32'00000000000000000000000000000010\LUT=4'0110 for cells of type $lut.
Using template $paramod$fd904e9e35cfd343a9df248824bd3f1408724879\$lut for cells of type $lut.
Using template $paramod$9cf044275e70b6dc34d2f815a6f8ffc23f9694a0\$lut for cells of type $lut.
Using template $paramod$1c9e314cbac8d6314d90084d8e3864bb0e0e600d\$lut for cells of type $lut.
Using template $paramod$d2ef43814113ff73f9ebc73be6b7b228fcced45d\$lut for cells of type $lut.
Using template $paramod$10430834868af2eb5b9cbb6a310fadbbd5c81987\$lut for cells of type $lut.
Using template $paramod$1ddd3a8dba7510dc64ebf0335fa2fee56a713ec9\$lut for cells of type $lut.
Using template $paramod$b9cf85f68b27860b6f5e20bd28c0a4bdc265452f\$lut for cells of type $lut.
Using template $paramod$3bfc247a5b00cae12bc8dc0f7db236ec7bf51954\$lut for cells of type $lut.
Using template $paramod\$lut\WIDTH=32'00000000000000000000000000000011\LUT=8'11001010 for cells of type $lut.
Using template $paramod$c008a0e04a619fae7dc24ad8d9ced1ac0a77c787\$lut for cells of type $lut.
Using template $paramod$7562591c3bc7c6604ad78ee509201bbf2678b52a\$lut for cells of type $lut.
Using template $paramod$29a63f541842701f2bfdd8afce8aa8ceaaaac8f2\$lut for cells of type $lut.
Using template $paramod$7ed6b1254f07e2e003b852557929bf8bd0b81661\$lut for cells of type $lut.
Using template $paramod$c304393867aae4c3eb9286431aabd365f18d4414\$lut for cells of type $lut.
Using template $paramod$362cc69fd3ad38e4de91f12e4f45dee4ad3fc8aa\$lut for cells of type $lut.
Using template $paramod$a2b4ddfa3906001b2ef9f2414d79c3048f2a3a6e\$lut for cells of type $lut.
Using template $paramod$75bd864a9bb454f81effe3d4358df239afa6b520\$lut for cells of type $lut.
Using template $paramod$483181d59022ca685a3bd73c15d7d743003ec189\$lut for cells of type $lut.
Using template $paramod$a52099cef019bbe114de53cfbdef9b6de0e07cac\$lut for cells of type $lut.
Using template $paramod$4bebbf84260e7950684604d0585c95b527e6487c\$lut for cells of type $lut.
Using template $paramod$692927e279b3d5c42ee4aacb287247c0b34943ed\$lut for cells of type $lut.
Using template $paramod$2f12f6ad65bb6b3f80c9f21484f3a5583d79343a\$lut for cells of type $lut.
Using template $paramod$e961da90a771f5989ad3eb701bff5437ac65eaae\$lut for cells of type $lut.
Using template $paramod$bdbca9bb9941853cce5c2e083ac22384fcafb5f8\$lut for cells of type $lut.
No more expansions possible.
<suppressed ~1353 debug messages>

14.45. Executing XILINX_DFFOPT pass (optimize FF control signal usage).
Optimizing FFs in dotp.

14.46. Executing OPT_LUT_INS pass (discard unused LUT inputs).
Optimizing LUTs in dotp.
  Optimizing lut $abc$5369$auto$blifparse.cc:535:parse_blif$5377.genblk1.genblk1.genblk1.genblk1.genblk1.genblk1.genblk1.genblk1.genblk1.genblk1.lut0.genblk1.genblk1.genblk1.genblk1.genblk1.genblk1.genblk1.genblk1.genblk1.lut0 (6 -> 0)
  Optimizing lut $abc$5369$auto$blifparse.cc:535:parse_blif$5376.genblk1.genblk1.genblk1.genblk1.genblk1.genblk1.genblk1.genblk1.genblk1.genblk1.lut0.genblk1.genblk1.genblk1.genblk1.genblk1.genblk1.genblk1.genblk1.genblk1.lut0 (6 -> 0)
  Optimizing lut $abc$5369$auto$blifparse.cc:535:parse_blif$5376.genblk1.genblk1.genblk1.genblk1.genblk1.genblk1.genblk1.genblk1.genblk1.genblk1.lut1.genblk1.genblk1.genblk1.genblk1.genblk1.genblk1.genblk1.genblk1.genblk1.lut0 (6 -> 0)
  Optimizing lut $abc$5369$auto$blifparse.cc:535:parse_blif$5375.genblk1.genblk1.genblk1.genblk1.genblk1.genblk1.genblk1.genblk1.genblk1.genblk1.lut0.genblk1.genblk1.genblk1.genblk1.genblk1.genblk1.genblk1.genblk1.genblk1.lut0 (6 -> 0)
  Optimizing lut $abc$5369$auto$blifparse.cc:535:parse_blif$5375.genblk1.genblk1.genblk1.genblk1.genblk1.genblk1.genblk1.genblk1.genblk1.genblk1.lut1.genblk1.genblk1.genblk1.genblk1.genblk1.genblk1.genblk1.genblk1.genblk1.lut0 (6 -> 0)
  Optimizing lut $abc$5369$auto$blifparse.cc:535:parse_blif$5374.genblk1.genblk1.genblk1.genblk1.genblk1.genblk1.genblk1.genblk1.genblk1.genblk1.lut0.genblk1.genblk1.genblk1.genblk1.genblk1.genblk1.genblk1.genblk1.genblk1.lut0 (6 -> 0)
  Optimizing lut $abc$5369$auto$blifparse.cc:535:parse_blif$5374.genblk1.genblk1.genblk1.genblk1.genblk1.genblk1.genblk1.genblk1.genblk1.genblk1.lut1.genblk1.genblk1.genblk1.genblk1.genblk1.genblk1.genblk1.genblk1.genblk1.lut0 (6 -> 0)
  Optimizing lut $abc$5369$auto$blifparse.cc:535:parse_blif$5373.genblk1.genblk1.genblk1.genblk1.genblk1.genblk1.genblk1.genblk1.genblk1.genblk1.lut0.genblk1.genblk1.genblk1.genblk1.genblk1.genblk1.genblk1.genblk1.genblk1.lut0 (6 -> 0)
  Optimizing lut $abc$5369$auto$blifparse.cc:535:parse_blif$5373.genblk1.genblk1.genblk1.genblk1.genblk1.genblk1.genblk1.genblk1.genblk1.genblk1.lut1.genblk1.genblk1.genblk1.genblk1.genblk1.genblk1.genblk1.genblk1.genblk1.lut0 (6 -> 0)
  Optimizing lut $abc$5369$auto$blifparse.cc:535:parse_blif$5370.genblk1.genblk1.genblk1.genblk1.genblk1.genblk1.genblk1.genblk1.genblk1.genblk1.lut1.genblk1.genblk1.genblk1.genblk1.genblk1.genblk1.genblk1.genblk1.genblk1.lut0 (6 -> 0)
  Optimizing lut $abc$5369$auto$blifparse.cc:535:parse_blif$5370.genblk1.genblk1.genblk1.genblk1.genblk1.genblk1.genblk1.genblk1.genblk1.genblk1.lut0.genblk1.genblk1.genblk1.genblk1.genblk1.genblk1.genblk1.genblk1.genblk1.lut0 (6 -> 0)
  Optimizing lut $abc$5369$auto$blifparse.cc:535:parse_blif$5371.genblk1.genblk1.genblk1.genblk1.genblk1.genblk1.genblk1.genblk1.genblk1.genblk1.lut0.genblk1.genblk1.genblk1.genblk1.genblk1.genblk1.genblk1.genblk1.genblk1.lut0 (6 -> 0)
  Optimizing lut $abc$5369$auto$blifparse.cc:535:parse_blif$5372.genblk1.genblk1.genblk1.genblk1.genblk1.genblk1.genblk1.genblk1.genblk1.genblk1.lut1.genblk1.genblk1.genblk1.genblk1.genblk1.genblk1.genblk1.genblk1.genblk1.lut0 (6 -> 0)
  Optimizing lut $abc$5369$auto$blifparse.cc:535:parse_blif$5372.genblk1.genblk1.genblk1.genblk1.genblk1.genblk1.genblk1.genblk1.genblk1.genblk1.lut0.genblk1.genblk1.genblk1.genblk1.genblk1.genblk1.genblk1.genblk1.genblk1.lut0 (6 -> 0)
  Optimizing lut $abc$5369$auto$blifparse.cc:535:parse_blif$5377.genblk1.genblk1.genblk1.genblk1.genblk1.genblk1.genblk1.genblk1.genblk1.genblk1.lut1.genblk1.genblk1.genblk1.genblk1.genblk1.genblk1.genblk1.genblk1.genblk1.lut0 (6 -> 0)
  Optimizing lut $abc$5369$auto$blifparse.cc:535:parse_blif$5371.genblk1.genblk1.genblk1.genblk1.genblk1.genblk1.genblk1.genblk1.genblk1.genblk1.lut0.genblk1.genblk1.genblk1.genblk1.genblk1.genblk1.genblk1.genblk1.genblk1.lut1 (6 -> 0)
  Optimizing lut $abc$5369$auto$blifparse.cc:535:parse_blif$5372.genblk1.genblk1.genblk1.genblk1.genblk1.genblk1.genblk1.genblk1.genblk1.genblk1.lut0.genblk1.genblk1.genblk1.genblk1.genblk1.genblk1.genblk1.genblk1.genblk1.lut1 (6 -> 0)
  Optimizing lut $abc$5369$auto$blifparse.cc:535:parse_blif$5373.genblk1.genblk1.genblk1.genblk1.genblk1.genblk1.genblk1.genblk1.genblk1.genblk1.lut0.genblk1.genblk1.genblk1.genblk1.genblk1.genblk1.genblk1.genblk1.genblk1.lut1 (6 -> 0)
  Optimizing lut $abc$5369$auto$blifparse.cc:535:parse_blif$5374.genblk1.genblk1.genblk1.genblk1.genblk1.genblk1.genblk1.genblk1.genblk1.genblk1.lut0.genblk1.genblk1.genblk1.genblk1.genblk1.genblk1.genblk1.genblk1.genblk1.lut1 (6 -> 0)
  Optimizing lut $abc$5369$auto$blifparse.cc:535:parse_blif$5375.genblk1.genblk1.genblk1.genblk1.genblk1.genblk1.genblk1.genblk1.genblk1.genblk1.lut0.genblk1.genblk1.genblk1.genblk1.genblk1.genblk1.genblk1.genblk1.genblk1.lut1 (6 -> 0)
  Optimizing lut $abc$5369$auto$blifparse.cc:535:parse_blif$5376.genblk1.genblk1.genblk1.genblk1.genblk1.genblk1.genblk1.genblk1.genblk1.genblk1.lut0.genblk1.genblk1.genblk1.genblk1.genblk1.genblk1.genblk1.genblk1.genblk1.lut1 (6 -> 0)
  Optimizing lut $abc$5369$auto$blifparse.cc:535:parse_blif$5377.genblk1.genblk1.genblk1.genblk1.genblk1.genblk1.genblk1.genblk1.genblk1.genblk1.lut0.genblk1.genblk1.genblk1.genblk1.genblk1.genblk1.genblk1.genblk1.genblk1.lut1 (6 -> 0)
  Optimizing lut $abc$5369$auto$blifparse.cc:535:parse_blif$5371.genblk1.genblk1.genblk1.genblk1.genblk1.genblk1.genblk1.genblk1.genblk1.genblk1.lut1.genblk1.genblk1.genblk1.genblk1.genblk1.genblk1.genblk1.genblk1.genblk1.lut0 (6 -> 0)
  Optimizing lut $abc$5369$auto$blifparse.cc:535:parse_blif$5370.genblk1.genblk1.genblk1.genblk1.genblk1.genblk1.genblk1.genblk1.genblk1.genblk1.lut0.genblk1.genblk1.genblk1.genblk1.genblk1.genblk1.genblk1.genblk1.genblk1.lut1 (6 -> 0)

14.47. Executing CLKBUFMAP pass (inserting clock buffers).
Inserting BUFG on dotp.$iopadmap$clk[0].
Removed 0 unused cells and 3682 unused wires.

14.48. Executing HIERARCHY pass (managing design hierarchy).
Attribute `top' found on module `dotp'. Setting top module to dotp.

14.48.1. Analyzing design hierarchy..
Top module:  \dotp

14.48.2. Analyzing design hierarchy..
Top module:  \dotp
Removed 0 unused modules.

14.49. Printing statistics.

=== dotp ===

   Number of wires:                638
   Number of wire bits:           2883
   Number of public wires:          31
   Number of public wire bits:     811
   Number of ports:                  9
   Number of port bits:            107
   Number of memories:               0
   Number of memory bits:            0
   Number of processes:              0
   Number of cells:               1336
     BUFG                            1
     CARRY4                          8
     DSP48E1                        12
     FDCE                          288
     IBUF                           43
     INV                           288
     LUT2                           31
     LUT3                          256
     LUT4                            1
     LUT6                          260
     MUXF7                          76
     MUXF8                           8
     OBUF                           64

   Estimated number of LCs:        517

14.50. Executing CHECK pass (checking for obvious problems).
Checking module dotp...
Found and reported 0 problems.

15. Printing statistics.

=== dotp ===

   Number of wires:                638
   Number of wire bits:           2883
   Number of public wires:          31
   Number of public wire bits:     811
   Number of ports:                  9
   Number of port bits:            107
   Number of memories:               0
   Number of memory bits:            0
   Number of processes:              0
   Number of cells:               1336
     BUFG                            1
     CARRY4                          8
     DSP48E1                        12
     FDCE                          288
     IBUF                           43
     INV                           288
     LUT2                           31
     LUT3                          256
     LUT4                            1
     LUT6                          260
     MUXF7                          76
     MUXF8                           8
     OBUF                           64

Warnings: 2 unique messages, 2 total
End of script. Logfile hash: f7ded1268c, CPU: user 2.29s system 0.04s, MEM: 126.65 MB peak
Yosys 0.52 (git sha1 fee39a3284c90249e1d9684cf6944ffbbcbb8f90)
Time spent: 52% 29x read_verilog (1 sec), 8% 1x abc (0 sec), ...
