
 /----------------------------------------------------------------------------\
 |  yosys -- Yosys Open SYnthesis Suite                                       |
 |  Copyright (C) 2012 - 2025  Claire Xenia Wolf <claire@yosyshq.com>         |
 |  Distributed under an ISC-like license, type "license" to see terms        |
 \----------------------------------------------------------------------------/
 Yosys 0.52 (git sha1 fee39a3284c90249e1d9684cf6944ffbbcbb8f90)

-- Executing script file `/dev/stdin' --

1. Executing Verilog-2005 frontend: rtl/core/alu.sv
Parsing SystemVerilog input from `rtl/core/alu.sv' to AST representation.
Generating RTLIL representation for module `\alu'.
Successfully finished Verilog frontend.

2. Executing Verilog-2005 frontend: rtl/core/regfile.sv
Parsing SystemVerilog input from `rtl/core/regfile.sv' to AST representation.
Generating RTLIL representation for module `\regfile'.
Successfully finished Verilog frontend.

3. Executing Verilog-2005 frontend: rtl/core/imm_gen.sv
Parsing SystemVerilog input from `rtl/core/imm_gen.sv' to AST representation.
Generating RTLIL representation for module `\imm_gen'.
Successfully finished Verilog frontend.

4. Executing Verilog-2005 frontend: rtl/core/decoder.sv
Parsing SystemVerilog input from `rtl/core/decoder.sv' to AST representation.
Generating RTLIL representation for module `\decoder'.
Successfully finished Verilog frontend.

5. Executing Verilog-2005 frontend: rtl/mem/imem.sv
Parsing SystemVerilog input from `rtl/mem/imem.sv' to AST representation.
Generating RTLIL representation for module `\imem'.
Successfully finished Verilog frontend.

6. Executing Verilog-2005 frontend: rtl/mem/dmem.sv
Parsing SystemVerilog input from `rtl/mem/dmem.sv' to AST representation.
Generating RTLIL representation for module `\dmem'.
Successfully finished Verilog frontend.

7. Executing Verilog-2005 frontend: rtl/periph/uart_tx.sv
Parsing SystemVerilog input from `rtl/periph/uart_tx.sv' to AST representation.
Generating RTLIL representation for module `\uart_tx'.
Successfully finished Verilog frontend.

8. Executing Verilog-2005 frontend: rtl/periph/uart_rx.sv
Parsing SystemVerilog input from `rtl/periph/uart_rx.sv' to AST representation.
Generating RTLIL representation for module `\uart_rx'.
Successfully finished Verilog frontend.

9. Executing Verilog-2005 frontend: rtl/periph/uart.sv
Parsing SystemVerilog input from `rtl/periph/uart.sv' to AST representation.
Generating RTLIL representation for module `\uart'.
Successfully finished Verilog frontend.

10. Executing Verilog-2005 frontend: rtl/periph/timer.sv
Parsing SystemVerilog input from `rtl/periph/timer.sv' to AST representation.
Generating RTLIL representation for module `\timer'.
Successfully finished Verilog frontend.

11. Executing Verilog-2005 frontend: rtl/custom/dotp.sv
Parsing SystemVerilog input from `rtl/custom/dotp.sv' to AST representation.
Generating RTLIL representation for module `\dotp'.
Warning: Replacing memory \b with list of registers. See rtl/custom/dotp.sv:63
Warning: Replacing memory \a with list of registers. See rtl/custom/dotp.sv:62
Successfully finished Verilog frontend.

12. Executing Verilog-2005 frontend: rtl/core/core_single.sv
Parsing SystemVerilog input from `rtl/core/core_single.sv' to AST representation.
Generating RTLIL representation for module `\core_single'.
Successfully finished Verilog frontend.

13. Executing Verilog-2005 frontend: rtl/soc/soc_single.sv
Parsing SystemVerilog input from `rtl/soc/soc_single.sv' to AST representation.
Generating RTLIL representation for module `\soc_single'.
Successfully finished Verilog frontend.

14. Executing HIERARCHY pass (managing design hierarchy).

14.1. Analyzing design hierarchy..
Top module:  \soc_single
Used module:     \dotp
Used module:     \timer
Used module:     \uart
Used module:         \uart_rx
Used module:         \uart_tx
Used module:     \core_single
Used module:         \alu
Used module:         \imm_gen
Used module:         \regfile
Used module:         \decoder
Parameter \DIV = 868

14.2. Executing AST frontend in derive mode using pre-parsed AST for module `\uart_rx'.
Parameter \DIV = 868
Generating RTLIL representation for module `$paramod\uart_rx\DIV=s32'00000000000000000000001101100100'.
Parameter \DIV = 868

14.3. Executing AST frontend in derive mode using pre-parsed AST for module `\uart_tx'.
Parameter \DIV = 868
Generating RTLIL representation for module `$paramod\uart_tx\DIV=s32'00000000000000000000001101100100'.
Parameter \BYPASS = 1'0

14.4. Executing AST frontend in derive mode using pre-parsed AST for module `\regfile'.
Parameter \BYPASS = 1'0
Generating RTLIL representation for module `$paramod\regfile\BYPASS=1'0'.
Parameter \DIV = 868

14.5. Executing AST frontend in derive mode using pre-parsed AST for module `\uart'.
Parameter \DIV = 868
Generating RTLIL representation for module `$paramod\uart\DIV=s32'00000000000000000000001101100100'.
Parameter \RESET_ADDR = 0
Parameter \IRQ_ADDR = 4

14.6. Executing AST frontend in derive mode using pre-parsed AST for module `\core_single'.
Parameter \RESET_ADDR = 0
Parameter \IRQ_ADDR = 4
Generating RTLIL representation for module `$paramod$5d5effb5ec0b6f8601d0119f1bfc6235e3bdaddf\core_single'.

14.7. Analyzing design hierarchy..
Top module:  \soc_single
Used module:     \dotp
Used module:     \timer
Used module:     $paramod\uart\DIV=s32'00000000000000000000001101100100
Used module:         \uart_rx
Used module:         \uart_tx
Used module:     $paramod$5d5effb5ec0b6f8601d0119f1bfc6235e3bdaddf\core_single
Used module:         \alu
Used module:         \imm_gen
Used module:         \regfile
Used module:         \decoder
Parameter \DIV = 868
Found cached RTLIL representation for module `$paramod\uart_rx\DIV=s32'00000000000000000000001101100100'.
Parameter \DIV = 868
Found cached RTLIL representation for module `$paramod\uart_tx\DIV=s32'00000000000000000000001101100100'.
Parameter \BYPASS = 1'0
Found cached RTLIL representation for module `$paramod\regfile\BYPASS=1'0'.

14.8. Analyzing design hierarchy..
Top module:  \soc_single
Used module:     \dotp
Used module:     \timer
Used module:     $paramod\uart\DIV=s32'00000000000000000000001101100100
Used module:         $paramod\uart_rx\DIV=s32'00000000000000000000001101100100
Used module:         $paramod\uart_tx\DIV=s32'00000000000000000000001101100100
Used module:     $paramod$5d5effb5ec0b6f8601d0119f1bfc6235e3bdaddf\core_single
Used module:         \alu
Used module:         \imm_gen
Used module:         $paramod\regfile\BYPASS=1'0
Used module:         \decoder

14.9. Analyzing design hierarchy..
Top module:  \soc_single
Used module:     \dotp
Used module:     \timer
Used module:     $paramod\uart\DIV=s32'00000000000000000000001101100100
Used module:         $paramod\uart_rx\DIV=s32'00000000000000000000001101100100
Used module:         $paramod\uart_tx\DIV=s32'00000000000000000000001101100100
Used module:     $paramod$5d5effb5ec0b6f8601d0119f1bfc6235e3bdaddf\core_single
Used module:         \alu
Used module:         \imm_gen
Used module:         $paramod\regfile\BYPASS=1'0
Used module:         \decoder
Removing unused module `\core_single'.
Removing unused module `\uart'.
Removing unused module `\uart_rx'.
Removing unused module `\uart_tx'.
Removing unused module `\regfile'.
Removed 5 unused modules.

15. Executing FLATTEN pass (flatten design).
Deleting now unused module $paramod$5d5effb5ec0b6f8601d0119f1bfc6235e3bdaddf\core_single.
Deleting now unused module dotp.
Deleting now unused module timer.
Deleting now unused module $paramod\uart\DIV=s32'00000000000000000000001101100100.
Deleting now unused module $paramod\regfile\BYPASS=1'0.
Deleting now unused module $paramod\uart_tx\DIV=s32'00000000000000000000001101100100.
Deleting now unused module decoder.
Deleting now unused module imm_gen.
Deleting now unused module $paramod\uart_rx\DIV=s32'00000000000000000000001101100100.
Deleting now unused module alu.
<suppressed ~10 debug messages>

16. Executing SYNTH_XILINX pass.

16.1. Executing Verilog-2005 frontend: /usr/bin/../share/yosys/xilinx/cells_sim.v
Parsing Verilog input from `/usr/bin/../share/yosys/xilinx/cells_sim.v' to AST representation.
Generating RTLIL representation for module `\VCC'.
Generating RTLIL representation for module `\GND'.
Generating RTLIL representation for module `\IBUF'.
Generating RTLIL representation for module `\IBUFG'.
Generating RTLIL representation for module `\OBUF'.
Generating RTLIL representation for module `\IOBUF'.
Generating RTLIL representation for module `\OBUFT'.
Generating RTLIL representation for module `\BUFG'.
Generating RTLIL representation for module `\BUFGCTRL'.
Generating RTLIL representation for module `\BUFHCE'.
Generating RTLIL representation for module `\INV'.
Generating RTLIL representation for module `\LUT1'.
Generating RTLIL representation for module `\LUT2'.
Generating RTLIL representation for module `\LUT3'.
Generating RTLIL representation for module `\LUT4'.
Generating RTLIL representation for module `\LUT5'.
Generating RTLIL representation for module `\LUT6'.
Generating RTLIL representation for module `\LUT6_2'.
Generating RTLIL representation for module `\$__ABC9_LUT7'.
Generating RTLIL representation for module `\$__ABC9_LUT8'.
Generating RTLIL representation for module `\MUXCY'.
Generating RTLIL representation for module `\MUXF5'.
Generating RTLIL representation for module `\MUXF6'.
Generating RTLIL representation for module `\MUXF7'.
Generating RTLIL representation for module `\MUXF8'.
Generating RTLIL representation for module `\MUXF9'.
Generating RTLIL representation for module `\XORCY'.
Generating RTLIL representation for module `\CARRY4'.
Generating RTLIL representation for module `\CARRY8'.
Generating RTLIL representation for module `\ORCY'.
Generating RTLIL representation for module `\MULT_AND'.
Generating RTLIL representation for module `\FDRE'.
Generating RTLIL representation for module `\FDRE_1'.
Generating RTLIL representation for module `\FDSE'.
Generating RTLIL representation for module `\FDSE_1'.
Generating RTLIL representation for module `\FDRSE'.
Generating RTLIL representation for module `\FDRSE_1'.
Generating RTLIL representation for module `\FDCE'.
Generating RTLIL representation for module `\FDCE_1'.
Generating RTLIL representation for module `\FDPE'.
Generating RTLIL representation for module `\FDPE_1'.
Generating RTLIL representation for module `\FDCPE'.
Generating RTLIL representation for module `\FDCPE_1'.
Generating RTLIL representation for module `\LDCE'.
Generating RTLIL representation for module `\LDPE'.
Generating RTLIL representation for module `\LDCPE'.
Generating RTLIL representation for module `\AND2B1L'.
Generating RTLIL representation for module `\OR2L'.
Generating RTLIL representation for module `\RAM16X1S'.
Generating RTLIL representation for module `\RAM16X1S_1'.
Generating RTLIL representation for module `\RAM32X1S'.
Generating RTLIL representation for module `\RAM32X1S_1'.
Generating RTLIL representation for module `\RAM64X1S'.
Generating RTLIL representation for module `\RAM64X1S_1'.
Generating RTLIL representation for module `\RAM128X1S'.
Generating RTLIL representation for module `\RAM128X1S_1'.
Generating RTLIL representation for module `\RAM256X1S'.
Generating RTLIL representation for module `\RAM512X1S'.
Generating RTLIL representation for module `\RAM16X2S'.
Generating RTLIL representation for module `\RAM32X2S'.
Generating RTLIL representation for module `\RAM64X2S'.
Generating RTLIL representation for module `\RAM16X4S'.
Generating RTLIL representation for module `\RAM32X4S'.
Generating RTLIL representation for module `\RAM16X8S'.
Generating RTLIL representation for module `\RAM32X8S'.
Generating RTLIL representation for module `\RAM16X1D'.
Generating RTLIL representation for module `\RAM16X1D_1'.
Generating RTLIL representation for module `\RAM32X1D'.
Generating RTLIL representation for module `\RAM32X1D_1'.
Generating RTLIL representation for module `\RAM64X1D'.
Generating RTLIL representation for module `\RAM64X1D_1'.
Generating RTLIL representation for module `\RAM128X1D'.
Generating RTLIL representation for module `\RAM256X1D'.
Generating RTLIL representation for module `\RAM32M'.
Generating RTLIL representation for module `\RAM32M16'.
Generating RTLIL representation for module `\RAM64M'.
Generating RTLIL representation for module `\RAM64M8'.
Generating RTLIL representation for module `\RAM32X16DR8'.
Generating RTLIL representation for module `\RAM64X8SW'.
Generating RTLIL representation for module `\ROM16X1'.
Generating RTLIL representation for module `\ROM32X1'.
Generating RTLIL representation for module `\ROM64X1'.
Generating RTLIL representation for module `\ROM128X1'.
Generating RTLIL representation for module `\ROM256X1'.
Generating RTLIL representation for module `\SRL16'.
Generating RTLIL representation for module `\SRL16E'.
Generating RTLIL representation for module `\SRLC16'.
Generating RTLIL representation for module `\SRLC16E'.
Generating RTLIL representation for module `\SRLC32E'.
Generating RTLIL representation for module `\CFGLUT5'.
Generating RTLIL representation for module `\MULT18X18'.
Generating RTLIL representation for module `\MULT18X18S'.
Generating RTLIL representation for module `\MULT18X18SIO'.
Generating RTLIL representation for module `\DSP48A'.
Generating RTLIL representation for module `\DSP48A1'.
Generating RTLIL representation for module `\DSP48'.
Generating RTLIL representation for module `\DSP48E1'.
Generating RTLIL representation for module `\RAMB18E1'.
Generating RTLIL representation for module `\RAMB36E1'.
Successfully finished Verilog frontend.

16.2. Executing Verilog-2005 frontend: /usr/bin/../share/yosys/xilinx/cells_xtra.v
Parsing Verilog input from `/usr/bin/../share/yosys/xilinx/cells_xtra.v' to AST representation.
Generating RTLIL representation for module `\RAMB4_S1'.
Generating RTLIL representation for module `\RAMB4_S2'.
Generating RTLIL representation for module `\RAMB4_S4'.
Generating RTLIL representation for module `\RAMB4_S8'.
Generating RTLIL representation for module `\RAMB4_S16'.
Generating RTLIL representation for module `\RAMB4_S1_S1'.
Generating RTLIL representation for module `\RAMB4_S1_S2'.
Generating RTLIL representation for module `\RAMB4_S1_S4'.
Generating RTLIL representation for module `\RAMB4_S1_S8'.
Generating RTLIL representation for module `\RAMB4_S1_S16'.
Generating RTLIL representation for module `\RAMB4_S2_S2'.
Generating RTLIL representation for module `\RAMB4_S2_S4'.
Generating RTLIL representation for module `\RAMB4_S2_S8'.
Generating RTLIL representation for module `\RAMB4_S2_S16'.
Generating RTLIL representation for module `\RAMB4_S4_S4'.
Generating RTLIL representation for module `\RAMB4_S4_S8'.
Generating RTLIL representation for module `\RAMB4_S4_S16'.
Generating RTLIL representation for module `\RAMB4_S8_S8'.
Generating RTLIL representation for module `\RAMB4_S8_S16'.
Generating RTLIL representation for module `\RAMB4_S16_S16'.
Generating RTLIL representation for module `\RAMB16_S1'.
Generating RTLIL representation for module `\RAMB16_S2'.
Generating RTLIL representation for module `\RAMB16_S4'.
Generating RTLIL representation for module `\RAMB16_S9'.
Generating RTLIL representation for module `\RAMB16_S18'.
Generating RTLIL representation for module `\RAMB16_S36'.
Generating RTLIL representation for module `\RAMB16_S1_S1'.
Generating RTLIL representation for module `\RAMB16_S1_S2'.
Generating RTLIL representation for module `\RAMB16_S1_S4'.
Generating RTLIL representation for module `\RAMB16_S1_S9'.
Generating RTLIL representation for module `\RAMB16_S1_S18'.
Generating RTLIL representation for module `\RAMB16_S1_S36'.
Generating RTLIL representation for module `\RAMB16_S2_S2'.
Generating RTLIL representation for module `\RAMB16_S2_S4'.
Generating RTLIL representation for module `\RAMB16_S2_S9'.
Generating RTLIL representation for module `\RAMB16_S2_S18'.
Generating RTLIL representation for module `\RAMB16_S2_S36'.
Generating RTLIL representation for module `\RAMB16_S4_S4'.
Generating RTLIL representation for module `\RAMB16_S4_S9'.
Generating RTLIL representation for module `\RAMB16_S4_S18'.
Generating RTLIL representation for module `\RAMB16_S4_S36'.
Generating RTLIL representation for module `\RAMB16_S9_S9'.
Generating RTLIL representation for module `\RAMB16_S9_S18'.
Generating RTLIL representation for module `\RAMB16_S9_S36'.
Generating RTLIL representation for module `\RAMB16_S18_S18'.
Generating RTLIL representation for module `\RAMB16_S18_S36'.
Generating RTLIL representation for module `\RAMB16_S36_S36'.
Generating RTLIL representation for module `\RAMB16BWE_S18'.
Generating RTLIL representation for module `\RAMB16BWE_S36'.
Generating RTLIL representation for module `\RAMB16BWE_S18_S9'.
Generating RTLIL representation for module `\RAMB16BWE_S18_S18'.
Generating RTLIL representation for module `\RAMB16BWE_S36_S9'.
Generating RTLIL representation for module `\RAMB16BWE_S36_S18'.
Generating RTLIL representation for module `\RAMB16BWE_S36_S36'.
Generating RTLIL representation for module `\RAMB16BWER'.
Generating RTLIL representation for module `\RAMB8BWER'.
Generating RTLIL representation for module `\FIFO16'.
Generating RTLIL representation for module `\RAMB16'.
Generating RTLIL representation for module `\RAMB32_S64_ECC'.
Generating RTLIL representation for module `\FIFO18'.
Generating RTLIL representation for module `\FIFO18_36'.
Generating RTLIL representation for module `\FIFO36'.
Generating RTLIL representation for module `\FIFO36_72'.
Generating RTLIL representation for module `\RAMB18'.
Generating RTLIL representation for module `\RAMB36'.
Generating RTLIL representation for module `\RAMB18SDP'.
Generating RTLIL representation for module `\RAMB36SDP'.
Generating RTLIL representation for module `\FIFO18E1'.
Generating RTLIL representation for module `\FIFO36E1'.
Generating RTLIL representation for module `\FIFO18E2'.
Generating RTLIL representation for module `\FIFO36E2'.
Generating RTLIL representation for module `\RAMB18E2'.
Generating RTLIL representation for module `\RAMB36E2'.
Generating RTLIL representation for module `\URAM288'.
Generating RTLIL representation for module `\URAM288_BASE'.
Generating RTLIL representation for module `\DSP48E'.
Generating RTLIL representation for module `\DSP48E2'.
Generating RTLIL representation for module `\FDDRCPE'.
Generating RTLIL representation for module `\FDDRRSE'.
Generating RTLIL representation for module `\IFDDRCPE'.
Generating RTLIL representation for module `\IFDDRRSE'.
Generating RTLIL representation for module `\OFDDRCPE'.
Generating RTLIL representation for module `\OFDDRRSE'.
Generating RTLIL representation for module `\OFDDRTCPE'.
Generating RTLIL representation for module `\OFDDRTRSE'.
Generating RTLIL representation for module `\IDDR2'.
Generating RTLIL representation for module `\ODDR2'.
Generating RTLIL representation for module `\IDDR'.
Generating RTLIL representation for module `\IDDR_2CLK'.
Generating RTLIL representation for module `\ODDR'.
Generating RTLIL representation for module `\IDELAYCTRL'.
Generating RTLIL representation for module `\IDELAY'.
Generating RTLIL representation for module `\ISERDES'.
Generating RTLIL representation for module `\OSERDES'.
Generating RTLIL representation for module `\IODELAY'.
Generating RTLIL representation for module `\ISERDES_NODELAY'.
Generating RTLIL representation for module `\IODELAYE1'.
Generating RTLIL representation for module `\ISERDESE1'.
Generating RTLIL representation for module `\OSERDESE1'.
Generating RTLIL representation for module `\IDELAYE2'.
Generating RTLIL representation for module `\ODELAYE2'.
Generating RTLIL representation for module `\ISERDESE2'.
Generating RTLIL representation for module `\OSERDESE2'.
Generating RTLIL representation for module `\PHASER_IN'.
Generating RTLIL representation for module `\PHASER_IN_PHY'.
Generating RTLIL representation for module `\PHASER_OUT'.
Generating RTLIL representation for module `\PHASER_OUT_PHY'.
Generating RTLIL representation for module `\PHASER_REF'.
Generating RTLIL representation for module `\PHY_CONTROL'.
Generating RTLIL representation for module `\IDDRE1'.
Generating RTLIL representation for module `\ODDRE1'.
Generating RTLIL representation for module `\IDELAYE3'.
Generating RTLIL representation for module `\ODELAYE3'.
Generating RTLIL representation for module `\ISERDESE3'.
Generating RTLIL representation for module `\OSERDESE3'.
Generating RTLIL representation for module `\BITSLICE_CONTROL'.
Generating RTLIL representation for module `\RIU_OR'.
Generating RTLIL representation for module `\RX_BITSLICE'.
Generating RTLIL representation for module `\RXTX_BITSLICE'.
Generating RTLIL representation for module `\TX_BITSLICE'.
Generating RTLIL representation for module `\TX_BITSLICE_TRI'.
Generating RTLIL representation for module `\IODELAY2'.
Generating RTLIL representation for module `\IODRP2'.
Generating RTLIL representation for module `\IODRP2_MCB'.
Generating RTLIL representation for module `\ISERDES2'.
Generating RTLIL representation for module `\OSERDES2'.
Generating RTLIL representation for module `\IBUF_DLY_ADJ'.
Generating RTLIL representation for module `\IBUF_IBUFDISABLE'.
Generating RTLIL representation for module `\IBUF_INTERMDISABLE'.
Generating RTLIL representation for module `\IBUF_ANALOG'.
Generating RTLIL representation for module `\IBUFE3'.
Generating RTLIL representation for module `\IBUFDS'.
Generating RTLIL representation for module `\IBUFDS_DLY_ADJ'.
Generating RTLIL representation for module `\IBUFDS_IBUFDISABLE'.
Generating RTLIL representation for module `\IBUFDS_INTERMDISABLE'.
Generating RTLIL representation for module `\IBUFDS_DIFF_OUT'.
Generating RTLIL representation for module `\IBUFDS_DIFF_OUT_IBUFDISABLE'.
Generating RTLIL representation for module `\IBUFDS_DIFF_OUT_INTERMDISABLE'.
Generating RTLIL representation for module `\IBUFDSE3'.
Generating RTLIL representation for module `\IBUFDS_DPHY'.
Generating RTLIL representation for module `\IBUFGDS'.
Generating RTLIL representation for module `\IBUFGDS_DIFF_OUT'.
Generating RTLIL representation for module `\IOBUF_DCIEN'.
Generating RTLIL representation for module `\IOBUF_INTERMDISABLE'.
Generating RTLIL representation for module `\IOBUFE3'.
Generating RTLIL representation for module `\IOBUFDS'.
Generating RTLIL representation for module `\IOBUFDS_DCIEN'.
Generating RTLIL representation for module `\IOBUFDS_INTERMDISABLE'.
Generating RTLIL representation for module `\IOBUFDS_DIFF_OUT'.
Generating RTLIL representation for module `\IOBUFDS_DIFF_OUT_DCIEN'.
Generating RTLIL representation for module `\IOBUFDS_DIFF_OUT_INTERMDISABLE'.
Generating RTLIL representation for module `\IOBUFDSE3'.
Generating RTLIL representation for module `\OBUFDS'.
Generating RTLIL representation for module `\OBUFDS_DPHY'.
Generating RTLIL representation for module `\OBUFTDS'.
Generating RTLIL representation for module `\KEEPER'.
Generating RTLIL representation for module `\PULLDOWN'.
Generating RTLIL representation for module `\PULLUP'.
Generating RTLIL representation for module `\DCIRESET'.
Generating RTLIL representation for module `\HPIO_VREF'.
Generating RTLIL representation for module `\BUFGCE'.
Generating RTLIL representation for module `\BUFGCE_1'.
Generating RTLIL representation for module `\BUFGMUX'.
Generating RTLIL representation for module `\BUFGMUX_1'.
Generating RTLIL representation for module `\BUFGMUX_CTRL'.
Generating RTLIL representation for module `\BUFGMUX_VIRTEX4'.
Generating RTLIL representation for module `\BUFG_GT'.
Generating RTLIL representation for module `\BUFG_GT_SYNC'.
Generating RTLIL representation for module `\BUFG_PS'.
Generating RTLIL representation for module `\BUFGCE_DIV'.
Generating RTLIL representation for module `\BUFH'.
Generating RTLIL representation for module `\BUFIO2'.
Generating RTLIL representation for module `\BUFIO2_2CLK'.
Generating RTLIL representation for module `\BUFIO2FB'.
Generating RTLIL representation for module `\BUFPLL'.
Generating RTLIL representation for module `\BUFPLL_MCB'.
Generating RTLIL representation for module `\BUFIO'.
Generating RTLIL representation for module `\BUFIODQS'.
Generating RTLIL representation for module `\BUFR'.
Generating RTLIL representation for module `\BUFMR'.
Generating RTLIL representation for module `\BUFMRCE'.
Generating RTLIL representation for module `\DCM'.
Generating RTLIL representation for module `\DCM_SP'.
Generating RTLIL representation for module `\DCM_CLKGEN'.
Generating RTLIL representation for module `\DCM_ADV'.
Generating RTLIL representation for module `\DCM_BASE'.
Generating RTLIL representation for module `\DCM_PS'.
Generating RTLIL representation for module `\PMCD'.
Generating RTLIL representation for module `\PLL_ADV'.
Generating RTLIL representation for module `\PLL_BASE'.
Generating RTLIL representation for module `\MMCM_ADV'.
Generating RTLIL representation for module `\MMCM_BASE'.
Generating RTLIL representation for module `\MMCME2_ADV'.
Generating RTLIL representation for module `\MMCME2_BASE'.
Generating RTLIL representation for module `\PLLE2_ADV'.
Generating RTLIL representation for module `\PLLE2_BASE'.
Generating RTLIL representation for module `\MMCME3_ADV'.
Generating RTLIL representation for module `\MMCME3_BASE'.
Generating RTLIL representation for module `\PLLE3_ADV'.
Generating RTLIL representation for module `\PLLE3_BASE'.
Generating RTLIL representation for module `\MMCME4_ADV'.
Generating RTLIL representation for module `\MMCME4_BASE'.
Generating RTLIL representation for module `\PLLE4_ADV'.
Generating RTLIL representation for module `\PLLE4_BASE'.
Generating RTLIL representation for module `\BUFT'.
Generating RTLIL representation for module `\IN_FIFO'.
Generating RTLIL representation for module `\OUT_FIFO'.
Generating RTLIL representation for module `\HARD_SYNC'.
Generating RTLIL representation for module `\STARTUP_SPARTAN3'.
Generating RTLIL representation for module `\STARTUP_SPARTAN3E'.
Generating RTLIL representation for module `\STARTUP_SPARTAN3A'.
Generating RTLIL representation for module `\STARTUP_SPARTAN6'.
Generating RTLIL representation for module `\STARTUP_VIRTEX4'.
Generating RTLIL representation for module `\STARTUP_VIRTEX5'.
Generating RTLIL representation for module `\STARTUP_VIRTEX6'.
Generating RTLIL representation for module `\STARTUPE2'.
Generating RTLIL representation for module `\STARTUPE3'.
Generating RTLIL representation for module `\CAPTURE_SPARTAN3'.
Generating RTLIL representation for module `\CAPTURE_SPARTAN3A'.
Generating RTLIL representation for module `\CAPTURE_VIRTEX4'.
Generating RTLIL representation for module `\CAPTURE_VIRTEX5'.
Generating RTLIL representation for module `\CAPTURE_VIRTEX6'.
Generating RTLIL representation for module `\CAPTUREE2'.
Generating RTLIL representation for module `\ICAP_SPARTAN3A'.
Generating RTLIL representation for module `\ICAP_SPARTAN6'.
Generating RTLIL representation for module `\ICAP_VIRTEX4'.
Generating RTLIL representation for module `\ICAP_VIRTEX5'.
Generating RTLIL representation for module `\ICAP_VIRTEX6'.
Generating RTLIL representation for module `\ICAPE2'.
Generating RTLIL representation for module `\ICAPE3'.
Generating RTLIL representation for module `\BSCAN_SPARTAN3'.
Generating RTLIL representation for module `\BSCAN_SPARTAN3A'.
Generating RTLIL representation for module `\BSCAN_SPARTAN6'.
Generating RTLIL representation for module `\BSCAN_VIRTEX4'.
Generating RTLIL representation for module `\BSCAN_VIRTEX5'.
Generating RTLIL representation for module `\BSCAN_VIRTEX6'.
Generating RTLIL representation for module `\BSCANE2'.
Generating RTLIL representation for module `\DNA_PORT'.
Generating RTLIL representation for module `\DNA_PORTE2'.
Generating RTLIL representation for module `\FRAME_ECC_VIRTEX4'.
Generating RTLIL representation for module `\FRAME_ECC_VIRTEX5'.
Generating RTLIL representation for module `\FRAME_ECC_VIRTEX6'.
Generating RTLIL representation for module `\FRAME_ECCE2'.
Generating RTLIL representation for module `\FRAME_ECCE3'.
Generating RTLIL representation for module `\FRAME_ECCE4'.
Generating RTLIL representation for module `\USR_ACCESS_VIRTEX4'.
Generating RTLIL representation for module `\USR_ACCESS_VIRTEX5'.
Generating RTLIL representation for module `\USR_ACCESS_VIRTEX6'.
Generating RTLIL representation for module `\USR_ACCESSE2'.
Generating RTLIL representation for module `\POST_CRC_INTERNAL'.
Generating RTLIL representation for module `\SUSPEND_SYNC'.
Generating RTLIL representation for module `\KEY_CLEAR'.
Generating RTLIL representation for module `\MASTER_JTAG'.
Generating RTLIL representation for module `\SPI_ACCESS'.
Generating RTLIL representation for module `\EFUSE_USR'.
Generating RTLIL representation for module `\SYSMON'.
Generating RTLIL representation for module `\XADC'.
Generating RTLIL representation for module `\SYSMONE1'.
Generating RTLIL representation for module `\SYSMONE4'.
Generating RTLIL representation for module `\GTPA1_DUAL'.
Generating RTLIL representation for module `\GT11_CUSTOM'.
Generating RTLIL representation for module `\GT11_DUAL'.
Generating RTLIL representation for module `\GT11CLK'.
Generating RTLIL representation for module `\GT11CLK_MGT'.
Generating RTLIL representation for module `\GTP_DUAL'.
Generating RTLIL representation for module `\GTX_DUAL'.
Generating RTLIL representation for module `\CRC32'.
Generating RTLIL representation for module `\CRC64'.
Generating RTLIL representation for module `\GTHE1_QUAD'.
Generating RTLIL representation for module `\GTXE1'.
Generating RTLIL representation for module `\IBUFDS_GTXE1'.
Generating RTLIL representation for module `\IBUFDS_GTHE1'.
Generating RTLIL representation for module `\GTHE2_CHANNEL'.
Generating RTLIL representation for module `\GTHE2_COMMON'.
Generating RTLIL representation for module `\GTPE2_CHANNEL'.
Generating RTLIL representation for module `\GTPE2_COMMON'.
Generating RTLIL representation for module `\GTXE2_CHANNEL'.
Generating RTLIL representation for module `\GTXE2_COMMON'.
Generating RTLIL representation for module `\IBUFDS_GTE2'.
Generating RTLIL representation for module `\GTHE3_CHANNEL'.
Generating RTLIL representation for module `\GTHE3_COMMON'.
Generating RTLIL representation for module `\GTYE3_CHANNEL'.
Generating RTLIL representation for module `\GTYE3_COMMON'.
Generating RTLIL representation for module `\IBUFDS_GTE3'.
Generating RTLIL representation for module `\OBUFDS_GTE3'.
Generating RTLIL representation for module `\OBUFDS_GTE3_ADV'.
Generating RTLIL representation for module `\GTHE4_CHANNEL'.
Generating RTLIL representation for module `\GTHE4_COMMON'.
Generating RTLIL representation for module `\GTYE4_CHANNEL'.
Generating RTLIL representation for module `\GTYE4_COMMON'.
Generating RTLIL representation for module `\IBUFDS_GTE4'.
Generating RTLIL representation for module `\OBUFDS_GTE4'.
Generating RTLIL representation for module `\OBUFDS_GTE4_ADV'.
Generating RTLIL representation for module `\GTM_DUAL'.
Generating RTLIL representation for module `\IBUFDS_GTM'.
Generating RTLIL representation for module `\OBUFDS_GTM'.
Generating RTLIL representation for module `\OBUFDS_GTM_ADV'.
Generating RTLIL representation for module `\HSDAC'.
Generating RTLIL representation for module `\HSADC'.
Generating RTLIL representation for module `\RFDAC'.
Generating RTLIL representation for module `\RFADC'.
Generating RTLIL representation for module `\PCIE_A1'.
Generating RTLIL representation for module `\PCIE_EP'.
Generating RTLIL representation for module `\PCIE_2_0'.
Generating RTLIL representation for module `\PCIE_2_1'.
Generating RTLIL representation for module `\PCIE_3_0'.
Generating RTLIL representation for module `\PCIE_3_1'.
Generating RTLIL representation for module `\PCIE40E4'.
Generating RTLIL representation for module `\PCIE4CE4'.
Generating RTLIL representation for module `\EMAC'.
Generating RTLIL representation for module `\TEMAC'.
Generating RTLIL representation for module `\TEMAC_SINGLE'.
Generating RTLIL representation for module `\CMAC'.
Generating RTLIL representation for module `\CMACE4'.
Generating RTLIL representation for module `\MCB'.
Generating RTLIL representation for module `\HBM_REF_CLK'.
Generating RTLIL representation for module `\HBM_SNGLBLI_INTF_APB'.
Generating RTLIL representation for module `\HBM_SNGLBLI_INTF_AXI'.
Generating RTLIL representation for module `\HBM_ONE_STACK_INTF'.
Generating RTLIL representation for module `\HBM_TWO_STACK_INTF'.
Generating RTLIL representation for module `\PPC405_ADV'.
Generating RTLIL representation for module `\PPC440'.
Generating RTLIL representation for module `\PS7'.
Generating RTLIL representation for module `\PS8'.
Generating RTLIL representation for module `\ILKN'.
Generating RTLIL representation for module `\ILKNE4'.
Generating RTLIL representation for module `\VCU'.
Generating RTLIL representation for module `\FE'.
Successfully finished Verilog frontend.

16.3. Executing HIERARCHY pass (managing design hierarchy).

16.3.1. Analyzing design hierarchy..
Top module:  \soc_single

16.3.2. Analyzing design hierarchy..
Top module:  \soc_single
Removed 0 unused modules.

16.4. Executing PROC pass (convert processes to netlists).

16.4.1. Executing PROC_CLEAN pass (remove empty switches from decision trees).
Cleaned up 0 empty switches.

16.4.2. Executing PROC_RMDEAD pass (remove dead branches from decision trees).
Marked 1 switch rules as full_case in process $proc$/usr/bin/../share/yosys/xilinx/cells_sim.v:1986$1221 in module RAM64M.
Marked 1 switch rules as full_case in process $proc$/usr/bin/../share/yosys/xilinx/cells_sim.v:1812$1101 in module RAM32M.
Marked 1 switch rules as full_case in process $proc$/usr/bin/../share/yosys/xilinx/cells_sim.v:1716$1048 in module RAM128X1D.
Marked 1 switch rules as full_case in process $proc$/usr/bin/../share/yosys/xilinx/cells_sim.v:1611$1011 in module RAM64X1D.
Marked 1 switch rules as full_case in process $proc$/usr/bin/../share/yosys/xilinx/cells_sim.v:1565$993 in module RAM32X1D_1.
Marked 1 switch rules as full_case in process $proc$/usr/bin/../share/yosys/xilinx/cells_sim.v:1506$963 in module RAM32X1D.
Marked 1 switch rules as full_case in process $proc$/usr/bin/../share/yosys/xilinx/cells_sim.v:815$912 in module FDPE_1.
Marked 1 switch rules as full_case in process $proc$/usr/bin/../share/yosys/xilinx/cells_sim.v:774$909 in module FDPE.
Marked 1 switch rules as full_case in process $proc$/usr/bin/../share/yosys/xilinx/cells_sim.v:736$894 in module FDCE_1.
Marked 1 switch rules as full_case in process $proc$/usr/bin/../share/yosys/xilinx/cells_sim.v:695$891 in module FDCE.
Marked 1 switch rules as full_case in process $proc$/usr/bin/../share/yosys/xilinx/cells_sim.v:592$876 in module FDSE_1.
Marked 1 switch rules as full_case in process $proc$/usr/bin/../share/yosys/xilinx/cells_sim.v:559$872 in module FDSE.
Marked 1 switch rules as full_case in process $proc$/usr/bin/../share/yosys/xilinx/cells_sim.v:527$854 in module FDRE_1.
Marked 1 switch rules as full_case in process $proc$/usr/bin/../share/yosys/xilinx/cells_sim.v:494$850 in module FDRE.
Marked 1 switch rules as full_case in process $flatten\u_dotp.$proc$rtl/custom/dotp.sv:60$158 in module soc_single.
Marked 1 switch rules as full_case in process $flatten\u_dotp.$proc$rtl/custom/dotp.sv:0$161 in module soc_single.
Marked 1 switch rules as full_case in process $flatten\u_timer.$proc$rtl/periph/timer.sv:28$113 in module soc_single.
Marked 1 switch rules as full_case in process $flatten\u_timer.$proc$rtl/periph/timer.sv:0$118 in module soc_single.
Marked 1 switch rules as full_case in process $flatten\u_uart.$proc$rtl/periph/uart.sv:47$252 in module soc_single.
Marked 1 switch rules as full_case in process $flatten\u_uart.$proc$rtl/periph/uart.sv:68$267 in module soc_single.
Marked 1 switch rules as full_case in process $flatten\u_uart.$proc$rtl/periph/uart.sv:0$269 in module soc_single.
Marked 4 switch rules as full_case in process $flatten\u_uart.\u_tx.$proc$rtl/periph/uart_tx.sv:21$218 in module soc_single.
Marked 7 switch rules as full_case in process $flatten\u_uart.\u_rx.$proc$rtl/periph/uart_rx.sv:30$205 in module soc_single.
Marked 1 switch rules as full_case in process $flatten\u_uart.\u_rx.$proc$rtl/periph/uart_rx.sv:13$203 in module soc_single.
Marked 1 switch rules as full_case in process $flatten\u_core.$proc$rtl/core/core_single.sv:0$270 in module soc_single.
Marked 1 switch rules as full_case in process $flatten\u_core.$proc$rtl/core/core_single.sv:0$272 in module soc_single.
Marked 1 switch rules as full_case in process $flatten\u_core.$proc$rtl/core/core_single.sv:0$286 in module soc_single.
Marked 3 switch rules as full_case in process $flatten\u_core.$proc$rtl/core/core_single.sv:0$292 in module soc_single.
Marked 2 switch rules as full_case in process $flatten\u_core.$proc$rtl/core/core_single.sv:193$294 in module soc_single.
Removed 2 dead cases from process $flatten\u_core.\u_dec.$proc$rtl/core/decoder.sv:0$40 in module soc_single.
Marked 24 switch rules as full_case in process $flatten\u_core.\u_dec.$proc$rtl/core/decoder.sv:0$40 in module soc_single.
Marked 4 switch rules as full_case in process $flatten\u_core.\u_rf.$proc$rtl/core/regfile.sv:0$245 in module soc_single.
Marked 1 switch rules as full_case in process $flatten\u_core.\u_rf.$proc$rtl/core/regfile.sv:32$226 in module soc_single.
Marked 1 switch rules as full_case in process $flatten\u_core.\u_imm.$proc$rtl/core/imm_gen.sv:0$39 in module soc_single.
Marked 1 switch rules as full_case in process $flatten\u_core.\u_alu.$proc$rtl/core/alu.sv:0$4 in module soc_single.
Marked 1 switch rules as full_case in process $proc$rtl/soc/soc_single.sv:138$200 in module soc_single.
Marked 1 switch rules as full_case in process $proc$rtl/soc/soc_single.sv:0$199 in module soc_single.
Removed a total of 2 dead cases.

16.4.3. Executing PROC_PRUNE pass (remove redundant assignments in processes).
Removed 6 redundant assignments.
Promoted 90 assignments to connections.

16.4.4. Executing PROC_INIT pass (extract init attributes).
Found init rule in `\SRLC32E.$proc$/usr/bin/../share/yosys/xilinx/cells_sim.v:2405$1350'.
  Set init value: \r = 0
Found init rule in `\SRLC16E.$proc$/usr/bin/../share/yosys/xilinx/cells_sim.v:2361$1343'.
  Set init value: \r = 16'0000000000000000
Found init rule in `\SRLC16.$proc$/usr/bin/../share/yosys/xilinx/cells_sim.v:2329$1336'.
  Set init value: \r = 16'0000000000000000
Found init rule in `\SRL16E.$proc$/usr/bin/../share/yosys/xilinx/cells_sim.v:2292$1333'.
  Set init value: \r = 16'0000000000000000
Found init rule in `\SRL16.$proc$/usr/bin/../share/yosys/xilinx/cells_sim.v:2264$1326'.
  Set init value: \r = 16'0000000000000000
Found init rule in `\RAM64M.$proc$/usr/bin/../share/yosys/xilinx/cells_sim.v:1980$1299'.
  Set init value: \mem_d = 64'0000000000000000000000000000000000000000000000000000000000000000
Found init rule in `\RAM64M.$proc$/usr/bin/../share/yosys/xilinx/cells_sim.v:1979$1298'.
  Set init value: \mem_c = 64'0000000000000000000000000000000000000000000000000000000000000000
Found init rule in `\RAM64M.$proc$/usr/bin/../share/yosys/xilinx/cells_sim.v:1978$1297'.
  Set init value: \mem_b = 64'0000000000000000000000000000000000000000000000000000000000000000
Found init rule in `\RAM64M.$proc$/usr/bin/../share/yosys/xilinx/cells_sim.v:1977$1296'.
  Set init value: \mem_a = 64'0000000000000000000000000000000000000000000000000000000000000000
Found init rule in `\RAM32M.$proc$/usr/bin/../share/yosys/xilinx/cells_sim.v:1806$1199'.
  Set init value: \mem_d = 64'0000000000000000000000000000000000000000000000000000000000000000
Found init rule in `\RAM32M.$proc$/usr/bin/../share/yosys/xilinx/cells_sim.v:1805$1198'.
  Set init value: \mem_c = 64'0000000000000000000000000000000000000000000000000000000000000000
Found init rule in `\RAM32M.$proc$/usr/bin/../share/yosys/xilinx/cells_sim.v:1804$1197'.
  Set init value: \mem_b = 64'0000000000000000000000000000000000000000000000000000000000000000
Found init rule in `\RAM32M.$proc$/usr/bin/../share/yosys/xilinx/cells_sim.v:1803$1196'.
  Set init value: \mem_a = 64'0000000000000000000000000000000000000000000000000000000000000000
Found init rule in `\RAM128X1D.$proc$/usr/bin/../share/yosys/xilinx/cells_sim.v:1712$1078'.
  Set init value: \mem = 128'00000000000000000000000000000000000000000000000000000000000000000000000000000000000000000000000000000000000000000000000000000000
Found init rule in `\RAM64X1D.$proc$/usr/bin/../share/yosys/xilinx/cells_sim.v:1607$1041'.
  Set init value: \mem = 64'0000000000000000000000000000000000000000000000000000000000000000
Found init rule in `\RAM32X1D_1.$proc$/usr/bin/../share/yosys/xilinx/cells_sim.v:1561$1005'.
  Set init value: \mem = 0
Found init rule in `\RAM32X1D.$proc$/usr/bin/../share/yosys/xilinx/cells_sim.v:1502$987'.
  Set init value: \mem = 0
Found init rule in `\FDPE_1.$proc$/usr/bin/../share/yosys/xilinx/cells_sim.v:0$915'.
  Set init value: \Q = 1'1
Found init rule in `\FDPE.$proc$/usr/bin/../share/yosys/xilinx/cells_sim.v:0$911'.
  Set init value: \Q = 1'1
Found init rule in `\FDCE_1.$proc$/usr/bin/../share/yosys/xilinx/cells_sim.v:0$897'.
  Set init value: \Q = 1'0
Found init rule in `\FDCE.$proc$/usr/bin/../share/yosys/xilinx/cells_sim.v:0$893'.
  Set init value: \Q = 1'0
Found init rule in `\FDSE_1.$proc$/usr/bin/../share/yosys/xilinx/cells_sim.v:0$879'.
  Set init value: \Q = 1'1
Found init rule in `\FDSE.$proc$/usr/bin/../share/yosys/xilinx/cells_sim.v:0$875'.
  Set init value: \Q = 1'1
Found init rule in `\FDRE_1.$proc$/usr/bin/../share/yosys/xilinx/cells_sim.v:0$857'.
  Set init value: \Q = 1'0
Found init rule in `\FDRE.$proc$/usr/bin/../share/yosys/xilinx/cells_sim.v:0$853'.
  Set init value: \Q = 1'0

16.4.5. Executing PROC_ARST pass (detect async resets in processes).
Found async reset \PRE in `\FDPE_1.$proc$/usr/bin/../share/yosys/xilinx/cells_sim.v:815$912'.
Found async reset \PRE in `\FDPE.$proc$/usr/bin/../share/yosys/xilinx/cells_sim.v:774$909'.
Found async reset \CLR in `\FDCE_1.$proc$/usr/bin/../share/yosys/xilinx/cells_sim.v:736$894'.
Found async reset \CLR in `\FDCE.$proc$/usr/bin/../share/yosys/xilinx/cells_sim.v:695$891'.
Found async reset \u_dotp.rst_n in `\soc_single.$flatten\u_dotp.$proc$rtl/custom/dotp.sv:60$158'.
Found async reset \u_timer.rst_n in `\soc_single.$flatten\u_timer.$proc$rtl/periph/timer.sv:28$113'.
Found async reset \u_uart.rst_n in `\soc_single.$flatten\u_uart.$proc$rtl/periph/uart.sv:47$252'.
Found async reset \u_uart.rst_n in `\soc_single.$flatten\u_uart.$proc$rtl/periph/uart.sv:68$267'.
Found async reset \u_uart.u_tx.rst_n in `\soc_single.$flatten\u_uart.\u_tx.$proc$rtl/periph/uart_tx.sv:21$218'.
Found async reset \u_uart.u_rx.rst_n in `\soc_single.$flatten\u_uart.\u_rx.$proc$rtl/periph/uart_rx.sv:30$205'.
Found async reset \u_uart.u_rx.rst_n in `\soc_single.$flatten\u_uart.\u_rx.$proc$rtl/periph/uart_rx.sv:13$203'.
Found async reset \u_core.rst_n in `\soc_single.$flatten\u_core.$proc$rtl/core/core_single.sv:193$294'.
Found async reset \rst_n in `\soc_single.$proc$rtl/soc/soc_single.sv:138$200'.

16.4.6. Executing PROC_ROM pass (convert switches to ROMs).
Converted 0 switches.
<suppressed ~89 debug messages>

16.4.7. Executing PROC_MUX pass (convert decision trees to multiplexers).
Creating decoders for process `\SRLC32E.$proc$/usr/bin/../share/yosys/xilinx/cells_sim.v:2405$1350'.
Creating decoders for process `\SRLC32E.$proc$/usr/bin/../share/yosys/xilinx/cells_sim.v:2413$1349'.
     1/1: $0\r[31:0]
Creating decoders for process `\SRLC16E.$proc$/usr/bin/../share/yosys/xilinx/cells_sim.v:2361$1343'.
Creating decoders for process `\SRLC16E.$proc$/usr/bin/../share/yosys/xilinx/cells_sim.v:2369$1342'.
     1/1: $0\r[15:0]
Creating decoders for process `\SRLC16.$proc$/usr/bin/../share/yosys/xilinx/cells_sim.v:2329$1336'.
Creating decoders for process `\SRLC16.$proc$/usr/bin/../share/yosys/xilinx/cells_sim.v:2332$1335'.
Creating decoders for process `\SRL16E.$proc$/usr/bin/../share/yosys/xilinx/cells_sim.v:2292$1333'.
Creating decoders for process `\SRL16E.$proc$/usr/bin/../share/yosys/xilinx/cells_sim.v:2299$1332'.
     1/1: $0\r[15:0]
Creating decoders for process `\SRL16.$proc$/usr/bin/../share/yosys/xilinx/cells_sim.v:2264$1326'.
Creating decoders for process `\SRL16.$proc$/usr/bin/../share/yosys/xilinx/cells_sim.v:2266$1325'.
Creating decoders for process `\RAM64M.$proc$/usr/bin/../share/yosys/xilinx/cells_sim.v:1980$1299'.
Creating decoders for process `\RAM64M.$proc$/usr/bin/../share/yosys/xilinx/cells_sim.v:1979$1298'.
Creating decoders for process `\RAM64M.$proc$/usr/bin/../share/yosys/xilinx/cells_sim.v:1978$1297'.
Creating decoders for process `\RAM64M.$proc$/usr/bin/../share/yosys/xilinx/cells_sim.v:1977$1296'.
Creating decoders for process `\RAM64M.$proc$/usr/bin/../share/yosys/xilinx/cells_sim.v:1986$1221'.
     1/8: $1$lookahead\mem_d$1220[63:0]$1237
     2/8: $1$bitselwrite$pos$/usr/bin/../share/yosys/xilinx/cells_sim.v:1991$1211[5:0]$1233
     3/8: $1$lookahead\mem_c$1219[63:0]$1236
     4/8: $1$bitselwrite$pos$/usr/bin/../share/yosys/xilinx/cells_sim.v:1990$1210[5:0]$1232
     5/8: $1$lookahead\mem_b$1218[63:0]$1235
     6/8: $1$bitselwrite$pos$/usr/bin/../share/yosys/xilinx/cells_sim.v:1989$1209[5:0]$1231
     7/8: $1$lookahead\mem_a$1217[63:0]$1234
     8/8: $1$bitselwrite$pos$/usr/bin/../share/yosys/xilinx/cells_sim.v:1988$1208[5:0]$1230
Creating decoders for process `\RAM32M.$proc$/usr/bin/../share/yosys/xilinx/cells_sim.v:1806$1199'.
Creating decoders for process `\RAM32M.$proc$/usr/bin/../share/yosys/xilinx/cells_sim.v:1805$1198'.
Creating decoders for process `\RAM32M.$proc$/usr/bin/../share/yosys/xilinx/cells_sim.v:1804$1197'.
Creating decoders for process `\RAM32M.$proc$/usr/bin/../share/yosys/xilinx/cells_sim.v:1803$1196'.
Creating decoders for process `\RAM32M.$proc$/usr/bin/../share/yosys/xilinx/cells_sim.v:1812$1101'.
     1/8: $1$lookahead\mem_d$1100[63:0]$1116
     2/8: $1$bitselwrite$pos$/usr/bin/../share/yosys/xilinx/cells_sim.v:1817$1083[31:0]$1112
     3/8: $1$lookahead\mem_c$1099[63:0]$1117
     4/8: $1$bitselwrite$pos$/usr/bin/../share/yosys/xilinx/cells_sim.v:1816$1082[31:0]$1113
     5/8: $1$lookahead\mem_b$1098[63:0]$1110
     6/8: $1$bitselwrite$pos$/usr/bin/../share/yosys/xilinx/cells_sim.v:1815$1081[31:0]$1114
     7/8: $1$lookahead\mem_a$1097[63:0]$1111
     8/8: $1$bitselwrite$pos$/usr/bin/../share/yosys/xilinx/cells_sim.v:1814$1080[31:0]$1115
Creating decoders for process `\RAM128X1D.$proc$/usr/bin/../share/yosys/xilinx/cells_sim.v:1712$1078'.
Creating decoders for process `\RAM128X1D.$proc$/usr/bin/../share/yosys/xilinx/cells_sim.v:1716$1048'.
     1/2: $1$lookahead\mem$1047[127:0]$1051
     2/2: $1$bitselwrite$pos$/usr/bin/../share/yosys/xilinx/cells_sim.v:1716$1043[6:0]$1052
Creating decoders for process `\RAM64X1D.$proc$/usr/bin/../share/yosys/xilinx/cells_sim.v:1607$1041'.
Creating decoders for process `\RAM64X1D.$proc$/usr/bin/../share/yosys/xilinx/cells_sim.v:1611$1011'.
     1/2: $1$lookahead\mem$1010[63:0]$1014
     2/2: $1$bitselwrite$pos$/usr/bin/../share/yosys/xilinx/cells_sim.v:1611$1006[5:0]$1015
Creating decoders for process `\RAM32X1D_1.$proc$/usr/bin/../share/yosys/xilinx/cells_sim.v:1561$1005'.
Creating decoders for process `\RAM32X1D_1.$proc$/usr/bin/../share/yosys/xilinx/cells_sim.v:1565$993'.
     1/2: $1$lookahead\mem$992[31:0]$997
     2/2: $1$bitselwrite$pos$/usr/bin/../share/yosys/xilinx/cells_sim.v:1565$988[4:0]$996
Creating decoders for process `\RAM32X1D.$proc$/usr/bin/../share/yosys/xilinx/cells_sim.v:1502$987'.
Creating decoders for process `\RAM32X1D.$proc$/usr/bin/../share/yosys/xilinx/cells_sim.v:1506$963'.
     1/2: $1$lookahead\mem$962[31:0]$966
     2/2: $1$bitselwrite$pos$/usr/bin/../share/yosys/xilinx/cells_sim.v:1506$958[4:0]$967
Creating decoders for process `\FDPE_1.$proc$/usr/bin/../share/yosys/xilinx/cells_sim.v:0$915'.
Creating decoders for process `\FDPE_1.$proc$/usr/bin/../share/yosys/xilinx/cells_sim.v:815$912'.
     1/1: $0\Q[0:0]
Creating decoders for process `\FDPE.$proc$/usr/bin/../share/yosys/xilinx/cells_sim.v:0$911'.
Creating decoders for process `\FDPE.$proc$/usr/bin/../share/yosys/xilinx/cells_sim.v:774$909'.
     1/1: $0\Q[0:0]
Creating decoders for process `\FDCE_1.$proc$/usr/bin/../share/yosys/xilinx/cells_sim.v:0$897'.
Creating decoders for process `\FDCE_1.$proc$/usr/bin/../share/yosys/xilinx/cells_sim.v:736$894'.
     1/1: $0\Q[0:0]
Creating decoders for process `\FDCE.$proc$/usr/bin/../share/yosys/xilinx/cells_sim.v:0$893'.
Creating decoders for process `\FDCE.$proc$/usr/bin/../share/yosys/xilinx/cells_sim.v:695$891'.
     1/1: $0\Q[0:0]
Creating decoders for process `\FDSE_1.$proc$/usr/bin/../share/yosys/xilinx/cells_sim.v:0$879'.
Creating decoders for process `\FDSE_1.$proc$/usr/bin/../share/yosys/xilinx/cells_sim.v:592$876'.
     1/1: $0\Q[0:0]
Creating decoders for process `\FDSE.$proc$/usr/bin/../share/yosys/xilinx/cells_sim.v:0$875'.
Creating decoders for process `\FDSE.$proc$/usr/bin/../share/yosys/xilinx/cells_sim.v:559$872'.
     1/1: $0\Q[0:0]
Creating decoders for process `\FDRE_1.$proc$/usr/bin/../share/yosys/xilinx/cells_sim.v:0$857'.
Creating decoders for process `\FDRE_1.$proc$/usr/bin/../share/yosys/xilinx/cells_sim.v:527$854'.
     1/1: $0\Q[0:0]
Creating decoders for process `\FDRE.$proc$/usr/bin/../share/yosys/xilinx/cells_sim.v:0$853'.
Creating decoders for process `\FDRE.$proc$/usr/bin/../share/yosys/xilinx/cells_sim.v:494$850'.
     1/1: $0\Q[0:0]
Creating decoders for process `\soc_single.$flatten\u_dotp.$proc$rtl/custom/dotp.sv:60$158'.
     1/9: $flatten\u_dotp.$0\b[3][31:0]
     2/9: $flatten\u_dotp.$0\b[2][31:0]
     3/9: $flatten\u_dotp.$0\b[1][31:0]
     4/9: $flatten\u_dotp.$0\b[0][31:0]
     5/9: $flatten\u_dotp.$0\a[3][31:0]
     6/9: $flatten\u_dotp.$0\a[2][31:0]
     7/9: $flatten\u_dotp.$0\a[1][31:0]
     8/9: $flatten\u_dotp.$0\a[0][31:0]
     9/9: $flatten\u_dotp.$0\result[31:0]
Creating decoders for process `\soc_single.$flatten\u_dotp.$proc$rtl/custom/dotp.sv:0$161'.
     1/1: $flatten\u_dotp.$1\rdata[31:0]
Creating decoders for process `\soc_single.$flatten\u_timer.$proc$rtl/periph/timer.sv:28$113'.
     1/4: $flatten\u_timer.$0\cnt[31:0]
     2/4: $flatten\u_timer.$0\pending[0:0]
     3/4: $flatten\u_timer.$0\ie[0:0]
     4/4: $flatten\u_timer.$0\cmp[31:0]
Creating decoders for process `\soc_single.$flatten\u_timer.$proc$rtl/periph/timer.sv:0$118'.
     1/1: $flatten\u_timer.$1\rdata[31:0]
Creating decoders for process `\soc_single.$flatten\u_uart.$proc$rtl/periph/uart.sv:47$252'.
     1/3: $flatten\u_uart.$0\tx_pending[0:0]
     2/3: $flatten\u_uart.$0\tx_hold[7:0]
     3/3: $flatten\u_uart.$0\rx_avail[0:0]
Creating decoders for process `\soc_single.$flatten\u_uart.$proc$rtl/periph/uart.sv:68$267'.
     1/1: $flatten\u_uart.$0\rx_hold[7:0]
Creating decoders for process `\soc_single.$flatten\u_uart.$proc$rtl/periph/uart.sv:0$269'.
     1/1: $flatten\u_uart.$1\rdata[31:0]
Creating decoders for process `\soc_single.$flatten\u_uart.\u_tx.$proc$rtl/periph/uart_tx.sv:21$218'.
     1/4: $flatten\u_uart.\u_tx.$0\baud_cnt[31:0]
     2/4: $flatten\u_uart.\u_tx.$0\active[0:0]
     3/4: $flatten\u_uart.\u_tx.$0\bitpos[3:0]
     4/4: $flatten\u_uart.\u_tx.$0\frame[9:0]
Creating decoders for process `\soc_single.$flatten\u_uart.\u_rx.$proc$rtl/periph/uart_rx.sv:30$205'.
     1/6: $flatten\u_uart.\u_rx.$0\ready[0:0]
     2/6: $flatten\u_uart.\u_rx.$0\shreg[7:0]
     3/6: $flatten\u_uart.\u_rx.$0\state[1:0]
     4/6: $flatten\u_uart.\u_rx.$0\baud_cnt[31:0]
     5/6: $flatten\u_uart.\u_rx.$0\bitpos[2:0]
     6/6: $flatten\u_uart.\u_rx.$0\data[7:0]
Creating decoders for process `\soc_single.$flatten\u_uart.\u_rx.$proc$rtl/periph/uart_rx.sv:13$203'.
     1/2: $flatten\u_uart.\u_rx.$0\rx_sync[0:0]
     2/2: $flatten\u_uart.\u_rx.$0\rx_meta[0:0]
Creating decoders for process `\soc_single.$flatten\u_core.$proc$rtl/core/core_single.sv:0$270'.
     1/1: $flatten\u_core.$1\alu_a[31:0]
Creating decoders for process `\soc_single.$flatten\u_core.$proc$rtl/core/core_single.sv:0$272'.
     1/1: $flatten\u_core.$1\br_cond[0:0]
Creating decoders for process `\soc_single.$flatten\u_core.$proc$rtl/core/core_single.sv:0$286'.
     1/1: $flatten\u_core.$1\wb_data[31:0]
Creating decoders for process `\soc_single.$flatten\u_core.$proc$rtl/core/core_single.sv:0$292'.
     1/3: $flatten\u_core.$3\pc_next[31:0]
     2/3: $flatten\u_core.$2\pc_next[31:0]
     3/3: $flatten\u_core.$1\pc_next[31:0]
Creating decoders for process `\soc_single.$flatten\u_core.$proc$rtl/core/core_single.sv:193$294'.
     1/3: $flatten\u_core.$0\pc[31:0]
     2/3: $flatten\u_core.$0\in_handler[0:0]
     3/3: $flatten\u_core.$0\epc[31:0]
Creating decoders for process `\soc_single.$flatten\u_core.\u_dec.$proc$rtl/core/decoder.sv:0$40'.
     1/67: $flatten\u_core.\u_dec.$3\is_cus[0:0]
     2/67: $flatten\u_core.\u_dec.$3\is_mret[0:0]
     3/67: $flatten\u_core.\u_dec.$4\br_type[2:0]
     4/67: $flatten\u_core.\u_dec.$3\mem_we[0:0]
     5/67: $flatten\u_core.\u_dec.$5\reg_we[0:0]
     6/67: $flatten\u_core.\u_dec.$2\is_cus[0:0]
     7/67: $flatten\u_core.\u_dec.$4\wb_sel[1:0]
     8/67: $flatten\u_core.\u_dec.$4\reg_we[0:0]
     9/67: $flatten\u_core.\u_dec.$23\illegal[0:0]
    10/67: $flatten\u_core.\u_dec.$2\is_mret[0:0]
    11/67: $flatten\u_core.\u_dec.$22\illegal[0:0]
    12/67: $flatten\u_core.\u_dec.$21\illegal[0:0]
    13/67: $flatten\u_core.\u_dec.$20\illegal[0:0]
    14/67: $flatten\u_core.\u_dec.$12\alu_op[3:0]
    15/67: $flatten\u_core.\u_dec.$19\illegal[0:0]
    16/67: $flatten\u_core.\u_dec.$11\alu_op[3:0]
    17/67: $flatten\u_core.\u_dec.$18\illegal[0:0]
    18/67: $flatten\u_core.\u_dec.$17\illegal[0:0]
    19/67: $flatten\u_core.\u_dec.$16\illegal[0:0]
    20/67: $flatten\u_core.\u_dec.$15\illegal[0:0]
    21/67: $flatten\u_core.\u_dec.$14\illegal[0:0]
    22/67: $flatten\u_core.\u_dec.$10\alu_op[3:0]
    23/67: $flatten\u_core.\u_dec.$13\illegal[0:0]
    24/67: $flatten\u_core.\u_dec.$9\alu_op[3:0]
    25/67: $flatten\u_core.\u_dec.$12\illegal[0:0]
    26/67: $flatten\u_core.\u_dec.$8\alu_op[3:0]
    27/67: $flatten\u_core.\u_dec.$11\illegal[0:0]
    28/67: $flatten\u_core.\u_dec.$10\illegal[0:0]
    29/67: $flatten\u_core.\u_dec.$7\alu_op[3:0]
    30/67: $flatten\u_core.\u_dec.$6\alu_op[3:0]
    31/67: $flatten\u_core.\u_dec.$9\illegal[0:0]
    32/67: $flatten\u_core.\u_dec.$5\alu_op[3:0]
    33/67: $flatten\u_core.\u_dec.$8\illegal[0:0]
    34/67: $flatten\u_core.\u_dec.$7\illegal[0:0]
    35/67: $flatten\u_core.\u_dec.$4\alu_op[3:0]
    36/67: $flatten\u_core.\u_dec.$6\illegal[0:0]
    37/67: $flatten\u_core.\u_dec.$4\imm_type[2:0]
    38/67: $flatten\u_core.\u_dec.$3\alu_op[3:0]
    39/67: $flatten\u_core.\u_dec.$3\alu_b_imm[0:0]
    40/67: $flatten\u_core.\u_dec.$2\mem_we[0:0]
    41/67: $flatten\u_core.\u_dec.$5\illegal[0:0]
    42/67: $flatten\u_core.\u_dec.$3\imm_type[2:0]
    43/67: $flatten\u_core.\u_dec.$2\alu_op[3:0]
    44/67: $flatten\u_core.\u_dec.$2\alu_b_imm[0:0]
    45/67: $flatten\u_core.\u_dec.$3\wb_sel[1:0]
    46/67: $flatten\u_core.\u_dec.$3\reg_we[0:0]
    47/67: $flatten\u_core.\u_dec.$4\illegal[0:0]
    48/67: $flatten\u_core.\u_dec.$3\br_type[2:0]
    49/67: $flatten\u_core.\u_dec.$3\illegal[0:0]
    50/67: $flatten\u_core.\u_dec.$2\imm_type[2:0]
    51/67: $flatten\u_core.\u_dec.$2\jalr[0:0]
    52/67: $flatten\u_core.\u_dec.$2\br_type[2:0]
    53/67: $flatten\u_core.\u_dec.$2\wb_sel[1:0]
    54/67: $flatten\u_core.\u_dec.$2\reg_we[0:0]
    55/67: $flatten\u_core.\u_dec.$2\illegal[0:0]
    56/67: $flatten\u_core.\u_dec.$1\imm_type[2:0]
    57/67: $flatten\u_core.\u_dec.$1\alu_op[3:0]
    58/67: $flatten\u_core.\u_dec.$1\alu_b_imm[0:0]
    59/67: $flatten\u_core.\u_dec.$1\alu_a_sel[1:0]
    60/67: $flatten\u_core.\u_dec.$1\reg_we[0:0]
    61/67: $flatten\u_core.\u_dec.$1\illegal[0:0]
    62/67: $flatten\u_core.\u_dec.$1\is_cus[0:0]
    63/67: $flatten\u_core.\u_dec.$1\is_mret[0:0]
    64/67: $flatten\u_core.\u_dec.$1\jalr[0:0]
    65/67: $flatten\u_core.\u_dec.$1\br_type[2:0]
    66/67: $flatten\u_core.\u_dec.$1\mem_we[0:0]
    67/67: $flatten\u_core.\u_dec.$1\wb_sel[1:0]
Creating decoders for process `\soc_single.$flatten\u_core.\u_rf.$proc$rtl/core/regfile.sv:0$245'.
     1/4: $flatten\u_core.\u_rf.$2\rdata2[31:0]
     2/4: $flatten\u_core.\u_rf.$1\rdata2[31:0]
     3/4: $flatten\u_core.\u_rf.$2\rdata1[31:0]
     4/4: $flatten\u_core.\u_rf.$1\rdata1[31:0]
Creating decoders for process `\soc_single.$flatten\u_core.\u_rf.$proc$rtl/core/regfile.sv:32$226'.
     1/3: $flatten\u_core.\u_rf.$1$memwr$\regs$rtl/core/regfile.sv:34$225_EN[31:0]$234
     2/3: $flatten\u_core.\u_rf.$1$memwr$\regs$rtl/core/regfile.sv:34$225_DATA[31:0]$233
     3/3: $flatten\u_core.\u_rf.$1$memwr$\regs$rtl/core/regfile.sv:34$225_ADDR[4:0]$232
Creating decoders for process `\soc_single.$flatten\u_core.\u_imm.$proc$rtl/core/imm_gen.sv:0$39'.
     1/1: $flatten\u_core.\u_imm.$1\imm[31:0]
Creating decoders for process `\soc_single.$flatten\u_core.\u_alu.$proc$rtl/core/alu.sv:0$4'.
     1/1: $flatten\u_core.\u_alu.$1\y[31:0]
Creating decoders for process `\soc_single.$proc$rtl/soc/soc_single.sv:138$200'.
     1/2: $0\exit_code[31:0]
     2/2: $0\exit_valid[0:0]
Creating decoders for process `\soc_single.$proc$rtl/soc/soc_single.sv:0$199'.
     1/1: $1\dmem_rdata[31:0]

16.4.8. Executing PROC_DLATCH pass (convert process syncs to latches).
No latch inferred for signal `\soc_single.\u_dotp.rdata' from process `\soc_single.$flatten\u_dotp.$proc$rtl/custom/dotp.sv:0$161'.
No latch inferred for signal `\soc_single.\u_timer.rdata' from process `\soc_single.$flatten\u_timer.$proc$rtl/periph/timer.sv:0$118'.
No latch inferred for signal `\soc_single.\u_uart.rdata' from process `\soc_single.$flatten\u_uart.$proc$rtl/periph/uart.sv:0$269'.
No latch inferred for signal `\soc_single.\u_core.alu_a' from process `\soc_single.$flatten\u_core.$proc$rtl/core/core_single.sv:0$270'.
No latch inferred for signal `\soc_single.\u_core.br_cond' from process `\soc_single.$flatten\u_core.$proc$rtl/core/core_single.sv:0$272'.
No latch inferred for signal `\soc_single.\u_core.wb_data' from process `\soc_single.$flatten\u_core.$proc$rtl/core/core_single.sv:0$286'.
No latch inferred for signal `\soc_single.\u_core.pc_next' from process `\soc_single.$flatten\u_core.$proc$rtl/core/core_single.sv:0$292'.
No latch inferred for signal `\soc_single.\u_core.u_dec.imm_type' from process `\soc_single.$flatten\u_core.\u_dec.$proc$rtl/core/decoder.sv:0$40'.
No latch inferred for signal `\soc_single.\u_core.u_dec.reg_we' from process `\soc_single.$flatten\u_core.\u_dec.$proc$rtl/core/decoder.sv:0$40'.
No latch inferred for signal `\soc_single.\u_core.u_dec.wb_sel' from process `\soc_single.$flatten\u_core.\u_dec.$proc$rtl/core/decoder.sv:0$40'.
No latch inferred for signal `\soc_single.\u_core.u_dec.mem_we' from process `\soc_single.$flatten\u_core.\u_dec.$proc$rtl/core/decoder.sv:0$40'.
No latch inferred for signal `\soc_single.\u_core.u_dec.alu_a_sel' from process `\soc_single.$flatten\u_core.\u_dec.$proc$rtl/core/decoder.sv:0$40'.
No latch inferred for signal `\soc_single.\u_core.u_dec.alu_b_imm' from process `\soc_single.$flatten\u_core.\u_dec.$proc$rtl/core/decoder.sv:0$40'.
No latch inferred for signal `\soc_single.\u_core.u_dec.alu_op' from process `\soc_single.$flatten\u_core.\u_dec.$proc$rtl/core/decoder.sv:0$40'.
No latch inferred for signal `\soc_single.\u_core.u_dec.br_type' from process `\soc_single.$flatten\u_core.\u_dec.$proc$rtl/core/decoder.sv:0$40'.
No latch inferred for signal `\soc_single.\u_core.u_dec.jalr' from process `\soc_single.$flatten\u_core.\u_dec.$proc$rtl/core/decoder.sv:0$40'.
No latch inferred for signal `\soc_single.\u_core.u_dec.is_mret' from process `\soc_single.$flatten\u_core.\u_dec.$proc$rtl/core/decoder.sv:0$40'.
No latch inferred for signal `\soc_single.\u_core.u_dec.is_cus' from process `\soc_single.$flatten\u_core.\u_dec.$proc$rtl/core/decoder.sv:0$40'.
No latch inferred for signal `\soc_single.\u_core.u_dec.illegal' from process `\soc_single.$flatten\u_core.\u_dec.$proc$rtl/core/decoder.sv:0$40'.
No latch inferred for signal `\soc_single.\u_core.u_rf.rdata1' from process `\soc_single.$flatten\u_core.\u_rf.$proc$rtl/core/regfile.sv:0$245'.
No latch inferred for signal `\soc_single.\u_core.u_rf.rdata2' from process `\soc_single.$flatten\u_core.\u_rf.$proc$rtl/core/regfile.sv:0$245'.
No latch inferred for signal `\soc_single.\u_core.u_imm.imm' from process `\soc_single.$flatten\u_core.\u_imm.$proc$rtl/core/imm_gen.sv:0$39'.
No latch inferred for signal `\soc_single.\u_core.u_alu.y' from process `\soc_single.$flatten\u_core.\u_alu.$proc$rtl/core/alu.sv:0$4'.
No latch inferred for signal `\soc_single.\dmem_rdata' from process `\soc_single.$proc$rtl/soc/soc_single.sv:0$199'.

16.4.9. Executing PROC_DFF pass (convert process syncs to FFs).
Creating register for signal `\SRLC32E.\r' using process `\SRLC32E.$proc$/usr/bin/../share/yosys/xilinx/cells_sim.v:2413$1349'.
  created $dff cell `$procdff$2604' with positive edge clock.
Creating register for signal `\SRLC16E.\r' using process `\SRLC16E.$proc$/usr/bin/../share/yosys/xilinx/cells_sim.v:2369$1342'.
  created $dff cell `$procdff$2605' with positive edge clock.
Creating register for signal `\SRLC16.\r' using process `\SRLC16.$proc$/usr/bin/../share/yosys/xilinx/cells_sim.v:2332$1335'.
  created $dff cell `$procdff$2606' with positive edge clock.
Creating register for signal `\SRL16E.\r' using process `\SRL16E.$proc$/usr/bin/../share/yosys/xilinx/cells_sim.v:2299$1332'.
  created $dff cell `$procdff$2607' with positive edge clock.
Creating register for signal `\SRL16.\r' using process `\SRL16.$proc$/usr/bin/../share/yosys/xilinx/cells_sim.v:2266$1325'.
  created $dff cell `$procdff$2608' with positive edge clock.
Creating register for signal `\RAM64M.\mem_d' using process `\RAM64M.$proc$/usr/bin/../share/yosys/xilinx/cells_sim.v:1986$1221'.
  created $dff cell `$procdff$2609' with positive edge clock.
Creating register for signal `\RAM64M.\mem_c' using process `\RAM64M.$proc$/usr/bin/../share/yosys/xilinx/cells_sim.v:1986$1221'.
  created $dff cell `$procdff$2610' with positive edge clock.
Creating register for signal `\RAM64M.\mem_b' using process `\RAM64M.$proc$/usr/bin/../share/yosys/xilinx/cells_sim.v:1986$1221'.
  created $dff cell `$procdff$2611' with positive edge clock.
Creating register for signal `\RAM64M.\mem_a' using process `\RAM64M.$proc$/usr/bin/../share/yosys/xilinx/cells_sim.v:1986$1221'.
  created $dff cell `$procdff$2612' with positive edge clock.
Creating register for signal `\RAM64M.$bitselwrite$pos$/usr/bin/../share/yosys/xilinx/cells_sim.v:1988$1208' using process `\RAM64M.$proc$/usr/bin/../share/yosys/xilinx/cells_sim.v:1986$1221'.
  created $dff cell `$procdff$2613' with positive edge clock.
Creating register for signal `\RAM64M.$bitselwrite$pos$/usr/bin/../share/yosys/xilinx/cells_sim.v:1989$1209' using process `\RAM64M.$proc$/usr/bin/../share/yosys/xilinx/cells_sim.v:1986$1221'.
  created $dff cell `$procdff$2614' with positive edge clock.
Creating register for signal `\RAM64M.$bitselwrite$pos$/usr/bin/../share/yosys/xilinx/cells_sim.v:1990$1210' using process `\RAM64M.$proc$/usr/bin/../share/yosys/xilinx/cells_sim.v:1986$1221'.
  created $dff cell `$procdff$2615' with positive edge clock.
Creating register for signal `\RAM64M.$bitselwrite$pos$/usr/bin/../share/yosys/xilinx/cells_sim.v:1991$1211' using process `\RAM64M.$proc$/usr/bin/../share/yosys/xilinx/cells_sim.v:1986$1221'.
  created $dff cell `$procdff$2616' with positive edge clock.
Creating register for signal `\RAM64M.$lookahead\mem_a$1217' using process `\RAM64M.$proc$/usr/bin/../share/yosys/xilinx/cells_sim.v:1986$1221'.
  created $dff cell `$procdff$2617' with positive edge clock.
Creating register for signal `\RAM64M.$lookahead\mem_b$1218' using process `\RAM64M.$proc$/usr/bin/../share/yosys/xilinx/cells_sim.v:1986$1221'.
  created $dff cell `$procdff$2618' with positive edge clock.
Creating register for signal `\RAM64M.$lookahead\mem_c$1219' using process `\RAM64M.$proc$/usr/bin/../share/yosys/xilinx/cells_sim.v:1986$1221'.
  created $dff cell `$procdff$2619' with positive edge clock.
Creating register for signal `\RAM64M.$lookahead\mem_d$1220' using process `\RAM64M.$proc$/usr/bin/../share/yosys/xilinx/cells_sim.v:1986$1221'.
  created $dff cell `$procdff$2620' with positive edge clock.
Creating register for signal `\RAM32M.$lookahead\mem_b$1098' using process `\RAM32M.$proc$/usr/bin/../share/yosys/xilinx/cells_sim.v:1812$1101'.
  created $dff cell `$procdff$2621' with positive edge clock.
Creating register for signal `\RAM32M.$lookahead\mem_a$1097' using process `\RAM32M.$proc$/usr/bin/../share/yosys/xilinx/cells_sim.v:1812$1101'.
  created $dff cell `$procdff$2622' with positive edge clock.
Creating register for signal `\RAM32M.$bitselwrite$pos$/usr/bin/../share/yosys/xilinx/cells_sim.v:1817$1083' using process `\RAM32M.$proc$/usr/bin/../share/yosys/xilinx/cells_sim.v:1812$1101'.
  created $dff cell `$procdff$2623' with positive edge clock.
Creating register for signal `\RAM32M.$bitselwrite$pos$/usr/bin/../share/yosys/xilinx/cells_sim.v:1816$1082' using process `\RAM32M.$proc$/usr/bin/../share/yosys/xilinx/cells_sim.v:1812$1101'.
  created $dff cell `$procdff$2624' with positive edge clock.
Creating register for signal `\RAM32M.$bitselwrite$pos$/usr/bin/../share/yosys/xilinx/cells_sim.v:1815$1081' using process `\RAM32M.$proc$/usr/bin/../share/yosys/xilinx/cells_sim.v:1812$1101'.
  created $dff cell `$procdff$2625' with positive edge clock.
Creating register for signal `\RAM32M.$bitselwrite$pos$/usr/bin/../share/yosys/xilinx/cells_sim.v:1814$1080' using process `\RAM32M.$proc$/usr/bin/../share/yosys/xilinx/cells_sim.v:1812$1101'.
  created $dff cell `$procdff$2626' with positive edge clock.
Creating register for signal `\RAM32M.\mem_d' using process `\RAM32M.$proc$/usr/bin/../share/yosys/xilinx/cells_sim.v:1812$1101'.
  created $dff cell `$procdff$2627' with positive edge clock.
Creating register for signal `\RAM32M.\mem_c' using process `\RAM32M.$proc$/usr/bin/../share/yosys/xilinx/cells_sim.v:1812$1101'.
  created $dff cell `$procdff$2628' with positive edge clock.
Creating register for signal `\RAM32M.\mem_b' using process `\RAM32M.$proc$/usr/bin/../share/yosys/xilinx/cells_sim.v:1812$1101'.
  created $dff cell `$procdff$2629' with positive edge clock.
Creating register for signal `\RAM32M.\mem_a' using process `\RAM32M.$proc$/usr/bin/../share/yosys/xilinx/cells_sim.v:1812$1101'.
  created $dff cell `$procdff$2630' with positive edge clock.
Creating register for signal `\RAM32M.$lookahead\mem_d$1100' using process `\RAM32M.$proc$/usr/bin/../share/yosys/xilinx/cells_sim.v:1812$1101'.
  created $dff cell `$procdff$2631' with positive edge clock.
Creating register for signal `\RAM32M.$lookahead\mem_c$1099' using process `\RAM32M.$proc$/usr/bin/../share/yosys/xilinx/cells_sim.v:1812$1101'.
  created $dff cell `$procdff$2632' with positive edge clock.
Creating register for signal `\RAM128X1D.$lookahead\mem$1047' using process `\RAM128X1D.$proc$/usr/bin/../share/yosys/xilinx/cells_sim.v:1716$1048'.
  created $dff cell `$procdff$2633' with positive edge clock.
Creating register for signal `\RAM128X1D.$bitselwrite$pos$/usr/bin/../share/yosys/xilinx/cells_sim.v:1716$1043' using process `\RAM128X1D.$proc$/usr/bin/../share/yosys/xilinx/cells_sim.v:1716$1048'.
  created $dff cell `$procdff$2634' with positive edge clock.
Creating register for signal `\RAM128X1D.\mem' using process `\RAM128X1D.$proc$/usr/bin/../share/yosys/xilinx/cells_sim.v:1716$1048'.
  created $dff cell `$procdff$2635' with positive edge clock.
Creating register for signal `\RAM64X1D.\mem' using process `\RAM64X1D.$proc$/usr/bin/../share/yosys/xilinx/cells_sim.v:1611$1011'.
  created $dff cell `$procdff$2636' with positive edge clock.
Creating register for signal `\RAM64X1D.$lookahead\mem$1010' using process `\RAM64X1D.$proc$/usr/bin/../share/yosys/xilinx/cells_sim.v:1611$1011'.
  created $dff cell `$procdff$2637' with positive edge clock.
Creating register for signal `\RAM64X1D.$bitselwrite$pos$/usr/bin/../share/yosys/xilinx/cells_sim.v:1611$1006' using process `\RAM64X1D.$proc$/usr/bin/../share/yosys/xilinx/cells_sim.v:1611$1011'.
  created $dff cell `$procdff$2638' with positive edge clock.
Creating register for signal `\RAM32X1D_1.$bitselwrite$pos$/usr/bin/../share/yosys/xilinx/cells_sim.v:1565$988' using process `\RAM32X1D_1.$proc$/usr/bin/../share/yosys/xilinx/cells_sim.v:1565$993'.
  created $dff cell `$procdff$2639' with negative edge clock.
Creating register for signal `\RAM32X1D_1.\mem' using process `\RAM32X1D_1.$proc$/usr/bin/../share/yosys/xilinx/cells_sim.v:1565$993'.
  created $dff cell `$procdff$2640' with negative edge clock.
Creating register for signal `\RAM32X1D_1.$lookahead\mem$992' using process `\RAM32X1D_1.$proc$/usr/bin/../share/yosys/xilinx/cells_sim.v:1565$993'.
  created $dff cell `$procdff$2641' with negative edge clock.
Creating register for signal `\RAM32X1D.$lookahead\mem$962' using process `\RAM32X1D.$proc$/usr/bin/../share/yosys/xilinx/cells_sim.v:1506$963'.
  created $dff cell `$procdff$2642' with positive edge clock.
Creating register for signal `\RAM32X1D.$bitselwrite$pos$/usr/bin/../share/yosys/xilinx/cells_sim.v:1506$958' using process `\RAM32X1D.$proc$/usr/bin/../share/yosys/xilinx/cells_sim.v:1506$963'.
  created $dff cell `$procdff$2643' with positive edge clock.
Creating register for signal `\RAM32X1D.\mem' using process `\RAM32X1D.$proc$/usr/bin/../share/yosys/xilinx/cells_sim.v:1506$963'.
  created $dff cell `$procdff$2644' with positive edge clock.
Creating register for signal `\FDPE_1.\Q' using process `\FDPE_1.$proc$/usr/bin/../share/yosys/xilinx/cells_sim.v:815$912'.
  created $adff cell `$procdff$2647' with negative edge clock and positive level reset.
Creating register for signal `\FDPE.\Q' using process `\FDPE.$proc$/usr/bin/../share/yosys/xilinx/cells_sim.v:774$909'.
  created $adff cell `$procdff$2650' with positive edge clock and positive level reset.
Creating register for signal `\FDCE_1.\Q' using process `\FDCE_1.$proc$/usr/bin/../share/yosys/xilinx/cells_sim.v:736$894'.
  created $adff cell `$procdff$2653' with negative edge clock and positive level reset.
Creating register for signal `\FDCE.\Q' using process `\FDCE.$proc$/usr/bin/../share/yosys/xilinx/cells_sim.v:695$891'.
  created $adff cell `$procdff$2656' with positive edge clock and positive level reset.
Creating register for signal `\FDSE_1.\Q' using process `\FDSE_1.$proc$/usr/bin/../share/yosys/xilinx/cells_sim.v:592$876'.
  created $dff cell `$procdff$2657' with negative edge clock.
Creating register for signal `\FDSE.\Q' using process `\FDSE.$proc$/usr/bin/../share/yosys/xilinx/cells_sim.v:559$872'.
  created $dff cell `$procdff$2658' with positive edge clock.
Creating register for signal `\FDRE_1.\Q' using process `\FDRE_1.$proc$/usr/bin/../share/yosys/xilinx/cells_sim.v:527$854'.
  created $dff cell `$procdff$2659' with negative edge clock.
Creating register for signal `\FDRE.\Q' using process `\FDRE.$proc$/usr/bin/../share/yosys/xilinx/cells_sim.v:494$850'.
  created $dff cell `$procdff$2660' with positive edge clock.
Creating register for signal `\soc_single.\u_dotp.result' using process `\soc_single.$flatten\u_dotp.$proc$rtl/custom/dotp.sv:60$158'.
  created $adff cell `$procdff$2665' with positive edge clock and positive level reset.
Creating register for signal `\soc_single.\u_dotp.a[0]' using process `\soc_single.$flatten\u_dotp.$proc$rtl/custom/dotp.sv:60$158'.
  created $adff cell `$procdff$2670' with positive edge clock and positive level reset.
Creating register for signal `\soc_single.\u_dotp.a[1]' using process `\soc_single.$flatten\u_dotp.$proc$rtl/custom/dotp.sv:60$158'.
  created $adff cell `$procdff$2675' with positive edge clock and positive level reset.
Creating register for signal `\soc_single.\u_dotp.a[2]' using process `\soc_single.$flatten\u_dotp.$proc$rtl/custom/dotp.sv:60$158'.
  created $adff cell `$procdff$2680' with positive edge clock and positive level reset.
Creating register for signal `\soc_single.\u_dotp.a[3]' using process `\soc_single.$flatten\u_dotp.$proc$rtl/custom/dotp.sv:60$158'.
  created $adff cell `$procdff$2685' with positive edge clock and positive level reset.
Creating register for signal `\soc_single.\u_dotp.b[0]' using process `\soc_single.$flatten\u_dotp.$proc$rtl/custom/dotp.sv:60$158'.
  created $adff cell `$procdff$2690' with positive edge clock and positive level reset.
Creating register for signal `\soc_single.\u_dotp.b[1]' using process `\soc_single.$flatten\u_dotp.$proc$rtl/custom/dotp.sv:60$158'.
  created $adff cell `$procdff$2695' with positive edge clock and positive level reset.
Creating register for signal `\soc_single.\u_dotp.b[2]' using process `\soc_single.$flatten\u_dotp.$proc$rtl/custom/dotp.sv:60$158'.
  created $adff cell `$procdff$2700' with positive edge clock and positive level reset.
Creating register for signal `\soc_single.\u_dotp.b[3]' using process `\soc_single.$flatten\u_dotp.$proc$rtl/custom/dotp.sv:60$158'.
  created $adff cell `$procdff$2705' with positive edge clock and positive level reset.
Creating register for signal `\soc_single.\u_timer.cnt' using process `\soc_single.$flatten\u_timer.$proc$rtl/periph/timer.sv:28$113'.
  created $adff cell `$procdff$2710' with positive edge clock and positive level reset.
Creating register for signal `\soc_single.\u_timer.cmp' using process `\soc_single.$flatten\u_timer.$proc$rtl/periph/timer.sv:28$113'.
  created $adff cell `$procdff$2715' with positive edge clock and positive level reset.
Creating register for signal `\soc_single.\u_timer.ie' using process `\soc_single.$flatten\u_timer.$proc$rtl/periph/timer.sv:28$113'.
  created $adff cell `$procdff$2720' with positive edge clock and positive level reset.
Creating register for signal `\soc_single.\u_timer.pending' using process `\soc_single.$flatten\u_timer.$proc$rtl/periph/timer.sv:28$113'.
  created $adff cell `$procdff$2725' with positive edge clock and positive level reset.
Creating register for signal `\soc_single.\u_uart.rx_avail' using process `\soc_single.$flatten\u_uart.$proc$rtl/periph/uart.sv:47$252'.
  created $adff cell `$procdff$2730' with positive edge clock and positive level reset.
Creating register for signal `\soc_single.\u_uart.tx_hold' using process `\soc_single.$flatten\u_uart.$proc$rtl/periph/uart.sv:47$252'.
  created $adff cell `$procdff$2735' with positive edge clock and positive level reset.
Creating register for signal `\soc_single.\u_uart.tx_pending' using process `\soc_single.$flatten\u_uart.$proc$rtl/periph/uart.sv:47$252'.
  created $adff cell `$procdff$2740' with positive edge clock and positive level reset.
Creating register for signal `\soc_single.\u_uart.rx_hold' using process `\soc_single.$flatten\u_uart.$proc$rtl/periph/uart.sv:68$267'.
  created $adff cell `$procdff$2745' with positive edge clock and positive level reset.
Creating register for signal `\soc_single.\u_uart.u_tx.frame' using process `\soc_single.$flatten\u_uart.\u_tx.$proc$rtl/periph/uart_tx.sv:21$218'.
  created $adff cell `$procdff$2750' with positive edge clock and positive level reset.
Creating register for signal `\soc_single.\u_uart.u_tx.bitpos' using process `\soc_single.$flatten\u_uart.\u_tx.$proc$rtl/periph/uart_tx.sv:21$218'.
  created $adff cell `$procdff$2755' with positive edge clock and positive level reset.
Creating register for signal `\soc_single.\u_uart.u_tx.baud_cnt' using process `\soc_single.$flatten\u_uart.\u_tx.$proc$rtl/periph/uart_tx.sv:21$218'.
  created $adff cell `$procdff$2760' with positive edge clock and positive level reset.
Creating register for signal `\soc_single.\u_uart.u_tx.active' using process `\soc_single.$flatten\u_uart.\u_tx.$proc$rtl/periph/uart_tx.sv:21$218'.
  created $adff cell `$procdff$2765' with positive edge clock and positive level reset.
Creating register for signal `\soc_single.\u_uart.u_rx.data' using process `\soc_single.$flatten\u_uart.\u_rx.$proc$rtl/periph/uart_rx.sv:30$205'.
  created $adff cell `$procdff$2770' with positive edge clock and positive level reset.
Creating register for signal `\soc_single.\u_uart.u_rx.bitpos' using process `\soc_single.$flatten\u_uart.\u_rx.$proc$rtl/periph/uart_rx.sv:30$205'.
  created $adff cell `$procdff$2775' with positive edge clock and positive level reset.
Creating register for signal `\soc_single.\u_uart.u_rx.baud_cnt' using process `\soc_single.$flatten\u_uart.\u_rx.$proc$rtl/periph/uart_rx.sv:30$205'.
  created $adff cell `$procdff$2780' with positive edge clock and positive level reset.
Creating register for signal `\soc_single.\u_uart.u_rx.ready' using process `\soc_single.$flatten\u_uart.\u_rx.$proc$rtl/periph/uart_rx.sv:30$205'.
  created $adff cell `$procdff$2785' with positive edge clock and positive level reset.
Creating register for signal `\soc_single.\u_uart.u_rx.state' using process `\soc_single.$flatten\u_uart.\u_rx.$proc$rtl/periph/uart_rx.sv:30$205'.
  created $adff cell `$procdff$2790' with positive edge clock and positive level reset.
Creating register for signal `\soc_single.\u_uart.u_rx.shreg' using process `\soc_single.$flatten\u_uart.\u_rx.$proc$rtl/periph/uart_rx.sv:30$205'.
  created $adff cell `$procdff$2795' with positive edge clock and positive level reset.
Creating register for signal `\soc_single.\u_uart.u_rx.rx_meta' using process `\soc_single.$flatten\u_uart.\u_rx.$proc$rtl/periph/uart_rx.sv:13$203'.
  created $adff cell `$procdff$2800' with positive edge clock and positive level reset.
Creating register for signal `\soc_single.\u_uart.u_rx.rx_sync' using process `\soc_single.$flatten\u_uart.\u_rx.$proc$rtl/periph/uart_rx.sv:13$203'.
  created $adff cell `$procdff$2805' with positive edge clock and positive level reset.
Creating register for signal `\soc_single.\u_core.pc' using process `\soc_single.$flatten\u_core.$proc$rtl/core/core_single.sv:193$294'.
  created $adff cell `$procdff$2810' with positive edge clock and positive level reset.
Creating register for signal `\soc_single.\u_core.epc' using process `\soc_single.$flatten\u_core.$proc$rtl/core/core_single.sv:193$294'.
  created $adff cell `$procdff$2815' with positive edge clock and positive level reset.
Creating register for signal `\soc_single.\u_core.in_handler' using process `\soc_single.$flatten\u_core.$proc$rtl/core/core_single.sv:193$294'.
  created $adff cell `$procdff$2820' with positive edge clock and positive level reset.
Creating register for signal `\soc_single.$flatten\u_core.\u_rf.$memwr$\regs$rtl/core/regfile.sv:34$225_ADDR' using process `\soc_single.$flatten\u_core.\u_rf.$proc$rtl/core/regfile.sv:32$226'.
  created $dff cell `$procdff$2821' with positive edge clock.
Creating register for signal `\soc_single.$flatten\u_core.\u_rf.$memwr$\regs$rtl/core/regfile.sv:34$225_DATA' using process `\soc_single.$flatten\u_core.\u_rf.$proc$rtl/core/regfile.sv:32$226'.
  created $dff cell `$procdff$2822' with positive edge clock.
Creating register for signal `\soc_single.$flatten\u_core.\u_rf.$memwr$\regs$rtl/core/regfile.sv:34$225_EN' using process `\soc_single.$flatten\u_core.\u_rf.$proc$rtl/core/regfile.sv:32$226'.
  created $dff cell `$procdff$2823' with positive edge clock.
Creating register for signal `\soc_single.\exit_valid' using process `\soc_single.$proc$rtl/soc/soc_single.sv:138$200'.
  created $adff cell `$procdff$2828' with positive edge clock and positive level reset.
Creating register for signal `\soc_single.\exit_code' using process `\soc_single.$proc$rtl/soc/soc_single.sv:138$200'.
  created $adff cell `$procdff$2833' with positive edge clock and positive level reset.

16.4.10. Executing PROC_MEMWR pass (convert process memory writes to cells).

16.4.11. Executing PROC_CLEAN pass (remove empty switches from decision trees).
Removing empty process `SRLC32E.$proc$/usr/bin/../share/yosys/xilinx/cells_sim.v:2405$1350'.
Found and cleaned up 1 empty switch in `\SRLC32E.$proc$/usr/bin/../share/yosys/xilinx/cells_sim.v:2413$1349'.
Removing empty process `SRLC32E.$proc$/usr/bin/../share/yosys/xilinx/cells_sim.v:2413$1349'.
Removing empty process `SRLC16E.$proc$/usr/bin/../share/yosys/xilinx/cells_sim.v:2361$1343'.
Found and cleaned up 1 empty switch in `\SRLC16E.$proc$/usr/bin/../share/yosys/xilinx/cells_sim.v:2369$1342'.
Removing empty process `SRLC16E.$proc$/usr/bin/../share/yosys/xilinx/cells_sim.v:2369$1342'.
Removing empty process `SRLC16.$proc$/usr/bin/../share/yosys/xilinx/cells_sim.v:2329$1336'.
Removing empty process `SRLC16.$proc$/usr/bin/../share/yosys/xilinx/cells_sim.v:2332$1335'.
Removing empty process `SRL16E.$proc$/usr/bin/../share/yosys/xilinx/cells_sim.v:2292$1333'.
Found and cleaned up 1 empty switch in `\SRL16E.$proc$/usr/bin/../share/yosys/xilinx/cells_sim.v:2299$1332'.
Removing empty process `SRL16E.$proc$/usr/bin/../share/yosys/xilinx/cells_sim.v:2299$1332'.
Removing empty process `SRL16.$proc$/usr/bin/../share/yosys/xilinx/cells_sim.v:2264$1326'.
Removing empty process `SRL16.$proc$/usr/bin/../share/yosys/xilinx/cells_sim.v:2266$1325'.
Removing empty process `RAM64M.$proc$/usr/bin/../share/yosys/xilinx/cells_sim.v:1980$1299'.
Removing empty process `RAM64M.$proc$/usr/bin/../share/yosys/xilinx/cells_sim.v:1979$1298'.
Removing empty process `RAM64M.$proc$/usr/bin/../share/yosys/xilinx/cells_sim.v:1978$1297'.
Removing empty process `RAM64M.$proc$/usr/bin/../share/yosys/xilinx/cells_sim.v:1977$1296'.
Found and cleaned up 1 empty switch in `\RAM64M.$proc$/usr/bin/../share/yosys/xilinx/cells_sim.v:1986$1221'.
Removing empty process `RAM64M.$proc$/usr/bin/../share/yosys/xilinx/cells_sim.v:1986$1221'.
Removing empty process `RAM32M.$proc$/usr/bin/../share/yosys/xilinx/cells_sim.v:1806$1199'.
Removing empty process `RAM32M.$proc$/usr/bin/../share/yosys/xilinx/cells_sim.v:1805$1198'.
Removing empty process `RAM32M.$proc$/usr/bin/../share/yosys/xilinx/cells_sim.v:1804$1197'.
Removing empty process `RAM32M.$proc$/usr/bin/../share/yosys/xilinx/cells_sim.v:1803$1196'.
Found and cleaned up 1 empty switch in `\RAM32M.$proc$/usr/bin/../share/yosys/xilinx/cells_sim.v:1812$1101'.
Removing empty process `RAM32M.$proc$/usr/bin/../share/yosys/xilinx/cells_sim.v:1812$1101'.
Removing empty process `RAM128X1D.$proc$/usr/bin/../share/yosys/xilinx/cells_sim.v:1712$1078'.
Found and cleaned up 1 empty switch in `\RAM128X1D.$proc$/usr/bin/../share/yosys/xilinx/cells_sim.v:1716$1048'.
Removing empty process `RAM128X1D.$proc$/usr/bin/../share/yosys/xilinx/cells_sim.v:1716$1048'.
Removing empty process `RAM64X1D.$proc$/usr/bin/../share/yosys/xilinx/cells_sim.v:1607$1041'.
Found and cleaned up 1 empty switch in `\RAM64X1D.$proc$/usr/bin/../share/yosys/xilinx/cells_sim.v:1611$1011'.
Removing empty process `RAM64X1D.$proc$/usr/bin/../share/yosys/xilinx/cells_sim.v:1611$1011'.
Removing empty process `RAM32X1D_1.$proc$/usr/bin/../share/yosys/xilinx/cells_sim.v:1561$1005'.
Found and cleaned up 1 empty switch in `\RAM32X1D_1.$proc$/usr/bin/../share/yosys/xilinx/cells_sim.v:1565$993'.
Removing empty process `RAM32X1D_1.$proc$/usr/bin/../share/yosys/xilinx/cells_sim.v:1565$993'.
Removing empty process `RAM32X1D.$proc$/usr/bin/../share/yosys/xilinx/cells_sim.v:1502$987'.
Found and cleaned up 1 empty switch in `\RAM32X1D.$proc$/usr/bin/../share/yosys/xilinx/cells_sim.v:1506$963'.
Removing empty process `RAM32X1D.$proc$/usr/bin/../share/yosys/xilinx/cells_sim.v:1506$963'.
Removing empty process `FDPE_1.$proc$/usr/bin/../share/yosys/xilinx/cells_sim.v:0$915'.
Found and cleaned up 1 empty switch in `\FDPE_1.$proc$/usr/bin/../share/yosys/xilinx/cells_sim.v:815$912'.
Removing empty process `FDPE_1.$proc$/usr/bin/../share/yosys/xilinx/cells_sim.v:815$912'.
Removing empty process `FDPE.$proc$/usr/bin/../share/yosys/xilinx/cells_sim.v:0$911'.
Found and cleaned up 1 empty switch in `\FDPE.$proc$/usr/bin/../share/yosys/xilinx/cells_sim.v:774$909'.
Removing empty process `FDPE.$proc$/usr/bin/../share/yosys/xilinx/cells_sim.v:774$909'.
Removing empty process `FDCE_1.$proc$/usr/bin/../share/yosys/xilinx/cells_sim.v:0$897'.
Found and cleaned up 1 empty switch in `\FDCE_1.$proc$/usr/bin/../share/yosys/xilinx/cells_sim.v:736$894'.
Removing empty process `FDCE_1.$proc$/usr/bin/../share/yosys/xilinx/cells_sim.v:736$894'.
Removing empty process `FDCE.$proc$/usr/bin/../share/yosys/xilinx/cells_sim.v:0$893'.
Found and cleaned up 1 empty switch in `\FDCE.$proc$/usr/bin/../share/yosys/xilinx/cells_sim.v:695$891'.
Removing empty process `FDCE.$proc$/usr/bin/../share/yosys/xilinx/cells_sim.v:695$891'.
Removing empty process `FDSE_1.$proc$/usr/bin/../share/yosys/xilinx/cells_sim.v:0$879'.
Found and cleaned up 2 empty switches in `\FDSE_1.$proc$/usr/bin/../share/yosys/xilinx/cells_sim.v:592$876'.
Removing empty process `FDSE_1.$proc$/usr/bin/../share/yosys/xilinx/cells_sim.v:592$876'.
Removing empty process `FDSE.$proc$/usr/bin/../share/yosys/xilinx/cells_sim.v:0$875'.
Found and cleaned up 2 empty switches in `\FDSE.$proc$/usr/bin/../share/yosys/xilinx/cells_sim.v:559$872'.
Removing empty process `FDSE.$proc$/usr/bin/../share/yosys/xilinx/cells_sim.v:559$872'.
Removing empty process `FDRE_1.$proc$/usr/bin/../share/yosys/xilinx/cells_sim.v:0$857'.
Found and cleaned up 2 empty switches in `\FDRE_1.$proc$/usr/bin/../share/yosys/xilinx/cells_sim.v:527$854'.
Removing empty process `FDRE_1.$proc$/usr/bin/../share/yosys/xilinx/cells_sim.v:527$854'.
Removing empty process `FDRE.$proc$/usr/bin/../share/yosys/xilinx/cells_sim.v:0$853'.
Found and cleaned up 2 empty switches in `\FDRE.$proc$/usr/bin/../share/yosys/xilinx/cells_sim.v:494$850'.
Removing empty process `FDRE.$proc$/usr/bin/../share/yosys/xilinx/cells_sim.v:494$850'.
Found and cleaned up 3 empty switches in `\soc_single.$flatten\u_dotp.$proc$rtl/custom/dotp.sv:60$158'.
Removing empty process `soc_single.$flatten\u_dotp.$proc$rtl/custom/dotp.sv:60$158'.
Found and cleaned up 1 empty switch in `\soc_single.$flatten\u_dotp.$proc$rtl/custom/dotp.sv:0$161'.
Removing empty process `soc_single.$flatten\u_dotp.$proc$rtl/custom/dotp.sv:0$161'.
Found and cleaned up 4 empty switches in `\soc_single.$flatten\u_timer.$proc$rtl/periph/timer.sv:28$113'.
Removing empty process `soc_single.$flatten\u_timer.$proc$rtl/periph/timer.sv:28$113'.
Found and cleaned up 1 empty switch in `\soc_single.$flatten\u_timer.$proc$rtl/periph/timer.sv:0$118'.
Removing empty process `soc_single.$flatten\u_timer.$proc$rtl/periph/timer.sv:0$118'.
Found and cleaned up 4 empty switches in `\soc_single.$flatten\u_uart.$proc$rtl/periph/uart.sv:47$252'.
Removing empty process `soc_single.$flatten\u_uart.$proc$rtl/periph/uart.sv:47$252'.
Found and cleaned up 1 empty switch in `\soc_single.$flatten\u_uart.$proc$rtl/periph/uart.sv:68$267'.
Removing empty process `soc_single.$flatten\u_uart.$proc$rtl/periph/uart.sv:68$267'.
Found and cleaned up 1 empty switch in `\soc_single.$flatten\u_uart.$proc$rtl/periph/uart.sv:0$269'.
Removing empty process `soc_single.$flatten\u_uart.$proc$rtl/periph/uart.sv:0$269'.
Found and cleaned up 4 empty switches in `\soc_single.$flatten\u_uart.\u_tx.$proc$rtl/periph/uart_tx.sv:21$218'.
Removing empty process `soc_single.$flatten\u_uart.\u_tx.$proc$rtl/periph/uart_tx.sv:21$218'.
Found and cleaned up 8 empty switches in `\soc_single.$flatten\u_uart.\u_rx.$proc$rtl/periph/uart_rx.sv:30$205'.
Removing empty process `soc_single.$flatten\u_uart.\u_rx.$proc$rtl/periph/uart_rx.sv:30$205'.
Removing empty process `soc_single.$flatten\u_uart.\u_rx.$proc$rtl/periph/uart_rx.sv:13$203'.
Found and cleaned up 1 empty switch in `\soc_single.$flatten\u_core.$proc$rtl/core/core_single.sv:0$270'.
Removing empty process `soc_single.$flatten\u_core.$proc$rtl/core/core_single.sv:0$270'.
Found and cleaned up 1 empty switch in `\soc_single.$flatten\u_core.$proc$rtl/core/core_single.sv:0$272'.
Removing empty process `soc_single.$flatten\u_core.$proc$rtl/core/core_single.sv:0$272'.
Found and cleaned up 1 empty switch in `\soc_single.$flatten\u_core.$proc$rtl/core/core_single.sv:0$286'.
Removing empty process `soc_single.$flatten\u_core.$proc$rtl/core/core_single.sv:0$286'.
Found and cleaned up 3 empty switches in `\soc_single.$flatten\u_core.$proc$rtl/core/core_single.sv:0$292'.
Removing empty process `soc_single.$flatten\u_core.$proc$rtl/core/core_single.sv:0$292'.
Found and cleaned up 2 empty switches in `\soc_single.$flatten\u_core.$proc$rtl/core/core_single.sv:193$294'.
Removing empty process `soc_single.$flatten\u_core.$proc$rtl/core/core_single.sv:193$294'.
Found and cleaned up 24 empty switches in `\soc_single.$flatten\u_core.\u_dec.$proc$rtl/core/decoder.sv:0$40'.
Removing empty process `soc_single.$flatten\u_core.\u_dec.$proc$rtl/core/decoder.sv:0$40'.
Found and cleaned up 4 empty switches in `\soc_single.$flatten\u_core.\u_rf.$proc$rtl/core/regfile.sv:0$245'.
Removing empty process `soc_single.$flatten\u_core.\u_rf.$proc$rtl/core/regfile.sv:0$245'.
Found and cleaned up 1 empty switch in `\soc_single.$flatten\u_core.\u_rf.$proc$rtl/core/regfile.sv:32$226'.
Removing empty process `soc_single.$flatten\u_core.\u_rf.$proc$rtl/core/regfile.sv:32$226'.
Found and cleaned up 1 empty switch in `\soc_single.$flatten\u_core.\u_imm.$proc$rtl/core/imm_gen.sv:0$39'.
Removing empty process `soc_single.$flatten\u_core.\u_imm.$proc$rtl/core/imm_gen.sv:0$39'.
Found and cleaned up 1 empty switch in `\soc_single.$flatten\u_core.\u_alu.$proc$rtl/core/alu.sv:0$4'.
Removing empty process `soc_single.$flatten\u_core.\u_alu.$proc$rtl/core/alu.sv:0$4'.
Found and cleaned up 1 empty switch in `\soc_single.$proc$rtl/soc/soc_single.sv:138$200'.
Removing empty process `soc_single.$proc$rtl/soc/soc_single.sv:138$200'.
Found and cleaned up 1 empty switch in `\soc_single.$proc$rtl/soc/soc_single.sv:0$199'.
Removing empty process `soc_single.$proc$rtl/soc/soc_single.sv:0$199'.
Cleaned up 89 empty switches.

16.4.12. Executing OPT_EXPR pass (perform const folding).
Optimizing module soc_single.
Couldn't topologically sort cells, optimizing module soc_single may take a longer time.
<suppressed ~125 debug messages>

16.5. Executing TRIBUF pass.

16.6. Executing DEMINOUT pass (demote inout ports to input or output).

16.7. Executing OPT_EXPR pass (perform const folding).
Optimizing module soc_single.

16.8. Executing OPT_CLEAN pass (remove unused cells and wires).
Finding unused cells or wires in module \soc_single..
Removed 54 unused cells and 432 unused wires.
<suppressed ~56 debug messages>

16.9. Executing CHECK pass (checking for obvious problems).
Checking module soc_single...
Found and reported 0 problems.

16.10. Executing OPT pass (performing simple optimizations).

16.10.1. Executing OPT_EXPR pass (perform const folding).
Optimizing module soc_single.

16.10.2. Executing OPT_MERGE pass (detect identical cells).
Finding identical cells in module `\soc_single'.
<suppressed ~642 debug messages>
Removed a total of 214 cells.

16.10.3. Executing OPT_MUXTREE pass (detect dead branches in mux trees).
Running muxtree optimizer on module \soc_single..
  Creating internal representation of mux trees.
  Evaluating internal representation of mux trees.
      Replacing known input bits on port A of cell $procmux$1649: \u_uart.u_tx.active -> 1'1
      Replacing known input bits on port A of cell $procmux$1647: \u_uart.u_tx.active -> 1'1
      Replacing known input bits on port A of cell $procmux$1652: \u_uart.u_tx.active -> 1'0
  Analyzing evaluation results.
    dead port 1/2 on $mux $procmux$1768.
    dead port 1/2 on $mux $procmux$1771.
    dead port 1/2 on $mux $procmux$1777.
    dead port 2/2 on $mux $procmux$1809.
    dead port 2/2 on $mux $procmux$1814.
    dead port 2/2 on $mux $procmux$1820.
    dead port 2/2 on $mux $procmux$1826.
    dead port 2/2 on $mux $procmux$1833.
    dead port 2/2 on $mux $procmux$1840.
    dead port 2/2 on $mux $procmux$1848.
    dead port 2/2 on $mux $procmux$1850.
    dead port 2/2 on $mux $procmux$1859.
    dead port 2/2 on $mux $procmux$1861.
    dead port 1/2 on $mux $procmux$1872.
    dead port 2/2 on $mux $procmux$1874.
    dead port 2/2 on $mux $procmux$1876.
    dead port 1/2 on $mux $procmux$1887.
    dead port 2/2 on $mux $procmux$1889.
    dead port 2/2 on $mux $procmux$1891.
    dead port 2/2 on $mux $procmux$1901.
    dead port 2/2 on $mux $procmux$1903.
    dead port 2/2 on $mux $procmux$1913.
    dead port 2/2 on $mux $procmux$1915.
    dead port 2/2 on $mux $procmux$1926.
    dead port 2/2 on $mux $procmux$1928.
    dead port 2/2 on $mux $procmux$1940.
    dead port 2/2 on $mux $procmux$1942.
    dead port 2/2 on $mux $procmux$1955.
    dead port 2/2 on $mux $procmux$1957.
    dead port 2/2 on $mux $procmux$1971.
    dead port 2/2 on $mux $procmux$1973.
    dead port 1/2 on $mux $procmux$1989.
    dead port 1/2 on $mux $procmux$1992.
    dead port 2/2 on $mux $procmux$1994.
    dead port 2/2 on $mux $procmux$1996.
    dead port 1/2 on $mux $procmux$2012.
    dead port 1/2 on $mux $procmux$2015.
    dead port 2/2 on $mux $procmux$2017.
    dead port 2/2 on $mux $procmux$2019.
    dead port 1/2 on $mux $procmux$2035.
    dead port 2/2 on $mux $procmux$2037.
    dead port 2/2 on $mux $procmux$2039.
    dead port 1/2 on $mux $procmux$2055.
    dead port 2/2 on $mux $procmux$2057.
    dead port 2/2 on $mux $procmux$2059.
    dead port 2/2 on $mux $procmux$2074.
    dead port 2/2 on $mux $procmux$2076.
    dead port 2/2 on $mux $procmux$2091.
    dead port 2/2 on $mux $procmux$2093.
    dead port 2/2 on $mux $procmux$2107.
    dead port 2/2 on $mux $procmux$2121.
    dead port 1/2 on $mux $procmux$2131.
    dead port 2/2 on $mux $procmux$2133.
    dead port 2/2 on $mux $procmux$2135.
    dead port 1/2 on $mux $procmux$2145.
    dead port 2/2 on $mux $procmux$2147.
    dead port 2/2 on $mux $procmux$2149.
    dead port 2/2 on $mux $procmux$2158.
    dead port 2/2 on $mux $procmux$2160.
    dead port 2/2 on $mux $procmux$2169.
    dead port 2/2 on $mux $procmux$2171.
    dead port 2/2 on $mux $procmux$2181.
    dead port 2/2 on $mux $procmux$2183.
    dead port 2/2 on $mux $procmux$2198.
    dead port 2/2 on $mux $procmux$2213.
    dead port 2/2 on $mux $procmux$2223.
    dead port 2/2 on $mux $procmux$2232.
    dead port 2/2 on $mux $procmux$2242.
    dead port 2/2 on $mux $procmux$2252.
    dead port 2/2 on $mux $procmux$2262.
    dead port 2/2 on $mux $procmux$2272.
    dead port 2/2 on $mux $procmux$2282.
    dead port 2/2 on $mux $procmux$2293.
    dead port 2/2 on $mux $procmux$2304.
    dead port 2/2 on $mux $procmux$2315.
    dead port 2/2 on $mux $procmux$2326.
    dead port 2/2 on $mux $procmux$2343.
    dead port 2/2 on $mux $procmux$2360.
    dead port 2/2 on $mux $procmux$2372.
    dead port 2/2 on $mux $procmux$2385.
    dead port 2/2 on $mux $procmux$2398.
    dead port 2/2 on $mux $procmux$2411.
    dead port 2/2 on $mux $procmux$2424.
    dead port 2/2 on $mux $procmux$2437.
    dead port 1/2 on $mux $procmux$2551.
    dead port 1/2 on $mux $procmux$2560.
Removed 86 multiplexer ports.
<suppressed ~65 debug messages>

16.10.4. Executing OPT_REDUCE pass (consolidate $*mux and $reduce_* inputs).
  Optimizing cells in module \soc_single.
    New ctrl vector for $pmux cell $procmux$1635: { $procmux$1614_CMP $auto$opt_reduce.cc:137:opt_pmux$2836 }
    New ctrl vector for $pmux cell $procmux$2204: { $auto$opt_reduce.cc:137:opt_pmux$2838 $procmux$1972_CMP $procmux$1875_CMP }
    New ctrl vector for $pmux cell $procmux$2353: $auto$opt_reduce.cc:137:opt_pmux$2840
    New ctrl vector for $pmux cell $procmux$2444: { $auto$opt_reduce.cc:137:opt_pmux$2842 $procmux$2449_CMP $procmux$2344_CMP $procmux$2224_CMP }
    New ctrl vector for $pmux cell $procmux$2455: { $procmux$2136_CMP $procmux$1851_CMP }
    New ctrl vector for $pmux cell $procmux$2464: { $procmux$2273_CMP $procmux$2224_CMP $auto$opt_reduce.cc:137:opt_pmux$2844 }
    New ctrl vector for $pmux cell $procmux$2484: { $procmux$2373_CMP $procmux$2273_CMP $auto$opt_reduce.cc:137:opt_pmux$2846 $procmux$1810_CMP }
    New ctrl vector for $pmux cell $procmux$2494: { $auto$opt_reduce.cc:137:opt_pmux$2848 $procmux$2373_CMP $procmux$2344_CMP $procmux$2273_CMP $procmux$2224_CMP $procmux$2136_CMP $procmux$1851_CMP $procmux$1834_CMP $procmux$1810_CMP }
    New ctrl vector for $pmux cell $procmux$2542: { $procmux$2449_CMP $procmux$2373_CMP $procmux$2273_CMP }
    Consolidated identical input bits for $mux cell $procmux$2566:
      Old ports: A=0, B=32'11111111111111111111111111111111, Y=$flatten\u_core.\u_rf.$0$memwr$\regs$rtl/core/regfile.sv:34$225_EN[31:0]$229
      New ports: A=1'0, B=1'1, Y=$flatten\u_core.\u_rf.$0$memwr$\regs$rtl/core/regfile.sv:34$225_EN[31:0]$229 [0]
      New connections: $flatten\u_core.\u_rf.$0$memwr$\regs$rtl/core/regfile.sv:34$225_EN[31:0]$229 [31:1] = { $flatten\u_core.\u_rf.$0$memwr$\regs$rtl/core/regfile.sv:34$225_EN[31:0]$229 [0] $flatten\u_core.\u_rf.$0$memwr$\regs$rtl/core/regfile.sv:34$225_EN[31:0]$229 [0] $flatten\u_core.\u_rf.$0$memwr$\regs$rtl/core/regfile.sv:34$225_EN[31:0]$229 [0] $flatten\u_core.\u_rf.$0$memwr$\regs$rtl/core/regfile.sv:34$225_EN[31:0]$229 [0] $flatten\u_core.\u_rf.$0$memwr$\regs$rtl/core/regfile.sv:34$225_EN[31:0]$229 [0] $flatten\u_core.\u_rf.$0$memwr$\regs$rtl/core/regfile.sv:34$225_EN[31:0]$229 [0] $flatten\u_core.\u_rf.$0$memwr$\regs$rtl/core/regfile.sv:34$225_EN[31:0]$229 [0] $flatten\u_core.\u_rf.$0$memwr$\regs$rtl/core/regfile.sv:34$225_EN[31:0]$229 [0] $flatten\u_core.\u_rf.$0$memwr$\regs$rtl/core/regfile.sv:34$225_EN[31:0]$229 [0] $flatten\u_core.\u_rf.$0$memwr$\regs$rtl/core/regfile.sv:34$225_EN[31:0]$229 [0] $flatten\u_core.\u_rf.$0$memwr$\regs$rtl/core/regfile.sv:34$225_EN[31:0]$229 [0] $flatten\u_core.\u_rf.$0$memwr$\regs$rtl/core/regfile.sv:34$225_EN[31:0]$229 [0] $flatten\u_core.\u_rf.$0$memwr$\regs$rtl/core/regfile.sv:34$225_EN[31:0]$229 [0] $flatten\u_core.\u_rf.$0$memwr$\regs$rtl/core/regfile.sv:34$225_EN[31:0]$229 [0] $flatten\u_core.\u_rf.$0$memwr$\regs$rtl/core/regfile.sv:34$225_EN[31:0]$229 [0] $flatten\u_core.\u_rf.$0$memwr$\regs$rtl/core/regfile.sv:34$225_EN[31:0]$229 [0] $flatten\u_core.\u_rf.$0$memwr$\regs$rtl/core/regfile.sv:34$225_EN[31:0]$229 [0] $flatten\u_core.\u_rf.$0$memwr$\regs$rtl/core/regfile.sv:34$225_EN[31:0]$229 [0] $flatten\u_core.\u_rf.$0$memwr$\regs$rtl/core/regfile.sv:34$225_EN[31:0]$229 [0] $flatten\u_core.\u_rf.$0$memwr$\regs$rtl/core/regfile.sv:34$225_EN[31:0]$229 [0] $flatten\u_core.\u_rf.$0$memwr$\regs$rtl/core/regfile.sv:34$225_EN[31:0]$229 [0] $flatten\u_core.\u_rf.$0$memwr$\regs$rtl/core/regfile.sv:34$225_EN[31:0]$229 [0] $flatten\u_core.\u_rf.$0$memwr$\regs$rtl/core/regfile.sv:34$225_EN[31:0]$229 [0] $flatten\u_core.\u_rf.$0$memwr$\regs$rtl/core/regfile.sv:34$225_EN[31:0]$229 [0] $flatten\u_core.\u_rf.$0$memwr$\regs$rtl/core/regfile.sv:34$225_EN[31:0]$229 [0] $flatten\u_core.\u_rf.$0$memwr$\regs$rtl/core/regfile.sv:34$225_EN[31:0]$229 [0] $flatten\u_core.\u_rf.$0$memwr$\regs$rtl/core/regfile.sv:34$225_EN[31:0]$229 [0] $flatten\u_core.\u_rf.$0$memwr$\regs$rtl/core/regfile.sv:34$225_EN[31:0]$229 [0] $flatten\u_core.\u_rf.$0$memwr$\regs$rtl/core/regfile.sv:34$225_EN[31:0]$229 [0] $flatten\u_core.\u_rf.$0$memwr$\regs$rtl/core/regfile.sv:34$225_EN[31:0]$229 [0] $flatten\u_core.\u_rf.$0$memwr$\regs$rtl/core/regfile.sv:34$225_EN[31:0]$229 [0] }
  Optimizing cells in module \soc_single.
Performed a total of 10 changes.

16.10.5. Executing OPT_MERGE pass (detect identical cells).
Finding identical cells in module `\soc_single'.
<suppressed ~57 debug messages>
Removed a total of 19 cells.

16.10.6. Executing OPT_DFF pass (perform DFF optimizations).

16.10.7. Executing OPT_CLEAN pass (remove unused cells and wires).
Finding unused cells or wires in module \soc_single..
Removed 0 unused cells and 319 unused wires.
<suppressed ~1 debug messages>

16.10.8. Executing OPT_EXPR pass (perform const folding).
Optimizing module soc_single.

16.10.9. Rerunning OPT passes. (Maybe there is more to do..)

16.10.10. Executing OPT_MUXTREE pass (detect dead branches in mux trees).
Running muxtree optimizer on module \soc_single..
  Creating internal representation of mux trees.
  Evaluating internal representation of mux trees.
  Analyzing evaluation results.
Removed 0 multiplexer ports.
<suppressed ~70 debug messages>

16.10.11. Executing OPT_REDUCE pass (consolidate $*mux and $reduce_* inputs).
  Optimizing cells in module \soc_single.
    New ctrl vector for $pmux cell $procmux$1711: { $procmux$1707_CMP $procmux$1704_CMP $auto$opt_reduce.cc:137:opt_pmux$2850 }
    New ctrl vector for $pmux cell $procmux$2098: { $flatten\u_core.\u_dec.$eq$rtl/core/decoder.sv:168$59_Y $procmux$1875_CMP $auto$opt_reduce.cc:137:opt_pmux$2852 }
    New ctrl vector for $pmux cell $procmux$2464: { $auto$opt_reduce.cc:137:opt_pmux$2854 $auto$opt_reduce.cc:137:opt_pmux$2844 }
    New ctrl vector for $pmux cell $procmux$2484: { $procmux$2273_CMP $auto$opt_reduce.cc:137:opt_pmux$2846 $auto$opt_reduce.cc:137:opt_pmux$2856 }
    New ctrl vector for $pmux cell $procmux$2494: { $auto$opt_reduce.cc:137:opt_pmux$2848 $procmux$2344_CMP $auto$opt_reduce.cc:137:opt_pmux$2860 $procmux$2136_CMP $procmux$1851_CMP $procmux$1834_CMP $auto$opt_reduce.cc:137:opt_pmux$2858 }
  Optimizing cells in module \soc_single.
Performed a total of 5 changes.

16.10.12. Executing OPT_MERGE pass (detect identical cells).
Finding identical cells in module `\soc_single'.
<suppressed ~6 debug messages>
Removed a total of 2 cells.

16.10.13. Executing OPT_DFF pass (perform DFF optimizations).

16.10.14. Executing OPT_CLEAN pass (remove unused cells and wires).
Finding unused cells or wires in module \soc_single..
Removed 0 unused cells and 2 unused wires.
<suppressed ~1 debug messages>

16.10.15. Executing OPT_EXPR pass (perform const folding).
Optimizing module soc_single.

16.10.16. Rerunning OPT passes. (Maybe there is more to do..)

16.10.17. Executing OPT_MUXTREE pass (detect dead branches in mux trees).
Running muxtree optimizer on module \soc_single..
  Creating internal representation of mux trees.
  Evaluating internal representation of mux trees.
  Analyzing evaluation results.
Removed 0 multiplexer ports.
<suppressed ~70 debug messages>

16.10.18. Executing OPT_REDUCE pass (consolidate $*mux and $reduce_* inputs).
  Optimizing cells in module \soc_single.
Performed a total of 0 changes.

16.10.19. Executing OPT_MERGE pass (detect identical cells).
Finding identical cells in module `\soc_single'.
Removed a total of 0 cells.

16.10.20. Executing OPT_DFF pass (perform DFF optimizations).

16.10.21. Executing OPT_CLEAN pass (remove unused cells and wires).
Finding unused cells or wires in module \soc_single..

16.10.22. Executing OPT_EXPR pass (perform const folding).
Optimizing module soc_single.

16.10.23. Finished OPT passes. (There is nothing left to do.)

16.11. Executing FSM pass (extract and optimize FSM).

16.11.1. Executing FSM_DETECT pass (finding FSMs in design).
Found FSM state register soc_single.u_uart.u_rx.state.

16.11.2. Executing FSM_EXTRACT pass (extracting FSM from design).
Extracting FSM `\u_uart.u_rx.state' from module `\soc_single'.
  found $adff cell for state register: $procdff$2790
  root of input selection tree: $flatten\u_uart.\u_rx.$0\state[1:0]
  found reset state: 2'00 (from async reset)
  found ctrl input: $procmux$1679_CMP
  found ctrl input: $procmux$1685_CMP
  found ctrl input: $procmux$1704_CMP
  found ctrl input: $procmux$1707_CMP
  found ctrl input: $flatten\u_uart.\u_rx.$eq$rtl/periph/uart_rx.sv:60$211_Y
  found ctrl input: $flatten\u_uart.\u_rx.$eq$rtl/periph/uart_rx.sv:63$212_Y
  found state code: 2'11
  found ctrl input: $flatten\u_uart.\u_rx.$eq$rtl/periph/uart_rx.sv:49$208_Y
  found ctrl input: \u_uart.u_rx.rx_sync
  found state code: 2'10
  found state code: 2'01
  found ctrl output: $procmux$1679_CMP
  found ctrl output: $procmux$1685_CMP
  found ctrl output: $procmux$1704_CMP
  found ctrl output: $procmux$1707_CMP
  ctrl inputs: { $flatten\u_uart.\u_rx.$eq$rtl/periph/uart_rx.sv:63$212_Y $flatten\u_uart.\u_rx.$eq$rtl/periph/uart_rx.sv:60$211_Y $flatten\u_uart.\u_rx.$eq$rtl/periph/uart_rx.sv:49$208_Y \u_uart.u_rx.rx_sync }
  ctrl outputs: { $procmux$1707_CMP $procmux$1704_CMP $procmux$1685_CMP $procmux$1679_CMP $flatten\u_uart.\u_rx.$0\state[1:0] }
  transition:       2'00 4'---0 ->       2'01 6'100001
  transition:       2'00 4'---1 ->       2'00 6'100000
  transition:       2'10 4'-0-- ->       2'10 6'001010
  transition:       2'10 4'01-- ->       2'10 6'001010
  transition:       2'10 4'11-- ->       2'11 6'001011
  transition:       2'01 4'--0- ->       2'01 6'010001
  transition:       2'01 4'--10 ->       2'10 6'010010
  transition:       2'01 4'--11 ->       2'00 6'010000
  transition:       2'11 4'-0-- ->       2'11 6'000111
  transition:       2'11 4'-1-- ->       2'00 6'000100

16.11.3. Executing FSM_OPT pass (simple optimizations of FSMs).
Optimizing FSM `$fsm$\u_uart.u_rx.state$2861' from module `\soc_single'.

16.11.4. Executing OPT_CLEAN pass (remove unused cells and wires).
Finding unused cells or wires in module \soc_single..
Removed 12 unused cells and 12 unused wires.
<suppressed ~13 debug messages>

16.11.5. Executing FSM_OPT pass (simple optimizations of FSMs).
Optimizing FSM `$fsm$\u_uart.u_rx.state$2861' from module `\soc_single'.
  Removing unused output signal $flatten\u_uart.\u_rx.$0\state[1:0] [0].
  Removing unused output signal $flatten\u_uart.\u_rx.$0\state[1:0] [1].

16.11.6. Executing FSM_RECODE pass (re-assigning FSM state encoding).
Recoding FSM `$fsm$\u_uart.u_rx.state$2861' from module `\soc_single' using `auto' encoding:
  mapping auto encoding to `one-hot` for this FSM.
  00 -> ---1
  10 -> --1-
  01 -> -1--
  11 -> 1---

16.11.7. Executing FSM_INFO pass (dumping all available information on FSM cells).

FSM `$fsm$\u_uart.u_rx.state$2861' from module `soc_single':
-------------------------------------

  Information on FSM $fsm$\u_uart.u_rx.state$2861 (\u_uart.u_rx.state):

  Number of input signals:    4
  Number of output signals:   4
  Number of state bits:       4

  Input signals:
    0: \u_uart.u_rx.rx_sync
    1: $flatten\u_uart.\u_rx.$eq$rtl/periph/uart_rx.sv:49$208_Y
    2: $flatten\u_uart.\u_rx.$eq$rtl/periph/uart_rx.sv:60$211_Y
    3: $flatten\u_uart.\u_rx.$eq$rtl/periph/uart_rx.sv:63$212_Y

  Output signals:
    0: $procmux$1679_CMP
    1: $procmux$1685_CMP
    2: $procmux$1704_CMP
    3: $procmux$1707_CMP

  State encoding:
    0:     4'---1  <RESET STATE>
    1:     4'--1-
    2:     4'-1--
    3:     4'1---

  Transition Table (state_in, ctrl_in, state_out, ctrl_out):
      0:     0 4'---1   ->     0 4'1000
      1:     0 4'---0   ->     2 4'1000
      2:     1 4'-0--   ->     1 4'0010
      3:     1 4'01--   ->     1 4'0010
      4:     1 4'11--   ->     3 4'0010
      5:     2 4'--11   ->     0 4'0100
      6:     2 4'--10   ->     1 4'0100
      7:     2 4'--0-   ->     2 4'0100
      8:     3 4'-1--   ->     0 4'0001
      9:     3 4'-0--   ->     3 4'0001

-------------------------------------

16.11.8. Executing FSM_MAP pass (mapping FSMs to basic logic).
Mapping FSM `$fsm$\u_uart.u_rx.state$2861' from module `\soc_single'.

16.12. Executing OPT pass (performing simple optimizations).

16.12.1. Executing OPT_EXPR pass (perform const folding).
Optimizing module soc_single.
<suppressed ~6 debug messages>

16.12.2. Executing OPT_MERGE pass (detect identical cells).
Finding identical cells in module `\soc_single'.
<suppressed ~3 debug messages>
Removed a total of 1 cells.

16.12.3. Executing OPT_MUXTREE pass (detect dead branches in mux trees).
Running muxtree optimizer on module \soc_single..
  Creating internal representation of mux trees.
  Evaluating internal representation of mux trees.
  Analyzing evaluation results.
Removed 0 multiplexer ports.
<suppressed ~69 debug messages>

16.12.4. Executing OPT_REDUCE pass (consolidate $*mux and $reduce_* inputs).
  Optimizing cells in module \soc_single.
Performed a total of 0 changes.

16.12.5. Executing OPT_MERGE pass (detect identical cells).
Finding identical cells in module `\soc_single'.
Removed a total of 0 cells.

16.12.6. Executing OPT_DFF pass (perform DFF optimizations).
Adding EN signal on $procdff$2833 ($adff) from module soc_single (D = \dmem_wdata, Q = \exit_code).
Adding EN signal on $procdff$2828 ($adff) from module soc_single (D = 1'1, Q = \exit_valid).
Adding EN signal on $procdff$2820 ($adff) from module soc_single (D = $flatten\u_core.$0\in_handler[0:0], Q = \u_core.in_handler).
Adding EN signal on $procdff$2815 ($adff) from module soc_single (D = \u_core.pc, Q = \u_core.epc).
Adding EN signal on $procdff$2795 ($adff) from module soc_single (D = { \u_uart.u_rx.rx_sync \u_uart.u_rx.shreg [7:1] }, Q = \u_uart.u_rx.shreg).
Adding EN signal on $procdff$2780 ($adff) from module soc_single (D = $flatten\u_uart.\u_rx.$0\baud_cnt[31:0], Q = \u_uart.u_rx.baud_cnt).
Adding EN signal on $procdff$2775 ($adff) from module soc_single (D = $flatten\u_uart.\u_rx.$0\bitpos[2:0], Q = \u_uart.u_rx.bitpos).
Adding EN signal on $procdff$2770 ($adff) from module soc_single (D = \u_uart.u_rx.shreg, Q = \u_uart.u_rx.data).
Adding EN signal on $procdff$2755 ($adff) from module soc_single (D = $flatten\u_uart.\u_tx.$0\bitpos[3:0], Q = \u_uart.u_tx.bitpos).
Adding EN signal on $procdff$2750 ($adff) from module soc_single (D = $flatten\u_uart.\u_tx.$0\frame[9:0], Q = \u_uart.u_tx.frame).
Adding EN signal on $procdff$2745 ($adff) from module soc_single (D = \u_uart.u_rx.data, Q = \u_uart.rx_hold).
Adding EN signal on $procdff$2740 ($adff) from module soc_single (D = $flatten\u_uart.$0\tx_pending[0:0], Q = \u_uart.tx_pending).
Adding EN signal on $procdff$2735 ($adff) from module soc_single (D = \dmem_wdata [7:0], Q = \u_uart.tx_hold).
Adding EN signal on $procdff$2730 ($adff) from module soc_single (D = $flatten\u_uart.$0\rx_avail[0:0], Q = \u_uart.rx_avail).
Adding EN signal on $procdff$2720 ($adff) from module soc_single (D = \dmem_wdata [0], Q = \u_timer.ie).
Adding EN signal on $procdff$2715 ($adff) from module soc_single (D = \dmem_wdata, Q = \u_timer.cmp).
Adding EN signal on $procdff$2705 ($adff) from module soc_single (D = \dmem_wdata, Q = \u_dotp.b[3]).
Adding EN signal on $procdff$2700 ($adff) from module soc_single (D = \dmem_wdata, Q = \u_dotp.b[2]).
Adding EN signal on $procdff$2695 ($adff) from module soc_single (D = \dmem_wdata, Q = \u_dotp.b[1]).
Adding EN signal on $procdff$2690 ($adff) from module soc_single (D = \dmem_wdata, Q = \u_dotp.b[0]).
Adding EN signal on $procdff$2685 ($adff) from module soc_single (D = \dmem_wdata, Q = \u_dotp.a[3]).
Adding EN signal on $procdff$2680 ($adff) from module soc_single (D = \dmem_wdata, Q = \u_dotp.a[2]).
Adding EN signal on $procdff$2675 ($adff) from module soc_single (D = \dmem_wdata, Q = \u_dotp.a[1]).
Adding EN signal on $procdff$2670 ($adff) from module soc_single (D = \dmem_wdata, Q = \u_dotp.a[0]).

16.12.7. Executing OPT_CLEAN pass (remove unused cells and wires).
Finding unused cells or wires in module \soc_single..
Removed 30 unused cells and 40 unused wires.
<suppressed ~31 debug messages>

16.12.8. Executing OPT_EXPR pass (perform const folding).
Optimizing module soc_single.
<suppressed ~6 debug messages>

16.12.9. Rerunning OPT passes. (Maybe there is more to do..)

16.12.10. Executing OPT_MUXTREE pass (detect dead branches in mux trees).
Running muxtree optimizer on module \soc_single..
  Creating internal representation of mux trees.
  Evaluating internal representation of mux trees.
  Analyzing evaluation results.
Removed 0 multiplexer ports.
<suppressed ~52 debug messages>

16.12.11. Executing OPT_REDUCE pass (consolidate $*mux and $reduce_* inputs).
  Optimizing cells in module \soc_single.
Performed a total of 0 changes.

16.12.12. Executing OPT_MERGE pass (detect identical cells).
Finding identical cells in module `\soc_single'.
<suppressed ~3 debug messages>
Removed a total of 1 cells.

16.12.13. Executing OPT_DFF pass (perform DFF optimizations).

16.12.14. Executing OPT_CLEAN pass (remove unused cells and wires).
Finding unused cells or wires in module \soc_single..
Removed 0 unused cells and 1 unused wires.
<suppressed ~1 debug messages>

16.12.15. Executing OPT_EXPR pass (perform const folding).
Optimizing module soc_single.

16.12.16. Rerunning OPT passes. (Maybe there is more to do..)

16.12.17. Executing OPT_MUXTREE pass (detect dead branches in mux trees).
Running muxtree optimizer on module \soc_single..
  Creating internal representation of mux trees.
  Evaluating internal representation of mux trees.
  Analyzing evaluation results.
Removed 0 multiplexer ports.
<suppressed ~52 debug messages>

16.12.18. Executing OPT_REDUCE pass (consolidate $*mux and $reduce_* inputs).
  Optimizing cells in module \soc_single.
Performed a total of 0 changes.

16.12.19. Executing OPT_MERGE pass (detect identical cells).
Finding identical cells in module `\soc_single'.
Removed a total of 0 cells.

16.12.20. Executing OPT_DFF pass (perform DFF optimizations).

16.12.21. Executing OPT_CLEAN pass (remove unused cells and wires).
Finding unused cells or wires in module \soc_single..

16.12.22. Executing OPT_EXPR pass (perform const folding).
Optimizing module soc_single.

16.12.23. Finished OPT passes. (There is nothing left to do.)

16.13. Executing WREDUCE pass (reducing word size of cells).
Removed top 3 bits (of 4) from port B of cell soc_single.$eq$rtl/soc/soc_single.sv:69$189 ($eq).
Removed top 2 bits (of 4) from port B of cell soc_single.$eq$rtl/soc/soc_single.sv:70$190 ($eq).
Removed top 2 bits (of 4) from port B of cell soc_single.$eq$rtl/soc/soc_single.sv:71$191 ($eq).
Removed top 1 bits (of 4) from port B of cell soc_single.$eq$rtl/soc/soc_single.sv:72$192 ($eq).
Removed top 1 bits (of 4) from port B of cell soc_single.$eq$rtl/soc/soc_single.sv:73$193 ($eq).
Removed top 1 bits (of 2) from port B of cell soc_single.$auto$fsm_map.cc:77:implement_pattern_cache$2893 ($eq).
Removed top 1 bits (of 3) from port B of cell soc_single.$flatten\u_core.\u_dec.$eq$rtl/core/decoder.sv:105$43 ($eq).
Removed top 1 bits (of 7) from port B of cell soc_single.$flatten\u_core.\u_dec.$eq$rtl/core/decoder.sv:131$46 ($eq).
Removed top 6 bits (of 7) from port B of cell soc_single.$flatten\u_core.\u_dec.$eq$rtl/core/decoder.sv:143$49 ($eq).
Removed top 2 bits (of 32) from port B of cell soc_single.$flatten\u_core.\u_dec.$eq$rtl/core/decoder.sv:161$58 ($eq).
Removed top 29 bits (of 32) from port B of cell soc_single.$flatten\u_core.$add$rtl/core/core_single.sv:174$287 ($add).
Removed top 1 bits (of 2) from port B of cell soc_single.$flatten\u_core.$eq$rtl/core/core_single.sv:161$283 ($eq).
Removed top 1 bits (of 2) from port B of cell soc_single.$auto$opt_dff.cc:195:make_patterns_logic$2935 ($ne).
Removed top 23 bits (of 32) from port B of cell soc_single.$flatten\u_uart.\u_rx.$eq$rtl/periph/uart_rx.sv:49$208 ($eq).
Removed top 31 bits (of 32) from port B of cell soc_single.$flatten\u_uart.\u_rx.$add$rtl/periph/uart_rx.sv:57$210 ($add).
Removed top 22 bits (of 32) from port B of cell soc_single.$flatten\u_uart.\u_rx.$eq$rtl/periph/uart_rx.sv:60$211 ($eq).
Removed top 2 bits (of 3) from port B of cell soc_single.$flatten\u_uart.\u_rx.$add$rtl/periph/uart_rx.sv:66$213 ($add).
Removed top 22 bits (of 32) from port B of cell soc_single.$flatten\u_uart.\u_tx.$eq$rtl/periph/uart_tx.sv:35$221 ($eq).
Removed top 3 bits (of 4) from port B of cell soc_single.$flatten\u_uart.\u_tx.$add$rtl/periph/uart_tx.sv:41$223 ($add).
Removed top 31 bits (of 32) from port B of cell soc_single.$flatten\u_uart.\u_tx.$add$rtl/periph/uart_tx.sv:43$224 ($add).
Removed top 2 bits (of 4) from port B of cell soc_single.$flatten\u_uart.$eq$rtl/periph/uart.sv:62$265 ($eq).
Removed top 31 bits (of 32) from port B of cell soc_single.$flatten\u_timer.$add$rtl/periph/timer.sv:35$115 ($add).
Removed top 3 bits (of 6) from port B of cell soc_single.$flatten\u_dotp.$eq$rtl/custom/dotp.sv:49$148 ($eq).
Removed top 3 bits (of 6) from port B of cell soc_single.$flatten\u_dotp.$eq$rtl/custom/dotp.sv:48$144 ($eq).
Removed top 3 bits (of 6) from port B of cell soc_single.$flatten\u_dotp.$eq$rtl/custom/dotp.sv:47$140 ($eq).
Removed top 3 bits (of 6) from port B of cell soc_single.$flatten\u_dotp.$eq$rtl/custom/dotp.sv:46$136 ($eq).
Removed top 4 bits (of 6) from port B of cell soc_single.$flatten\u_dotp.$eq$rtl/custom/dotp.sv:45$132 ($eq).
Removed top 4 bits (of 6) from port B of cell soc_single.$flatten\u_dotp.$eq$rtl/custom/dotp.sv:44$128 ($eq).
Removed top 5 bits (of 6) from port B of cell soc_single.$flatten\u_dotp.$eq$rtl/custom/dotp.sv:43$124 ($eq).
Removed top 1 bits (of 2) from port B of cell soc_single.$auto$opt_dff.cc:195:make_patterns_logic$2941 ($ne).
Removed top 1 bits (of 2) from port B of cell soc_single.$auto$opt_dff.cc:195:make_patterns_logic$2949 ($ne).
Removed top 2 bits (of 6) from port B of cell soc_single.$procmux$1580_CMP0 ($eq).
Removed top 2 bits (of 6) from port B of cell soc_single.$procmux$1585_CMP0 ($eq).
Removed top 3 bits (of 4) from port B of cell soc_single.$procmux$1614_CMP0 ($eq).
Removed top 24 bits (of 32) from mux cell soc_single.$procmux$1635 ($pmux).
Removed top 1 bits (of 2) from port B of cell soc_single.$procmux$1750_CMP0 ($eq).
Removed top 1 bits (of 3) from port B of cell soc_single.$procmux$1757_CMP0 ($eq).
Removed top 1 bits (of 3) from port B of cell soc_single.$procmux$1758_CMP0 ($eq).
Removed top 2 bits (of 3) from port B of cell soc_single.$procmux$1759_CMP0 ($eq).
Removed top 3 bits (of 7) from port B of cell soc_single.$procmux$1810_CMP0 ($eq).
Removed top 1 bits (of 7) from port B of cell soc_single.$procmux$1851_CMP0 ($eq).
Removed top 1 bits (of 4) from mux cell soc_single.$procmux$1869 ($mux).
Removed top 1 bits (of 4) from mux cell soc_single.$procmux$1899 ($mux).
Removed top 1 bits (of 3) from port B of cell soc_single.$procmux$1941_CMP0 ($eq).
Removed top 2 bits (of 3) from port B of cell soc_single.$procmux$1972_CMP0 ($eq).
Removed top 2 bits (of 7) from port B of cell soc_single.$procmux$2136_CMP0 ($eq).
Removed top 2 bits (of 3) from mux cell soc_single.$procmux$2221 ($mux).
Removed top 1 bits (of 7) from port B of cell soc_single.$procmux$2224_CMP0 ($eq).
Removed top 5 bits (of 7) from port B of cell soc_single.$procmux$2273_CMP0 ($eq).
Removed top 1 bits (of 2) from mux cell soc_single.$procmux$2302 ($mux).
Removed top 2 bits (of 7) from port B of cell soc_single.$procmux$2450_CMP0 ($eq).
Removed top 1 bits (of 7) from port B of cell soc_single.$procmux$2451_CMP0 ($eq).
Removed top 1 bits (of 3) from port B of cell soc_single.$procmux$2577_CMP0 ($eq).
Removed top 1 bits (of 3) from port B of cell soc_single.$procmux$2578_CMP0 ($eq).
Removed top 2 bits (of 3) from port B of cell soc_single.$procmux$2579_CMP0 ($eq).
Removed top 1 bits (of 4) from port B of cell soc_single.$procmux$2586_CMP0 ($eq).
Removed top 1 bits (of 4) from port B of cell soc_single.$procmux$2587_CMP0 ($eq).
Removed top 1 bits (of 4) from port B of cell soc_single.$procmux$2588_CMP0 ($eq).
Removed top 1 bits (of 4) from port B of cell soc_single.$procmux$2589_CMP0 ($eq).
Removed top 2 bits (of 4) from port B of cell soc_single.$procmux$2590_CMP0 ($eq).
Removed top 2 bits (of 4) from port B of cell soc_single.$procmux$2591_CMP0 ($eq).
Removed top 3 bits (of 4) from port B of cell soc_single.$procmux$2592_CMP0 ($eq).
Removed top 1 bits (of 4) from wire soc_single.$flatten\u_core.\u_dec.$11\alu_op[3:0].
Removed top 1 bits (of 4) from wire soc_single.$flatten\u_core.\u_dec.$12\alu_op[3:0].
Removed top 1 bits (of 2) from wire soc_single.$flatten\u_core.\u_dec.$3\wb_sel[1:0].
Removed top 2 bits (of 3) from wire soc_single.$flatten\u_core.\u_dec.$4\imm_type[2:0].
Removed top 24 bits (of 32) from wire soc_single.uart_rdata.

16.14. Executing PEEPOPT pass (run peephole optimizers).

16.15. Executing OPT_CLEAN pass (remove unused cells and wires).
Finding unused cells or wires in module \soc_single..
Removed 0 unused cells and 5 unused wires.
<suppressed ~1 debug messages>

16.16. Executing PMUX2SHIFTX pass.
Inspecting $pmux cell soc_single/$procmux$1584.
  data width: 32 (next power-of-2 = 32, log2 = 5)
  checking ctrl signal \dmem_addr [7:2]
    best permutation: \dmem_addr [7:2]
    best xor mask: 6'000000
      0: 6'001000 -> 6'001000 -> 6'001000: \u_dotp.result
      1: 6'000111 -> 6'000111 -> 6'000111: \u_dotp.b[3]
      2: 6'000110 -> 6'000110 -> 6'000110: \u_dotp.b[2]
      3: 6'000101 -> 6'000101 -> 6'000101: \u_dotp.b[1]
      4: 6'000100 -> 6'000100 -> 6'000100: \u_dotp.b[0]
      5: 6'000011 -> 6'000011 -> 6'000011: \u_dotp.a[3]
      6: 6'000010 -> 6'000010 -> 6'000010: \u_dotp.a[2]
      7: 6'000001 -> 6'000001 -> 6'000001: \u_dotp.a[1]
      8: 6'000000 -> 6'000000 -> 6'000000: \u_dotp.a[0]
    choices: 9
    min choice: 0
    max choice: 8
    range density: 100%
    absolute density: 100%
    full density: 14%
    full case: false
    created $shiftx cell $auto$pmux2shiftx.cc:712:execute$3007.
Inspecting $pmux cell soc_single/$procmux$1618.
  data width: 32 (next power-of-2 = 32, log2 = 5)
  checking ctrl signal \dmem_addr [5:2]
    table of choices:
      0: 4'0010: { 30'000000000000000000000000000000 \u_timer.pending \u_timer.ie }
      1: 4'0001: \u_timer.cmp
      2: 4'0000: \u_timer.cnt
    failed to detect onehot driver. do not optimize.
Inspecting $pmux cell soc_single/$procmux$1752.
  data width: 1 (next power-of-2 = 1, log2 = 0)
  checking ctrl signal \u_core.br_type
    best permutation: \u_core.br_type
    best xor mask: 3'000
      0: 3'111 -> 3'111 -> 3'111: 1'1
      1: 3'110 -> 3'110 -> 3'110: $flatten\u_core.$logic_not$rtl/core/core_single.sv:141$275_Y
      2: 3'101 -> 3'101 -> 3'101: \u_core.ltu
      3: 3'100 -> 3'100 -> 3'100: $flatten\u_core.$logic_not$rtl/core/core_single.sv:139$274_Y
      4: 3'011 -> 3'011 -> 3'011: \u_core.lt
      5: 3'010 -> 3'010 -> 3'010: $flatten\u_core.$logic_not$rtl/core/core_single.sv:137$273_Y
      6: 3'001 -> 3'001 -> 3'001: \u_core.eq
    choices: 7
    min choice: 1
    max choice: 7
    range density: 100%
    absolute density: 87%
    full density: 87%
    update to full case.
    new min choice: 0
    new max choice: 7
    full case: true
    created $shiftx cell $auto$pmux2shiftx.cc:712:execute$3009.
Inspecting $pmux cell soc_single/$procmux$2112.
  data width: 4 (next power-of-2 = 4, log2 = 2)
  checking ctrl signal \imem_rdata [14:12]
    best permutation: \imem_rdata [14:12]
    best xor mask: 3'000
      0: 3'111 -> 3'111 -> 3'111: 4'1001
      1: 3'110 -> 3'110 -> 3'110: 4'1000
      2: 3'101 -> 3'101 -> 3'101: { 1'0 $auto$wreduce.cc:514:run$2999 [2:0] }
      3: 3'100 -> 3'100 -> 3'100: 4'0101
      4: 3'011 -> 3'011 -> 3'011: 4'0100
      5: 3'010 -> 3'010 -> 3'010: 4'0011
      6: 3'001 -> 3'001 -> 3'001: 4'0010
      7: 3'000 -> 3'000 -> 3'000: $flatten\u_core.\u_dec.$8\alu_op[3:0]
    choices: 8
    min choice: 0
    max choice: 7
    range density: 100%
    absolute density: 100%
    full density: 100%
    update to full case.
    new min choice: 0
    new max choice: 7
    full case: true
    created $shiftx cell $auto$pmux2shiftx.cc:712:execute$3011.
Inspecting $pmux cell soc_single/$procmux$2189.
  data width: 4 (next power-of-2 = 4, log2 = 2)
  checking ctrl signal \imem_rdata [14:12]
    best permutation: \imem_rdata [14:12]
    best xor mask: 3'000
      0: 3'101 -> 3'101 -> 3'101: { 1'0 $auto$wreduce.cc:514:run$2999 [2:0] }
      1: 3'001 -> 3'001 -> 3'001: 4'0010
      2: 3'111 -> 3'111 -> 3'111: 4'1001
      3: 3'110 -> 3'110 -> 3'110: 4'1000
      4: 3'100 -> 3'100 -> 3'100: 4'0101
      5: 3'011 -> 3'011 -> 3'011: 4'0100
      6: 3'010 -> 3'010 -> 3'010: 4'0011
      7: 3'000 -> 3'000 -> 3'000: 4'0000
    choices: 8
    min choice: 0
    max choice: 7
    range density: 100%
    absolute density: 100%
    full density: 100%
    update to full case.
    new min choice: 0
    new max choice: 7
    full case: true
    created $shiftx cell $auto$pmux2shiftx.cc:712:execute$3013.
Inspecting $pmux cell soc_single/$procmux$2336.
  data width: 3 (next power-of-2 = 4, log2 = 2)
  checking ctrl signal \imem_rdata [14:12]
    best permutation: \imem_rdata [14:12]
    best xor mask: 3'000
      0: 3'111 -> 3'111 -> 3'111: 3'110
      1: 3'110 -> 3'110 -> 3'110: 3'101
      2: 3'101 -> 3'101 -> 3'101: 3'100
      3: 3'100 -> 3'100 -> 3'100: 3'011
      4: 3'001 -> 3'001 -> 3'001: 3'010
      5: 3'000 -> 3'000 -> 3'000: 3'001
    choices: 6
    min choice: 0
    max choice: 7
    range density: 75%
    absolute density: 75%
    full density: 75%
    update to full case.
    new min choice: 0
    new max choice: 7
    full case: true
    created $shiftx cell $auto$pmux2shiftx.cc:712:execute$3015.
Inspecting $pmux cell soc_single/$procmux$2444.
  data width: 3 (next power-of-2 = 4, log2 = 2)
  checking ctrl signal \imem_rdata [6:0]
    best permutation: { \imem_rdata [5:4] \imem_rdata [1:0] \imem_rdata [6] \imem_rdata [3:2] }
    best xor mask: 7'1011000
      0: 7'0100011 -> 7'1011000 -> 7'0000000: { 2'00 $auto$wreduce.cc:514:run$3002 [0] }
      1: 7'1100011 -> 7'1011100 -> 7'0000100: 3'010
      2: 7'1101111 -> 7'1011111 -> 7'0000111: 3'100
    choices: 3
    min choice: 0
    max choice: 7
    range density: 37%
    absolute density: 37%
    full case: false
    insufficient density.
Inspecting $pmux cell soc_single/$procmux$2494.
  data width: 1 (next power-of-2 = 1, log2 = 0)
  checking ctrl signal \imem_rdata [6:0]
    best permutation: { \imem_rdata [3:0] \imem_rdata [6:4] }
    best xor mask: 7'0011000
      1: 7'1110011 -> 7'0011111 -> 7'0000111: $flatten\u_core.\u_dec.$22\illegal[0:0]
      2: 7'0110011 -> 7'0011011 -> 7'0000011: $flatten\u_core.\u_dec.$10\illegal[0:0]
      3: 7'0010011 -> 7'0011001 -> 7'0000001: $flatten\u_core.\u_dec.$6\illegal[0:0]
      5: 7'1100011 -> 7'0011110 -> 7'0000110: $flatten\u_core.\u_dec.$3\illegal[0:0]
    choices: 4
    min choice: 1
    max choice: 7
    range density: 57%
    absolute density: 50%
    full case: false
    created $shiftx cell $auto$pmux2shiftx.cc:712:execute$3021.
Inspecting $pmux cell soc_single/$procmux$2530.
  data width: 3 (next power-of-2 = 4, log2 = 2)
  checking ctrl signal \imem_rdata [6:0]
    best permutation: { \imem_rdata [6:4] \imem_rdata [1:0] \imem_rdata [3:2] }
    best xor mask: 7'1101100
      0: 7'1100011 -> 7'1101100 -> 7'0000000: $flatten\u_core.\u_dec.$3\br_type[2:0]
      1: 7'1100111 -> 7'1101101 -> 7'0000001: $flatten\u_core.\u_dec.$2\br_type[2:0]
      2: 7'1101111 -> 7'1101111 -> 7'0000011: 3'111
    choices: 3
    min choice: 0
    max choice: 3
    range density: 75%
    absolute density: 75%
    full density: 2%
    full case: false
    created $shiftx cell $auto$pmux2shiftx.cc:712:execute$3027.
Inspecting $pmux cell soc_single/$procmux$2542.
  data width: 2 (next power-of-2 = 2, log2 = 1)
  checking ctrl signal \imem_rdata [6:0]
    best permutation: { \imem_rdata [4] \imem_rdata [1:0] \imem_rdata [6:5] \imem_rdata [3:2] }
    best xor mask: 7'0110000
      0: 7'0000011 -> 7'0110000 -> 7'0000000: { 1'0 $auto$wreduce.cc:514:run$3001 [0] }
      1: 7'1100111 -> 7'0111101 -> 7'0001101: $flatten\u_core.\u_dec.$2\wb_sel[1:0]
      2: 7'1101111 -> 7'0111111 -> 7'0001111: 2'10
    choices: 3
    min choice: 0
    max choice: 15
    range density: 18%
    absolute density: 18%
    full density: 2%
    full case: false
    insufficient density.
Inspecting $pmux cell soc_single/$procmux$2575.
  data width: 32 (next power-of-2 = 32, log2 = 5)
  checking ctrl signal \u_core.u_imm.imm_type
    best permutation: \u_core.u_imm.imm_type
    best xor mask: 3'000
      0: 3'100 -> 3'100 -> 3'100: { \imem_rdata [31] \imem_rdata [31] \imem_rdata [31] \imem_rdata [31] \imem_rdata [31] \imem_rdata [31] \imem_rdata [31] \imem_rdata [31] \imem_rdata [31] \imem_rdata [31] \imem_rdata [31] \imem_rdata [31] \imem_rdata [19:12] \imem_rdata [20] \imem_rdata [30:21] 1'0 }
      1: 3'011 -> 3'011 -> 3'011: { \imem_rdata [31:12] 12'000000000000 }
      2: 3'010 -> 3'010 -> 3'010: { \imem_rdata [31] \imem_rdata [31] \imem_rdata [31] \imem_rdata [31] \imem_rdata [31] \imem_rdata [31] \imem_rdata [31] \imem_rdata [31] \imem_rdata [31] \imem_rdata [31] \imem_rdata [31] \imem_rdata [31] \imem_rdata [31] \imem_rdata [31] \imem_rdata [31] \imem_rdata [31] \imem_rdata [31] \imem_rdata [31] \imem_rdata [31] \imem_rdata [31] \imem_rdata [7] \imem_rdata [30:25] \imem_rdata [11:8] 1'0 }
      3: 3'001 -> 3'001 -> 3'001: { \imem_rdata [31] \imem_rdata [31] \imem_rdata [31] \imem_rdata [31] \imem_rdata [31] \imem_rdata [31] \imem_rdata [31] \imem_rdata [31] \imem_rdata [31] \imem_rdata [31] \imem_rdata [31] \imem_rdata [31] \imem_rdata [31] \imem_rdata [31] \imem_rdata [31] \imem_rdata [31] \imem_rdata [31] \imem_rdata [31] \imem_rdata [31] \imem_rdata [31] \imem_rdata [31:25] \imem_rdata [11:7] }
      4: 3'000 -> 3'000 -> 3'000: { \imem_rdata [31] \imem_rdata [31] \imem_rdata [31] \imem_rdata [31] \imem_rdata [31] \imem_rdata [31] \imem_rdata [31] \imem_rdata [31] \imem_rdata [31] \imem_rdata [31] \imem_rdata [31] \imem_rdata [31] \imem_rdata [31] \imem_rdata [31] \imem_rdata [31] \imem_rdata [31] \imem_rdata [31] \imem_rdata [31] \imem_rdata [31] \imem_rdata [31] \imem_rdata [31:20] }
    choices: 5
    min choice: 0
    max choice: 4
    range density: 100%
    absolute density: 100%
    full density: 62%
    update to full case.
    new min choice: 0
    new max choice: 7
    full case: true
    created $shiftx cell $auto$pmux2shiftx.cc:712:execute$3029.
Inspecting $pmux cell soc_single/$procmux$2582.
  data width: 32 (next power-of-2 = 32, log2 = 5)
  checking ctrl signal \u_core.u_alu.op
    best permutation: \u_core.u_alu.op
    best xor mask: 4'0000
      0: 4'1010 -> 4'1010 -> 4'1010: $flatten\u_core.\u_alu.$mul$rtl/core/alu.sv:32$13_Y
      1: 4'1001 -> 4'1001 -> 4'1001: $flatten\u_core.\u_alu.$and$rtl/core/alu.sv:31$12_Y
      2: 4'1000 -> 4'1000 -> 4'1000: $flatten\u_core.\u_alu.$or$rtl/core/alu.sv:30$11_Y
      3: 4'0111 -> 4'0111 -> 4'0111: $flatten\u_core.\u_alu.$sshr$rtl/core/alu.sv:29$10_Y
      4: 4'0110 -> 4'0110 -> 4'0110: $flatten\u_core.\u_alu.$shr$rtl/core/alu.sv:28$9_Y
      5: 4'0101 -> 4'0101 -> 4'0101: $flatten\u_core.\u_alu.$xor$rtl/core/alu.sv:27$8_Y
      6: 4'0100 -> 4'0100 -> 4'0100: { 31'0000000000000000000000000000000 \u_core.ltu }
      7: 4'0011 -> 4'0011 -> 4'0011: { 31'0000000000000000000000000000000 \u_core.lt }
      8: 4'0010 -> 4'0010 -> 4'0010: $flatten\u_core.\u_alu.$shl$rtl/core/alu.sv:24$7_Y
      9: 4'0001 -> 4'0001 -> 4'0001: $flatten\u_core.\u_alu.$sub$rtl/core/alu.sv:23$6_Y
     10: 4'0000 -> 4'0000 -> 4'0000: $flatten\u_core.\u_alu.$add$rtl/core/alu.sv:22$5_Y
    choices: 11
    min choice: 0
    max choice: 10
    range density: 100%
    absolute density: 100%
    full density: 68%
    update to full case.
    new min choice: 0
    new max choice: 15
    full case: true
    created $shiftx cell $auto$pmux2shiftx.cc:712:execute$3031.
Inspecting $pmux cell soc_single/$procmux$2599.
  data width: 32 (next power-of-2 = 32, log2 = 5)
  checking ctrl signal \dmem_addr [31:28]
    best permutation: \dmem_addr [31:28]
    best xor mask: 4'0000
      0: 4'0100 -> 4'0100 -> 4'0100: \u_dotp.rdata
      1: 4'0011 -> 4'0011 -> 4'0011: \u_timer.rdata
      2: 4'0010 -> 4'0010 -> 4'0010: { 24'000000000000000000000000 \uart_rdata }
      3: 4'0001 -> 4'0001 -> 4'0001: \ram_rdata
    choices: 4
    min choice: 1
    max choice: 4
    range density: 100%
    absolute density: 80%
    full density: 25%
    full case: false
    created $shiftx cell $auto$pmux2shiftx.cc:712:execute$3035.
Removed 24 unused cells and 24 unused wires.

16.17. Executing MEMORY_DFF pass (merging $dff cells to $memrd).
Checking read port `\u_core.u_rf.regs'[0] in module `\soc_single': no output FF found.
Checking read port `\u_core.u_rf.regs'[1] in module `\soc_single': no output FF found.
Checking read port address `\u_core.u_rf.regs'[0] in module `\soc_single': no address FF found.
Checking read port address `\u_core.u_rf.regs'[1] in module `\soc_single': no address FF found.

16.18. Executing TECHMAP pass (map to technology primitives).

16.18.1. Executing Verilog-2005 frontend: /usr/bin/../share/yosys/mul2dsp.v
Parsing Verilog input from `/usr/bin/../share/yosys/mul2dsp.v' to AST representation.
Generating RTLIL representation for module `\_80_mul'.
Generating RTLIL representation for module `\_90_soft_mul'.
Successfully finished Verilog frontend.

16.18.2. Executing Verilog-2005 frontend: /usr/bin/../share/yosys/xilinx/xc7_dsp_map.v
Parsing Verilog input from `/usr/bin/../share/yosys/xilinx/xc7_dsp_map.v' to AST representation.
Generating RTLIL representation for module `\$__MUL25X18'.
Successfully finished Verilog frontend.

16.18.3. Continuing TECHMAP pass.
Using template $paramod$a6723094dea62072dba32ab67b56b3cb58dc0d5a\_80_mul for cells of type $mul.
Using template $paramod$395213c3917c8eeb1e1c3f3ae1e4925be9b6a279\_80_mul for cells of type $mul.
Using template $paramod$f0959df10ae1505b2ef291b098c3c46396c2eac6\_80_mul for cells of type $__mul.
Using template $paramod$0ca0a2beabfb02adcfc3d390a7383e9d741a383c\_80_mul for cells of type $__mul.
Using template $paramod$f972920bca387dff277a14b66740df03199c53c0\_80_mul for cells of type $__mul.
Using template $paramod$b326ef45623603cb0c298ae1eaab5028a2154cf7\_80_mul for cells of type $__mul.
Using template $paramod$cfb4b1dd2da69458d213ec6be14a680b5f99155d\_80_mul for cells of type $__mul.
Using template $paramod$602e0e7361d660412e3c0104fc9be56fc132949a\_80_mul for cells of type $__mul.
Using template $paramod$730e32f1699b3bb5ffc197cfe581372099362ff3\$__MUL25X18 for cells of type $__MUL25X18.
Using template $paramod$9aaf69a32d544a8319d193bef0e4e628b501c242\$__MUL25X18 for cells of type $__MUL25X18.
No more expansions possible.
<suppressed ~702 debug messages>

16.19. Executing OPT_EXPR pass (perform const folding).
Optimizing module soc_single.
<suppressed ~15 debug messages>

16.20. Executing WREDUCE pass (reducing word size of cells).
Removed top 17 bits (of 32) from port Y of cell soc_single.$techmap$flatten\u_dotp.$mul$rtl/custom/dotp.sv:55$154.$add$/usr/bin/../share/yosys/mul2dsp.v:173$3047 ($add).
Removed top 17 bits (of 32) from port A of cell soc_single.$techmap$flatten\u_dotp.$mul$rtl/custom/dotp.sv:55$154.$add$/usr/bin/../share/yosys/mul2dsp.v:173$3047 ($add).
Removed top 17 bits (of 32) from port Y of cell soc_single.$techmap$flatten\u_dotp.$mul$rtl/custom/dotp.sv:53$152.$add$/usr/bin/../share/yosys/mul2dsp.v:173$3047 ($add).
Removed top 17 bits (of 32) from port A of cell soc_single.$techmap$flatten\u_dotp.$mul$rtl/custom/dotp.sv:53$152.$add$/usr/bin/../share/yosys/mul2dsp.v:173$3047 ($add).
Removed top 17 bits (of 32) from port Y of cell soc_single.$techmap$flatten\u_dotp.$mul$rtl/custom/dotp.sv:52$151.$add$/usr/bin/../share/yosys/mul2dsp.v:173$3047 ($add).
Removed top 17 bits (of 32) from port A of cell soc_single.$techmap$flatten\u_dotp.$mul$rtl/custom/dotp.sv:52$151.$add$/usr/bin/../share/yosys/mul2dsp.v:173$3047 ($add).
Removed top 17 bits (of 32) from port Y of cell soc_single.$techmap$flatten\u_core.\u_alu.$mul$rtl/core/alu.sv:32$13.$add$/usr/bin/../share/yosys/mul2dsp.v:173$3047 ($add).
Removed top 17 bits (of 32) from port A of cell soc_single.$techmap$flatten\u_core.\u_alu.$mul$rtl/core/alu.sv:32$13.$add$/usr/bin/../share/yosys/mul2dsp.v:173$3047 ($add).
Removed top 17 bits (of 32) from port Y of cell soc_single.$techmap$flatten\u_dotp.$mul$rtl/custom/dotp.sv:54$153.$add$/usr/bin/../share/yosys/mul2dsp.v:173$3047 ($add).
Removed top 17 bits (of 32) from port A of cell soc_single.$techmap$flatten\u_dotp.$mul$rtl/custom/dotp.sv:54$153.$add$/usr/bin/../share/yosys/mul2dsp.v:173$3047 ($add).
Removed top 2 bits (of 17) from port Y of cell soc_single.$techmap$flatten\u_dotp.$mul$rtl/custom/dotp.sv:55$154.genblk1.genblk1.genblk1.genblk1.genblk1.genblk1.genblk1.sliceA[0].mul.$add$/usr/bin/../share/yosys/mul2dsp.v:230$3050 ($add).
Removed top 2 bits (of 17) from port A of cell soc_single.$techmap$flatten\u_dotp.$mul$rtl/custom/dotp.sv:55$154.genblk1.genblk1.genblk1.genblk1.genblk1.genblk1.genblk1.sliceA[0].mul.$add$/usr/bin/../share/yosys/mul2dsp.v:230$3050 ($add).
Removed top 15 bits (of 32) from port B of cell soc_single.$techmap$flatten\u_dotp.$mul$rtl/custom/dotp.sv:55$154.genblk1.genblk1.genblk1.genblk1.genblk1.genblk1.genblk1.sliceA.last.$add$/usr/bin/../share/yosys/mul2dsp.v:230$3053 ($add).
Removed cell soc_single.$techmap$flatten\u_dotp.$mul$rtl/custom/dotp.sv:55$154.genblk1.genblk1.genblk1.genblk1.genblk1.genblk1.genblk1.sliceA.last.$add$/usr/bin/../share/yosys/mul2dsp.v:230$3053 ($add).
Removed top 2 bits (of 17) from port Y of cell soc_single.$techmap$flatten\u_dotp.$mul$rtl/custom/dotp.sv:53$152.genblk1.genblk1.genblk1.genblk1.genblk1.genblk1.genblk1.sliceA[0].mul.$add$/usr/bin/../share/yosys/mul2dsp.v:230$3050 ($add).
Removed top 2 bits (of 17) from port A of cell soc_single.$techmap$flatten\u_dotp.$mul$rtl/custom/dotp.sv:53$152.genblk1.genblk1.genblk1.genblk1.genblk1.genblk1.genblk1.sliceA[0].mul.$add$/usr/bin/../share/yosys/mul2dsp.v:230$3050 ($add).
Removed top 15 bits (of 32) from port B of cell soc_single.$techmap$flatten\u_dotp.$mul$rtl/custom/dotp.sv:53$152.genblk1.genblk1.genblk1.genblk1.genblk1.genblk1.genblk1.sliceA.last.$add$/usr/bin/../share/yosys/mul2dsp.v:230$3053 ($add).
Removed cell soc_single.$techmap$flatten\u_dotp.$mul$rtl/custom/dotp.sv:53$152.genblk1.genblk1.genblk1.genblk1.genblk1.genblk1.genblk1.sliceA.last.$add$/usr/bin/../share/yosys/mul2dsp.v:230$3053 ($add).
Removed top 15 bits (of 32) from port B of cell soc_single.$techmap$flatten\u_dotp.$mul$rtl/custom/dotp.sv:52$151.genblk1.genblk1.genblk1.genblk1.genblk1.genblk1.genblk1.sliceA.last.$add$/usr/bin/../share/yosys/mul2dsp.v:230$3053 ($add).
Removed cell soc_single.$techmap$flatten\u_dotp.$mul$rtl/custom/dotp.sv:52$151.genblk1.genblk1.genblk1.genblk1.genblk1.genblk1.genblk1.sliceA.last.$add$/usr/bin/../share/yosys/mul2dsp.v:230$3053 ($add).
Removed top 2 bits (of 17) from port Y of cell soc_single.$techmap$flatten\u_dotp.$mul$rtl/custom/dotp.sv:52$151.genblk1.genblk1.genblk1.genblk1.genblk1.genblk1.genblk1.sliceA[0].mul.$add$/usr/bin/../share/yosys/mul2dsp.v:230$3050 ($add).
Removed top 2 bits (of 17) from port A of cell soc_single.$techmap$flatten\u_dotp.$mul$rtl/custom/dotp.sv:52$151.genblk1.genblk1.genblk1.genblk1.genblk1.genblk1.genblk1.sliceA[0].mul.$add$/usr/bin/../share/yosys/mul2dsp.v:230$3050 ($add).
Removed top 2 bits (of 17) from port Y of cell soc_single.$techmap$flatten\u_core.\u_alu.$mul$rtl/core/alu.sv:32$13.genblk1.genblk1.genblk1.genblk1.genblk1.genblk1.genblk1.sliceA[0].mul.$add$/usr/bin/../share/yosys/mul2dsp.v:230$3050 ($add).
Removed top 2 bits (of 17) from port A of cell soc_single.$techmap$flatten\u_core.\u_alu.$mul$rtl/core/alu.sv:32$13.genblk1.genblk1.genblk1.genblk1.genblk1.genblk1.genblk1.sliceA[0].mul.$add$/usr/bin/../share/yosys/mul2dsp.v:230$3050 ($add).
Removed top 15 bits (of 32) from port B of cell soc_single.$techmap$flatten\u_core.\u_alu.$mul$rtl/core/alu.sv:32$13.genblk1.genblk1.genblk1.genblk1.genblk1.genblk1.genblk1.sliceA.last.$add$/usr/bin/../share/yosys/mul2dsp.v:230$3053 ($add).
Removed cell soc_single.$techmap$flatten\u_core.\u_alu.$mul$rtl/core/alu.sv:32$13.genblk1.genblk1.genblk1.genblk1.genblk1.genblk1.genblk1.sliceA.last.$add$/usr/bin/../share/yosys/mul2dsp.v:230$3053 ($add).
Removed top 15 bits (of 32) from port B of cell soc_single.$techmap$flatten\u_dotp.$mul$rtl/custom/dotp.sv:54$153.genblk1.genblk1.genblk1.genblk1.genblk1.genblk1.genblk1.sliceA.last.$add$/usr/bin/../share/yosys/mul2dsp.v:230$3053 ($add).
Removed cell soc_single.$techmap$flatten\u_dotp.$mul$rtl/custom/dotp.sv:54$153.genblk1.genblk1.genblk1.genblk1.genblk1.genblk1.genblk1.sliceA.last.$add$/usr/bin/../share/yosys/mul2dsp.v:230$3053 ($add).
Removed top 2 bits (of 17) from port Y of cell soc_single.$techmap$flatten\u_dotp.$mul$rtl/custom/dotp.sv:54$153.genblk1.genblk1.genblk1.genblk1.genblk1.genblk1.genblk1.sliceA[0].mul.$add$/usr/bin/../share/yosys/mul2dsp.v:230$3050 ($add).
Removed top 2 bits (of 17) from port A of cell soc_single.$techmap$flatten\u_dotp.$mul$rtl/custom/dotp.sv:54$153.genblk1.genblk1.genblk1.genblk1.genblk1.genblk1.genblk1.sliceA[0].mul.$add$/usr/bin/../share/yosys/mul2dsp.v:230$3050 ($add).

16.21. Executing XILINX_DSP pass (pack resources into DSPs).
Analysing soc_single.$flatten\u_core.\u_alu.$mul$rtl/core/alu.sv:32$13.genblk1.genblk1.genblk1.genblk1.genblk1.genblk1.genblk1.sliceA[0].mul.genblk1.genblk1.genblk1.genblk1.genblk1.genblk1.genblk1.genblk1.mul_sliceB_last for Xilinx DSP packing.
  postadder $techmap$flatten\u_core.\u_alu.$mul$rtl/core/alu.sv:32$13.genblk1.genblk1.genblk1.genblk1.genblk1.genblk1.genblk1.sliceA[0].mul.$add$/usr/bin/../share/yosys/mul2dsp.v:230$3050 ($add)

Analysing soc_single.$flatten\u_dotp.$mul$rtl/custom/dotp.sv:52$151.genblk1.genblk1.genblk1.genblk1.genblk1.genblk1.genblk1.sliceA[0].mul.genblk1.genblk1.genblk1.genblk1.genblk1.genblk1.genblk1.genblk1.sliceB[0].mul for Xilinx DSP packing.

Analysing soc_single.$flatten\u_dotp.$mul$rtl/custom/dotp.sv:52$151.genblk1.genblk1.genblk1.genblk1.genblk1.genblk1.genblk1.sliceA.last.genblk1.genblk1.genblk1.genblk1.genblk1.genblk1.genblk1.genblk1.sliceB[0].mul for Xilinx DSP packing.
  postadder $techmap$flatten\u_dotp.$mul$rtl/custom/dotp.sv:52$151.$add$/usr/bin/../share/yosys/mul2dsp.v:173$3047 ($add)

Analysing soc_single.$flatten\u_dotp.$mul$rtl/custom/dotp.sv:53$152.genblk1.genblk1.genblk1.genblk1.genblk1.genblk1.genblk1.sliceA.last.genblk1.genblk1.genblk1.genblk1.genblk1.genblk1.genblk1.genblk1.sliceB[0].mul for Xilinx DSP packing.
  postadder $techmap$flatten\u_dotp.$mul$rtl/custom/dotp.sv:53$152.$add$/usr/bin/../share/yosys/mul2dsp.v:173$3047 ($add)

Analysing soc_single.$flatten\u_dotp.$mul$rtl/custom/dotp.sv:53$152.genblk1.genblk1.genblk1.genblk1.genblk1.genblk1.genblk1.sliceA[0].mul.genblk1.genblk1.genblk1.genblk1.genblk1.genblk1.genblk1.genblk1.mul_sliceB_last for Xilinx DSP packing.
  postadder $techmap$flatten\u_dotp.$mul$rtl/custom/dotp.sv:53$152.genblk1.genblk1.genblk1.genblk1.genblk1.genblk1.genblk1.sliceA[0].mul.$add$/usr/bin/../share/yosys/mul2dsp.v:230$3050 ($add)

Analysing soc_single.$flatten\u_dotp.$mul$rtl/custom/dotp.sv:55$154.genblk1.genblk1.genblk1.genblk1.genblk1.genblk1.genblk1.sliceA.last.genblk1.genblk1.genblk1.genblk1.genblk1.genblk1.genblk1.genblk1.sliceB[0].mul for Xilinx DSP packing.
  postadder $techmap$flatten\u_dotp.$mul$rtl/custom/dotp.sv:55$154.$add$/usr/bin/../share/yosys/mul2dsp.v:173$3047 ($add)

Analysing soc_single.$flatten\u_dotp.$mul$rtl/custom/dotp.sv:54$153.genblk1.genblk1.genblk1.genblk1.genblk1.genblk1.genblk1.sliceA[0].mul.genblk1.genblk1.genblk1.genblk1.genblk1.genblk1.genblk1.genblk1.mul_sliceB_last for Xilinx DSP packing.
  postadder $techmap$flatten\u_dotp.$mul$rtl/custom/dotp.sv:54$153.genblk1.genblk1.genblk1.genblk1.genblk1.genblk1.genblk1.sliceA[0].mul.$add$/usr/bin/../share/yosys/mul2dsp.v:230$3050 ($add)

Analysing soc_single.$flatten\u_dotp.$mul$rtl/custom/dotp.sv:54$153.genblk1.genblk1.genblk1.genblk1.genblk1.genblk1.genblk1.sliceA.last.genblk1.genblk1.genblk1.genblk1.genblk1.genblk1.genblk1.genblk1.sliceB[0].mul for Xilinx DSP packing.
  postadder $techmap$flatten\u_dotp.$mul$rtl/custom/dotp.sv:54$153.$add$/usr/bin/../share/yosys/mul2dsp.v:173$3047 ($add)

Analysing soc_single.$flatten\u_dotp.$mul$rtl/custom/dotp.sv:55$154.genblk1.genblk1.genblk1.genblk1.genblk1.genblk1.genblk1.sliceA[0].mul.genblk1.genblk1.genblk1.genblk1.genblk1.genblk1.genblk1.genblk1.sliceB[0].mul for Xilinx DSP packing.

Analysing soc_single.$flatten\u_core.\u_alu.$mul$rtl/core/alu.sv:32$13.genblk1.genblk1.genblk1.genblk1.genblk1.genblk1.genblk1.sliceA.last.genblk1.genblk1.genblk1.genblk1.genblk1.genblk1.genblk1.genblk1.sliceB[0].mul for Xilinx DSP packing.
  postadder $techmap$flatten\u_core.\u_alu.$mul$rtl/core/alu.sv:32$13.$add$/usr/bin/../share/yosys/mul2dsp.v:173$3047 ($add)

Analysing soc_single.$flatten\u_dotp.$mul$rtl/custom/dotp.sv:53$152.genblk1.genblk1.genblk1.genblk1.genblk1.genblk1.genblk1.sliceA[0].mul.genblk1.genblk1.genblk1.genblk1.genblk1.genblk1.genblk1.genblk1.sliceB[0].mul for Xilinx DSP packing.

Analysing soc_single.$flatten\u_core.\u_alu.$mul$rtl/core/alu.sv:32$13.genblk1.genblk1.genblk1.genblk1.genblk1.genblk1.genblk1.sliceA[0].mul.genblk1.genblk1.genblk1.genblk1.genblk1.genblk1.genblk1.genblk1.sliceB[0].mul for Xilinx DSP packing.

Analysing soc_single.$flatten\u_dotp.$mul$rtl/custom/dotp.sv:55$154.genblk1.genblk1.genblk1.genblk1.genblk1.genblk1.genblk1.sliceA[0].mul.genblk1.genblk1.genblk1.genblk1.genblk1.genblk1.genblk1.genblk1.mul_sliceB_last for Xilinx DSP packing.
  postadder $techmap$flatten\u_dotp.$mul$rtl/custom/dotp.sv:55$154.genblk1.genblk1.genblk1.genblk1.genblk1.genblk1.genblk1.sliceA[0].mul.$add$/usr/bin/../share/yosys/mul2dsp.v:230$3050 ($add)

Analysing soc_single.$flatten\u_dotp.$mul$rtl/custom/dotp.sv:54$153.genblk1.genblk1.genblk1.genblk1.genblk1.genblk1.genblk1.sliceA[0].mul.genblk1.genblk1.genblk1.genblk1.genblk1.genblk1.genblk1.genblk1.sliceB[0].mul for Xilinx DSP packing.

Analysing soc_single.$flatten\u_dotp.$mul$rtl/custom/dotp.sv:52$151.genblk1.genblk1.genblk1.genblk1.genblk1.genblk1.genblk1.sliceA[0].mul.genblk1.genblk1.genblk1.genblk1.genblk1.genblk1.genblk1.genblk1.mul_sliceB_last for Xilinx DSP packing.
  postadder $techmap$flatten\u_dotp.$mul$rtl/custom/dotp.sv:52$151.genblk1.genblk1.genblk1.genblk1.genblk1.genblk1.genblk1.sliceA[0].mul.$add$/usr/bin/../share/yosys/mul2dsp.v:230$3050 ($add)

<suppressed ~210 debug messages>

16.22. Executing TECHMAP pass (map to technology primitives).

16.22.1. Executing Verilog-2005 frontend: /usr/bin/../share/yosys/cmp2lut.v
Parsing Verilog input from `/usr/bin/../share/yosys/cmp2lut.v' to AST representation.
Generating RTLIL representation for module `\_90_lut_cmp_'.
Successfully finished Verilog frontend.

16.22.2. Executing Verilog-2005 frontend: /usr/bin/../share/yosys/cmp2lcu.v
Parsing Verilog input from `/usr/bin/../share/yosys/cmp2lcu.v' to AST representation.
Generating RTLIL representation for module `\_80_lcu_cmp_'.
Generating RTLIL representation for module `\$__CMP2LCU'.
Successfully finished Verilog frontend.

16.22.3. Continuing TECHMAP pass.
Using template $paramod$d5de20e7d2f4e42d0bb14c5c99f5dd4d7cf7d159\_80_lcu_cmp_ for cells of type $lt.
Using template $paramod$5140946ee346318f29859a75f746d3d97c0b1c43\_80_lcu_cmp_ for cells of type $lt.
Using template $paramod$efc6276d5269699a74f97af6fbf0bafe6acc3e19\_80_lcu_cmp_ for cells of type $gt.
Using template $paramod$c6025fc778b17975e80833db9ed8575b2c5a9306\_80_lcu_cmp_ for cells of type $gt.
Using template $paramod$4324157e16a60fc2fe5e489d90325d8108981966\$__CMP2LCU for cells of type $__CMP2LCU.
Using template $paramod$45f2f108157929267f6a876bda8209e58f25e0cd\$__CMP2LCU for cells of type $__CMP2LCU.
Using template $paramod$6685b98533bd405fdb66177f608eed8f76d21e8d\$__CMP2LCU for cells of type $__CMP2LCU.
Using template $paramod$8a9e823e249a18cf40e8e3311ed4e0b87be604a3\$__CMP2LCU for cells of type $__CMP2LCU.
Using template $paramod$3e249468c598b509b2189213d155ba6eb7f2b51e\$__CMP2LCU for cells of type $__CMP2LCU.
Using template $paramod$8bd824ba2533c8480636f690575d8203304ffa5a\$__CMP2LCU for cells of type $__CMP2LCU.
Using template $paramod$c7212ca15062f404a4a2b88cc72c0bba52776650\$__CMP2LCU for cells of type $__CMP2LCU.
Using template $paramod$46d8cbacee00d8ff946ef2f8aaadd92906683b31\$__CMP2LCU for cells of type $__CMP2LCU.
Using template $paramod$f0e75a3f09301560d3386ea17b4f2c1327bc66dd\$__CMP2LCU for cells of type $__CMP2LCU.
Using template $paramod$304404e4f7c11f383c19ceb65b9570973a882e40\$__CMP2LCU for cells of type $__CMP2LCU.
Using template $paramod$4ba603f7f099c7c26d77d00610446050688190ee\$__CMP2LCU for cells of type $__CMP2LCU.
Using template $paramod$80f528699b7df9e1ac70774aaf402c997178d092\$__CMP2LCU for cells of type $__CMP2LCU.
Using template $paramod$744a3dbaebfdf08651817a6a3870fb6e34065a4b\$__CMP2LCU for cells of type $__CMP2LCU.
Using template $paramod$e31b294a0680e72a03b6421c4eff5316c662db3d\$__CMP2LCU for cells of type $__CMP2LCU.
Using template $paramod$7576c1d57da290ee243a300e703225fce44b9803\$__CMP2LCU for cells of type $__CMP2LCU.
Using template $paramod$53f2488f7b67c23d1fcbecae9e0ea65a2fa70428\$__CMP2LCU for cells of type $__CMP2LCU.
Using template $paramod$c9ed519a964df09a49f3e136e9a8f41840e8876a\$__CMP2LCU for cells of type $__CMP2LCU.
Using template $paramod$0c9c1994e65d84e02829afc11150d4ace924add3\$__CMP2LCU for cells of type $__CMP2LCU.
Using template $paramod$5e58b3bd644282af0bf8b48f45207bc98dc20ef3\$__CMP2LCU for cells of type $__CMP2LCU.
Using template $paramod$0a630c7ca44f699d41e14b58085cae102f4a57e6\$__CMP2LCU for cells of type $__CMP2LCU.
Using template $paramod$4d196030c0f57d436091051b21d6bb5652c88bdd\$__CMP2LCU for cells of type $__CMP2LCU.
Using template $paramod$a1604c510d79d890fb2868e900d37a29b4d33ee3\$__CMP2LCU for cells of type $__CMP2LCU.
Using template $paramod$b20bd01da13bb71480541a66493586b32ca46765\$__CMP2LCU for cells of type $__CMP2LCU.
Using template $paramod$5a250c323c4f8bfcef72ea167c7d79512a3e5405\$__CMP2LCU for cells of type $__CMP2LCU.
Using template $paramod$0d1c5d55b7717105a370eb36460beba579328517\$__CMP2LCU for cells of type $__CMP2LCU.
Using template $paramod$13d4153ea76e985055406d938a091c90f56b0277\$__CMP2LCU for cells of type $__CMP2LCU.
Using template $paramod$363e70ff8e24ba1bf2ed3f1f4d33b8ccb7ba185e\$__CMP2LCU for cells of type $__CMP2LCU.
Using template $paramod$11b8e473205c8b79e1be9acfa001660fb9d50bd1\$__CMP2LCU for cells of type $__CMP2LCU.
Using template $paramod$1ca700f56654682268050c8ab6733dff28f9b2a5\$__CMP2LCU for cells of type $__CMP2LCU.
Using template $paramod$94cda45a04705f83a6e7b7a966d2cbcd39ec8c26\$__CMP2LCU for cells of type $__CMP2LCU.
Using template $paramod$686e7902c0bb73ab4ee57ada26ce8851342c73af\$__CMP2LCU for cells of type $__CMP2LCU.
Using template $paramod$e480769f5d3ef623ff56c3d36800340fb75643ea\$__CMP2LCU for cells of type $__CMP2LCU.
Using template $paramod$be320ef6745d9eeeb33444d43da2a288ef0f44d5\$__CMP2LCU for cells of type $__CMP2LCU.
Using template $paramod$71110619de8135fa234c90ca2447467db547669d\$__CMP2LCU for cells of type $__CMP2LCU.
Using template $paramod$54b223acb87382da9e21d725275b34aa5e4c52d1\$__CMP2LCU for cells of type $__CMP2LCU.
Using template $paramod$38471edb7e30bdc6941190928d73c31f8cb982e5\$__CMP2LCU for cells of type $__CMP2LCU.
Using template $paramod$efa446ef96a12a9e243554fe24eef4fdcede1df2\$__CMP2LCU for cells of type $__CMP2LCU.
Using template $paramod$a6781ebb7c56c586e2d8d947dcb7aca1ee56d927\$__CMP2LCU for cells of type $__CMP2LCU.
Using template $paramod$a402a57fb4f8635f34f639590edc3af926716964\$__CMP2LCU for cells of type $__CMP2LCU.
Using template $paramod$54e2971e53f479d5081c818457fbe5faf0d4152b\$__CMP2LCU for cells of type $__CMP2LCU.
Using template $paramod$6e395552c29a4cc17a53ca4a0c9888b692696692\$__CMP2LCU for cells of type $__CMP2LCU.
Using template $paramod$9510b4ae2d2e1a5822e02239cb6f533a771aeddb\$__CMP2LCU for cells of type $__CMP2LCU.
Using template $paramod$9bf1cfecaccd5accd8939bf444a2be7c77effa2e\$__CMP2LCU for cells of type $__CMP2LCU.
Using template $paramod$a5a8361ebacb29a09a46635083622c4d035708f3\$__CMP2LCU for cells of type $__CMP2LCU.
No more expansions possible.
<suppressed ~1281 debug messages>

16.23. Executing ALUMACC pass (create $alu and $macc cells).
Extracting $alu and $macc cells in module soc_single:
  creating $macc model for $flatten\u_core.$add$rtl/core/core_single.sv:149$276 ($add).
  creating $macc model for $flatten\u_core.$add$rtl/core/core_single.sv:149$278 ($add).
  creating $macc model for $flatten\u_core.$add$rtl/core/core_single.sv:174$287 ($add).
  creating $macc model for $flatten\u_core.\u_alu.$add$rtl/core/alu.sv:22$5 ($add).
  creating $macc model for $flatten\u_core.\u_alu.$sub$rtl/core/alu.sv:23$6 ($sub).
  creating $macc model for $flatten\u_dotp.$add$rtl/custom/dotp.sv:56$155 ($add).
  creating $macc model for $flatten\u_dotp.$add$rtl/custom/dotp.sv:56$156 ($add).
  creating $macc model for $flatten\u_dotp.$add$rtl/custom/dotp.sv:56$157 ($add).
  creating $macc model for $flatten\u_timer.$add$rtl/periph/timer.sv:35$115 ($add).
  creating $macc model for $flatten\u_uart.\u_rx.$add$rtl/periph/uart_rx.sv:57$210 ($add).
  creating $macc model for $flatten\u_uart.\u_rx.$add$rtl/periph/uart_rx.sv:66$213 ($add).
  creating $macc model for $flatten\u_uart.\u_tx.$add$rtl/periph/uart_tx.sv:41$223 ($add).
  creating $macc model for $flatten\u_uart.\u_tx.$add$rtl/periph/uart_tx.sv:43$224 ($add).
  merging $macc model for $flatten\u_dotp.$add$rtl/custom/dotp.sv:56$155 into $flatten\u_dotp.$add$rtl/custom/dotp.sv:56$157.
  merging $macc model for $flatten\u_dotp.$add$rtl/custom/dotp.sv:56$156 into $flatten\u_dotp.$add$rtl/custom/dotp.sv:56$157.
  creating $alu model for $macc $flatten\u_uart.\u_rx.$add$rtl/periph/uart_rx.sv:66$213.
  creating $alu model for $macc $flatten\u_uart.\u_rx.$add$rtl/periph/uart_rx.sv:57$210.
  creating $alu model for $macc $flatten\u_timer.$add$rtl/periph/timer.sv:35$115.
  creating $alu model for $macc $flatten\u_uart.\u_tx.$add$rtl/periph/uart_tx.sv:43$224.
  creating $alu model for $macc $flatten\u_uart.\u_tx.$add$rtl/periph/uart_tx.sv:41$223.
  creating $alu model for $macc $flatten\u_core.\u_alu.$sub$rtl/core/alu.sv:23$6.
  creating $alu model for $macc $flatten\u_core.\u_alu.$add$rtl/core/alu.sv:22$5.
  creating $alu model for $macc $flatten\u_core.$add$rtl/core/core_single.sv:174$287.
  creating $alu model for $macc $flatten\u_core.$add$rtl/core/core_single.sv:149$278.
  creating $alu model for $macc $flatten\u_core.$add$rtl/core/core_single.sv:149$276.
  creating $macc cell for $flatten\u_dotp.$add$rtl/custom/dotp.sv:56$157: $auto$alumacc.cc:365:replace_macc$3412
  creating $alu model for $flatten\u_core.\u_alu.$eq$rtl/core/alu.sv:16$1 ($eq): merged with $flatten\u_core.\u_alu.$sub$rtl/core/alu.sv:23$6.
  creating $alu cell for $flatten\u_core.$add$rtl/core/core_single.sv:149$276: $auto$alumacc.cc:495:replace_alu$3413
  creating $alu cell for $flatten\u_core.$add$rtl/core/core_single.sv:149$278: $auto$alumacc.cc:495:replace_alu$3416
  creating $alu cell for $flatten\u_core.$add$rtl/core/core_single.sv:174$287: $auto$alumacc.cc:495:replace_alu$3419
  creating $alu cell for $flatten\u_core.\u_alu.$add$rtl/core/alu.sv:22$5: $auto$alumacc.cc:495:replace_alu$3422
  creating $alu cell for $flatten\u_core.\u_alu.$sub$rtl/core/alu.sv:23$6, $flatten\u_core.\u_alu.$eq$rtl/core/alu.sv:16$1: $auto$alumacc.cc:495:replace_alu$3425
  creating $alu cell for $flatten\u_uart.\u_tx.$add$rtl/periph/uart_tx.sv:41$223: $auto$alumacc.cc:495:replace_alu$3430
  creating $alu cell for $flatten\u_uart.\u_tx.$add$rtl/periph/uart_tx.sv:43$224: $auto$alumacc.cc:495:replace_alu$3433
  creating $alu cell for $flatten\u_timer.$add$rtl/periph/timer.sv:35$115: $auto$alumacc.cc:495:replace_alu$3436
  creating $alu cell for $flatten\u_uart.\u_rx.$add$rtl/periph/uart_rx.sv:57$210: $auto$alumacc.cc:495:replace_alu$3439
  creating $alu cell for $flatten\u_uart.\u_rx.$add$rtl/periph/uart_rx.sv:66$213: $auto$alumacc.cc:495:replace_alu$3442
  created 10 $alu and 1 $macc cells.

16.24. Executing SHARE pass (SAT-based resource sharing).
Found 5 cells in module soc_single that may be considered for resource sharing.
  Analyzing resource sharing options for $flatten\u_core.\u_rf.$memrd$\regs$rtl/core/regfile.sv:54$249 ($memrd):
    Found 1 activation_patterns using ctrl signal $flatten\u_core.\u_rf.$eq$rtl/core/regfile.sv:49$248_Y.
    Found 1 candidates: $flatten\u_core.\u_rf.$memrd$\regs$rtl/core/regfile.sv:47$247
    Analyzing resource sharing with $flatten\u_core.\u_rf.$memrd$\regs$rtl/core/regfile.sv:47$247 ($memrd):
      Found 2 activation_patterns using ctrl signal { $procmux$1750_CMP $procmux$1749_CMP \u_core.jalr \u_core.is_mret \u_core.br_cond \u_core.take_irq $flatten\u_core.\u_rf.$eq$rtl/core/regfile.sv:42$246_Y }.
      Forbidden control signals for this pair of cells: { $auto$opt_reduce.cc:137:opt_pmux$2836 $procmux$1614_CMP $procmux$1580_CMP $auto$pmux2shiftx.cc:691:execute$3032 $flatten\u_dotp.$logic_and$rtl/custom/dotp.sv:42$119_Y $flatten\u_dotp.$logic_and$rtl/custom/dotp.sv:42$121_Y $flatten\u_dotp.$logic_and$rtl/custom/dotp.sv:43$125_Y $flatten\u_dotp.$logic_and$rtl/custom/dotp.sv:44$129_Y $flatten\u_dotp.$logic_and$rtl/custom/dotp.sv:45$133_Y $flatten\u_dotp.$logic_and$rtl/custom/dotp.sv:46$137_Y $flatten\u_dotp.$logic_and$rtl/custom/dotp.sv:47$141_Y $flatten\u_dotp.$logic_and$rtl/custom/dotp.sv:48$145_Y $flatten\u_dotp.$logic_and$rtl/custom/dotp.sv:49$149_Y $flatten\u_timer.$logic_and$rtl/periph/timer.sv:40$117_Y $flatten\u_uart.$eq$rtl/periph/uart.sv:55$257_Y $flatten\u_uart.$logic_and$rtl/periph/uart.sv:55$262_Y $flatten\u_uart.$eq$rtl/periph/uart.sv:62$265_Y $flatten\u_uart.$logic_and$rtl/periph/uart.sv:62$266_Y $auto$pmux2shiftx.cc:691:execute$3004 \u_core.br_cond \dmem_wdata [1] }
      Activation pattern for cell $flatten\u_core.\u_rf.$memrd$\regs$rtl/core/regfile.sv:54$249: $flatten\u_core.\u_rf.$eq$rtl/core/regfile.sv:49$248_Y = 1'0
      Activation pattern for cell $flatten\u_core.\u_rf.$memrd$\regs$rtl/core/regfile.sv:47$247: { \u_core.jalr \u_core.is_mret \u_core.take_irq $flatten\u_core.\u_rf.$eq$rtl/core/regfile.sv:42$246_Y } = 4'1000
      Activation pattern for cell $flatten\u_core.\u_rf.$memrd$\regs$rtl/core/regfile.sv:47$247: { $procmux$1750_CMP $procmux$1749_CMP $flatten\u_core.\u_rf.$eq$rtl/core/regfile.sv:42$246_Y } = 3'000
      Size of SAT problem: 30 cells, 322 variables, 873 clauses
      According to the SAT solver this pair of cells can not be shared.
      Model from SAT solver: { $procmux$1750_CMP $procmux$1749_CMP \u_core.jalr \u_core.is_mret \u_core.take_irq $flatten\u_core.\u_rf.$eq$rtl/core/regfile.sv:49$248_Y $flatten\u_core.\u_rf.$eq$rtl/core/regfile.sv:42$246_Y } = 7'0000000
  Analyzing resource sharing options for $flatten\u_core.\u_rf.$memrd$\regs$rtl/core/regfile.sv:47$247 ($memrd):
    Found 2 activation_patterns using ctrl signal { $procmux$1750_CMP $procmux$1749_CMP \u_core.jalr \u_core.is_mret \u_core.br_cond \u_core.take_irq $flatten\u_core.\u_rf.$eq$rtl/core/regfile.sv:42$246_Y }.
    No candidates found.
  Analyzing resource sharing options for $flatten\u_core.\u_alu.$sshr$rtl/core/alu.sv:29$10 ($sshr):
    Found 1 activation_patterns using ctrl signal 1'1.
    No candidates found.
  Analyzing resource sharing options for $flatten\u_core.\u_alu.$shr$rtl/core/alu.sv:28$9 ($shr):
    Found 1 activation_patterns using ctrl signal 1'1.
    No candidates found.
  Analyzing resource sharing options for $flatten\u_core.\u_alu.$shl$rtl/core/alu.sv:24$7 ($shl):
    Found 1 activation_patterns using ctrl signal 1'1.
    No candidates found.

16.25. Executing OPT pass (performing simple optimizations).

16.25.1. Executing OPT_EXPR pass (perform const folding).
Optimizing module soc_single.
<suppressed ~66 debug messages>

16.25.2. Executing OPT_MERGE pass (detect identical cells).
Finding identical cells in module `\soc_single'.
<suppressed ~465 debug messages>
Removed a total of 155 cells.

16.25.3. Executing OPT_MUXTREE pass (detect dead branches in mux trees).
Running muxtree optimizer on module \soc_single..
  Creating internal representation of mux trees.
  Evaluating internal representation of mux trees.
  Analyzing evaluation results.
    dead port 1/11 on $pmux $procmux$1584.
    dead port 2/11 on $pmux $procmux$1584.
    dead port 3/11 on $pmux $procmux$1584.
    dead port 4/11 on $pmux $procmux$1584.
    dead port 5/11 on $pmux $procmux$1584.
    dead port 6/11 on $pmux $procmux$1584.
    dead port 7/11 on $pmux $procmux$1584.
    dead port 8/11 on $pmux $procmux$1584.
    dead port 9/11 on $pmux $procmux$1584.
    dead port 1/9 on $pmux $procmux$1752.
    dead port 2/9 on $pmux $procmux$1752.
    dead port 3/9 on $pmux $procmux$1752.
    dead port 4/9 on $pmux $procmux$1752.
    dead port 5/9 on $pmux $procmux$1752.
    dead port 6/9 on $pmux $procmux$1752.
    dead port 7/9 on $pmux $procmux$1752.
    dead port 9/9 on $pmux $procmux$1752.
    dead port 1/10 on $pmux $procmux$2112.
    dead port 2/10 on $pmux $procmux$2112.
    dead port 3/10 on $pmux $procmux$2112.
    dead port 4/10 on $pmux $procmux$2112.
    dead port 5/10 on $pmux $procmux$2112.
    dead port 6/10 on $pmux $procmux$2112.
    dead port 7/10 on $pmux $procmux$2112.
    dead port 8/10 on $pmux $procmux$2112.
    dead port 10/10 on $pmux $procmux$2112.
    dead port 1/10 on $pmux $procmux$2189.
    dead port 2/10 on $pmux $procmux$2189.
    dead port 3/10 on $pmux $procmux$2189.
    dead port 4/10 on $pmux $procmux$2189.
    dead port 5/10 on $pmux $procmux$2189.
    dead port 6/10 on $pmux $procmux$2189.
    dead port 7/10 on $pmux $procmux$2189.
    dead port 8/10 on $pmux $procmux$2189.
    dead port 10/10 on $pmux $procmux$2189.
    dead port 1/8 on $pmux $procmux$2336.
    dead port 2/8 on $pmux $procmux$2336.
    dead port 3/8 on $pmux $procmux$2336.
    dead port 4/8 on $pmux $procmux$2336.
    dead port 5/8 on $pmux $procmux$2336.
    dead port 6/8 on $pmux $procmux$2336.
    dead port 8/8 on $pmux $procmux$2336.
    dead port 2/9 on $pmux $procmux$2494.
    dead port 3/9 on $pmux $procmux$2494.
    dead port 4/9 on $pmux $procmux$2494.
    dead port 6/9 on $pmux $procmux$2494.
    dead port 1/5 on $pmux $procmux$2530.
    dead port 2/5 on $pmux $procmux$2530.
    dead port 3/5 on $pmux $procmux$2530.
    dead port 1/7 on $pmux $procmux$2575.
    dead port 2/7 on $pmux $procmux$2575.
    dead port 3/7 on $pmux $procmux$2575.
    dead port 4/7 on $pmux $procmux$2575.
    dead port 5/7 on $pmux $procmux$2575.
    dead port 7/7 on $pmux $procmux$2575.
    dead port 1/13 on $pmux $procmux$2582.
    dead port 2/13 on $pmux $procmux$2582.
    dead port 3/13 on $pmux $procmux$2582.
    dead port 4/13 on $pmux $procmux$2582.
    dead port 5/13 on $pmux $procmux$2582.
    dead port 6/13 on $pmux $procmux$2582.
    dead port 7/13 on $pmux $procmux$2582.
    dead port 8/13 on $pmux $procmux$2582.
    dead port 9/13 on $pmux $procmux$2582.
    dead port 10/13 on $pmux $procmux$2582.
    dead port 11/13 on $pmux $procmux$2582.
    dead port 13/13 on $pmux $procmux$2582.
    dead port 1/6 on $pmux $procmux$2599.
    dead port 2/6 on $pmux $procmux$2599.
    dead port 3/6 on $pmux $procmux$2599.
    dead port 4/6 on $pmux $procmux$2599.
Removed 71 multiplexer ports.
<suppressed ~62 debug messages>

16.25.4. Executing OPT_REDUCE pass (consolidate $*mux and $reduce_* inputs).
  Optimizing cells in module \soc_single.
Performed a total of 0 changes.

16.25.5. Executing OPT_MERGE pass (detect identical cells).
Finding identical cells in module `\soc_single'.
<suppressed ~6 debug messages>
Removed a total of 2 cells.

16.25.6. Executing OPT_DFF pass (perform DFF optimizations).

16.25.7. Executing OPT_CLEAN pass (remove unused cells and wires).
Finding unused cells or wires in module \soc_single..
Removed 7 unused cells and 1269 unused wires.
<suppressed ~8 debug messages>

16.25.8. Executing OPT_EXPR pass (perform const folding).
Optimizing module soc_single.

16.25.9. Rerunning OPT passes. (Maybe there is more to do..)

16.25.10. Executing OPT_MUXTREE pass (detect dead branches in mux trees).
Running muxtree optimizer on module \soc_single..
  Creating internal representation of mux trees.
  Evaluating internal representation of mux trees.
  Analyzing evaluation results.
Removed 0 multiplexer ports.
<suppressed ~58 debug messages>

16.25.11. Executing OPT_REDUCE pass (consolidate $*mux and $reduce_* inputs).
  Optimizing cells in module \soc_single.
Performed a total of 0 changes.

16.25.12. Executing OPT_MERGE pass (detect identical cells).
Finding identical cells in module `\soc_single'.
Removed a total of 0 cells.

16.25.13. Executing OPT_DFF pass (perform DFF optimizations).

16.25.14. Executing OPT_CLEAN pass (remove unused cells and wires).
Finding unused cells or wires in module \soc_single..

16.25.15. Executing OPT_EXPR pass (perform const folding).
Optimizing module soc_single.

16.25.16. Finished OPT passes. (There is nothing left to do.)

16.26. Executing MEMORY pass.

16.26.1. Executing OPT_MEM pass (optimize memories).
Performed a total of 0 transformations.

16.26.2. Executing OPT_MEM_PRIORITY pass (removing unnecessary memory write priority relations).
Performed a total of 0 transformations.

16.26.3. Executing OPT_MEM_FEEDBACK pass (finding memory read-to-write feedback paths).
  Analyzing soc_single.u_core.u_rf.regs write port 0.

16.26.4. Executing MEMORY_BMUX2ROM pass (converting muxes to ROMs).

16.26.5. Executing MEMORY_DFF pass (merging $dff cells to $memrd).
Checking read port `\u_core.u_rf.regs'[0] in module `\soc_single': no output FF found.
Checking read port `\u_core.u_rf.regs'[1] in module `\soc_single': no output FF found.
Checking read port address `\u_core.u_rf.regs'[0] in module `\soc_single': no address FF found.
Checking read port address `\u_core.u_rf.regs'[1] in module `\soc_single': no address FF found.

16.26.6. Executing OPT_CLEAN pass (remove unused cells and wires).
Finding unused cells or wires in module \soc_single..

16.26.7. Executing MEMORY_SHARE pass (consolidating $memrd/$memwr cells).
Consolidating read ports of memory soc_single.u_core.u_rf.regs by address:

16.26.8. Executing OPT_MEM_WIDEN pass (optimize memories where all ports are wide).
Performed a total of 0 transformations.

16.26.9. Executing OPT_CLEAN pass (remove unused cells and wires).
Finding unused cells or wires in module \soc_single..

16.26.10. Executing MEMORY_COLLECT pass (generating $mem cells).

16.27. Executing OPT_CLEAN pass (remove unused cells and wires).
Finding unused cells or wires in module \soc_single..

16.28. Executing MEMORY_LIBMAP pass (mapping memories to cells).
mapping memory soc_single.u_core.u_rf.regs via $__XILINX_LUTRAM_SDP_
<suppressed ~252 debug messages>

16.29. Executing TECHMAP pass (map to technology primitives).

16.29.1. Executing Verilog-2005 frontend: /usr/bin/../share/yosys/xilinx/lutrams_xc5v_map.v
Parsing Verilog input from `/usr/bin/../share/yosys/xilinx/lutrams_xc5v_map.v' to AST representation.
Generating RTLIL representation for module `\$__XILINX_LUTRAM_SP_'.
Generating RTLIL representation for module `\$__XILINX_LUTRAM_DP_'.
Generating RTLIL representation for module `\$__XILINX_LUTRAM_QP_'.
Generating RTLIL representation for module `\$__XILINX_LUTRAM_OP_'.
Generating RTLIL representation for module `\$__XILINX_LUTRAM_SDP_'.
Generating RTLIL representation for module `\$__XILINX_LUTRAM_64X8SW_'.
Generating RTLIL representation for module `\$__XILINX_LUTRAM_32X16DR8_'.
Successfully finished Verilog frontend.

16.29.2. Continuing TECHMAP pass.
Using template $paramod$31933bc0586e304f9d4048cafdcf94ebf308e40b\$__XILINX_LUTRAM_SDP_ for cells of type $__XILINX_LUTRAM_SDP_.
Using template $paramod$b46e790e1a546c1d0fce1965900bc12ee9561e85\$__XILINX_LUTRAM_SDP_ for cells of type $__XILINX_LUTRAM_SDP_.
No more expansions possible.
<suppressed ~55 debug messages>

16.30. Executing TECHMAP pass (map to technology primitives).

16.30.1. Executing Verilog-2005 frontend: /usr/bin/../share/yosys/xilinx/brams_xc6v_map.v
Parsing Verilog input from `/usr/bin/../share/yosys/xilinx/brams_xc6v_map.v' to AST representation.
Generating RTLIL representation for module `\$__XILINX_BLOCKRAM_TDP_'.
Generating RTLIL representation for module `\$__XILINX_BLOCKRAM_SDP_'.
Successfully finished Verilog frontend.

16.30.2. Continuing TECHMAP pass.
No more expansions possible.
<suppressed ~4 debug messages>

16.31. Executing OPT pass (performing simple optimizations).

16.31.1. Executing OPT_EXPR pass (perform const folding).
Optimizing module soc_single.
<suppressed ~44 debug messages>

16.31.2. Executing OPT_MERGE pass (detect identical cells).
Finding identical cells in module `\soc_single'.
Removed a total of 0 cells.

16.31.3. Executing OPT_DFF pass (perform DFF optimizations).
Adding EN signal on $procdff$2810 ($adff) from module soc_single (D = \u_core.pc_next [1:0], Q = \u_core.pc [1:0]).

16.31.4. Executing OPT_CLEAN pass (remove unused cells and wires).
Finding unused cells or wires in module \soc_single..
Removed 1 unused cells and 98 unused wires.
<suppressed ~2 debug messages>

16.31.5. Rerunning OPT passes. (Removed registers in this run.)

16.31.6. Executing OPT_EXPR pass (perform const folding).
Optimizing module soc_single.
<suppressed ~2 debug messages>

16.31.7. Executing OPT_MERGE pass (detect identical cells).
Finding identical cells in module `\soc_single'.
Removed a total of 0 cells.

16.31.8. Executing OPT_DFF pass (perform DFF optimizations).

16.31.9. Executing OPT_CLEAN pass (remove unused cells and wires).
Finding unused cells or wires in module \soc_single..

16.31.10. Finished fast OPT passes.

16.32. Executing MEMORY_MAP pass (converting memories to logic and flip-flops).

16.33. Executing OPT pass (performing simple optimizations).

16.33.1. Executing OPT_EXPR pass (perform const folding).
Optimizing module soc_single.

16.33.2. Executing OPT_MERGE pass (detect identical cells).
Finding identical cells in module `\soc_single'.
Removed a total of 0 cells.

16.33.3. Executing OPT_MUXTREE pass (detect dead branches in mux trees).
Running muxtree optimizer on module \soc_single..
  Creating internal representation of mux trees.
  Evaluating internal representation of mux trees.
  Analyzing evaluation results.
Removed 0 multiplexer ports.
<suppressed ~45 debug messages>

16.33.4. Executing OPT_REDUCE pass (consolidate $*mux and $reduce_* inputs).
  Optimizing cells in module \soc_single.
    Consolidated identical input bits for $mux cell $procmux$1671:
      Old ports: A={ 1'1 \u_uart.tx_hold 1'0 }, B={ 1'1 \u_uart.u_tx.frame [9:1] }, Y=$flatten\u_uart.\u_tx.$0\frame[9:0]
      New ports: A={ \u_uart.tx_hold 1'0 }, B=\u_uart.u_tx.frame [9:1], Y=$flatten\u_uart.\u_tx.$0\frame[9:0] [8:0]
      New connections: $flatten\u_uart.\u_tx.$0\frame[9:0] [9] = 1'1
    Consolidated identical input bits for $mux cell $procmux$1869:
      Old ports: A=3'000, B=3'111, Y=$auto$wreduce.cc:514:run$3000 [2:0]
      New ports: A=1'0, B=1'1, Y=$auto$wreduce.cc:514:run$3000 [0]
      New connections: $auto$wreduce.cc:514:run$3000 [2:1] = { $auto$wreduce.cc:514:run$3000 [0] $auto$wreduce.cc:514:run$3000 [0] }
    Consolidated identical input bits for $mux cell $procmux$1986:
      Old ports: A=4'0000, B=4'1010, Y=$flatten\u_core.\u_dec.$10\alu_op[3:0]
      New ports: A=1'0, B=1'1, Y=$flatten\u_core.\u_dec.$10\alu_op[3:0] [1]
      New connections: { $flatten\u_core.\u_dec.$10\alu_op[3:0] [3:2] $flatten\u_core.\u_dec.$10\alu_op[3:0] [0] } = { $flatten\u_core.\u_dec.$10\alu_op[3:0] [1] 2'00 }
    Consolidated identical input bits for $mux cell $procmux$2396:
      Old ports: A=3'000, B=3'111, Y=$flatten\u_core.\u_dec.$2\br_type[2:0]
      New ports: A=1'0, B=1'1, Y=$flatten\u_core.\u_dec.$2\br_type[2:0] [0]
      New connections: $flatten\u_core.\u_dec.$2\br_type[2:0] [2:1] = { $flatten\u_core.\u_dec.$2\br_type[2:0] [0] $flatten\u_core.\u_dec.$2\br_type[2:0] [0] }
    Consolidated identical input bits for $mux cell $procmux$2409:
      Old ports: A=2'00, B=2'10, Y=$flatten\u_core.\u_dec.$2\wb_sel[1:0]
      New ports: A=1'0, B=1'1, Y=$flatten\u_core.\u_dec.$2\wb_sel[1:0] [1]
      New connections: $flatten\u_core.\u_dec.$2\wb_sel[1:0] [0] = 1'0
  Optimizing cells in module \soc_single.
    Consolidated identical input bits for $mux cell $procmux$1899:
      Old ports: A=$auto$wreduce.cc:514:run$3000 [2:0], B=3'110, Y=$auto$wreduce.cc:514:run$2999 [2:0]
      New ports: A={ $auto$wreduce.cc:514:run$3000 [0] $auto$wreduce.cc:514:run$3000 [0] }, B=2'10, Y=$auto$wreduce.cc:514:run$2999 [1:0]
      New connections: $auto$wreduce.cc:514:run$2999 [2] = $auto$wreduce.cc:514:run$2999 [1]
    Consolidated identical input bits for $mux cell $procmux$2032:
      Old ports: A=$flatten\u_core.\u_dec.$10\alu_op[3:0], B=4'0001, Y=$flatten\u_core.\u_dec.$9\alu_op[3:0]
      New ports: A={ $flatten\u_core.\u_dec.$10\alu_op[3:0] [1] 1'0 }, B=2'01, Y=$flatten\u_core.\u_dec.$9\alu_op[3:0] [1:0]
      New connections: $flatten\u_core.\u_dec.$9\alu_op[3:0] [3:2] = { $flatten\u_core.\u_dec.$9\alu_op[3:0] [1] 1'0 }
  Optimizing cells in module \soc_single.
    Consolidated identical input bits for $mux cell $procmux$2072:
      Old ports: A=$flatten\u_core.\u_dec.$9\alu_op[3:0], B=4'0000, Y=$flatten\u_core.\u_dec.$8\alu_op[3:0]
      New ports: A=$flatten\u_core.\u_dec.$9\alu_op[3:0] [1:0], B=2'00, Y=$flatten\u_core.\u_dec.$8\alu_op[3:0] [1:0]
      New connections: $flatten\u_core.\u_dec.$8\alu_op[3:0] [3:2] = { $flatten\u_core.\u_dec.$8\alu_op[3:0] [1] 1'0 }
  Optimizing cells in module \soc_single.
Performed a total of 8 changes.

16.33.5. Executing OPT_MERGE pass (detect identical cells).
Finding identical cells in module `\soc_single'.
<suppressed ~3 debug messages>
Removed a total of 1 cells.

16.33.6. Executing OPT_SHARE pass.
    Found cells that share an operand and can be merged by moving the $pmux $procmux$2455 in front of them:
        $auto$pmux2shiftx.cc:712:execute$3011
        $auto$pmux2shiftx.cc:712:execute$3013

16.33.7. Executing OPT_DFF pass (perform DFF optimizations).

16.33.8. Executing OPT_CLEAN pass (remove unused cells and wires).
Finding unused cells or wires in module \soc_single..
Removed 0 unused cells and 3 unused wires.
<suppressed ~1 debug messages>

16.33.9. Executing OPT_EXPR pass (perform const folding).
Optimizing module soc_single.
<suppressed ~4 debug messages>

16.33.10. Rerunning OPT passes. (Maybe there is more to do..)

16.33.11. Executing OPT_MUXTREE pass (detect dead branches in mux trees).
Running muxtree optimizer on module \soc_single..
  Creating internal representation of mux trees.
  Evaluating internal representation of mux trees.
  Analyzing evaluation results.
Removed 0 multiplexer ports.
<suppressed ~43 debug messages>

16.33.12. Executing OPT_REDUCE pass (consolidate $*mux and $reduce_* inputs).
  Optimizing cells in module \soc_single.
    Consolidated identical input bits for $mux cell $auto$opt_share.cc:246:merge_operators$3823:
      Old ports: A={ 9'100110000 $auto$wreduce.cc:514:run$2999 [2] $auto$wreduce.cc:514:run$2999 [2] $auto$wreduce.cc:514:run$2999 [0] 20'01010100001100100000 }, B={ 9'100110000 $auto$wreduce.cc:514:run$2999 [2] $auto$wreduce.cc:514:run$2999 [2] $auto$wreduce.cc:514:run$2999 [0] 16'0101010000110010 $flatten\u_core.\u_dec.$8\alu_op[3:0] [3] 1'0 $flatten\u_core.\u_dec.$8\alu_op[3:0] [3] $flatten\u_core.\u_dec.$8\alu_op[3:0] [0] }, Y=$auto$rtlil.cc:2916:Pmux$3824
      New ports: A=2'00, B={ $flatten\u_core.\u_dec.$8\alu_op[3:0] [3] $flatten\u_core.\u_dec.$8\alu_op[3:0] [0] }, Y=$auto$rtlil.cc:2916:Pmux$3824 [1:0]
      New connections: $auto$rtlil.cc:2916:Pmux$3824 [31:2] = { 9'100110000 $auto$wreduce.cc:514:run$2999 [2] $auto$wreduce.cc:514:run$2999 [2] $auto$wreduce.cc:514:run$2999 [0] 16'0101010000110010 $auto$rtlil.cc:2916:Pmux$3824 [1] 1'0 }
    New ctrl vector for $pmux cell $procmux$2455: $auto$opt_reduce.cc:137:opt_pmux$3826
  Optimizing cells in module \soc_single.
Performed a total of 2 changes.

16.33.13. Executing OPT_MERGE pass (detect identical cells).
Finding identical cells in module `\soc_single'.
Removed a total of 0 cells.

16.33.14. Executing OPT_SHARE pass.

16.33.15. Executing OPT_DFF pass (perform DFF optimizations).
Setting constant 1-bit at position 9 on $auto$ff.cc:266:slice$2954 ($adffe) from module soc_single.

16.33.16. Executing OPT_CLEAN pass (remove unused cells and wires).
Finding unused cells or wires in module \soc_single..
Removed 0 unused cells and 4 unused wires.
<suppressed ~1 debug messages>

16.33.17. Executing OPT_EXPR pass (perform const folding).
Optimizing module soc_single.

16.33.18. Rerunning OPT passes. (Maybe there is more to do..)

16.33.19. Executing OPT_MUXTREE pass (detect dead branches in mux trees).
Running muxtree optimizer on module \soc_single..
  Creating internal representation of mux trees.
  Evaluating internal representation of mux trees.
  Analyzing evaluation results.
Removed 0 multiplexer ports.
<suppressed ~44 debug messages>

16.33.20. Executing OPT_REDUCE pass (consolidate $*mux and $reduce_* inputs).
  Optimizing cells in module \soc_single.
Performed a total of 0 changes.

16.33.21. Executing OPT_MERGE pass (detect identical cells).
Finding identical cells in module `\soc_single'.
Removed a total of 0 cells.

16.33.22. Executing OPT_SHARE pass.

16.33.23. Executing OPT_DFF pass (perform DFF optimizations).

16.33.24. Executing OPT_CLEAN pass (remove unused cells and wires).
Finding unused cells or wires in module \soc_single..

16.33.25. Executing OPT_EXPR pass (perform const folding).
Optimizing module soc_single.

16.33.26. Finished OPT passes. (There is nothing left to do.)

16.34. Executing XILINX_SRL pass (Xilinx shift register extraction).

16.35. Executing TECHMAP pass (map to technology primitives).

16.35.1. Executing Verilog-2005 frontend: /usr/bin/../share/yosys/techmap.v
Parsing Verilog input from `/usr/bin/../share/yosys/techmap.v' to AST representation.
Generating RTLIL representation for module `\_90_simplemap_bool_ops'.
Generating RTLIL representation for module `\_90_simplemap_reduce_ops'.
Generating RTLIL representation for module `\_90_simplemap_logic_ops'.
Generating RTLIL representation for module `\_90_simplemap_compare_ops'.
Generating RTLIL representation for module `\_90_simplemap_various'.
Generating RTLIL representation for module `\_90_simplemap_registers'.
Generating RTLIL representation for module `\_90_shift_ops_shr_shl_sshl_sshr'.
Generating RTLIL representation for module `\_90_shift_shiftx'.
Generating RTLIL representation for module `\_90_fa'.
Generating RTLIL representation for module `\_90_lcu_brent_kung'.
Generating RTLIL representation for module `\_90_alu'.
Generating RTLIL representation for module `\_90_macc'.
Generating RTLIL representation for module `\_90_alumacc'.
Generating RTLIL representation for module `\$__div_mod_u'.
Generating RTLIL representation for module `\$__div_mod_trunc'.
Generating RTLIL representation for module `\_90_div'.
Generating RTLIL representation for module `\_90_mod'.
Generating RTLIL representation for module `\$__div_mod_floor'.
Generating RTLIL representation for module `\_90_divfloor'.
Generating RTLIL representation for module `\_90_modfloor'.
Generating RTLIL representation for module `\_90_pow'.
Generating RTLIL representation for module `\_90_pmux'.
Generating RTLIL representation for module `\_90_demux'.
Generating RTLIL representation for module `\_90_lut'.
Successfully finished Verilog frontend.

16.35.2. Executing Verilog-2005 frontend: /usr/bin/../share/yosys/xilinx/arith_map.v
Parsing Verilog input from `/usr/bin/../share/yosys/xilinx/arith_map.v' to AST representation.
Generating RTLIL representation for module `\_80_xilinx_lcu'.
Generating RTLIL representation for module `\_80_xilinx_alu'.
Successfully finished Verilog frontend.

16.35.3. Continuing TECHMAP pass.
Using extmapper simplemap for cells of type $eq.
Using extmapper simplemap for cells of type $or.
Using extmapper simplemap for cells of type $and.
Using template $paramod$constmap:ec455d513d4744e7d819c012011d7ac06067f0bd$paramod$1767781abb5510778c640b45ef027371b766e589\_90_shift_shiftx for cells of type $shiftx.
Using extmapper simplemap for cells of type $logic_and.
Using extmapper simplemap for cells of type $xnor.
Using extmapper simplemap for cells of type $not.
Using extmapper simplemap for cells of type $reduce_or.
Using extmapper simplemap for cells of type $reduce_and.
Using template $paramod$8fabc56b80a569262acfc42757a02ca0b8e91278\_90_pmux for cells of type $pmux.
Using template $paramod$25c4246495a9f56061a0efa92b046161d5d15f2e\_80_xilinx_alu for cells of type $alu.
Using template $paramod$constmap:4621fcf06a436d1e2a4080e2ed9866a7d07a6e07$paramod$335cfd09f1afa8139c4aafcbbe5f361887b79c5e\_90_shift_ops_shr_shl_sshl_sshr for cells of type $shl.
Using template $paramod$constmap:4621fcf06a436d1e2a4080e2ed9866a7d07a6e07$paramod$feecc7a0dbd012970970f2858f15e786e251f677\_90_shift_ops_shr_shl_sshl_sshr for cells of type $shr.
Using template $paramod$constmap:4621fcf06a436d1e2a4080e2ed9866a7d07a6e07$paramod$e765c459d3029c22a22a27989e94858fd9ebfa9c\_90_shift_ops_shr_shl_sshl_sshr for cells of type $sshr.
Using template $paramod$4fc821520cb3a924f2bc6fa8576a539779b37dc8\_80_xilinx_alu for cells of type $alu.
Using template $paramod\_80_xilinx_lcu\WIDTH=s32'00000000000000000000000000001011 for cells of type $lcu.
Using template $paramod$constmap:c3c0e54796f72c4880c9f973b25cd7fc0f56aa4a$paramod$23cddbd406cf321b741f23b1783b917d9c668aa9\_90_shift_shiftx for cells of type $shiftx.
Using template $paramod$constmap:676c1f4a5c20626dae42510eac5fd23aeef41fee$paramod$5c4e52a372a7221491d10cb88fa5f6042b86e3b6\_90_shift_shiftx for cells of type $shiftx.
Using template $paramod$constmap:24a13675e54398d8c3dbe00204d41c46ed041e81$paramod$92adee9538f2381d8e5006822c900eb986d754e8\_90_shift_shiftx for cells of type $shiftx.
Using template $paramod$constmap:ea96ee1fb5787aedad018728a5ee068b3ddf64ff$paramod$2041227bd033aaa2807831214899f62702555ca1\_90_shift_shiftx for cells of type $shift.
Using extmapper simplemap for cells of type $adff.
Using template $paramod$constmap:2bc84b28b377a1f7607335a2fb61c73ebd237d44$paramod$3eb2d07227f5824664d1a7637f1590f1a70d6f13\_90_shift_shiftx for cells of type $shift.
Using extmapper simplemap for cells of type $xor.
Using extmapper simplemap for cells of type $logic_not.
Using extmapper simplemap for cells of type $reduce_bool.
Using template $paramod$599fc21b257bc9b96c6caef6b35a2ec30d8fdbca\_80_xilinx_alu for cells of type $alu.
Using template $paramod$d31bf4d7d72e59528d18fbd4f322e9d608532043\_90_pmux for cells of type $pmux.
Using template $paramod$constmap:a245c3c7020783f21a95662ea383afbf2f432d09$paramod$70307b0c46f360cdc944ccde23e9e2e58bd145d8\_90_shift_shiftx for cells of type $shiftx.
Using template $paramod$674141544fade965cf052b5e9d5b65813fc4e151\_80_xilinx_alu for cells of type $alu.
Using template $paramod$constmap:673219142ba3f55256828599414e3b71f5aa4b05$paramod$7a189d0d77ebf62589ee491bddc7a9edc613a506\_90_shift_shiftx for cells of type $shiftx.
Using template $paramod$constmap:6f32aaea543adec5bc9691a1d5dc373bac6158ab$paramod$0cb9196b30d27697fac50e35166ae9dafb73bc50\_90_shift_shiftx for cells of type $shiftx.
Using extmapper simplemap for cells of type $ne.
Using template $paramod$c5c783b17ab1d780abfad8cfe6563a0a7b47a3b0\_90_pmux for cells of type $pmux.
Using template $paramod$constmap:de3323eac59213ccefff809d04b4036ff3be9853$paramod$b2e85733ada4e92472b617be42677b51fe476597\_90_shift_shiftx for cells of type $shiftx.
Using template $paramod$db8e6ecc9d55e30ac39e4a71c23a85841d46f485\_80_xilinx_alu for cells of type $alu.
Using template $paramod$d735c1bd8e4aaeb55e846141d44dc1e2c1104582\_80_xilinx_alu for cells of type $alu.
Using template $paramod$constmap:72d5c9d0672bd7fe71ca29259616905366285f54$paramod$2135cf178ab343577102d2d1f6f466e244799dcd\_90_shift_shiftx for cells of type $shift.
Using template $paramod$constmap:95c264af4d876298b4bfadeaa9b077d1099dd20d$paramod$21d7629186f3d2ce213f0dfc9ed1dda0a347fb89\_90_shift_shiftx for cells of type $shift.
Using template $paramod$54d740639e1393b22262823179ff783ea9f17a35\_90_pmux for cells of type $pmux.
Using template $paramod$fc16b9f758000d363d24f130038bd99b46b4fa1b\_90_pmux for cells of type $pmux.
Using template $paramod$constmap:5f0e01f6352e7d05f4366f470c8761b488e29ced$paramod$e97c9b7448eb9b4df0c2ce73dd425a4a83e3102b\_90_shift_shiftx for cells of type $shiftx.
Using extmapper simplemap for cells of type $adffe.
Using extmapper maccmap for cells of type $macc_v2.
  add \u_dotp.p0 (32 bits, unsigned)
  add \u_dotp.p2 (32 bits, unsigned)
  add \u_dotp.p1 (32 bits, unsigned)
  add \u_dotp.p3 (32 bits, unsigned)
Using template $paramod$521ce43182eecb9f60c72393a788160d2c356bf5\_90_pmux for cells of type $pmux.
Using template $paramod$d629d85c8826a74239b9178d1930215a43b0ceb0\_90_pmux for cells of type $pmux.
Using template $paramod$b3b6ac92d800c6f07aa48f510f923d86a674e5a7\_90_pmux for cells of type $pmux.
Using template $paramod$97565c3687be688407d1272a293bd9d0ae6852dc\_90_pmux for cells of type $pmux.
Using extmapper simplemap for cells of type $pos.
Using template $paramod\_90_fa\WIDTH=32'00000000000000000000000000100000 for cells of type $fa.
No more expansions possible.
<suppressed ~4992 debug messages>

16.36. Executing OPT pass (performing simple optimizations).

16.36.1. Executing OPT_EXPR pass (perform const folding).
Optimizing module soc_single.
<suppressed ~1668 debug messages>

16.36.2. Executing OPT_MERGE pass (detect identical cells).
Finding identical cells in module `\soc_single'.
<suppressed ~3684 debug messages>
Removed a total of 1228 cells.

16.36.3. Executing OPT_DFF pass (perform DFF optimizations).

16.36.4. Executing OPT_CLEAN pass (remove unused cells and wires).
Finding unused cells or wires in module \soc_single..
Removed 2685 unused cells and 1285 unused wires.
<suppressed ~2686 debug messages>

16.36.5. Finished fast OPT passes.

16.37. Executing IOPADMAP pass (mapping inputs/outputs to IO-PAD cells).
Mapping port soc_single.clk using IBUF.
Mapping port soc_single.dbg_instr using OBUF.
Mapping port soc_single.dbg_pc using OBUF.
Mapping port soc_single.exit_code using OBUF.
Mapping port soc_single.exit_valid using OBUF.
Mapping port soc_single.rst_n using IBUF.
Mapping port soc_single.uart_rx using IBUF.
Mapping port soc_single.uart_tx using OBUF.

16.38. Executing TECHMAP pass (map to technology primitives).

16.38.1. Executing Verilog-2005 frontend: /usr/bin/../share/yosys/techmap.v
Parsing Verilog input from `/usr/bin/../share/yosys/techmap.v' to AST representation.
Generating RTLIL representation for module `\_90_simplemap_bool_ops'.
Generating RTLIL representation for module `\_90_simplemap_reduce_ops'.
Generating RTLIL representation for module `\_90_simplemap_logic_ops'.
Generating RTLIL representation for module `\_90_simplemap_compare_ops'.
Generating RTLIL representation for module `\_90_simplemap_various'.
Generating RTLIL representation for module `\_90_simplemap_registers'.
Generating RTLIL representation for module `\_90_shift_ops_shr_shl_sshl_sshr'.
Generating RTLIL representation for module `\_90_shift_shiftx'.
Generating RTLIL representation for module `\_90_fa'.
Generating RTLIL representation for module `\_90_lcu_brent_kung'.
Generating RTLIL representation for module `\_90_alu'.
Generating RTLIL representation for module `\_90_macc'.
Generating RTLIL representation for module `\_90_alumacc'.
Generating RTLIL representation for module `\$__div_mod_u'.
Generating RTLIL representation for module `\$__div_mod_trunc'.
Generating RTLIL representation for module `\_90_div'.
Generating RTLIL representation for module `\_90_mod'.
Generating RTLIL representation for module `\$__div_mod_floor'.
Generating RTLIL representation for module `\_90_divfloor'.
Generating RTLIL representation for module `\_90_modfloor'.
Generating RTLIL representation for module `\_90_pow'.
Generating RTLIL representation for module `\_90_pmux'.
Generating RTLIL representation for module `\_90_demux'.
Generating RTLIL representation for module `\_90_lut'.
Successfully finished Verilog frontend.

16.38.2. Executing Verilog-2005 frontend: /usr/bin/../share/yosys/xilinx/cells_map.v
Parsing Verilog input from `/usr/bin/../share/yosys/xilinx/cells_map.v' to AST representation.
Generating RTLIL representation for module `\$__SHREG_'.
Generating RTLIL representation for module `\$__XILINX_SHREG_'.
Generating RTLIL representation for module `\$__XILINX_MUXF78'.
Successfully finished Verilog frontend.

16.38.3. Continuing TECHMAP pass.
No more expansions possible.
<suppressed ~78 debug messages>
Removed 0 unused cells and 6 unused wires.

16.39. Executing DFFLEGALIZE pass (convert FFs to types supported by the target).

16.40. Executing OPT_EXPR pass (perform const folding).
Optimizing module soc_single.
<suppressed ~206 debug messages>

16.41. Executing ABC pass (technology mapping using ABC).

16.41.1. Extracting gate netlist of module `\soc_single' to `<abc-temp-dir>/input.blif'..
Extracted 4583 gates and 5692 wires to a netlist network with 1107 inputs and 1485 outputs.

16.41.1.1. Executing ABC.
Running ABC command: "<yosys-exe-dir>/yosys-abc" -s -f <abc-temp-dir>/abc.script 2>&1
ABC: ABC command line: "source <abc-temp-dir>/abc.script".
ABC: 
ABC: + read_blif <abc-temp-dir>/input.blif 
ABC: + read_lut <abc-temp-dir>/lutdefs.txt 
ABC: + strash 
ABC: + &get -n 
ABC: + &fraig -x 
ABC: + &put 
ABC: + scorr 
ABC: Warning: The network is combinational (run "fraig" or "fraig_sweep").
ABC: + dc2 
ABC: + dretime 
ABC: + strash 
ABC: + dch -f 
ABC: + if 
ABC: + mfs2 
ABC: + write_blif <abc-temp-dir>/output.blif 

16.41.1.2. Re-integrating ABC results.
ABC RESULTS:              $lut cells:     2301
ABC RESULTS:        internal signals:     3100
ABC RESULTS:           input signals:     1107
ABC RESULTS:          output signals:     1485
Removing temp directory.
Removed 0 unused cells and 3039 unused wires.

16.42. Executing TECHMAP pass (map to technology primitives).

16.42.1. Executing Verilog-2005 frontend: /usr/bin/../share/yosys/xilinx/ff_map.v
Parsing Verilog input from `/usr/bin/../share/yosys/xilinx/ff_map.v' to AST representation.
Generating RTLIL representation for module `\$_DFFE_NP0P_'.
Generating RTLIL representation for module `\$_DFFE_PP0P_'.
Generating RTLIL representation for module `\$_DFFE_NP1P_'.
Generating RTLIL representation for module `\$_DFFE_PP1P_'.
Generating RTLIL representation for module `\$_DFFSRE_NPPP_'.
Generating RTLIL representation for module `\$_DFFSRE_PPPP_'.
Generating RTLIL representation for module `\$_SDFFE_NP0P_'.
Generating RTLIL representation for module `\$_SDFFE_PP0P_'.
Generating RTLIL representation for module `\$_SDFFE_NP1P_'.
Generating RTLIL representation for module `\$_SDFFE_PP1P_'.
Generating RTLIL representation for module `\$_DLATCH_NP0_'.
Generating RTLIL representation for module `\$_DLATCH_PP0_'.
Generating RTLIL representation for module `\$_DLATCH_NP1_'.
Generating RTLIL representation for module `\$_DLATCH_PP1_'.
Generating RTLIL representation for module `\$_DLATCH_NPP_'.
Generating RTLIL representation for module `\$_DLATCH_PPP_'.
Successfully finished Verilog frontend.

16.42.2. Continuing TECHMAP pass.
Using template $paramod\$_DFFE_PP0P_\_TECHMAP_WIREINIT_Q_=1'x for cells of type $_DFFE_PP0P_.
Using template $paramod\$_DFFE_PP1P_\_TECHMAP_WIREINIT_Q_=1'x for cells of type $_DFFE_PP1P_.
No more expansions possible.
<suppressed ~614 debug messages>

16.43. Executing XILINX_SRL pass (Xilinx shift register extraction).

16.44. Executing TECHMAP pass (map to technology primitives).

16.44.1. Executing Verilog-2005 frontend: /usr/bin/../share/yosys/xilinx/lut_map.v
Parsing Verilog input from `/usr/bin/../share/yosys/xilinx/lut_map.v' to AST representation.
Generating RTLIL representation for module `\$lut'.
Successfully finished Verilog frontend.

16.44.2. Executing Verilog-2005 frontend: /usr/bin/../share/yosys/xilinx/cells_map.v
Parsing Verilog input from `/usr/bin/../share/yosys/xilinx/cells_map.v' to AST representation.
Generating RTLIL representation for module `\$__SHREG_'.
Generating RTLIL representation for module `\$__XILINX_SHREG_'.
Generating RTLIL representation for module `\$__XILINX_MUXF78'.
Successfully finished Verilog frontend.

16.44.3. Continuing TECHMAP pass.
Using template $paramod$7bb6a37e65823eeb4b38c370fec30ab082759a14\$lut for cells of type $lut.
Using template $paramod$c362ad8dedc7d166ed978091aca319ab1e81a2d4\$lut for cells of type $lut.
Using template $paramod$436da1ed4df9e383f770e19f097123d7f09097ba\$lut for cells of type $lut.
Using template $paramod\$lut\WIDTH=32'00000000000000000000000000000011\LUT=8'00010000 for cells of type $lut.
Using template $paramod$cf652acbfbf67d2248e3045cd0f09c58ca55886c\$lut for cells of type $lut.
Using template $paramod$219965a4d495038265e3f4f88b76bfdc1f810af3\$lut for cells of type $lut.
Using template $paramod$14f974524b5f147582c86c7d4800b3673d5b8bc5\$lut for cells of type $lut.
Using template $paramod$99fb4b3547f5cc2d97601e7be9df464515a6e33c\$lut for cells of type $lut.
Using template $paramod$56c6fc98268f6966dd23dcb4af9b8f5298fa7ead\$lut for cells of type $lut.
Using template $paramod\$lut\WIDTH=32'00000000000000000000000000000010\LUT=4'0100 for cells of type $lut.
Using template $paramod\$lut\WIDTH=32'00000000000000000000000000000011\LUT=8'11001010 for cells of type $lut.
Using template $paramod\$lut\WIDTH=32'00000000000000000000000000000010\LUT=4'0110 for cells of type $lut.
Using template $paramod$bd057bd8439668fdbaa4317279e65cf004c71a23\$lut for cells of type $lut.
Using template $paramod\$lut\WIDTH=32'00000000000000000000000000000011\LUT=8'11100000 for cells of type $lut.
Using template $paramod\$lut\WIDTH=32'00000000000000000000000000000010\LUT=4'0001 for cells of type $lut.
Using template $paramod\$lut\WIDTH=32'00000000000000000000000000000010\LUT=4'1000 for cells of type $lut.
Using template $paramod\$lut\WIDTH=32'00000000000000000000000000000011\LUT=8'01000000 for cells of type $lut.
Using template $paramod$9ae0f136c9ed34a2deb323e9b2a3a520eea61514\$lut for cells of type $lut.
Using template $paramod$ee19d45db61acb4c70d938b97483a4ed4b792645\$lut for cells of type $lut.
Using template $paramod$272652f6c6fbe9a75eff76e45cc7e2788835518b\$lut for cells of type $lut.
Using template $paramod\$lut\WIDTH=32'00000000000000000000000000000011\LUT=8'10000000 for cells of type $lut.
Using template $paramod\$lut\WIDTH=32'00000000000000000000000000000011\LUT=8'00001110 for cells of type $lut.
Using template $paramod$9cf044275e70b6dc34d2f815a6f8ffc23f9694a0\$lut for cells of type $lut.
Using template $paramod$cbb2dfe31d344d3326d567c2ed5a4b2a29f63219\$lut for cells of type $lut.
Using template $paramod$ab54ca5d1432b2a7438dbd0f79077632c22902c3\$lut for cells of type $lut.
Using template $paramod$9c2a85c0474f3ba3ccb555e904e34716a8dbf859\$lut for cells of type $lut.
Using template $paramod$b02965b43cd80cada5671b10a4eaf1a943c1f776\$lut for cells of type $lut.
Using template $paramod\$lut\WIDTH=32'00000000000000000000000000000010\LUT=4'1110 for cells of type $lut.
Using template $paramod$2bc4db8bd4fb8d056f72dd182e27de9a154d9eee\$lut for cells of type $lut.
Using template $paramod$77774f1dbbda06ad04dea2f61264ff5f3d34a856\$lut for cells of type $lut.
Using template $paramod$658b9ed803f0d3d335616d3858b53e0a2522f1e8\$lut for cells of type $lut.
Using template $paramod\$lut\WIDTH=32'00000000000000000000000000000011\LUT=8'10110000 for cells of type $lut.
Using template $paramod$23b36f34c590fc0e34851c7f5977e4e7de140523\$lut for cells of type $lut.
Using template $paramod$7e0de11e2da5e37aa0dd2092b974d3fb64fe9100\$lut for cells of type $lut.
Using template $paramod$91a8cadf08eca79a61330dcd8203500bc9747ad1\$lut for cells of type $lut.
Using template $paramod$e49f6e3576ef1a6d2f58c54414dbb786af8cc869\$lut for cells of type $lut.
Using template $paramod$aaa7dd374bef581c299b959fed97297963af5030\$lut for cells of type $lut.
Using template $paramod$8b24407096beec47292ddeb1567a058197a320b9\$lut for cells of type $lut.
Using template $paramod$87c5d2a373998fc677477054aaf99209c62dda44\$lut for cells of type $lut.
Using template $paramod$c316b059651a9f508d303706619464199d9cee54\$lut for cells of type $lut.
Using template $paramod$1b21bfe3f0f701f19b91b9d9f4b2cb25c52e0379\$lut for cells of type $lut.
Using template $paramod$8ec342753594b0e738bb9c1a4f9f00bd04dcaa4b\$lut for cells of type $lut.
Using template $paramod$faf9bb3152f59d223caf8dc93d1882a4f933d2e4\$lut for cells of type $lut.
Using template $paramod$7537da95c27d81fcfcefbe22389a13c72d70ca1f\$lut for cells of type $lut.
Using template $paramod$51307cdec77060d17363ea3d60427c9afef1ddc2\$lut for cells of type $lut.
Using template $paramod$fc73d9a1decf1f629db7242dca159a6c7f2ec3f6\$lut for cells of type $lut.
Using template $paramod$4f79d472867f62e55dd736f8b9b25cd05a56667d\$lut for cells of type $lut.
Using template $paramod$38f9bf4dd2329347b8471f0a98443dd323386889\$lut for cells of type $lut.
Using template $paramod$c6364c1c44c01bd533fa2efe3a700455891e44b1\$lut for cells of type $lut.
Using template $paramod$9c52d2f0ba0274bd119cc05af7fe5988deff39d1\$lut for cells of type $lut.
Using template $paramod$8b0ea13812abbe97b558a0e031ca71e29ac05d12\$lut for cells of type $lut.
Using template $paramod$565d47446cd23dadf7883972f80562abb2d037b3\$lut for cells of type $lut.
Using template $paramod$26d3ed0c93c2dfc12a22ddd894f4c7c030ee9963\$lut for cells of type $lut.
Using template $paramod$4d4d3bbe4065b7fc301ea101ae5398df0bc58e40\$lut for cells of type $lut.
Using template $paramod$2e5f5f6dc235f52ed66c99010db19ef7c8d53adc\$lut for cells of type $lut.
Using template $paramod$4913b2153bfc480d7c5373272c333ee519e62c3f\$lut for cells of type $lut.
Using template $paramod$e5ea8560c5ba9a150405c0ba9a093bdb8e878a5e\$lut for cells of type $lut.
Using template $paramod$fa94f1974adb96937b278943821c241aabe78d29\$lut for cells of type $lut.
Using template $paramod$9d7d2348a9cc45b456b0272d94e2ba95d1ef6fdd\$lut for cells of type $lut.
Using template $paramod$161f52eda9ff4c2d9742c0fecbf1372972957e5e\$lut for cells of type $lut.
Using template $paramod$910b6acd0c584518fa0e0f3fa31722e35eaee5c6\$lut for cells of type $lut.
Using template $paramod$5e5725f153466bbe36af478db21bf075d10ece2e\$lut for cells of type $lut.
Using template $paramod$b7fdf9d5c4ed3867e8b8679abe0e3334fee60af4\$lut for cells of type $lut.
Using template $paramod$69ec8a3fdf78eaeedb8cbb5d5ef493731c901144\$lut for cells of type $lut.
Using template $paramod$47ffc8054526789d3de2672211dc9be6c050c85e\$lut for cells of type $lut.
Using template $paramod$d2ef43814113ff73f9ebc73be6b7b228fcced45d\$lut for cells of type $lut.
Using template $paramod$2908aa2a20a53d69bc22e1da86d2d63829fc1704\$lut for cells of type $lut.
Using template $paramod$1dc26b1d5d0ee8e7cf7f4928f2590882b5b0344c\$lut for cells of type $lut.
Using template $paramod$56310ff701860d13f2863d5da88c08ae3780813d\$lut for cells of type $lut.
Using template $paramod$71a3547d6efea002828f811f189131a5a1ca86bb\$lut for cells of type $lut.
Using template $paramod$2e42f4cdfa2b7be54cbecc74818d81b621a7793c\$lut for cells of type $lut.
Using template $paramod$cf1a1b2be5bdb74d413eca85ff05591b3e12df9b\$lut for cells of type $lut.
Using template $paramod$b95b9e8700379056f904a8cf25c650051953f7ff\$lut for cells of type $lut.
Using template $paramod$3940bd230f202502ed9dd6e9562be452d60f57b9\$lut for cells of type $lut.
Using template $paramod$c4490bf9ab3904e0ba56dbe88e8fc56088d0015b\$lut for cells of type $lut.
Using template $paramod$d56c4c638d58465eb815fe51cf7fd057276b7bec\$lut for cells of type $lut.
Using template $paramod$95e09110bba2f4f16038c77f8a852565feda12b9\$lut for cells of type $lut.
Using template $paramod$a276c367d84774a347f222f1a3ddef2b44f5c629\$lut for cells of type $lut.
Using template $paramod$8271e01da8fb7fd54fef253a74cda5613fe87814\$lut for cells of type $lut.
Using template $paramod$9c381567b4f943949b88a759244dc61b0355a12d\$lut for cells of type $lut.
Using template $paramod$076cf422cc360e666b495aa79718ec08542267c7\$lut for cells of type $lut.
Using template $paramod$7d8e994232204a6fd92885f3935c7f9ab15d1606\$lut for cells of type $lut.
Using template $paramod$d825c49de9e837550ac0e53abd3e0e221b917a77\$lut for cells of type $lut.
Using template $paramod$c6ce46e59fcbb3a2c8a6327a8bc0ba0273a33b22\$lut for cells of type $lut.
Using template $paramod$314227fc6eb5c88ebd281ce57d0485ad52fc397c\$lut for cells of type $lut.
Using template $paramod$0f462d30e97e3a95497ed3ed4c5670bec4507088\$lut for cells of type $lut.
Using template $paramod$3fad7416722015ea696760f7a395a1ecc1b6ff11\$lut for cells of type $lut.
Using template $paramod$e1b8c3d763a77ec6704dbba3229444cffae959c5\$lut for cells of type $lut.
Using template $paramod$ad58a375ec8e9a56cbfc78bb6adf65c80b0f0899\$lut for cells of type $lut.
Using template $paramod$1ddd3a8dba7510dc64ebf0335fa2fee56a713ec9\$lut for cells of type $lut.
Using template $paramod$a914aec1a54430ccef5225f8048a42867e966d84\$lut for cells of type $lut.
Using template $paramod$c054b0aa0484d9b15690b1acf8c2513a1bfe3fcc\$lut for cells of type $lut.
Using template $paramod$d1665c77c3adc964f0581b1cadefad61ef28e7b4\$lut for cells of type $lut.
Using template $paramod\$lut\WIDTH=32'00000000000000000000000000000011\LUT=8'01110000 for cells of type $lut.
Using template $paramod$c346d287e9fdb27cf2d9e56675966b649a19e299\$lut for cells of type $lut.
Using template $paramod$cffcdcfefee28cb7804202d59fcab831562282d3\$lut for cells of type $lut.
Using template $paramod$6d6beead1425af15cf78b27fd9b11b41b5d4bce8\$lut for cells of type $lut.
Using template $paramod$19e94c62b94ef4046dfbf6f336f2671a08df13e3\$lut for cells of type $lut.
Using template $paramod\$lut\WIDTH=32'00000000000000000000000000000011\LUT=8'10010110 for cells of type $lut.
Using template $paramod$6e238df02989b317f10820a22773676e71120644\$lut for cells of type $lut.
Using template $paramod$d518d8758f0f7cb3f29ea012f8f8b863560848fe\$lut for cells of type $lut.
Using template $paramod$7d5dab135e65a8bb19ccd072cf9441fa7c56bb8e\$lut for cells of type $lut.
Using template $paramod$133754c78e55fd01d1fa5bd3e853adaec30ccb3c\$lut for cells of type $lut.
Using template $paramod$24f544d7368b5261c9b54030234cfe2f25586d4d\$lut for cells of type $lut.
Using template $paramod$48c73076c80ead977f395fad18f62b5c3a4cf29c\$lut for cells of type $lut.
Using template $paramod$5ca0a761b43d35f9af4fd138d09ce8f9eec7c5e1\$lut for cells of type $lut.
Using template $paramod$138ea196ba56443cec0877d0d011184e37401118\$lut for cells of type $lut.
Using template $paramod$2a285b408eb4cac1944690b359b889c40cbfcb23\$lut for cells of type $lut.
Using template $paramod$3f6c6f6a53d13efd07b7e4d8793c5d80a3198e57\$lut for cells of type $lut.
Using template $paramod$eeed37ce45abdda29d3e180f2d1dfc0c4c376530\$lut for cells of type $lut.
Using template $paramod\$lut\WIDTH=32'00000000000000000000000000000010\LUT=4'0010 for cells of type $lut.
Using template $paramod$973818279bc95792902f3c09371fd2407d04a2a5\$lut for cells of type $lut.
Using template $paramod$08f77dd05d0b3b9812ddcf41b8102256cd7f3d54\$lut for cells of type $lut.
Using template $paramod$c664fa4ed04e26668afc3806b2ef2365dd394cdb\$lut for cells of type $lut.
Using template $paramod$e4adace2b301f8a6b3cfd702515b3aa8c23544b7\$lut for cells of type $lut.
Using template $paramod$4789582d00084c3344b7a6dacf516efd46244876\$lut for cells of type $lut.
Using template $paramod$f44e1eab45e047e709d5dfed32527eb1f7745488\$lut for cells of type $lut.
Using template $paramod$559d8f61325f7b4ee17556605f88d95718b41383\$lut for cells of type $lut.
Using template $paramod$aff3a645bb9f572421a4f0f49cf8987ceb4bcdc5\$lut for cells of type $lut.
Using template $paramod$fef24df6a11793c7e8b07daa67daa3ba046da49d\$lut for cells of type $lut.
Using template $paramod$4fb74b6f77f0e4ee752241227926f25b4c222bd4\$lut for cells of type $lut.
Using template $paramod$2144b633c75128cdb157f32055cbd1ee1cb0c89e\$lut for cells of type $lut.
Using template $paramod$18a5e5427b5d3a82bd3480592ddfb4ca6db0067e\$lut for cells of type $lut.
Using template $paramod$39b24220d22e876a68b1936b2c6938eb75d78bf9\$lut for cells of type $lut.
Using template $paramod$c35ad3063d5038410210ddc72c1fd5fed46413b4\$lut for cells of type $lut.
Using template $paramod$910be6f58a782259b5cb30cbf189f21409a3853a\$lut for cells of type $lut.
Using template $paramod$f893cd09ef0207857fd0fd8a4ffe9855d93d1a8c\$lut for cells of type $lut.
Using template $paramod$d371e556fcfc8d27cf7ee8a2f607584f2495bd03\$lut for cells of type $lut.
Using template $paramod$21258e4f137fd0b5b0eaf41c5b0d170364c0ec37\$lut for cells of type $lut.
Using template $paramod\$lut\WIDTH=32'00000000000000000000000000000010\LUT=4'1001 for cells of type $lut.
Using template $paramod$8a51e6a905d725073590d348e64f0b1c369c06b9\$lut for cells of type $lut.
Using template $paramod$9e79a13a55d249ef0f6436cf8d39a153087ef160\$lut for cells of type $lut.
Using template $paramod$305dc7dd741804185588cdb8778c5a3a3cdf407c\$lut for cells of type $lut.
Using template $paramod$d109d40440ca8e9f4072b7969be85c7ea9f4efcb\$lut for cells of type $lut.
Using template $paramod$ea4af401b3e88df16c9bc91ab446d333325f99ae\$lut for cells of type $lut.
Using template $paramod$478e33feeac3aa53ff57d491aada044b8aedceae\$lut for cells of type $lut.
Using template $paramod\$lut\WIDTH=32'00000000000000000000000000000011\LUT=8'00111010 for cells of type $lut.
Using template $paramod\$lut\WIDTH=32'00000000000000000000000000000011\LUT=8'10101100 for cells of type $lut.
Using template $paramod$d71521d5c5c25ede49bc7605f43c5721c9d75928\$lut for cells of type $lut.
Using template $paramod$5dab251fe28c954f063b823c4bb3b1703bbb121b\$lut for cells of type $lut.
Using template $paramod$9a207d694cff1095ca945b22458d7626f1f980c2\$lut for cells of type $lut.
Using template $paramod$8b09f347504cfc0d3d65fbb4601497936543b1b3\$lut for cells of type $lut.
Using template $paramod$2382b0dd4cb27fd4312681c40a6dd179c2a7a26a\$lut for cells of type $lut.
Using template $paramod$bb40a0e4513a7cdea320069d4b9929c2eebcb939\$lut for cells of type $lut.
Using template $paramod$5a9973bc41def5ddf5b821420b2173a81b5efedb\$lut for cells of type $lut.
Using template $paramod$cc615e96d0b61e339413f35950820e8e51bc5702\$lut for cells of type $lut.
Using template $paramod$891e76347cfefe738978394f6982e214e5561ae9\$lut for cells of type $lut.
Using template $paramod\$lut\WIDTH=32'00000000000000000000000000000001\LUT=2'01 for cells of type $lut.
Using template $paramod$8c081497b4b1dcbc2fee3c48519e30b91f0aa6a5\$lut for cells of type $lut.
Using template $paramod\$lut\WIDTH=32'00000000000000000000000000000011\LUT=8'10111111 for cells of type $lut.
Using template $paramod$3a75385b1beb239786b9fcdc898b53110e63595f\$lut for cells of type $lut.
Using template $paramod$c8be79a74b46257e35d47606af5e696f40ac5d25\$lut for cells of type $lut.
Using template $paramod$d6cf0a4b6f6ccd87588da28c41b5b6c258da2509\$lut for cells of type $lut.
Using template $paramod\$lut\WIDTH=32'00000000000000000000000000000011\LUT=8'11010000 for cells of type $lut.
Using template $paramod$e5e9da8fed769f971686eed8c5eea50e61f73aaa\$lut for cells of type $lut.
Using template $paramod$ddc6f4fe74ed36832c5cee6594285c38523f3d9c\$lut for cells of type $lut.
Using template $paramod$08bdcd7e2d31e0c91ab9b3b41c3d73debb4cca2f\$lut for cells of type $lut.
Using template $paramod$418a520dabf3da595048a499e6b8dea2f3840f61\$lut for cells of type $lut.
Using template $paramod$6d4dd4413774d6a5a0b8be416427bc75d564a065\$lut for cells of type $lut.
Using template $paramod$e29d77caadfafd73aa5fe633bde045cc468a68f9\$lut for cells of type $lut.
Using template $paramod$b0eb2a682c1978829dff6f83d130b79ad14216c0\$lut for cells of type $lut.
Using template $paramod$a736a22a6022ce20c29c6707da0aed6ea44b263e\$lut for cells of type $lut.
Using template $paramod$c471af5667a682bd131a5b479e58e470d1b2b7cd\$lut for cells of type $lut.
Using template $paramod\$lut\WIDTH=32'00000000000000000000000000000010\LUT=4'1011 for cells of type $lut.
Using template $paramod$5834ad07c9565f180a588614115852758bfcb98d\$lut for cells of type $lut.
Using template $paramod$feb74533038de8d87ea1bf427d5b025dce26f8ed\$lut for cells of type $lut.
Using template $paramod$e04362e9e122d9373dd9c135cd92231beaff3a36\$lut for cells of type $lut.
Using template $paramod$3acb988bc3a4a4760c1392d56d3ae309efcf109a\$lut for cells of type $lut.
Using template $paramod$3d82d0c50c1e9db108496bfabe5ef9bfc7627413\$lut for cells of type $lut.
Using template $paramod$c872b818d24e97f5cf70627ecd6df2558bc13db0\$lut for cells of type $lut.
Using template $paramod$595c7e54586992712c35f151b0981a1204c42c65\$lut for cells of type $lut.
Using template $paramod$293cd2990cb45c776b08eda6a1e314891f2983cd\$lut for cells of type $lut.
Using template $paramod$eba7de026ff587370e320127e266317dae097a89\$lut for cells of type $lut.
Using template $paramod$399c5b62581f9733029b3fc49fca9bae6d230cc4\$lut for cells of type $lut.
Using template $paramod$a7dad16c080c08c1647c7e1b9706a59a123d8bcd\$lut for cells of type $lut.
Using template $paramod$571404c0889eaf57f492cb5e37f8acb5df5852f9\$lut for cells of type $lut.
Using template $paramod$8320b5ea8974d52ae9fdfc80a0181f9bd8dd2b6b\$lut for cells of type $lut.
Using template $paramod$4952cf500107bf3ebaab31635837d676956ee4fe\$lut for cells of type $lut.
Using template $paramod$8ff624c27fd38d1f4af0341b62a2dd84226c68cd\$lut for cells of type $lut.
Using template $paramod$ff293f94e0de63663205b0a1797153c63b96a4c0\$lut for cells of type $lut.
Using template $paramod$1c07968c8672cb3d1ca5bddc22e7193c485abc9d\$lut for cells of type $lut.
Using template $paramod$965f8f2fa1a796a6c51222eabb50fbd26e97d98b\$lut for cells of type $lut.
Using template $paramod$9bdc414229f06e785dc8fd97a243faa9336e164a\$lut for cells of type $lut.
Using template $paramod\$lut\WIDTH=32'00000000000000000000000000000011\LUT=8'00000111 for cells of type $lut.
Using template $paramod$c1a19a87ccbbb03d43a72335db63f692ddf82cc1\$lut for cells of type $lut.
Using template $paramod$956ec9c1ed037a4d07864048a35b0491cf341c77\$lut for cells of type $lut.
Using template $paramod$726cb972a97c1ecc50c4342b34d3aaf2c9755929\$lut for cells of type $lut.
Using template $paramod$c4e6af2fc5d8d04af41f970c2552a16a7c1c9841\$lut for cells of type $lut.
Using template $paramod$251994398653c4cf8de320f1e306e535d5d2d624\$lut for cells of type $lut.
Using template $paramod$33e58adf67c6b686a154c9ce8ebbc4b04b8cabc5\$lut for cells of type $lut.
Using template $paramod\$lut\WIDTH=32'00000000000000000000000000000011\LUT=8'00001011 for cells of type $lut.
Using template $paramod$0b26e6f0e70b4d9c5ffd19dc6a5d52fa692dc97a\$lut for cells of type $lut.
Using template $paramod\$lut\WIDTH=32'00000000000000000000000000000011\LUT=8'00110101 for cells of type $lut.
Using template $paramod$8b86e55468e357a003d7db5512beb0c4cc863b21\$lut for cells of type $lut.
Using template $paramod$3b5d025daeb952b3f0ba26bb410004288a2a0640\$lut for cells of type $lut.
Using template $paramod$902ed43dcaa6101b2d051ad26600288d910a8996\$lut for cells of type $lut.
Using template $paramod$f29ef1e095f9973e79799d2466cf6e87741d06b1\$lut for cells of type $lut.
Using template $paramod$2ea69c779d6c1b79ac5a87b0d1523c67d5628dba\$lut for cells of type $lut.
Using template $paramod$f936cf1f3ac2dfc4c0156fca74ede0b6752ba695\$lut for cells of type $lut.
Using template $paramod$904f1dc9798e81709aad21bfe77160d17b1ac9e4\$lut for cells of type $lut.
Using template $paramod$736b8a8f8dd66495e08a0e2c6bc654792cec3be5\$lut for cells of type $lut.
Using template $paramod$c489fd2051e67ed3627644cd41af306e0776f8a0\$lut for cells of type $lut.
Using template $paramod$179512a187da069f3b79ef6612a41e494e7d54b6\$lut for cells of type $lut.
Using template $paramod$ad3a97108c9f4d10f8acfa309b668b9455d3d733\$lut for cells of type $lut.
Using template $paramod$a31eb1e566a38e0f0c0836d42dc1553631fc514c\$lut for cells of type $lut.
Using template $paramod$ab6a7f3e81b72d5b30a970bd74ea97a2624550a0\$lut for cells of type $lut.
Using template $paramod$8331cfa84e60838bfa0ec6b1e0818433bad03c82\$lut for cells of type $lut.
Using template $paramod$5964dec528c7ded1ee9f528024feacf1107270a1\$lut for cells of type $lut.
Using template $paramod\$lut\WIDTH=32'00000000000000000000000000000011\LUT=8'01001111 for cells of type $lut.
Using template $paramod$97705fe9ca08e283127b5941d51f3ffa6e895731\$lut for cells of type $lut.
Using template $paramod$fc6c74ee9a386e83a87c1dc5c3bfcbca861cef2a\$lut for cells of type $lut.
Using template $paramod$3e9bb186e553e15479250f4bb350249e57b7a319\$lut for cells of type $lut.
Using template $paramod\$lut\WIDTH=32'00000000000000000000000000000011\LUT=8'11110100 for cells of type $lut.
Using template $paramod\$lut\WIDTH=32'00000000000000000000000000000011\LUT=8'00000001 for cells of type $lut.
Using template $paramod$5eed5b6ec1788c0ecb4d165a7b0568b9045a57c7\$lut for cells of type $lut.
Using template $paramod$332a399730bfc61adea04021a76b1c4e4030f37d\$lut for cells of type $lut.
Using template $paramod$7bd838602b97b6e848adecf7433be52972d6974d\$lut for cells of type $lut.
Using template $paramod$9a61ff9f22870931c9f62a4f39c8904c74fbbd16\$lut for cells of type $lut.
Using template $paramod$1e9ca00fd071996048e66171d3f0399ce9e77d0e\$lut for cells of type $lut.
Using template $paramod$f532a7da35e75f91f8f4c67996f6371546345672\$lut for cells of type $lut.
Using template $paramod$8c24dc0cdd336b7fb88bbf7eed45cec5cbae862b\$lut for cells of type $lut.
Using template $paramod$b782fabc2eb318148692051f7a2fc0154dc358e0\$lut for cells of type $lut.
Using template $paramod$278bd683847eac7727dff8003a1c1f2b20cfb7c6\$lut for cells of type $lut.
Using template $paramod$69a53c0e7929c5ec9a257214adc1888ea64c5aa8\$lut for cells of type $lut.
Using template $paramod$345e594e3e86fb5714f53304e99d8ef40a9499ad\$lut for cells of type $lut.
Using template $paramod$ce3500c25da5392be033f9b6c2c6d3127327d026\$lut for cells of type $lut.
Using template $paramod$db88c5203f9ab974ee3a7479db39e398861c2578\$lut for cells of type $lut.
Using template $paramod$513d6af387d5b087583bc3a67a8053ef7b2d3524\$lut for cells of type $lut.
Using template $paramod$0afd4d8e499562fcec7a02d360db825a1678445f\$lut for cells of type $lut.
Using template $paramod$a63d84c9dd26caf4e75c7cc2f6f70f64a5b14aa1\$lut for cells of type $lut.
Using template $paramod$50102072ba4a00114b2d8992a606d093a2112d6a\$lut for cells of type $lut.
Using template $paramod$e6f154aa4ddbf37901f18ca44e9e9a797ad8c7f1\$lut for cells of type $lut.
Using template $paramod$1890b55d7576a581cecf4c05db7733a2c1a6bd22\$lut for cells of type $lut.
Using template $paramod$b4f85a6321a00b090afc4e21d68e7b99eb94d149\$lut for cells of type $lut.
Using template $paramod$ca992e2c23c35446914e1bccc03e59d46f875d8d\$lut for cells of type $lut.
Using template $paramod$9d895bd6ca2f9c577ed971a06b40ebf550d94416\$lut for cells of type $lut.
Using template $paramod$fceec73bb8fcae56624653948721dd4b1c897807\$lut for cells of type $lut.
Using template $paramod$a910cb9d68aa8ae91eba2c85808ea4beb150712c\$lut for cells of type $lut.
Using template $paramod$052ca015f1400ebf950f85d5f181f7a5865c336c\$lut for cells of type $lut.
Using template $paramod$8adf7fbd410d2cc654c288d5be5f7508ee8809b0\$lut for cells of type $lut.
Using template $paramod$95cfa73d9010f070e359cf2bde5ee316951d62a9\$lut for cells of type $lut.
Using template $paramod$5792ab0a95ae685fa5320db8ee01a18a8e05c33d\$lut for cells of type $lut.
Using template $paramod$ca2c0a812f77a9377181901c739017635ee25fc9\$lut for cells of type $lut.
Using template $paramod$0877ae03de1ac486b3ff896a0a5b5898d46fc797\$lut for cells of type $lut.
Using template $paramod$6e9a5f3528f8ac7048f20ad7fb33108af14331ff\$lut for cells of type $lut.
Using template $paramod$2d07c1a6c53c7b878509360922c4fa5ebedc3011\$lut for cells of type $lut.
Using template $paramod$1153e37daf21b15693968b185bc6c04719942f8b\$lut for cells of type $lut.
Using template $paramod$ea0d25133dbd878dba06f42703957a9f2d7dc918\$lut for cells of type $lut.
Using template $paramod$3827c08235eee689699ac302aeb407b04ff59c26\$lut for cells of type $lut.
Using template $paramod$6fc9e32a4b673d874573b39e72c9c8ab00375809\$lut for cells of type $lut.
Using template $paramod$3a3f251470f24496d495428c6bb307b393087f7d\$lut for cells of type $lut.
Using template $paramod$a2c96fc99d246f91a321605af6d32c293c4dbd29\$lut for cells of type $lut.
Using template $paramod$0594b16b2b6ec2a44fd6c39c038a9df0b44f336a\$lut for cells of type $lut.
Using template $paramod$6fe28b5bd417b32d5290617f7b73f0383d081496\$lut for cells of type $lut.
Using template $paramod$551eea33189e6fa750310ad8bc7f00890411daec\$lut for cells of type $lut.
Using template $paramod$70b54bac780cc5d7520457f72a656427a73d5ab9\$lut for cells of type $lut.
Using template $paramod$6476bbf361d39faca11b349a31b6805fd79c5a90\$lut for cells of type $lut.
Using template $paramod$7828ab07f2c7d5d0f558e5bd103afcb37bd249be\$lut for cells of type $lut.
Using template $paramod\$lut\WIDTH=32'00000000000000000000000000000011\LUT=8'11000100 for cells of type $lut.
Using template $paramod\$lut\WIDTH=32'00000000000000000000000000000011\LUT=8'11110001 for cells of type $lut.
Using template $paramod$76de4e50e1090378e74530f216488ea88e492787\$lut for cells of type $lut.
Using template $paramod$d4fae2c0d9ad2966369cd4e39b81c71bcd1327c9\$lut for cells of type $lut.
Using template $paramod$27d0977fd3eb60956830d8e5388492d64ef0346b\$lut for cells of type $lut.
Using template $paramod$f63fe32f78d5f3c5de711945c592c8c5ec2303ae\$lut for cells of type $lut.
Using template $paramod$affcf0f154430e5f24240efdee5f7d379dca7dd1\$lut for cells of type $lut.
Using template $paramod$ea88a06962d1884df863d9765f42571fd11bcb32\$lut for cells of type $lut.
Using template $paramod$2e7a95e82db1d690ae9ba5d10f68b175fa2cb467\$lut for cells of type $lut.
Using template $paramod$bb59fc9d73f3ced261e3a74efef030fd29d37b76\$lut for cells of type $lut.
Using template $paramod$bd364dfcf8e4bb0822e5313541b61110873f24eb\$lut for cells of type $lut.
Using template $paramod$2d8ecce5c907513cebcd38ab5efe0fc26fc03464\$lut for cells of type $lut.
Using template $paramod$e05daf752ebc4e4bd291565ba38235b76a24842e\$lut for cells of type $lut.
Using template $paramod$fff5f81ed897b3c7a463460e7e48fc9f3338e21e\$lut for cells of type $lut.
Using template $paramod$2bdc60b886c6f503fff538c0295c61bc86b05f00\$lut for cells of type $lut.
Using template $paramod$1b39a2341a25602b4614a133d497d3bc91466185\$lut for cells of type $lut.
Using template $paramod$2a3b3083964c165380d0b1c608b3ce2c1db1e333\$lut for cells of type $lut.
Using template $paramod$f7cb4108a38b70599a046c164887572a421dda73\$lut for cells of type $lut.
Using template $paramod$1a7a480486efc550211a507b6ca42c979ebb3016\$lut for cells of type $lut.
Using template $paramod\$lut\WIDTH=32'00000000000000000000000000000011\LUT=8'01111000 for cells of type $lut.
Using template $paramod$329df0b573a871c429328483a50ef50c4a5ab941\$lut for cells of type $lut.
Using template $paramod$a2b4ddfa3906001b2ef9f2414d79c3048f2a3a6e\$lut for cells of type $lut.
Using template $paramod$319ce70c14bcfb510f926c26188ead779dc916d2\$lut for cells of type $lut.
Using template $paramod$9215ac92bac107ca60bd4fa8b17b542ee928d2a9\$lut for cells of type $lut.
Using template $paramod$6808b8138b5b2e58d239f7f0798c5df7bd1d7cb7\$lut for cells of type $lut.
Using template $paramod$ddb7bd53ef53424454c6493613bcb98c619f5dfd\$lut for cells of type $lut.
Using template $paramod$17b39197fe9ca5c29551aaf13b1516045332eb9a\$lut for cells of type $lut.
Using template $paramod$3a1dbf2a10490397ae5ad5c9fd1742aee33f66c9\$lut for cells of type $lut.
Using template $paramod$692927e279b3d5c42ee4aacb287247c0b34943ed\$lut for cells of type $lut.
Using template $paramod$c0f000df35f9fbeaa08b0fb46cf55f3e676e9ddd\$lut for cells of type $lut.
Using template $paramod$f65a96d258e839e93cb1cc57a48870bada2e2319\$lut for cells of type $lut.
Using template $paramod$c4d0b81e511543c88cbbbe1637030529404d99ea\$lut for cells of type $lut.
Using template $paramod$0a304a72f8c3bda40ded955aaa0189b1f318b1aa\$lut for cells of type $lut.
Using template $paramod$d645b4433175ffab41651f13c5ca66bd4ef49bd0\$lut for cells of type $lut.
Using template $paramod$cd75dd0f65cc1de2d09a4358b5d3ca5371b8f737\$lut for cells of type $lut.
Using template $paramod$93e316355e3c2b667e7f20bda1e29c85c13db070\$lut for cells of type $lut.
Using template $paramod$65324bb873936821559a9833785201d8b0c26b42\$lut for cells of type $lut.
Using template $paramod$3c2c41a3dfa511b9d0c6ddbf4ddb8fe22bb4f3cf\$lut for cells of type $lut.
Using template $paramod$a82671b51f1ff80b0b328a553253bd5ccf44fe8d\$lut for cells of type $lut.
Using template $paramod$35b07693643aa35814727be11c7f54a583d9b6e9\$lut for cells of type $lut.
Using template $paramod$6813867061fc92494ccaa20b8e8f07a6ddf41ee5\$lut for cells of type $lut.
Using template $paramod$0e0b568085824e9f7841013be5e14325b4e154e1\$lut for cells of type $lut.
Using template $paramod$7b4a60ee3124605bc41b96b9410c188d960c09f6\$lut for cells of type $lut.
Using template $paramod$a3a2c4d91dcd63126f8383063f6f48af83689046\$lut for cells of type $lut.
Using template $paramod$d2610f710d84f04eec617e687203b3eca23169fd\$lut for cells of type $lut.
Using template $paramod$73eaa0d67ce6d1db7cb71227be79a481ad2decc6\$lut for cells of type $lut.
Using template $paramod$e3a48d0c91deb1e51f5a86bde7ba7f3e9af856eb\$lut for cells of type $lut.
Using template $paramod$2948ab514f9bbad56ec70ecdcd68b138ffe65580\$lut for cells of type $lut.
Using template $paramod$a1aea08bca56cd9956c3a2a47cc1678e52c8be08\$lut for cells of type $lut.
Using template $paramod$b90e37dcaa910b4084e05ff410397fdf41177f3a\$lut for cells of type $lut.
Using template $paramod$bf27a75a7d9b5cac5b8141685dad6e7a9ef363cd\$lut for cells of type $lut.
Using template $paramod$3620ec2b60d88a714ed652739fc8dbc54cb6788b\$lut for cells of type $lut.
Using template $paramod$33bd015542c79e3d846af0329bcb28da0b9efd9b\$lut for cells of type $lut.
Using template $paramod$99c8ff1290f93e4fe2ca4c797782c9e3d8525b19\$lut for cells of type $lut.
Using template $paramod$ede3ec7ca66f4b0d81af050565e7400b28750263\$lut for cells of type $lut.
Using template $paramod$59e75a61b2e4a983c96d8aa2f40028bf6469834d\$lut for cells of type $lut.
Using template $paramod$b2038181ce6e95ba92b1f85c9ed802d989ad8c36\$lut for cells of type $lut.
Using template $paramod$87112c7d511269df645aa80f0e41752d7498bc47\$lut for cells of type $lut.
Using template $paramod$7f7cb89d3d9dccbb32986e732885a5297d4b9fd7\$lut for cells of type $lut.
Using template $paramod$e51fbf22c75d93b251d9a12fc563d94780d2ddda\$lut for cells of type $lut.
Using template $paramod$c315fd171a22ad0b563d890e3adda172ea240769\$lut for cells of type $lut.
Using template $paramod$72dd67451f08de42c07f53336f3eca5e20a200b9\$lut for cells of type $lut.
Using template $paramod$6e65488540ccfda50ddfbe2f8cd094d556e8b2b7\$lut for cells of type $lut.
Using template $paramod$52d69f91b4d1fdb1466dcb6f8c98a30bbf4e126b\$lut for cells of type $lut.
Using template $paramod$1fffd425e87119b8f68cc0366ae152d24c0ee715\$lut for cells of type $lut.
Using template $paramod$95b86b57d923a2799ee64baf7966b3f958748c4e\$lut for cells of type $lut.
Using template $paramod$d380b53d2e14fcfd89181d945dc5675808a6a89a\$lut for cells of type $lut.
Using template $paramod$6a3ef2570866ecc8d83cf290a2d208c78c64b6b6\$lut for cells of type $lut.
Using template $paramod$1d1fbed2b8020477492570349621a0d3613671da\$lut for cells of type $lut.
Using template $paramod$ccf89c069edc12d94f8e50f4b6e6d6f187d1fac3\$lut for cells of type $lut.
Using template $paramod$113def4e2598c84f6fce272c0d977c55dd45fc1e\$lut for cells of type $lut.
Using template $paramod$e71acd1fd0d505c5322a040014ca4f2fbd36a053\$lut for cells of type $lut.
Using template $paramod$7b6890c79e7edd3de3708cf054e49400b30580cc\$lut for cells of type $lut.
Using template $paramod$a3bfd02af419e12ffa0c94fdcc9b377d1b264c17\$lut for cells of type $lut.
Using template $paramod$cbe77f416b1472a35428fc10b7dbabd865dbc240\$lut for cells of type $lut.
Using template $paramod$2226404a66eb67fccbfbfe4a5d41427cdb221971\$lut for cells of type $lut.
Using template $paramod$75cc76ca0333ca4b7efb3e47cc6101b38938c075\$lut for cells of type $lut.
Using template $paramod$4f8763b4e6a3d1f8e0995b839fd79f8bcc82f324\$lut for cells of type $lut.
Using template $paramod$8f9df5f78689253601ffce03bdf088e63e08b4e7\$lut for cells of type $lut.
Using template $paramod$a04bf81bed32811ddb51eb078374005e51a2141c\$lut for cells of type $lut.
Using template $paramod$8e2a2efa9e98a5ac22d2673d098e362f8b20341e\$lut for cells of type $lut.
Using template $paramod$a243b6411dada6f6b197d0590287316845c12b07\$lut for cells of type $lut.
Using template $paramod$b577ac4b74d603cabcff6765dad45e52ae3570db\$lut for cells of type $lut.
Using template $paramod$34e531dc93cdec6b88bf30bc052a85f014ce6b53\$lut for cells of type $lut.
Using template $paramod$b83857a12a880389eaddf372ddc57b8b5e5e18fa\$lut for cells of type $lut.
Using template $paramod$950861e1304a10b76e505529f93171db522771a1\$lut for cells of type $lut.
Using template $paramod$6a2d75644ceb81af27b072a1f39af613f846c04f\$lut for cells of type $lut.
Using template $paramod$3dd85b95347cd596e37e3b8f0ac739168695084c\$lut for cells of type $lut.
Using template $paramod$1132f485a9e3952e81d83e138278bf8153fa74be\$lut for cells of type $lut.
Using template $paramod$6c93fcdcb2e52353238dcbefd1f086b2fb28605a\$lut for cells of type $lut.
Using template $paramod$170cdb4c8bec480b9512b68e32a26c29f1b71e2c\$lut for cells of type $lut.
Using template $paramod$6cc26fae4a1f92b912af8024fdb55c1bbd4ec1c0\$lut for cells of type $lut.
Using template $paramod$8f6666db9c1b834c4e7e48e5cc2a545ef90ef85d\$lut for cells of type $lut.
Using template $paramod$bc4d5f33a3fc027e307167c13d02c18a69b9ff1e\$lut for cells of type $lut.
Using template $paramod$944a902563c0f8dd967a1b214484f6afa1f64b6a\$lut for cells of type $lut.
Using template $paramod$700fac7efe04ad9233076c81031ad172f6b4a871\$lut for cells of type $lut.
Using template $paramod$0de282c43bc898a0196d8115df9c80b79c6c0569\$lut for cells of type $lut.
Using template $paramod$fbc5422a5824a6296c277992b39708a17bc5d1b5\$lut for cells of type $lut.
Using template $paramod$dfd57607b12cbcfa0282cd45553eece614a60bf8\$lut for cells of type $lut.
Using template $paramod$3f0a081b6323bf368241de5b03493094f156ac0a\$lut for cells of type $lut.
Using template $paramod$a5763bf6276dba640667d9b925e2f79f0771d14c\$lut for cells of type $lut.
Using template $paramod$df0cd37173347e3686d73edc7676056497f725c4\$lut for cells of type $lut.
Using template $paramod$b23a4e8ceced5111db9d1a62bf3c11a550d28639\$lut for cells of type $lut.
Using template $paramod$6c86a934e2074caf9961980bfbcc3c4fc2f3cd76\$lut for cells of type $lut.
Using template $paramod$d52b0c51c01535eeb771c4db0949a5a146164922\$lut for cells of type $lut.
Using template $paramod$091c39a92bf746b2aa7ab8b3e739fa60649279ed\$lut for cells of type $lut.
Using template $paramod$1b50331b90b04382b33c15fba4a70fbf2b6549b2\$lut for cells of type $lut.
Using template $paramod$1fc24f04c9d167ae205e81437168472c81ec935a\$lut for cells of type $lut.
Using template $paramod$becfa4be1cbf62cb6d3b232ddcf44f1e574aebf7\$lut for cells of type $lut.
Using template $paramod$07bd2983970c965343e2efa8110fedf4bb85645b\$lut for cells of type $lut.
Using template $paramod$f18569300906f69e82b2370c26117cb7ad311fbd\$lut for cells of type $lut.
Using template $paramod$3536bbd0bd91d10d8a3a68256d0a5f8c92ce0213\$lut for cells of type $lut.
Using template $paramod$717875898611d0932966296daf19f3d848d1263f\$lut for cells of type $lut.
Using template $paramod$34be47658fc2ea54de14d173ff8b914acdfb17d5\$lut for cells of type $lut.
Using template $paramod$8b0dad7e4da21830a9559496d175ada5df690cb3\$lut for cells of type $lut.
Using template $paramod$6a9e6a7be18da3b2738a3c440c25aefc246735de\$lut for cells of type $lut.
Using template $paramod$7aa4814fc681a08d51666ea503e00d4a8e119577\$lut for cells of type $lut.
Using template $paramod$b19846ef51b9964dadba1ada32fb04c74dad7903\$lut for cells of type $lut.
Using template $paramod$22517872de97b127f6b5e40a9b007d84e3c8d004\$lut for cells of type $lut.
Using template $paramod$aacda40b555c79f40b5a9ac24fb3dab152c09774\$lut for cells of type $lut.
Using template $paramod$cf0a873d7c2d3ab19e04ce0dfd55e973266c8396\$lut for cells of type $lut.
Using template $paramod$66a7de8c590c9e78d13ca65b45916b868a10fa18\$lut for cells of type $lut.
Using template $paramod$fb556cc7c6e769b4a2f45286375bb8560d03a6af\$lut for cells of type $lut.
Using template $paramod$6ac63e260ac9358393ce55a25a74c7e990c673c3\$lut for cells of type $lut.
Using template $paramod$41d0fe1b103ca824f92bc53dcd643d4286feba1e\$lut for cells of type $lut.
Using template $paramod$243aef9f57c27615d263807b3affb3b0fbcd09a3\$lut for cells of type $lut.
Using template $paramod$64dee05be3853e871e8eab1d90e93b80924b77b8\$lut for cells of type $lut.
Using template $paramod$679967ef1962a06ca70132bf4c9189c00d461c00\$lut for cells of type $lut.
Using template $paramod$c8091b012966cb2125b40443b60b6dcb18aa84fc\$lut for cells of type $lut.
Using template $paramod$f301a628026f586903001bd9c754b3b888afc128\$lut for cells of type $lut.
Using template $paramod$0905cf3895e05416834b9b5995b7283310eb1ac5\$lut for cells of type $lut.
Using template $paramod$e2d027500fc972592e1aa6715aef0f2ab403fcca\$lut for cells of type $lut.
Using template $paramod$d690e094709fd1fd54f0eabef87c05904bcefeaf\$lut for cells of type $lut.
Using template $paramod$32c8675a504d97e800fe3954f804e21f4ff1f8a2\$lut for cells of type $lut.
Using template $paramod$6d47b086c0c6751640fdcbc4ea002fa585a23b17\$lut for cells of type $lut.
Using template $paramod$1e29c3a55d29d181900d9a0df68d744250be5412\$lut for cells of type $lut.
Using template $paramod$d9ccfc6d7241de13c25210d03bb86422ec51f487\$lut for cells of type $lut.
Using template $paramod$b00911e1d9bff0f8103e6c1a936ccd397928b397\$lut for cells of type $lut.
Using template $paramod$0104c4defb4bf5e31e9eb981f16a66080b58f8a5\$lut for cells of type $lut.
Using template $paramod$4791159fdc3483400974afab88741955182b95d4\$lut for cells of type $lut.
Using template $paramod$789944ba4f0e1a91c79910ea4e32fafcdf23278b\$lut for cells of type $lut.
Using template $paramod$aef82faf63eeb9f91c8c46840cd0ae28b1a09166\$lut for cells of type $lut.
Using template $paramod$1e524b2e7adc40301a949f6ae2a1d7735f8b15f2\$lut for cells of type $lut.
Using template $paramod$1b1686e84f3bea10a3d3e4c34f02d465d6b92062\$lut for cells of type $lut.
Using template $paramod$0dd9d789a2a2e6d3f3b7c7d813f2eec2821fced3\$lut for cells of type $lut.
Using template $paramod$b448f57af636efbd5d99c556b069036de7a8589f\$lut for cells of type $lut.
Using template $paramod$23d961bfefd26a4ca4c9d2cac56210440872b9f0\$lut for cells of type $lut.
Using template $paramod$faa8b53c496b8f784cd085d1095f61c7aa703a49\$lut for cells of type $lut.
Using template $paramod$e0816cf7f03149551f2031b7d879b27a6be72fa8\$lut for cells of type $lut.
Using template $paramod$835a3c91c27bafecc03d36b9068c9e37f7511071\$lut for cells of type $lut.
Using template $paramod$bf5a0c172a67214803368ea7d5335549376d2c48\$lut for cells of type $lut.
Using template $paramod$061dcceabad0dfb59b66e8ab467c1fed4da15fa1\$lut for cells of type $lut.
Using template $paramod$0131d1e77e9e09836402542053e406dee4768636\$lut for cells of type $lut.
Using template $paramod$2f23909f590d850f8f04bf1ad26a97184acb1ab4\$lut for cells of type $lut.
Using template $paramod$090057ea865d197dec93edea12082cb70dab9d8f\$lut for cells of type $lut.
Using template $paramod$2db173b3172708b4d14322db9e29ed92ea6492de\$lut for cells of type $lut.
Using template $paramod$53639cf7b409b0a92b0ca5bb7cbe99946b8e0811\$lut for cells of type $lut.
Using template $paramod$b1c85cf7cc1983ed4ce9bf4b24c5713b8b43fd10\$lut for cells of type $lut.
No more expansions possible.
<suppressed ~8510 debug messages>

16.45. Executing XILINX_DFFOPT pass (optimize FF control signal usage).
Optimizing FFs in soc_single.
  Merging D + CE LUTs for $auto$ff.cc:266:slice$8117/u_uart.u_tx.frame (3 -> 6)
  Merging D + CE LUTs for $auto$ff.cc:266:slice$8118/u_uart.u_tx.frame (3 -> 6)
  Merging D + CE LUTs for $auto$ff.cc:266:slice$8119/u_uart.u_tx.frame (3 -> 6)
  Merging D + CE LUTs for $auto$ff.cc:266:slice$8120/u_uart.u_tx.frame (3 -> 6)
  Merging D + CE LUTs for $auto$ff.cc:266:slice$8121/u_uart.u_tx.frame (3 -> 6)
  Merging D + CE LUTs for $auto$ff.cc:266:slice$8122/u_uart.u_tx.frame (3 -> 6)
  Merging D + CE LUTs for $auto$ff.cc:266:slice$8123/u_uart.u_tx.frame (3 -> 6)
  Merging D + CE LUTs for $auto$ff.cc:266:slice$8116/u_uart.u_tx.frame (2 -> 5)
  Merging D + CE LUTs for $auto$ff.cc:266:slice$8124/u_uart.u_tx.frame (2 -> 5)
  Merging D + CE LUTs for $auto$ff.cc:266:slice$8954/u_uart.rx_avail (3 -> 5)
  Merging D + CE LUTs for $auto$ff.cc:266:slice$9006/u_uart.u_tx.bitpos (2 -> 5)
  Merging D + CE LUTs for $auto$ff.cc:266:slice$9007/u_uart.u_tx.bitpos (2 -> 5)
  Merging D + CE LUTs for $auto$ff.cc:266:slice$9005/u_uart.u_tx.bitpos (2 -> 5)
  Merging D + CE LUTs for $auto$ff.cc:266:slice$9008/u_uart.u_tx.bitpos (2 -> 5)

16.46. Executing OPT_LUT_INS pass (discard unused LUT inputs).
Optimizing LUTs in soc_single.
  Optimizing lut $abc$17747$auto$blifparse.cc:535:parse_blif$18539.genblk1.genblk1.genblk1.genblk1.genblk1.genblk1.genblk1.genblk1.genblk1.genblk1.lut0.genblk1.genblk1.genblk1.genblk1.genblk1.genblk1.genblk1.genblk1.genblk1.lut0 (6 -> 3)
  Optimizing lut $abc$17747$auto$blifparse.cc:535:parse_blif$18540.genblk1.genblk1.genblk1.genblk1.genblk1.genblk1.genblk1.genblk1.genblk1.genblk1.lut0.genblk1.genblk1.genblk1.genblk1.genblk1.genblk1.genblk1.genblk1.genblk1.lut0 (6 -> 0)
  Optimizing lut $abc$17747$auto$blifparse.cc:535:parse_blif$18540.genblk1.genblk1.genblk1.genblk1.genblk1.genblk1.genblk1.genblk1.genblk1.genblk1.lut1.genblk1.genblk1.genblk1.genblk1.genblk1.genblk1.genblk1.genblk1.genblk1.lut0 (6 -> 4)
  Optimizing lut $abc$17747$auto$blifparse.cc:535:parse_blif$18684.genblk1.genblk1.genblk1.genblk1.genblk1.genblk1.genblk1.genblk1.genblk1.genblk1.lut0.genblk1.genblk1.genblk1.genblk1.genblk1.genblk1.genblk1.genblk1.genblk1.lut0 (6 -> 0)
  Optimizing lut $abc$17747$auto$blifparse.cc:535:parse_blif$18688.genblk1.genblk1.genblk1.genblk1.genblk1.genblk1.genblk1.genblk1.genblk1.genblk1.lut0.genblk1.genblk1.genblk1.genblk1.genblk1.genblk1.genblk1.genblk1.genblk1.lut0 (6 -> 0)
  Optimizing lut $abc$17747$auto$blifparse.cc:535:parse_blif$18688.genblk1.genblk1.genblk1.genblk1.genblk1.genblk1.genblk1.genblk1.genblk1.genblk1.lut1.genblk1.genblk1.genblk1.genblk1.genblk1.genblk1.genblk1.genblk1.genblk1.lut0 (6 -> 4)
  Optimizing lut $abc$17747$auto$blifparse.cc:535:parse_blif$18687.genblk1.genblk1.genblk1.genblk1.genblk1.genblk1.genblk1.genblk1.genblk1.genblk1.lut0.genblk1.genblk1.genblk1.genblk1.genblk1.genblk1.genblk1.genblk1.genblk1.lut0 (6 -> 3)
  Optimizing lut $abc$17747$auto$blifparse.cc:535:parse_blif$18687.genblk1.genblk1.genblk1.genblk1.genblk1.genblk1.genblk1.genblk1.genblk1.genblk1.lut1.genblk1.genblk1.genblk1.genblk1.genblk1.genblk1.genblk1.genblk1.genblk1.lut0 (6 -> 3)
  Optimizing lut $abc$17747$auto$blifparse.cc:535:parse_blif$18686.genblk1.genblk1.genblk1.genblk1.genblk1.genblk1.genblk1.genblk1.genblk1.genblk1.lut0.genblk1.genblk1.genblk1.genblk1.genblk1.genblk1.genblk1.genblk1.genblk1.lut0 (6 -> 0)
  Optimizing lut $abc$17747$auto$blifparse.cc:535:parse_blif$18686.genblk1.genblk1.genblk1.genblk1.genblk1.genblk1.genblk1.genblk1.genblk1.genblk1.lut1.genblk1.genblk1.genblk1.genblk1.genblk1.genblk1.genblk1.genblk1.genblk1.lut0 (6 -> 0)
  Optimizing lut $abc$17747$auto$blifparse.cc:535:parse_blif$18544.genblk1.genblk1.genblk1.genblk1.genblk1.genblk1.genblk1.genblk1.genblk1.genblk1.lut0.genblk1.genblk1.genblk1.genblk1.genblk1.genblk1.genblk1.genblk1.genblk1.lut0 (6 -> 2)
  Optimizing lut $abc$17747$auto$blifparse.cc:535:parse_blif$17849.genblk1.genblk1.genblk1.genblk1.genblk1.genblk1.genblk1.genblk1.genblk1.genblk1.lut1.genblk1.genblk1.genblk1.genblk1.genblk1.genblk1.genblk1.genblk1.genblk1.lut0 (6 -> 3)
  Optimizing lut $abc$17747$auto$blifparse.cc:535:parse_blif$17852.genblk1.genblk1.genblk1.genblk1.genblk1.genblk1.genblk1.genblk1.genblk1.genblk1.lut1.genblk1.genblk1.genblk1.genblk1.genblk1.genblk1.genblk1.genblk1.genblk1.lut0 (6 -> 3)
  Optimizing lut $abc$17747$auto$blifparse.cc:535:parse_blif$17966.genblk1.genblk1.genblk1.genblk1.genblk1.genblk1.genblk1.genblk1.genblk1.genblk1.lut0.genblk1.genblk1.genblk1.genblk1.genblk1.genblk1.genblk1.genblk1.genblk1.lut0 (6 -> 1)
  Optimizing lut $abc$17747$auto$blifparse.cc:535:parse_blif$17966.genblk1.genblk1.genblk1.genblk1.genblk1.genblk1.genblk1.genblk1.genblk1.genblk1.lut1.genblk1.genblk1.genblk1.genblk1.genblk1.genblk1.genblk1.genblk1.genblk1.lut0 (6 -> 2)
  Optimizing lut $abc$17747$auto$blifparse.cc:535:parse_blif$18613.genblk1.genblk1.genblk1.genblk1.genblk1.genblk1.genblk1.genblk1.genblk1.genblk1.lut0.genblk1.genblk1.genblk1.genblk1.genblk1.genblk1.genblk1.genblk1.genblk1.lut0 (6 -> 0)
  Optimizing lut $abc$17747$auto$blifparse.cc:535:parse_blif$18243.genblk1.genblk1.genblk1.genblk1.genblk1.genblk1.genblk1.genblk1.genblk1.lut0 (6 -> 1)
  Optimizing lut $abc$17747$auto$blifparse.cc:535:parse_blif$18615.genblk1.genblk1.genblk1.genblk1.genblk1.genblk1.genblk1.genblk1.genblk1.genblk1.lut0.genblk1.genblk1.genblk1.genblk1.genblk1.genblk1.genblk1.genblk1.genblk1.lut0 (6 -> 0)
  Optimizing lut $abc$17747$auto$blifparse.cc:535:parse_blif$18615.genblk1.genblk1.genblk1.genblk1.genblk1.genblk1.genblk1.genblk1.genblk1.genblk1.lut1.genblk1.genblk1.genblk1.genblk1.genblk1.genblk1.genblk1.genblk1.genblk1.lut0 (6 -> 0)
  Optimizing lut $abc$17747$auto$blifparse.cc:535:parse_blif$18617.genblk1.genblk1.genblk1.genblk1.genblk1.genblk1.genblk1.genblk1.genblk1.genblk1.lut0.genblk1.genblk1.genblk1.genblk1.genblk1.genblk1.genblk1.genblk1.genblk1.lut0 (6 -> 0)
  Optimizing lut $abc$17747$auto$blifparse.cc:535:parse_blif$18617.genblk1.genblk1.genblk1.genblk1.genblk1.genblk1.genblk1.genblk1.genblk1.genblk1.lut1.genblk1.genblk1.genblk1.genblk1.genblk1.genblk1.genblk1.genblk1.genblk1.lut0 (6 -> 4)
  Optimizing lut $abc$17747$auto$blifparse.cc:535:parse_blif$18628.genblk1.genblk1.genblk1.genblk1.genblk1.genblk1.genblk1.genblk1.genblk1.genblk1.lut0.genblk1.genblk1.genblk1.genblk1.genblk1.genblk1.genblk1.genblk1.genblk1.lut0 (6 -> 0)
  Optimizing lut $abc$17747$auto$blifparse.cc:535:parse_blif$19201.genblk1.genblk1.genblk1.genblk1.genblk1.genblk1.genblk1.genblk1.genblk1.lut0 (6 -> 5)
  Optimizing lut $abc$17747$auto$blifparse.cc:535:parse_blif$18632.genblk1.genblk1.genblk1.genblk1.genblk1.genblk1.genblk1.genblk1.genblk1.genblk1.lut0.genblk1.genblk1.genblk1.genblk1.genblk1.genblk1.genblk1.genblk1.genblk1.lut0 (6 -> 0)
  Optimizing lut $abc$17747$auto$blifparse.cc:535:parse_blif$19182.genblk1.genblk1.genblk1.genblk1.genblk1.genblk1.genblk1.genblk1.genblk1.lut0 (6 -> 5)
  Optimizing lut $abc$17747$auto$blifparse.cc:535:parse_blif$18616.genblk1.genblk1.genblk1.genblk1.genblk1.genblk1.genblk1.genblk1.genblk1.genblk1.lut0.genblk1.genblk1.genblk1.genblk1.genblk1.genblk1.genblk1.genblk1.genblk1.lut0 (6 -> 3)
  Optimizing lut $abc$17747$auto$blifparse.cc:535:parse_blif$18616.genblk1.genblk1.genblk1.genblk1.genblk1.genblk1.genblk1.genblk1.genblk1.genblk1.lut1.genblk1.genblk1.genblk1.genblk1.genblk1.genblk1.genblk1.genblk1.genblk1.lut0 (6 -> 3)
  Optimizing lut $abc$17747$auto$blifparse.cc:535:parse_blif$18552.genblk1.genblk1.genblk1.genblk1.genblk1.genblk1.genblk1.genblk1.genblk1.genblk1.lut0.genblk1.genblk1.genblk1.genblk1.genblk1.genblk1.genblk1.genblk1.genblk1.lut0 (6 -> 0)
  Optimizing lut $abc$17747$auto$blifparse.cc:535:parse_blif$17797.genblk1.genblk1.genblk1.genblk1.genblk1.genblk1.genblk1.genblk1.genblk1.lut0 (6 -> 0)
  Optimizing lut $abc$17747$auto$blifparse.cc:535:parse_blif$18556.genblk1.genblk1.genblk1.genblk1.genblk1.genblk1.genblk1.genblk1.genblk1.genblk1.lut0.genblk1.genblk1.genblk1.genblk1.genblk1.genblk1.genblk1.genblk1.genblk1.lut0 (6 -> 0)
  Optimizing lut $abc$17747$auto$blifparse.cc:535:parse_blif$18556.genblk1.genblk1.genblk1.genblk1.genblk1.genblk1.genblk1.genblk1.genblk1.genblk1.lut1.genblk1.genblk1.genblk1.genblk1.genblk1.genblk1.genblk1.genblk1.genblk1.lut0 (6 -> 4)
  Optimizing lut $abc$17747$auto$blifparse.cc:535:parse_blif$18555.genblk1.genblk1.genblk1.genblk1.genblk1.genblk1.genblk1.genblk1.genblk1.genblk1.lut0.genblk1.genblk1.genblk1.genblk1.genblk1.genblk1.genblk1.genblk1.genblk1.lut0 (6 -> 3)
  Optimizing lut $abc$17747$auto$blifparse.cc:535:parse_blif$18555.genblk1.genblk1.genblk1.genblk1.genblk1.genblk1.genblk1.genblk1.genblk1.genblk1.lut1.genblk1.genblk1.genblk1.genblk1.genblk1.genblk1.genblk1.genblk1.genblk1.lut0 (6 -> 3)
  Optimizing lut $abc$17747$auto$blifparse.cc:535:parse_blif$18553.genblk1.genblk1.genblk1.genblk1.genblk1.genblk1.genblk1.genblk1.genblk1.genblk1.lut0.genblk1.genblk1.genblk1.genblk1.genblk1.genblk1.genblk1.genblk1.genblk1.lut0 (6 -> 0)
  Optimizing lut $abc$17747$auto$blifparse.cc:535:parse_blif$18554.genblk1.genblk1.genblk1.genblk1.genblk1.genblk1.genblk1.genblk1.genblk1.lut0 (6 -> 1)
  Optimizing lut $abc$17747$auto$blifparse.cc:535:parse_blif$17978.genblk1.genblk1.genblk1.genblk1.genblk1.genblk1.genblk1.genblk1.genblk1.genblk1.lut1.genblk1.genblk1.genblk1.genblk1.genblk1.genblk1.genblk1.genblk1.genblk1.lut0 (6 -> 3)
  Optimizing lut $abc$17747$auto$blifparse.cc:535:parse_blif$18637.genblk1.genblk1.genblk1.genblk1.genblk1.genblk1.genblk1.genblk1.genblk1.lut1 (6 -> 0)
  Optimizing lut $abc$17747$auto$blifparse.cc:535:parse_blif$18594.genblk1.genblk1.genblk1.genblk1.genblk1.genblk1.genblk1.genblk1.genblk1.genblk1.lut0.genblk1.genblk1.genblk1.genblk1.genblk1.genblk1.genblk1.genblk1.genblk1.lut0 (6 -> 0)
  Optimizing lut $abc$17747$auto$blifparse.cc:535:parse_blif$18594.genblk1.genblk1.genblk1.genblk1.genblk1.genblk1.genblk1.genblk1.genblk1.genblk1.lut1.genblk1.genblk1.genblk1.genblk1.genblk1.genblk1.genblk1.genblk1.genblk1.lut0 (6 -> 4)
  Optimizing lut $abc$17747$auto$blifparse.cc:535:parse_blif$18593.genblk1.genblk1.genblk1.genblk1.genblk1.genblk1.genblk1.genblk1.genblk1.genblk1.lut0.genblk1.genblk1.genblk1.genblk1.genblk1.genblk1.genblk1.genblk1.genblk1.lut0 (6 -> 3)
  Optimizing lut $abc$17747$auto$blifparse.cc:535:parse_blif$18593.genblk1.genblk1.genblk1.genblk1.genblk1.genblk1.genblk1.genblk1.genblk1.genblk1.lut1.genblk1.genblk1.genblk1.genblk1.genblk1.genblk1.genblk1.genblk1.genblk1.lut0 (6 -> 3)
  Optimizing lut $abc$17747$auto$blifparse.cc:535:parse_blif$18592.genblk1.genblk1.genblk1.genblk1.genblk1.genblk1.genblk1.genblk1.genblk1.genblk1.lut0.genblk1.genblk1.genblk1.genblk1.genblk1.genblk1.genblk1.genblk1.genblk1.lut0 (6 -> 0)
  Optimizing lut $abc$17747$auto$blifparse.cc:535:parse_blif$18592.genblk1.genblk1.genblk1.genblk1.genblk1.genblk1.genblk1.genblk1.genblk1.genblk1.lut1.genblk1.genblk1.genblk1.genblk1.genblk1.genblk1.genblk1.genblk1.genblk1.lut0 (6 -> 0)
  Optimizing lut $abc$17747$auto$blifparse.cc:535:parse_blif$17767.genblk1.genblk1.genblk1.genblk1.genblk1.genblk1.genblk1.genblk1.genblk1.lut0 (6 -> 0)
  Optimizing lut $abc$17747$auto$blifparse.cc:535:parse_blif$17979.genblk1.genblk1.genblk1.genblk1.genblk1.genblk1.genblk1.genblk1.genblk1.genblk1.lut1.genblk1.genblk1.genblk1.genblk1.genblk1.genblk1.genblk1.genblk1.genblk1.lut0 (6 -> 3)
  Optimizing lut $abc$17747$auto$blifparse.cc:535:parse_blif$17976.genblk1.genblk1.genblk1.genblk1.genblk1.genblk1.genblk1.genblk1.genblk1.genblk1.lut1.genblk1.genblk1.genblk1.genblk1.genblk1.genblk1.genblk1.genblk1.genblk1.lut0 (6 -> 3)
  Optimizing lut $abc$17747$auto$blifparse.cc:535:parse_blif$18331.genblk1.genblk1.genblk1.genblk1.genblk1.genblk1.genblk1.genblk1.genblk1.lut0 (6 -> 1)
  Optimizing lut $abc$17747$auto$blifparse.cc:535:parse_blif$17750.genblk1.genblk1.genblk1.genblk1.genblk1.genblk1.genblk1.genblk1.genblk1.genblk1.lut0.genblk1.genblk1.genblk1.genblk1.genblk1.genblk1.genblk1.genblk1.genblk1.lut0 (6 -> 0)
  Optimizing lut $abc$17747$auto$blifparse.cc:535:parse_blif$18208.genblk1.genblk1.genblk1.genblk1.genblk1.genblk1.genblk1.genblk1.genblk1.lut1 (6 -> 5)
  Optimizing lut $abc$17747$auto$blifparse.cc:535:parse_blif$17973.genblk1.genblk1.genblk1.genblk1.genblk1.genblk1.genblk1.genblk1.genblk1.genblk1.lut1.genblk1.genblk1.genblk1.genblk1.genblk1.genblk1.genblk1.genblk1.genblk1.lut0 (6 -> 3)
  Optimizing lut $abc$17747$auto$blifparse.cc:535:parse_blif$18537.genblk1.genblk1.genblk1.genblk1.genblk1.genblk1.genblk1.genblk1.genblk1.genblk1.lut0.genblk1.genblk1.genblk1.genblk1.genblk1.genblk1.genblk1.genblk1.genblk1.lut0 (6 -> 0)
  Optimizing lut $abc$17747$auto$blifparse.cc:535:parse_blif$17765.genblk1.genblk1.genblk1.genblk1.genblk1.genblk1.genblk1.genblk1.genblk1.lut0 (6 -> 0)
  Optimizing lut $abc$17747$auto$blifparse.cc:535:parse_blif$18676.genblk1.genblk1.genblk1.genblk1.genblk1.genblk1.genblk1.genblk1.genblk1.genblk1.lut0.genblk1.genblk1.genblk1.genblk1.genblk1.genblk1.genblk1.genblk1.genblk1.lut0 (6 -> 0)
  Optimizing lut $abc$17747$auto$blifparse.cc:535:parse_blif$18442.genblk1.genblk1.genblk1.genblk1.genblk1.genblk1.genblk1.genblk1.genblk1.lut0 (6 -> 3)
  Optimizing lut $abc$17747$auto$blifparse.cc:535:parse_blif$18680.genblk1.genblk1.genblk1.genblk1.genblk1.genblk1.genblk1.genblk1.genblk1.genblk1.lut0.genblk1.genblk1.genblk1.genblk1.genblk1.genblk1.genblk1.genblk1.genblk1.lut0 (6 -> 0)
  Optimizing lut $abc$17747$auto$blifparse.cc:535:parse_blif$18680.genblk1.genblk1.genblk1.genblk1.genblk1.genblk1.genblk1.genblk1.genblk1.genblk1.lut1.genblk1.genblk1.genblk1.genblk1.genblk1.genblk1.genblk1.genblk1.genblk1.lut0 (6 -> 4)
  Optimizing lut $abc$17747$auto$blifparse.cc:535:parse_blif$18678.genblk1.genblk1.genblk1.genblk1.genblk1.genblk1.genblk1.genblk1.genblk1.genblk1.lut0.genblk1.genblk1.genblk1.genblk1.genblk1.genblk1.genblk1.genblk1.genblk1.lut0 (6 -> 0)
  Optimizing lut $abc$17747$auto$blifparse.cc:535:parse_blif$18678.genblk1.genblk1.genblk1.genblk1.genblk1.genblk1.genblk1.genblk1.genblk1.genblk1.lut1.genblk1.genblk1.genblk1.genblk1.genblk1.genblk1.genblk1.genblk1.genblk1.lut0 (6 -> 0)
  Optimizing lut $abc$17747$auto$blifparse.cc:535:parse_blif$18679.genblk1.genblk1.genblk1.genblk1.genblk1.genblk1.genblk1.genblk1.genblk1.genblk1.lut0.genblk1.genblk1.genblk1.genblk1.genblk1.genblk1.genblk1.genblk1.genblk1.lut0 (6 -> 3)
  Optimizing lut $abc$17747$auto$blifparse.cc:535:parse_blif$18679.genblk1.genblk1.genblk1.genblk1.genblk1.genblk1.genblk1.genblk1.genblk1.genblk1.lut1.genblk1.genblk1.genblk1.genblk1.genblk1.genblk1.genblk1.genblk1.genblk1.lut0 (6 -> 3)
  Optimizing lut $abc$17747$auto$blifparse.cc:535:parse_blif$17838.genblk1.genblk1.genblk1.genblk1.genblk1.genblk1.genblk1.genblk1.genblk1.genblk1.lut1.genblk1.genblk1.genblk1.genblk1.genblk1.genblk1.genblk1.genblk1.genblk1.lut0 (6 -> 3)
  Optimizing lut $abc$17747$auto$blifparse.cc:535:parse_blif$17940.genblk1.genblk1.genblk1.genblk1.genblk1.genblk1.genblk1.genblk1.genblk1.genblk1.lut0.genblk1.genblk1.genblk1.genblk1.genblk1.genblk1.genblk1.genblk1.genblk1.lut0 (6 -> 0)
  Optimizing lut $abc$17747$auto$blifparse.cc:535:parse_blif$17955.genblk1.genblk1.genblk1.genblk1.genblk1.genblk1.genblk1.genblk1.genblk1.lut0 (6 -> 4)
  Optimizing lut $abc$17747$auto$blifparse.cc:535:parse_blif$17897.genblk1.genblk1.genblk1.genblk1.genblk1.genblk1.genblk1.genblk1.genblk1.genblk1.lut0.genblk1.genblk1.genblk1.genblk1.genblk1.genblk1.genblk1.genblk1.genblk1.lut0 (6 -> 1)
  Optimizing lut $abc$17747$auto$blifparse.cc:535:parse_blif$17944.genblk1.genblk1.genblk1.genblk1.genblk1.genblk1.genblk1.genblk1.genblk1.lut0 (6 -> 5)
  Optimizing lut $abc$17747$auto$blifparse.cc:535:parse_blif$17909.genblk1.genblk1.genblk1.genblk1.genblk1.genblk1.genblk1.genblk1.genblk1.genblk1.lut1.genblk1.genblk1.genblk1.genblk1.genblk1.genblk1.genblk1.genblk1.genblk1.lut0 (6 -> 3)
  Optimizing lut $abc$17747$auto$blifparse.cc:535:parse_blif$17910.genblk1.genblk1.genblk1.genblk1.genblk1.genblk1.genblk1.genblk1.genblk1.genblk1.lut1.genblk1.genblk1.genblk1.genblk1.genblk1.genblk1.genblk1.genblk1.genblk1.lut0 (6 -> 3)
  Optimizing lut $abc$17747$auto$blifparse.cc:535:parse_blif$17902.genblk1.genblk1.genblk1.genblk1.genblk1.genblk1.genblk1.genblk1.genblk1.genblk1.lut0.genblk1.genblk1.genblk1.genblk1.genblk1.genblk1.genblk1.genblk1.genblk1.lut0 (6 -> 0)
  Optimizing lut $abc$17747$auto$blifparse.cc:535:parse_blif$17902.genblk1.genblk1.genblk1.genblk1.genblk1.genblk1.genblk1.genblk1.genblk1.genblk1.lut1.genblk1.genblk1.genblk1.genblk1.genblk1.genblk1.genblk1.genblk1.genblk1.lut0 (6 -> 4)
  Optimizing lut $abc$17747$auto$blifparse.cc:535:parse_blif$17907.genblk1.genblk1.genblk1.genblk1.genblk1.genblk1.genblk1.genblk1.genblk1.genblk1.lut1.genblk1.genblk1.genblk1.genblk1.genblk1.genblk1.genblk1.genblk1.genblk1.lut0 (6 -> 3)
  Optimizing lut $abc$17747$auto$blifparse.cc:535:parse_blif$17904.genblk1.genblk1.genblk1.genblk1.genblk1.genblk1.genblk1.genblk1.genblk1.genblk1.lut1.genblk1.genblk1.genblk1.genblk1.genblk1.genblk1.genblk1.genblk1.genblk1.lut0 (6 -> 3)
  Optimizing lut $abc$17747$auto$blifparse.cc:535:parse_blif$17911.genblk1.genblk1.genblk1.genblk1.genblk1.genblk1.genblk1.genblk1.genblk1.genblk1.lut0.genblk1.genblk1.genblk1.genblk1.genblk1.genblk1.genblk1.genblk1.genblk1.lut0 (6 -> 0)
  Optimizing lut $abc$17747$auto$blifparse.cc:535:parse_blif$17911.genblk1.genblk1.genblk1.genblk1.genblk1.genblk1.genblk1.genblk1.genblk1.genblk1.lut1.genblk1.genblk1.genblk1.genblk1.genblk1.genblk1.genblk1.genblk1.genblk1.lut0 (6 -> 0)
  Optimizing lut $abc$17747$auto$blifparse.cc:535:parse_blif$18267.genblk1.genblk1.genblk1.genblk1.genblk1.genblk1.genblk1.genblk1.genblk1.genblk1.lut0.genblk1.genblk1.genblk1.genblk1.genblk1.genblk1.genblk1.genblk1.genblk1.lut0 (6 -> 4)
  Optimizing lut $abc$17747$auto$blifparse.cc:535:parse_blif$18095.genblk1.genblk1.genblk1.genblk1.genblk1.genblk1.genblk1.genblk1.genblk1.lut0 (6 -> 0)
  Optimizing lut $abc$17747$auto$blifparse.cc:535:parse_blif$17924.genblk1.genblk1.genblk1.genblk1.genblk1.genblk1.genblk1.genblk1.genblk1.genblk1.lut0.genblk1.genblk1.genblk1.genblk1.genblk1.genblk1.genblk1.genblk1.genblk1.lut0 (6 -> 0)
  Optimizing lut $abc$17747$auto$blifparse.cc:535:parse_blif$17919.genblk1.genblk1.genblk1.genblk1.genblk1.genblk1.genblk1.genblk1.genblk1.lut0 (6 -> 1)
  Optimizing lut $abc$17747$auto$blifparse.cc:535:parse_blif$17925.genblk1.genblk1.genblk1.genblk1.genblk1.genblk1.genblk1.genblk1.genblk1.genblk1.lut1.genblk1.genblk1.genblk1.genblk1.genblk1.genblk1.genblk1.genblk1.genblk1.lut0 (6 -> 3)
  Optimizing lut $abc$17747$auto$blifparse.cc:535:parse_blif$17926.genblk1.genblk1.genblk1.genblk1.genblk1.genblk1.genblk1.genblk1.genblk1.genblk1.lut1.genblk1.genblk1.genblk1.genblk1.genblk1.genblk1.genblk1.genblk1.genblk1.lut0 (6 -> 3)
  Optimizing lut $abc$17747$auto$blifparse.cc:535:parse_blif$17929.genblk1.genblk1.genblk1.genblk1.genblk1.genblk1.genblk1.genblk1.genblk1.lut0 (6 -> 0)
  Optimizing lut $abc$17747$auto$blifparse.cc:535:parse_blif$17932.genblk1.genblk1.genblk1.genblk1.genblk1.genblk1.genblk1.genblk1.genblk1.genblk1.lut1.genblk1.genblk1.genblk1.genblk1.genblk1.genblk1.genblk1.genblk1.genblk1.lut0 (6 -> 3)
  Optimizing lut $abc$17747$auto$blifparse.cc:535:parse_blif$17933.genblk1.genblk1.genblk1.genblk1.genblk1.genblk1.genblk1.genblk1.genblk1.genblk1.lut1.genblk1.genblk1.genblk1.genblk1.genblk1.genblk1.genblk1.genblk1.genblk1.lut0 (6 -> 3)
  Optimizing lut $abc$17747$auto$blifparse.cc:535:parse_blif$17930.genblk1.genblk1.genblk1.genblk1.genblk1.genblk1.genblk1.genblk1.genblk1.genblk1.lut1.genblk1.genblk1.genblk1.genblk1.genblk1.genblk1.genblk1.genblk1.genblk1.lut0 (6 -> 3)
  Optimizing lut $abc$17747$auto$blifparse.cc:535:parse_blif$18076.genblk1.genblk1.genblk1.genblk1.genblk1.genblk1.genblk1.genblk1.genblk1.genblk1.lut1.genblk1.genblk1.genblk1.genblk1.genblk1.genblk1.genblk1.genblk1.genblk1.lut0 (6 -> 0)
  Optimizing lut $abc$17747$auto$blifparse.cc:535:parse_blif$18016.genblk1.genblk1.genblk1.genblk1.genblk1.genblk1.genblk1.genblk1.genblk1.lut0 (6 -> 0)
  Optimizing lut $abc$17747$auto$blifparse.cc:535:parse_blif$18020.genblk1.genblk1.genblk1.genblk1.genblk1.genblk1.genblk1.genblk1.genblk1.genblk1.lut0.genblk1.genblk1.genblk1.genblk1.genblk1.genblk1.genblk1.genblk1.genblk1.lut0 (6 -> 0)
  Optimizing lut $abc$17747$auto$blifparse.cc:535:parse_blif$18020.genblk1.genblk1.genblk1.genblk1.genblk1.genblk1.genblk1.genblk1.genblk1.genblk1.lut1.genblk1.genblk1.genblk1.genblk1.genblk1.genblk1.genblk1.genblk1.genblk1.lut0 (6 -> 3)
  Optimizing lut $abc$17747$auto$blifparse.cc:535:parse_blif$17936.genblk1.genblk1.genblk1.genblk1.genblk1.genblk1.genblk1.genblk1.genblk1.genblk1.lut1.genblk1.genblk1.genblk1.genblk1.genblk1.genblk1.genblk1.genblk1.genblk1.lut0 (6 -> 0)
  Optimizing lut $abc$17747$auto$blifparse.cc:535:parse_blif$18028.genblk1.genblk1.genblk1.genblk1.genblk1.genblk1.genblk1.genblk1.genblk1.genblk1.lut0.genblk1.genblk1.genblk1.genblk1.genblk1.genblk1.genblk1.genblk1.genblk1.lut0 (6 -> 0)
  Optimizing lut $abc$17747$auto$blifparse.cc:535:parse_blif$18028.genblk1.genblk1.genblk1.genblk1.genblk1.genblk1.genblk1.genblk1.genblk1.genblk1.lut1.genblk1.genblk1.genblk1.genblk1.genblk1.genblk1.genblk1.genblk1.genblk1.lut0 (6 -> 4)
  Optimizing lut $abc$17747$auto$blifparse.cc:535:parse_blif$18030.genblk1.genblk1.genblk1.genblk1.genblk1.genblk1.genblk1.genblk1.genblk1.genblk1.lut0.genblk1.genblk1.genblk1.genblk1.genblk1.genblk1.genblk1.genblk1.genblk1.lut0 (6 -> 0)
  Optimizing lut $abc$17747$auto$blifparse.cc:535:parse_blif$18018.genblk1.genblk1.genblk1.genblk1.genblk1.genblk1.genblk1.genblk1.genblk1.genblk1.lut0.genblk1.genblk1.genblk1.genblk1.genblk1.genblk1.genblk1.genblk1.genblk1.lut0 (6 -> 0)
  Optimizing lut $abc$17747$auto$blifparse.cc:535:parse_blif$17963.genblk1.genblk1.genblk1.genblk1.genblk1.genblk1.genblk1.genblk1.genblk1.lut0 (6 -> 0)
  Optimizing lut $abc$17747$auto$blifparse.cc:535:parse_blif$17794.genblk1.genblk1.genblk1.genblk1.genblk1.genblk1.genblk1.genblk1.genblk1.genblk1.lut0.genblk1.genblk1.genblk1.genblk1.genblk1.genblk1.genblk1.genblk1.genblk1.lut0 (6 -> 0)
  Optimizing lut $abc$17747$auto$blifparse.cc:535:parse_blif$17789.genblk1.genblk1.genblk1.genblk1.genblk1.genblk1.genblk1.genblk1.genblk1.lut0 (6 -> 0)
  Optimizing lut $abc$17747$auto$blifparse.cc:535:parse_blif$17798.genblk1.genblk1.genblk1.genblk1.genblk1.genblk1.genblk1.genblk1.genblk1.genblk1.lut1.genblk1.genblk1.genblk1.genblk1.genblk1.genblk1.genblk1.genblk1.genblk1.lut0 (6 -> 3)
  Optimizing lut $abc$17747$auto$blifparse.cc:535:parse_blif$17802.genblk1.genblk1.genblk1.genblk1.genblk1.genblk1.genblk1.genblk1.genblk1.genblk1.lut1.genblk1.genblk1.genblk1.genblk1.genblk1.genblk1.genblk1.genblk1.genblk1.lut0 (6 -> 3)
  Optimizing lut $abc$17747$auto$blifparse.cc:535:parse_blif$17812.genblk1.genblk1.genblk1.genblk1.genblk1.genblk1.genblk1.genblk1.genblk1.genblk1.lut1.genblk1.genblk1.genblk1.genblk1.genblk1.genblk1.genblk1.genblk1.genblk1.lut0 (6 -> 3)
  Optimizing lut $abc$17747$auto$blifparse.cc:535:parse_blif$17807.genblk1.genblk1.genblk1.genblk1.genblk1.genblk1.genblk1.genblk1.genblk1.genblk1.lut1.genblk1.genblk1.genblk1.genblk1.genblk1.genblk1.genblk1.genblk1.genblk1.lut0 (6 -> 3)
  Optimizing lut $abc$17747$auto$blifparse.cc:535:parse_blif$17818.genblk1.genblk1.genblk1.genblk1.genblk1.genblk1.genblk1.genblk1.genblk1.genblk1.lut1.genblk1.genblk1.genblk1.genblk1.genblk1.genblk1.genblk1.genblk1.genblk1.lut0 (6 -> 3)
  Optimizing lut $abc$17747$auto$blifparse.cc:535:parse_blif$17823.genblk1.genblk1.genblk1.genblk1.genblk1.genblk1.genblk1.genblk1.genblk1.genblk1.lut1.genblk1.genblk1.genblk1.genblk1.genblk1.genblk1.genblk1.genblk1.genblk1.lut0 (6 -> 3)
  Optimizing lut $abc$17747$auto$blifparse.cc:535:parse_blif$17828.genblk1.genblk1.genblk1.genblk1.genblk1.genblk1.genblk1.genblk1.genblk1.genblk1.lut1.genblk1.genblk1.genblk1.genblk1.genblk1.genblk1.genblk1.genblk1.genblk1.lut0 (6 -> 3)
  Optimizing lut $abc$17747$auto$blifparse.cc:535:parse_blif$17854.genblk1.genblk1.genblk1.genblk1.genblk1.genblk1.genblk1.genblk1.genblk1.genblk1.lut0.genblk1.genblk1.genblk1.genblk1.genblk1.genblk1.genblk1.genblk1.genblk1.lut0 (6 -> 1)
  Optimizing lut $abc$17747$auto$blifparse.cc:535:parse_blif$17854.genblk1.genblk1.genblk1.genblk1.genblk1.genblk1.genblk1.genblk1.genblk1.genblk1.lut1.genblk1.genblk1.genblk1.genblk1.genblk1.genblk1.genblk1.genblk1.genblk1.lut0 (6 -> 2)
  Optimizing lut $abc$17747$auto$blifparse.cc:535:parse_blif$17869.genblk1.genblk1.genblk1.genblk1.genblk1.genblk1.genblk1.genblk1.genblk1.genblk1.lut0.genblk1.genblk1.genblk1.genblk1.genblk1.genblk1.genblk1.genblk1.genblk1.lut0 (6 -> 1)
  Optimizing lut $abc$17747$auto$blifparse.cc:535:parse_blif$17860.genblk1.genblk1.genblk1.genblk1.genblk1.genblk1.genblk1.genblk1.genblk1.lut0 (6 -> 0)
  Optimizing lut $abc$17747$auto$blifparse.cc:535:parse_blif$17872.genblk1.genblk1.genblk1.genblk1.genblk1.genblk1.genblk1.genblk1.genblk1.genblk1.lut1.genblk1.genblk1.genblk1.genblk1.genblk1.genblk1.genblk1.genblk1.genblk1.lut0 (6 -> 3)
  Optimizing lut $abc$17747$auto$blifparse.cc:535:parse_blif$17871.genblk1.genblk1.genblk1.genblk1.genblk1.genblk1.genblk1.genblk1.genblk1.genblk1.lut1.genblk1.genblk1.genblk1.genblk1.genblk1.genblk1.genblk1.genblk1.genblk1.lut0 (6 -> 3)
  Optimizing lut $abc$17747$auto$blifparse.cc:535:parse_blif$17879.genblk1.genblk1.genblk1.genblk1.genblk1.genblk1.genblk1.genblk1.genblk1.genblk1.lut0.genblk1.genblk1.genblk1.genblk1.genblk1.genblk1.genblk1.genblk1.genblk1.lut0 (6 -> 1)
  Optimizing lut $abc$17747$auto$blifparse.cc:535:parse_blif$17875.genblk1.genblk1.genblk1.genblk1.genblk1.genblk1.genblk1.genblk1.genblk1.lut0 (6 -> 0)
  Optimizing lut $abc$17747$auto$blifparse.cc:535:parse_blif$17889.genblk1.genblk1.genblk1.genblk1.genblk1.genblk1.genblk1.genblk1.genblk1.genblk1.lut1.genblk1.genblk1.genblk1.genblk1.genblk1.genblk1.genblk1.genblk1.genblk1.lut0 (6 -> 3)
  Optimizing lut $abc$17747$auto$blifparse.cc:535:parse_blif$17891.genblk1.genblk1.genblk1.genblk1.genblk1.genblk1.genblk1.genblk1.genblk1.genblk1.lut0.genblk1.genblk1.genblk1.genblk1.genblk1.genblk1.genblk1.genblk1.genblk1.lut0 (6 -> 0)
  Optimizing lut $abc$17747$auto$blifparse.cc:535:parse_blif$17891.genblk1.genblk1.genblk1.genblk1.genblk1.genblk1.genblk1.genblk1.genblk1.genblk1.lut1.genblk1.genblk1.genblk1.genblk1.genblk1.genblk1.genblk1.genblk1.genblk1.lut0 (6 -> 4)
  Optimizing lut $abc$17747$auto$blifparse.cc:535:parse_blif$17894.genblk1.genblk1.genblk1.genblk1.genblk1.genblk1.genblk1.genblk1.genblk1.genblk1.lut1.genblk1.genblk1.genblk1.genblk1.genblk1.genblk1.genblk1.genblk1.genblk1.lut0 (6 -> 3)
  Optimizing lut $abc$17747$auto$blifparse.cc:535:parse_blif$17893.genblk1.genblk1.genblk1.genblk1.genblk1.genblk1.genblk1.genblk1.genblk1.genblk1.lut1.genblk1.genblk1.genblk1.genblk1.genblk1.genblk1.genblk1.genblk1.genblk1.lut0 (6 -> 3)
  Optimizing lut $abc$17747$auto$blifparse.cc:535:parse_blif$18529.genblk1.genblk1.genblk1.genblk1.genblk1.genblk1.genblk1.genblk1.genblk1.genblk1.lut0.genblk1.genblk1.genblk1.genblk1.genblk1.genblk1.genblk1.genblk1.genblk1.lut0 (6 -> 2)
  Optimizing lut $abc$17747$auto$blifparse.cc:535:parse_blif$18700.genblk1.genblk1.genblk1.genblk1.genblk1.genblk1.genblk1.genblk1.genblk1.genblk1.lut0.genblk1.genblk1.genblk1.genblk1.genblk1.genblk1.genblk1.genblk1.genblk1.lut0 (6 -> 0)
  Optimizing lut $abc$17747$auto$blifparse.cc:535:parse_blif$18700.genblk1.genblk1.genblk1.genblk1.genblk1.genblk1.genblk1.genblk1.genblk1.genblk1.lut1.genblk1.genblk1.genblk1.genblk1.genblk1.genblk1.genblk1.genblk1.genblk1.lut0 (6 -> 3)
  Optimizing lut $abc$17747$auto$blifparse.cc:535:parse_blif$18702.genblk1.genblk1.genblk1.genblk1.genblk1.genblk1.genblk1.genblk1.genblk1.genblk1.lut0.genblk1.genblk1.genblk1.genblk1.genblk1.genblk1.genblk1.genblk1.genblk1.lut0 (6 -> 0)
  Optimizing lut $abc$17747$auto$blifparse.cc:535:parse_blif$18702.genblk1.genblk1.genblk1.genblk1.genblk1.genblk1.genblk1.genblk1.genblk1.genblk1.lut1.genblk1.genblk1.genblk1.genblk1.genblk1.genblk1.genblk1.genblk1.genblk1.lut0 (6 -> 0)
  Optimizing lut $abc$17747$auto$blifparse.cc:535:parse_blif$18703.genblk1.genblk1.genblk1.genblk1.genblk1.genblk1.genblk1.genblk1.genblk1.genblk1.lut0.genblk1.genblk1.genblk1.genblk1.genblk1.genblk1.genblk1.genblk1.genblk1.lut0 (6 -> 3)
  Optimizing lut $abc$17747$auto$blifparse.cc:535:parse_blif$18703.genblk1.genblk1.genblk1.genblk1.genblk1.genblk1.genblk1.genblk1.genblk1.genblk1.lut1.genblk1.genblk1.genblk1.genblk1.genblk1.genblk1.genblk1.genblk1.genblk1.lut0 (6 -> 3)
  Optimizing lut $abc$17747$auto$blifparse.cc:535:parse_blif$17974.genblk1.genblk1.genblk1.genblk1.genblk1.genblk1.genblk1.genblk1.genblk1.genblk1.lut0.genblk1.genblk1.genblk1.genblk1.genblk1.genblk1.genblk1.genblk1.genblk1.lut0 (6 -> 0)
  Optimizing lut $abc$17747$auto$blifparse.cc:535:parse_blif$17974.genblk1.genblk1.genblk1.genblk1.genblk1.genblk1.genblk1.genblk1.genblk1.genblk1.lut1.genblk1.genblk1.genblk1.genblk1.genblk1.genblk1.genblk1.genblk1.genblk1.lut1 (6 -> 4)
  Optimizing lut $abc$17747$auto$blifparse.cc:535:parse_blif$17974.genblk1.genblk1.genblk1.genblk1.genblk1.genblk1.genblk1.genblk1.genblk1.genblk1.lut1.genblk1.genblk1.genblk1.genblk1.genblk1.genblk1.genblk1.genblk1.genblk1.lut0 (6 -> 4)
  Optimizing lut $abc$17747$auto$blifparse.cc:535:parse_blif$18704.genblk1.genblk1.genblk1.genblk1.genblk1.genblk1.genblk1.genblk1.genblk1.genblk1.lut0.genblk1.genblk1.genblk1.genblk1.genblk1.genblk1.genblk1.genblk1.genblk1.lut0 (6 -> 0)
  Optimizing lut $abc$17747$auto$blifparse.cc:535:parse_blif$17896.genblk1.genblk1.genblk1.genblk1.genblk1.genblk1.genblk1.genblk1.genblk1.genblk1.lut1.genblk1.genblk1.genblk1.genblk1.genblk1.genblk1.genblk1.genblk1.genblk1.lut1 (6 -> 1)
  Optimizing lut $abc$17747$auto$blifparse.cc:535:parse_blif$17886.genblk1.genblk1.genblk1.genblk1.genblk1.genblk1.genblk1.genblk1.genblk1.genblk1.lut1.genblk1.genblk1.genblk1.genblk1.genblk1.genblk1.genblk1.genblk1.genblk1.lut0 (6 -> 3)
  Optimizing lut $abc$17747$auto$blifparse.cc:535:parse_blif$17886.genblk1.genblk1.genblk1.genblk1.genblk1.genblk1.genblk1.genblk1.genblk1.genblk1.lut1.genblk1.genblk1.genblk1.genblk1.genblk1.genblk1.genblk1.genblk1.genblk1.lut1 (6 -> 1)
  Optimizing lut $abc$17747$auto$blifparse.cc:535:parse_blif$18489.genblk1.genblk1.genblk1.genblk1.genblk1.genblk1.genblk1.genblk1.genblk1.genblk1.lut0.genblk1.genblk1.genblk1.genblk1.genblk1.genblk1.genblk1.genblk1.genblk1.lut0 (6 -> 4)
  Optimizing lut $abc$17747$auto$blifparse.cc:535:parse_blif$17839.genblk1.genblk1.genblk1.genblk1.genblk1.genblk1.genblk1.genblk1.genblk1.genblk1.lut0.genblk1.genblk1.genblk1.genblk1.genblk1.genblk1.genblk1.genblk1.genblk1.lut1 (6 -> 3)
  Optimizing lut $abc$17747$auto$blifparse.cc:535:parse_blif$18488.genblk1.genblk1.genblk1.genblk1.genblk1.genblk1.genblk1.genblk1.genblk1.genblk1.lut1.genblk1.genblk1.genblk1.genblk1.genblk1.genblk1.genblk1.genblk1.genblk1.lut0 (6 -> 4)
  Optimizing lut $abc$17747$auto$blifparse.cc:535:parse_blif$17885.genblk1.genblk1.genblk1.genblk1.genblk1.genblk1.genblk1.genblk1.genblk1.genblk1.lut1.genblk1.genblk1.genblk1.genblk1.genblk1.genblk1.genblk1.genblk1.genblk1.lut0 (6 -> 3)
  Optimizing lut $abc$17747$auto$blifparse.cc:535:parse_blif$17844.genblk1.genblk1.genblk1.genblk1.genblk1.genblk1.genblk1.genblk1.genblk1.genblk1.lut1.genblk1.genblk1.genblk1.genblk1.genblk1.genblk1.genblk1.genblk1.genblk1.lut0 (6 -> 3)
  Optimizing lut $abc$17747$auto$blifparse.cc:535:parse_blif$17886.genblk1.genblk1.genblk1.genblk1.genblk1.genblk1.genblk1.genblk1.genblk1.genblk1.lut0.genblk1.genblk1.genblk1.genblk1.genblk1.genblk1.genblk1.genblk1.genblk1.lut1 (6 -> 3)
  Optimizing lut $abc$17747$auto$blifparse.cc:535:parse_blif$18536.genblk1.genblk1.genblk1.genblk1.genblk1.genblk1.genblk1.genblk1.genblk1.genblk1.lut1.genblk1.genblk1.genblk1.genblk1.genblk1.genblk1.genblk1.genblk1.genblk1.lut0 (6 -> 3)
  Optimizing lut $abc$17747$auto$blifparse.cc:535:parse_blif$17835.genblk1.genblk1.genblk1.genblk1.genblk1.genblk1.genblk1.genblk1.genblk1.genblk1.lut0.genblk1.genblk1.genblk1.genblk1.genblk1.genblk1.genblk1.genblk1.genblk1.lut0 (6 -> 1)
  Optimizing lut $abc$17747$auto$blifparse.cc:535:parse_blif$17843.genblk1.genblk1.genblk1.genblk1.genblk1.genblk1.genblk1.genblk1.genblk1.genblk1.lut1.genblk1.genblk1.genblk1.genblk1.genblk1.genblk1.genblk1.genblk1.genblk1.lut0 (6 -> 3)
  Optimizing lut $abc$17747$auto$blifparse.cc:535:parse_blif$17837.genblk1.genblk1.genblk1.genblk1.genblk1.genblk1.genblk1.genblk1.genblk1.genblk1.lut1.genblk1.genblk1.genblk1.genblk1.genblk1.genblk1.genblk1.genblk1.genblk1.lut0 (6 -> 3)
  Optimizing lut $abc$17747$auto$blifparse.cc:535:parse_blif$18536.genblk1.genblk1.genblk1.genblk1.genblk1.genblk1.genblk1.genblk1.genblk1.genblk1.lut0.genblk1.genblk1.genblk1.genblk1.genblk1.genblk1.genblk1.genblk1.genblk1.lut0 (6 -> 0)
  Optimizing lut $abc$17747$auto$blifparse.cc:535:parse_blif$17837.genblk1.genblk1.genblk1.genblk1.genblk1.genblk1.genblk1.genblk1.genblk1.genblk1.lut0.genblk1.genblk1.genblk1.genblk1.genblk1.genblk1.genblk1.genblk1.genblk1.lut0 (6 -> 1)
  Optimizing lut $abc$17747$auto$blifparse.cc:535:parse_blif$18713.genblk1.genblk1.genblk1.genblk1.genblk1.genblk1.genblk1.genblk1.genblk1.genblk1.lut0.genblk1.genblk1.genblk1.genblk1.genblk1.genblk1.genblk1.genblk1.genblk1.lut0 (6 -> 0)
  Optimizing lut $abc$17747$auto$blifparse.cc:535:parse_blif$17841.genblk1.genblk1.genblk1.genblk1.genblk1.genblk1.genblk1.genblk1.genblk1.lut0 (6 -> 0)
  Optimizing lut $abc$17747$auto$blifparse.cc:535:parse_blif$18709.genblk1.genblk1.genblk1.genblk1.genblk1.genblk1.genblk1.genblk1.genblk1.genblk1.lut1.genblk1.genblk1.genblk1.genblk1.genblk1.genblk1.genblk1.genblk1.genblk1.lut0 (6 -> 3)
  Optimizing lut $abc$17747$auto$blifparse.cc:535:parse_blif$18631.genblk1.genblk1.genblk1.genblk1.genblk1.genblk1.genblk1.genblk1.genblk1.genblk1.lut0.genblk1.genblk1.genblk1.genblk1.genblk1.genblk1.genblk1.genblk1.genblk1.lut0 (6 -> 3)
  Optimizing lut $abc$17747$auto$blifparse.cc:535:parse_blif$17903.genblk1.genblk1.genblk1.genblk1.genblk1.genblk1.genblk1.genblk1.genblk1.genblk1.lut1.genblk1.genblk1.genblk1.genblk1.genblk1.genblk1.genblk1.genblk1.genblk1.lut1 (6 -> 1)
  Optimizing lut $abc$17747$auto$blifparse.cc:535:parse_blif$17893.genblk1.genblk1.genblk1.genblk1.genblk1.genblk1.genblk1.genblk1.genblk1.genblk1.lut0.genblk1.genblk1.genblk1.genblk1.genblk1.genblk1.genblk1.genblk1.genblk1.lut1 (6 -> 3)
  Optimizing lut $abc$17747$auto$blifparse.cc:535:parse_blif$18711.genblk1.genblk1.genblk1.genblk1.genblk1.genblk1.genblk1.genblk1.genblk1.genblk1.lut0.genblk1.genblk1.genblk1.genblk1.genblk1.genblk1.genblk1.genblk1.genblk1.lut0 (6 -> 0)
  Optimizing lut $abc$17747$auto$blifparse.cc:535:parse_blif$18630.genblk1.genblk1.genblk1.genblk1.genblk1.genblk1.genblk1.genblk1.genblk1.genblk1.lut0.genblk1.genblk1.genblk1.genblk1.genblk1.genblk1.genblk1.genblk1.genblk1.lut0 (6 -> 0)
  Optimizing lut $abc$17747$auto$blifparse.cc:535:parse_blif$17840.genblk1.genblk1.genblk1.genblk1.genblk1.genblk1.genblk1.genblk1.genblk1.genblk1.lut1.genblk1.genblk1.genblk1.genblk1.genblk1.genblk1.genblk1.genblk1.genblk1.lut0 (6 -> 3)
  Optimizing lut $abc$17747$auto$blifparse.cc:535:parse_blif$18538.genblk1.genblk1.genblk1.genblk1.genblk1.genblk1.genblk1.genblk1.genblk1.lut0 (6 -> 1)
  Optimizing lut $abc$17747$auto$blifparse.cc:535:parse_blif$18712.genblk1.genblk1.genblk1.genblk1.genblk1.genblk1.genblk1.genblk1.genblk1.genblk1.lut0.genblk1.genblk1.genblk1.genblk1.genblk1.genblk1.genblk1.genblk1.genblk1.lut0 (6 -> 3)
  Optimizing lut $abc$17747$auto$blifparse.cc:535:parse_blif$18265.genblk1.genblk1.genblk1.genblk1.genblk1.genblk1.genblk1.genblk1.genblk1.lut1 (6 -> 5)
  Optimizing lut $abc$17747$auto$blifparse.cc:535:parse_blif$17903.genblk1.genblk1.genblk1.genblk1.genblk1.genblk1.genblk1.genblk1.genblk1.genblk1.lut1.genblk1.genblk1.genblk1.genblk1.genblk1.genblk1.genblk1.genblk1.genblk1.lut0 (6 -> 3)
  Optimizing lut $abc$17747$auto$blifparse.cc:535:parse_blif$17948.genblk1.genblk1.genblk1.genblk1.genblk1.genblk1.genblk1.genblk1.genblk1.genblk1.lut1.genblk1.genblk1.genblk1.genblk1.genblk1.genblk1.genblk1.genblk1.genblk1.lut0 (6 -> 3)
  Optimizing lut $abc$17747$auto$blifparse.cc:535:parse_blif$17835.genblk1.genblk1.genblk1.genblk1.genblk1.genblk1.genblk1.genblk1.genblk1.genblk1.lut1.genblk1.genblk1.genblk1.genblk1.genblk1.genblk1.genblk1.genblk1.genblk1.lut0 (6 -> 0)
  Optimizing lut $abc$17747$auto$blifparse.cc:535:parse_blif$18489.genblk1.genblk1.genblk1.genblk1.genblk1.genblk1.genblk1.genblk1.genblk1.genblk1.lut1.genblk1.genblk1.genblk1.genblk1.genblk1.genblk1.genblk1.genblk1.genblk1.lut1 (6 -> 0)
  Optimizing lut $abc$17747$auto$blifparse.cc:535:parse_blif$18594.genblk1.genblk1.genblk1.genblk1.genblk1.genblk1.genblk1.genblk1.genblk1.genblk1.lut1.genblk1.genblk1.genblk1.genblk1.genblk1.genblk1.genblk1.genblk1.genblk1.lut1 (6 -> 4)
  Optimizing lut $abc$17747$auto$blifparse.cc:535:parse_blif$18712.genblk1.genblk1.genblk1.genblk1.genblk1.genblk1.genblk1.genblk1.genblk1.genblk1.lut1.genblk1.genblk1.genblk1.genblk1.genblk1.genblk1.genblk1.genblk1.genblk1.lut1 (6 -> 3)
  Optimizing lut $abc$17747$auto$blifparse.cc:535:parse_blif$18711.genblk1.genblk1.genblk1.genblk1.genblk1.genblk1.genblk1.genblk1.genblk1.genblk1.lut0.genblk1.genblk1.genblk1.genblk1.genblk1.genblk1.genblk1.genblk1.genblk1.lut1 (6 -> 0)
  Optimizing lut $abc$17747$auto$blifparse.cc:535:parse_blif$18703.genblk1.genblk1.genblk1.genblk1.genblk1.genblk1.genblk1.genblk1.genblk1.genblk1.lut1.genblk1.genblk1.genblk1.genblk1.genblk1.genblk1.genblk1.genblk1.genblk1.lut1 (6 -> 3)
  Optimizing lut $abc$17747$auto$blifparse.cc:535:parse_blif$18704.genblk1.genblk1.genblk1.genblk1.genblk1.genblk1.genblk1.genblk1.genblk1.genblk1.lut1.genblk1.genblk1.genblk1.genblk1.genblk1.genblk1.genblk1.genblk1.genblk1.lut1 (6 -> 4)
  Optimizing lut $abc$17747$auto$blifparse.cc:535:parse_blif$18539.genblk1.genblk1.genblk1.genblk1.genblk1.genblk1.genblk1.genblk1.genblk1.genblk1.lut1.genblk1.genblk1.genblk1.genblk1.genblk1.genblk1.genblk1.genblk1.genblk1.lut0 (6 -> 3)
  Optimizing lut $abc$17747$auto$blifparse.cc:535:parse_blif$18539.genblk1.genblk1.genblk1.genblk1.genblk1.genblk1.genblk1.genblk1.genblk1.genblk1.lut1.genblk1.genblk1.genblk1.genblk1.genblk1.genblk1.genblk1.genblk1.genblk1.lut1 (6 -> 3)
  Optimizing lut $abc$17747$auto$blifparse.cc:535:parse_blif$18540.genblk1.genblk1.genblk1.genblk1.genblk1.genblk1.genblk1.genblk1.genblk1.genblk1.lut1.genblk1.genblk1.genblk1.genblk1.genblk1.genblk1.genblk1.genblk1.genblk1.lut1 (6 -> 4)
  Optimizing lut $abc$17747$auto$blifparse.cc:535:parse_blif$18687.genblk1.genblk1.genblk1.genblk1.genblk1.genblk1.genblk1.genblk1.genblk1.genblk1.lut1.genblk1.genblk1.genblk1.genblk1.genblk1.genblk1.genblk1.genblk1.genblk1.lut1 (6 -> 3)
  Optimizing lut $abc$17747$auto$blifparse.cc:535:parse_blif$18617.genblk1.genblk1.genblk1.genblk1.genblk1.genblk1.genblk1.genblk1.genblk1.genblk1.lut1.genblk1.genblk1.genblk1.genblk1.genblk1.genblk1.genblk1.genblk1.genblk1.lut1 (6 -> 4)
  Optimizing lut $abc$17747$auto$blifparse.cc:535:parse_blif$18616.genblk1.genblk1.genblk1.genblk1.genblk1.genblk1.genblk1.genblk1.genblk1.genblk1.lut1.genblk1.genblk1.genblk1.genblk1.genblk1.genblk1.genblk1.genblk1.genblk1.lut1 (6 -> 3)
  Optimizing lut $abc$17747$auto$blifparse.cc:535:parse_blif$18555.genblk1.genblk1.genblk1.genblk1.genblk1.genblk1.genblk1.genblk1.genblk1.genblk1.lut1.genblk1.genblk1.genblk1.genblk1.genblk1.genblk1.genblk1.genblk1.genblk1.lut1 (6 -> 3)
  Optimizing lut $abc$17747$auto$blifparse.cc:535:parse_blif$18553.genblk1.genblk1.genblk1.genblk1.genblk1.genblk1.genblk1.genblk1.genblk1.genblk1.lut1.genblk1.genblk1.genblk1.genblk1.genblk1.genblk1.genblk1.genblk1.genblk1.lut0 (6 -> 0)
  Optimizing lut $abc$17747$auto$blifparse.cc:535:parse_blif$18679.genblk1.genblk1.genblk1.genblk1.genblk1.genblk1.genblk1.genblk1.genblk1.genblk1.lut1.genblk1.genblk1.genblk1.genblk1.genblk1.genblk1.genblk1.genblk1.genblk1.lut1 (6 -> 3)
  Optimizing lut $abc$17747$auto$blifparse.cc:535:parse_blif$17960.genblk1.genblk1.genblk1.genblk1.genblk1.genblk1.genblk1.genblk1.genblk1.lut0 (6 -> 0)
  Optimizing lut $abc$17747$auto$blifparse.cc:535:parse_blif$17948.genblk1.genblk1.genblk1.genblk1.genblk1.genblk1.genblk1.genblk1.genblk1.genblk1.lut1.genblk1.genblk1.genblk1.genblk1.genblk1.genblk1.genblk1.genblk1.genblk1.lut1 (6 -> 1)
  Optimizing lut $abc$17747$auto$blifparse.cc:535:parse_blif$17910.genblk1.genblk1.genblk1.genblk1.genblk1.genblk1.genblk1.genblk1.genblk1.genblk1.lut1.genblk1.genblk1.genblk1.genblk1.genblk1.genblk1.genblk1.genblk1.genblk1.lut1 (6 -> 1)
  Optimizing lut $abc$17747$auto$blifparse.cc:535:parse_blif$17902.genblk1.genblk1.genblk1.genblk1.genblk1.genblk1.genblk1.genblk1.genblk1.genblk1.lut1.genblk1.genblk1.genblk1.genblk1.genblk1.genblk1.genblk1.genblk1.genblk1.lut1 (6 -> 3)
  Optimizing lut $abc$17747$auto$blifparse.cc:535:parse_blif$17904.genblk1.genblk1.genblk1.genblk1.genblk1.genblk1.genblk1.genblk1.genblk1.genblk1.lut1.genblk1.genblk1.genblk1.genblk1.genblk1.genblk1.genblk1.genblk1.genblk1.lut1 (6 -> 1)
  Optimizing lut $abc$17747$auto$blifparse.cc:535:parse_blif$18712.genblk1.genblk1.genblk1.genblk1.genblk1.genblk1.genblk1.genblk1.genblk1.genblk1.lut0.genblk1.genblk1.genblk1.genblk1.genblk1.genblk1.genblk1.genblk1.genblk1.lut1 (6 -> 3)
  Optimizing lut $abc$17747$auto$blifparse.cc:535:parse_blif$17911.genblk1.genblk1.genblk1.genblk1.genblk1.genblk1.genblk1.genblk1.genblk1.genblk1.lut1.genblk1.genblk1.genblk1.genblk1.genblk1.genblk1.genblk1.genblk1.genblk1.lut1 (6 -> 5)
  Optimizing lut $abc$17747$auto$blifparse.cc:535:parse_blif$17924.genblk1.genblk1.genblk1.genblk1.genblk1.genblk1.genblk1.genblk1.genblk1.genblk1.lut1.genblk1.genblk1.genblk1.genblk1.genblk1.genblk1.genblk1.genblk1.genblk1.lut0 (6 -> 4)
  Optimizing lut $abc$17747$auto$blifparse.cc:535:parse_blif$17925.genblk1.genblk1.genblk1.genblk1.genblk1.genblk1.genblk1.genblk1.genblk1.genblk1.lut1.genblk1.genblk1.genblk1.genblk1.genblk1.genblk1.genblk1.genblk1.genblk1.lut1 (6 -> 1)
  Optimizing lut $abc$17747$auto$blifparse.cc:535:parse_blif$17926.genblk1.genblk1.genblk1.genblk1.genblk1.genblk1.genblk1.genblk1.genblk1.genblk1.lut1.genblk1.genblk1.genblk1.genblk1.genblk1.genblk1.genblk1.genblk1.genblk1.lut1 (6 -> 1)
  Optimizing lut $abc$17747$auto$blifparse.cc:535:parse_blif$17931.genblk1.genblk1.genblk1.genblk1.genblk1.genblk1.genblk1.genblk1.genblk1.genblk1.lut1.genblk1.genblk1.genblk1.genblk1.genblk1.genblk1.genblk1.genblk1.genblk1.lut1 (6 -> 1)
  Optimizing lut $abc$17747$auto$blifparse.cc:535:parse_blif$17932.genblk1.genblk1.genblk1.genblk1.genblk1.genblk1.genblk1.genblk1.genblk1.genblk1.lut1.genblk1.genblk1.genblk1.genblk1.genblk1.genblk1.genblk1.genblk1.genblk1.lut1 (6 -> 1)
  Optimizing lut $abc$17747$auto$blifparse.cc:535:parse_blif$17933.genblk1.genblk1.genblk1.genblk1.genblk1.genblk1.genblk1.genblk1.genblk1.genblk1.lut1.genblk1.genblk1.genblk1.genblk1.genblk1.genblk1.genblk1.genblk1.genblk1.lut1 (6 -> 1)
  Optimizing lut $abc$17747$auto$blifparse.cc:535:parse_blif$17930.genblk1.genblk1.genblk1.genblk1.genblk1.genblk1.genblk1.genblk1.genblk1.genblk1.lut1.genblk1.genblk1.genblk1.genblk1.genblk1.genblk1.genblk1.genblk1.genblk1.lut1 (6 -> 1)
  Optimizing lut $abc$17747$auto$blifparse.cc:535:parse_blif$18076.genblk1.genblk1.genblk1.genblk1.genblk1.genblk1.genblk1.genblk1.genblk1.genblk1.lut1.genblk1.genblk1.genblk1.genblk1.genblk1.genblk1.genblk1.genblk1.genblk1.lut1 (6 -> 0)
  Optimizing lut $abc$17747$auto$blifparse.cc:535:parse_blif$17927.genblk1.genblk1.genblk1.genblk1.genblk1.genblk1.genblk1.genblk1.genblk1.genblk1.lut1.genblk1.genblk1.genblk1.genblk1.genblk1.genblk1.genblk1.genblk1.genblk1.lut1 (6 -> 1)
  Optimizing lut $abc$17747$auto$blifparse.cc:535:parse_blif$17936.genblk1.genblk1.genblk1.genblk1.genblk1.genblk1.genblk1.genblk1.genblk1.genblk1.lut1.genblk1.genblk1.genblk1.genblk1.genblk1.genblk1.genblk1.genblk1.genblk1.lut1 (6 -> 0)
  Optimizing lut $abc$17747$auto$blifparse.cc:535:parse_blif$17937.genblk1.genblk1.genblk1.genblk1.genblk1.genblk1.genblk1.genblk1.genblk1.genblk1.lut1.genblk1.genblk1.genblk1.genblk1.genblk1.genblk1.genblk1.genblk1.genblk1.lut1 (6 -> 0)
  Optimizing lut $abc$17747$auto$blifparse.cc:535:parse_blif$18028.genblk1.genblk1.genblk1.genblk1.genblk1.genblk1.genblk1.genblk1.genblk1.genblk1.lut1.genblk1.genblk1.genblk1.genblk1.genblk1.genblk1.genblk1.genblk1.genblk1.lut1 (6 -> 4)
  Optimizing lut $abc$17747$auto$blifparse.cc:535:parse_blif$18018.genblk1.genblk1.genblk1.genblk1.genblk1.genblk1.genblk1.genblk1.genblk1.genblk1.lut1.genblk1.genblk1.genblk1.genblk1.genblk1.genblk1.genblk1.genblk1.genblk1.lut0 (6 -> 4)
  Optimizing lut $abc$17747$auto$blifparse.cc:535:parse_blif$17778.genblk1.genblk1.genblk1.genblk1.genblk1.genblk1.genblk1.genblk1.genblk1.genblk1.lut1.genblk1.genblk1.genblk1.genblk1.genblk1.genblk1.genblk1.genblk1.genblk1.lut1 (6 -> 1)
  Optimizing lut $abc$17747$auto$blifparse.cc:535:parse_blif$17794.genblk1.genblk1.genblk1.genblk1.genblk1.genblk1.genblk1.genblk1.genblk1.genblk1.lut1.genblk1.genblk1.genblk1.genblk1.genblk1.genblk1.genblk1.genblk1.genblk1.lut0 (6 -> 4)
  Optimizing lut $abc$17747$auto$blifparse.cc:535:parse_blif$17802.genblk1.genblk1.genblk1.genblk1.genblk1.genblk1.genblk1.genblk1.genblk1.genblk1.lut1.genblk1.genblk1.genblk1.genblk1.genblk1.genblk1.genblk1.genblk1.genblk1.lut1 (6 -> 1)
  Optimizing lut $abc$17747$auto$blifparse.cc:535:parse_blif$17812.genblk1.genblk1.genblk1.genblk1.genblk1.genblk1.genblk1.genblk1.genblk1.genblk1.lut1.genblk1.genblk1.genblk1.genblk1.genblk1.genblk1.genblk1.genblk1.genblk1.lut1 (6 -> 1)
  Optimizing lut $abc$17747$auto$blifparse.cc:535:parse_blif$17807.genblk1.genblk1.genblk1.genblk1.genblk1.genblk1.genblk1.genblk1.genblk1.genblk1.lut1.genblk1.genblk1.genblk1.genblk1.genblk1.genblk1.genblk1.genblk1.genblk1.lut1 (6 -> 1)
  Optimizing lut $abc$17747$auto$blifparse.cc:535:parse_blif$17823.genblk1.genblk1.genblk1.genblk1.genblk1.genblk1.genblk1.genblk1.genblk1.genblk1.lut1.genblk1.genblk1.genblk1.genblk1.genblk1.genblk1.genblk1.genblk1.genblk1.lut1 (6 -> 1)
  Optimizing lut $abc$17747$auto$blifparse.cc:535:parse_blif$17828.genblk1.genblk1.genblk1.genblk1.genblk1.genblk1.genblk1.genblk1.genblk1.genblk1.lut1.genblk1.genblk1.genblk1.genblk1.genblk1.genblk1.genblk1.genblk1.genblk1.lut1 (6 -> 1)
  Optimizing lut $abc$17747$auto$blifparse.cc:535:parse_blif$17865.genblk1.genblk1.genblk1.genblk1.genblk1.genblk1.genblk1.genblk1.genblk1.lut0 (6 -> 4)
  Optimizing lut $abc$17747$auto$blifparse.cc:535:parse_blif$17872.genblk1.genblk1.genblk1.genblk1.genblk1.genblk1.genblk1.genblk1.genblk1.genblk1.lut1.genblk1.genblk1.genblk1.genblk1.genblk1.genblk1.genblk1.genblk1.genblk1.lut1 (6 -> 1)
  Optimizing lut $abc$17747$auto$blifparse.cc:535:parse_blif$17871.genblk1.genblk1.genblk1.genblk1.genblk1.genblk1.genblk1.genblk1.genblk1.genblk1.lut1.genblk1.genblk1.genblk1.genblk1.genblk1.genblk1.genblk1.genblk1.genblk1.lut1 (6 -> 1)
  Optimizing lut $abc$17747$auto$blifparse.cc:535:parse_blif$17879.genblk1.genblk1.genblk1.genblk1.genblk1.genblk1.genblk1.genblk1.genblk1.genblk1.lut1.genblk1.genblk1.genblk1.genblk1.genblk1.genblk1.genblk1.genblk1.genblk1.lut0 (6 -> 0)
  Optimizing lut $abc$17747$auto$blifparse.cc:535:parse_blif$17891.genblk1.genblk1.genblk1.genblk1.genblk1.genblk1.genblk1.genblk1.genblk1.genblk1.lut1.genblk1.genblk1.genblk1.genblk1.genblk1.genblk1.genblk1.genblk1.genblk1.lut1 (6 -> 4)
  Optimizing lut $abc$17747$auto$blifparse.cc:535:parse_blif$17894.genblk1.genblk1.genblk1.genblk1.genblk1.genblk1.genblk1.genblk1.genblk1.genblk1.lut1.genblk1.genblk1.genblk1.genblk1.genblk1.genblk1.genblk1.genblk1.genblk1.lut1 (6 -> 1)
  Optimizing lut $abc$17747$auto$blifparse.cc:535:parse_blif$17895.genblk1.genblk1.genblk1.genblk1.genblk1.genblk1.genblk1.genblk1.genblk1.genblk1.lut0.genblk1.genblk1.genblk1.genblk1.genblk1.genblk1.genblk1.genblk1.genblk1.lut1 (6 -> 3)
  Optimizing lut $abc$17747$auto$blifparse.cc:535:parse_blif$17896.genblk1.genblk1.genblk1.genblk1.genblk1.genblk1.genblk1.genblk1.genblk1.genblk1.lut0.genblk1.genblk1.genblk1.genblk1.genblk1.genblk1.genblk1.genblk1.genblk1.lut1 (6 -> 3)
  Optimizing lut $abc$17747$auto$blifparse.cc:535:parse_blif$17885.genblk1.genblk1.genblk1.genblk1.genblk1.genblk1.genblk1.genblk1.genblk1.genblk1.lut1.genblk1.genblk1.genblk1.genblk1.genblk1.genblk1.genblk1.genblk1.genblk1.lut1 (6 -> 1)
  Optimizing lut $abc$17747$auto$blifparse.cc:535:parse_blif$17843.genblk1.genblk1.genblk1.genblk1.genblk1.genblk1.genblk1.genblk1.genblk1.genblk1.lut1.genblk1.genblk1.genblk1.genblk1.genblk1.genblk1.genblk1.genblk1.genblk1.lut1 (6 -> 1)
  Optimizing lut $abc$17747$auto$blifparse.cc:535:parse_blif$17839.genblk1.genblk1.genblk1.genblk1.genblk1.genblk1.genblk1.genblk1.genblk1.genblk1.lut1.genblk1.genblk1.genblk1.genblk1.genblk1.genblk1.genblk1.genblk1.genblk1.lut1 (6 -> 1)
  Optimizing lut $abc$17747$auto$blifparse.cc:535:parse_blif$18713.genblk1.genblk1.genblk1.genblk1.genblk1.genblk1.genblk1.genblk1.genblk1.genblk1.lut1.genblk1.genblk1.genblk1.genblk1.genblk1.genblk1.genblk1.genblk1.genblk1.lut0 (6 -> 4)
  Optimizing lut $abc$17747$auto$blifparse.cc:535:parse_blif$18630.genblk1.genblk1.genblk1.genblk1.genblk1.genblk1.genblk1.genblk1.genblk1.genblk1.lut1.genblk1.genblk1.genblk1.genblk1.genblk1.genblk1.genblk1.genblk1.genblk1.lut0 (6 -> 0)
  Optimizing lut $abc$17747$auto$blifparse.cc:535:parse_blif$17838.genblk1.genblk1.genblk1.genblk1.genblk1.genblk1.genblk1.genblk1.genblk1.genblk1.lut1.genblk1.genblk1.genblk1.genblk1.genblk1.genblk1.genblk1.genblk1.genblk1.lut1 (6 -> 1)
  Optimizing lut $abc$17747$auto$blifparse.cc:535:parse_blif$18613.genblk1.genblk1.genblk1.genblk1.genblk1.genblk1.genblk1.genblk1.genblk1.genblk1.lut1.genblk1.genblk1.genblk1.genblk1.genblk1.genblk1.genblk1.genblk1.genblk1.lut0 (6 -> 3)
  Optimizing lut $abc$17747$auto$blifparse.cc:535:parse_blif$17978.genblk1.genblk1.genblk1.genblk1.genblk1.genblk1.genblk1.genblk1.genblk1.genblk1.lut1.genblk1.genblk1.genblk1.genblk1.genblk1.genblk1.genblk1.genblk1.genblk1.lut1 (6 -> 1)
  Optimizing lut $abc$17747$auto$blifparse.cc:535:parse_blif$17972.genblk1.genblk1.genblk1.genblk1.genblk1.genblk1.genblk1.genblk1.genblk1.genblk1.lut1.genblk1.genblk1.genblk1.genblk1.genblk1.genblk1.genblk1.genblk1.genblk1.lut1 (6 -> 1)
  Optimizing lut $abc$17747$auto$blifparse.cc:535:parse_blif$18537.genblk1.genblk1.genblk1.genblk1.genblk1.genblk1.genblk1.genblk1.genblk1.genblk1.lut1.genblk1.genblk1.genblk1.genblk1.genblk1.genblk1.genblk1.genblk1.genblk1.lut0 (6 -> 0)
  Optimizing lut $abc$17747$auto$blifparse.cc:535:parse_blif$17750.genblk1.genblk1.genblk1.genblk1.genblk1.genblk1.genblk1.genblk1.genblk1.genblk1.lut0.genblk1.genblk1.genblk1.genblk1.genblk1.genblk1.genblk1.genblk1.genblk1.lut1 (6 -> 0)
  Optimizing lut $abc$17747$auto$blifparse.cc:535:parse_blif$19193.genblk1.genblk1.genblk1.genblk1.genblk1.genblk1.genblk1.genblk1.genblk1.lut0 (6 -> 5)
  Optimizing lut $abc$17747$auto$blifparse.cc:535:parse_blif$19203.genblk1.genblk1.genblk1.genblk1.genblk1.genblk1.genblk1.genblk1.genblk1.lut0 (6 -> 5)
  Optimizing lut $abc$17747$auto$blifparse.cc:535:parse_blif$17763.genblk1.genblk1.genblk1.genblk1.genblk1.genblk1.genblk1.genblk1.genblk1.lut0 (6 -> 0)
  Optimizing lut $abc$17747$auto$blifparse.cc:535:parse_blif$17761.genblk1.genblk1.genblk1.genblk1.genblk1.genblk1.genblk1.genblk1.genblk1.lut1 (6 -> 0)
  Optimizing lut $abc$17747$auto$blifparse.cc:535:parse_blif$17876.genblk1.genblk1.genblk1.genblk1.genblk1.genblk1.genblk1.genblk1.genblk1.genblk1.lut1.genblk1.genblk1.genblk1.genblk1.genblk1.genblk1.genblk1.genblk1.genblk1.lut0 (6 -> 3)
  Optimizing lut $abc$17747$auto$blifparse.cc:535:parse_blif$17751.genblk1.genblk1.genblk1.genblk1.genblk1.genblk1.genblk1.genblk1.genblk1.lut0 (6 -> 0)
  Optimizing lut $abc$17747$auto$blifparse.cc:535:parse_blif$18522.genblk1.genblk1.genblk1.genblk1.genblk1.genblk1.genblk1.genblk1.genblk1.genblk1.lut0.genblk1.genblk1.genblk1.genblk1.genblk1.genblk1.genblk1.genblk1.genblk1.lut0 (6 -> 2)
  Optimizing lut $abc$17747$auto$blifparse.cc:535:parse_blif$17778.genblk1.genblk1.genblk1.genblk1.genblk1.genblk1.genblk1.genblk1.genblk1.genblk1.lut1.genblk1.genblk1.genblk1.genblk1.genblk1.genblk1.genblk1.genblk1.genblk1.lut0 (6 -> 3)
  Optimizing lut $abc$17747$auto$blifparse.cc:535:parse_blif$17773.genblk1.genblk1.genblk1.genblk1.genblk1.genblk1.genblk1.genblk1.genblk1.lut1 (6 -> 0)
  Optimizing lut $abc$17747$auto$blifparse.cc:535:parse_blif$17876.genblk1.genblk1.genblk1.genblk1.genblk1.genblk1.genblk1.genblk1.genblk1.genblk1.lut1.genblk1.genblk1.genblk1.genblk1.genblk1.genblk1.genblk1.genblk1.genblk1.lut1 (6 -> 1)
  Optimizing lut $abc$17747$auto$blifparse.cc:535:parse_blif$17778.genblk1.genblk1.genblk1.genblk1.genblk1.genblk1.genblk1.genblk1.genblk1.genblk1.lut0.genblk1.genblk1.genblk1.genblk1.genblk1.genblk1.genblk1.genblk1.genblk1.lut1 (6 -> 3)
  Optimizing lut $abc$17747$auto$blifparse.cc:535:parse_blif$17794.genblk1.genblk1.genblk1.genblk1.genblk1.genblk1.genblk1.genblk1.genblk1.genblk1.lut1.genblk1.genblk1.genblk1.genblk1.genblk1.genblk1.genblk1.genblk1.genblk1.lut1 (6 -> 4)
  Optimizing lut $abc$17747$auto$blifparse.cc:535:parse_blif$17979.genblk1.genblk1.genblk1.genblk1.genblk1.genblk1.genblk1.genblk1.genblk1.genblk1.lut1.genblk1.genblk1.genblk1.genblk1.genblk1.genblk1.genblk1.genblk1.genblk1.lut1 (6 -> 1)
  Optimizing lut $abc$17747$auto$blifparse.cc:535:parse_blif$17794.genblk1.genblk1.genblk1.genblk1.genblk1.genblk1.genblk1.genblk1.genblk1.genblk1.lut0.genblk1.genblk1.genblk1.genblk1.genblk1.genblk1.genblk1.genblk1.genblk1.lut1 (6 -> 0)
  Optimizing lut $abc$17747$auto$blifparse.cc:535:parse_blif$17798.genblk1.genblk1.genblk1.genblk1.genblk1.genblk1.genblk1.genblk1.genblk1.genblk1.lut1.genblk1.genblk1.genblk1.genblk1.genblk1.genblk1.genblk1.genblk1.genblk1.lut1 (6 -> 1)
  Optimizing lut $abc$17747$auto$blifparse.cc:535:parse_blif$17798.genblk1.genblk1.genblk1.genblk1.genblk1.genblk1.genblk1.genblk1.genblk1.genblk1.lut0.genblk1.genblk1.genblk1.genblk1.genblk1.genblk1.genblk1.genblk1.genblk1.lut1 (6 -> 3)
  Optimizing lut $abc$17747$auto$blifparse.cc:535:parse_blif$17802.genblk1.genblk1.genblk1.genblk1.genblk1.genblk1.genblk1.genblk1.genblk1.genblk1.lut0.genblk1.genblk1.genblk1.genblk1.genblk1.genblk1.genblk1.genblk1.genblk1.lut1 (6 -> 3)
  Optimizing lut $abc$17747$auto$blifparse.cc:535:parse_blif$17973.genblk1.genblk1.genblk1.genblk1.genblk1.genblk1.genblk1.genblk1.genblk1.genblk1.lut1.genblk1.genblk1.genblk1.genblk1.genblk1.genblk1.genblk1.genblk1.genblk1.lut1 (6 -> 1)
  Optimizing lut $abc$17747$auto$blifparse.cc:535:parse_blif$17807.genblk1.genblk1.genblk1.genblk1.genblk1.genblk1.genblk1.genblk1.genblk1.genblk1.lut0.genblk1.genblk1.genblk1.genblk1.genblk1.genblk1.genblk1.genblk1.genblk1.lut1 (6 -> 3)
  Optimizing lut $abc$17747$auto$blifparse.cc:535:parse_blif$17812.genblk1.genblk1.genblk1.genblk1.genblk1.genblk1.genblk1.genblk1.genblk1.genblk1.lut0.genblk1.genblk1.genblk1.genblk1.genblk1.genblk1.genblk1.genblk1.genblk1.lut1 (6 -> 3)
  Optimizing lut $abc$17747$auto$blifparse.cc:535:parse_blif$17976.genblk1.genblk1.genblk1.genblk1.genblk1.genblk1.genblk1.genblk1.genblk1.genblk1.lut1.genblk1.genblk1.genblk1.genblk1.genblk1.genblk1.genblk1.genblk1.genblk1.lut1 (6 -> 1)
  Optimizing lut $abc$17747$auto$blifparse.cc:535:parse_blif$17818.genblk1.genblk1.genblk1.genblk1.genblk1.genblk1.genblk1.genblk1.genblk1.genblk1.lut0.genblk1.genblk1.genblk1.genblk1.genblk1.genblk1.genblk1.genblk1.genblk1.lut1 (6 -> 3)
  Optimizing lut $abc$17747$auto$blifparse.cc:535:parse_blif$17823.genblk1.genblk1.genblk1.genblk1.genblk1.genblk1.genblk1.genblk1.genblk1.genblk1.lut0.genblk1.genblk1.genblk1.genblk1.genblk1.genblk1.genblk1.genblk1.genblk1.lut1 (6 -> 3)
  Optimizing lut $abc$17747$auto$blifparse.cc:535:parse_blif$17828.genblk1.genblk1.genblk1.genblk1.genblk1.genblk1.genblk1.genblk1.genblk1.genblk1.lut0.genblk1.genblk1.genblk1.genblk1.genblk1.genblk1.genblk1.genblk1.genblk1.lut1 (6 -> 3)
  Optimizing lut $abc$17747$auto$blifparse.cc:535:parse_blif$17977.genblk1.genblk1.genblk1.genblk1.genblk1.genblk1.genblk1.genblk1.genblk1.genblk1.lut1.genblk1.genblk1.genblk1.genblk1.genblk1.genblk1.genblk1.genblk1.genblk1.lut1 (6 -> 1)
  Optimizing lut $abc$17747$auto$blifparse.cc:535:parse_blif$17818.genblk1.genblk1.genblk1.genblk1.genblk1.genblk1.genblk1.genblk1.genblk1.genblk1.lut1.genblk1.genblk1.genblk1.genblk1.genblk1.genblk1.genblk1.genblk1.genblk1.lut1 (6 -> 1)
  Optimizing lut $abc$17747$auto$blifparse.cc:535:parse_blif$17837.genblk1.genblk1.genblk1.genblk1.genblk1.genblk1.genblk1.genblk1.genblk1.genblk1.lut1.genblk1.genblk1.genblk1.genblk1.genblk1.genblk1.genblk1.genblk1.genblk1.lut1 (6 -> 3)
  Optimizing lut $abc$17747$auto$blifparse.cc:535:parse_blif$17837.genblk1.genblk1.genblk1.genblk1.genblk1.genblk1.genblk1.genblk1.genblk1.genblk1.lut0.genblk1.genblk1.genblk1.genblk1.genblk1.genblk1.genblk1.genblk1.genblk1.lut1 (6 -> 1)
  Optimizing lut $abc$17747$auto$blifparse.cc:535:parse_blif$17838.genblk1.genblk1.genblk1.genblk1.genblk1.genblk1.genblk1.genblk1.genblk1.genblk1.lut0.genblk1.genblk1.genblk1.genblk1.genblk1.genblk1.genblk1.genblk1.genblk1.lut1 (6 -> 3)
  Optimizing lut $abc$17747$auto$blifparse.cc:535:parse_blif$18704.genblk1.genblk1.genblk1.genblk1.genblk1.genblk1.genblk1.genblk1.genblk1.genblk1.lut1.genblk1.genblk1.genblk1.genblk1.genblk1.genblk1.genblk1.genblk1.genblk1.lut0 (6 -> 4)
  Optimizing lut $abc$17747$auto$blifparse.cc:535:parse_blif$17840.genblk1.genblk1.genblk1.genblk1.genblk1.genblk1.genblk1.genblk1.genblk1.genblk1.lut0.genblk1.genblk1.genblk1.genblk1.genblk1.genblk1.genblk1.genblk1.genblk1.lut1 (6 -> 3)
  Optimizing lut $abc$17747$auto$blifparse.cc:535:parse_blif$17844.genblk1.genblk1.genblk1.genblk1.genblk1.genblk1.genblk1.genblk1.genblk1.genblk1.lut1.genblk1.genblk1.genblk1.genblk1.genblk1.genblk1.genblk1.genblk1.genblk1.lut1 (6 -> 1)
  Optimizing lut $abc$17747$auto$blifparse.cc:535:parse_blif$17843.genblk1.genblk1.genblk1.genblk1.genblk1.genblk1.genblk1.genblk1.genblk1.genblk1.lut0.genblk1.genblk1.genblk1.genblk1.genblk1.genblk1.genblk1.genblk1.genblk1.lut1 (6 -> 3)
  Optimizing lut $abc$17747$auto$blifparse.cc:535:parse_blif$17844.genblk1.genblk1.genblk1.genblk1.genblk1.genblk1.genblk1.genblk1.genblk1.genblk1.lut0.genblk1.genblk1.genblk1.genblk1.genblk1.genblk1.genblk1.genblk1.genblk1.lut1 (6 -> 3)
  Optimizing lut $abc$17747$auto$blifparse.cc:535:parse_blif$17849.genblk1.genblk1.genblk1.genblk1.genblk1.genblk1.genblk1.genblk1.genblk1.genblk1.lut1.genblk1.genblk1.genblk1.genblk1.genblk1.genblk1.genblk1.genblk1.genblk1.lut1 (6 -> 1)
  Optimizing lut $abc$17747$auto$blifparse.cc:535:parse_blif$17849.genblk1.genblk1.genblk1.genblk1.genblk1.genblk1.genblk1.genblk1.genblk1.genblk1.lut0.genblk1.genblk1.genblk1.genblk1.genblk1.genblk1.genblk1.genblk1.genblk1.lut1 (6 -> 3)
  Optimizing lut $abc$17747$auto$blifparse.cc:535:parse_blif$17852.genblk1.genblk1.genblk1.genblk1.genblk1.genblk1.genblk1.genblk1.genblk1.genblk1.lut1.genblk1.genblk1.genblk1.genblk1.genblk1.genblk1.genblk1.genblk1.genblk1.lut1 (6 -> 1)
  Optimizing lut $abc$17747$auto$blifparse.cc:535:parse_blif$17852.genblk1.genblk1.genblk1.genblk1.genblk1.genblk1.genblk1.genblk1.genblk1.genblk1.lut0.genblk1.genblk1.genblk1.genblk1.genblk1.genblk1.genblk1.genblk1.genblk1.lut1 (6 -> 3)
  Optimizing lut $abc$17747$auto$blifparse.cc:535:parse_blif$17854.genblk1.genblk1.genblk1.genblk1.genblk1.genblk1.genblk1.genblk1.genblk1.genblk1.lut0.genblk1.genblk1.genblk1.genblk1.genblk1.genblk1.genblk1.genblk1.genblk1.lut1 (6 -> 1)
  Optimizing lut $abc$17747$auto$blifparse.cc:535:parse_blif$17869.genblk1.genblk1.genblk1.genblk1.genblk1.genblk1.genblk1.genblk1.genblk1.genblk1.lut1.genblk1.genblk1.genblk1.genblk1.genblk1.genblk1.genblk1.genblk1.genblk1.lut0 (6 -> 4)
  Optimizing lut $abc$17747$auto$blifparse.cc:535:parse_blif$17865.genblk1.genblk1.genblk1.genblk1.genblk1.genblk1.genblk1.genblk1.genblk1.lut1 (6 -> 4)
  Optimizing lut $abc$17747$auto$blifparse.cc:535:parse_blif$17869.genblk1.genblk1.genblk1.genblk1.genblk1.genblk1.genblk1.genblk1.genblk1.genblk1.lut1.genblk1.genblk1.genblk1.genblk1.genblk1.genblk1.genblk1.genblk1.genblk1.lut1 (6 -> 2)
  Optimizing lut $abc$17747$auto$blifparse.cc:535:parse_blif$17869.genblk1.genblk1.genblk1.genblk1.genblk1.genblk1.genblk1.genblk1.genblk1.genblk1.lut0.genblk1.genblk1.genblk1.genblk1.genblk1.genblk1.genblk1.genblk1.genblk1.lut1 (6 -> 1)
  Optimizing lut $abc$17747$auto$blifparse.cc:535:parse_blif$17871.genblk1.genblk1.genblk1.genblk1.genblk1.genblk1.genblk1.genblk1.genblk1.genblk1.lut0.genblk1.genblk1.genblk1.genblk1.genblk1.genblk1.genblk1.genblk1.genblk1.lut1 (6 -> 3)
  Optimizing lut $abc$17747$auto$blifparse.cc:535:parse_blif$17872.genblk1.genblk1.genblk1.genblk1.genblk1.genblk1.genblk1.genblk1.genblk1.genblk1.lut0.genblk1.genblk1.genblk1.genblk1.genblk1.genblk1.genblk1.genblk1.genblk1.lut1 (6 -> 3)
  Optimizing lut $abc$17747$auto$blifparse.cc:535:parse_blif$17873.genblk1.genblk1.genblk1.genblk1.genblk1.genblk1.genblk1.genblk1.genblk1.lut1 (6 -> 1)
  Optimizing lut $abc$17747$auto$blifparse.cc:535:parse_blif$17874.genblk1.genblk1.genblk1.genblk1.genblk1.genblk1.genblk1.genblk1.genblk1.lut1 (6 -> 3)
  Optimizing lut $abc$17747$auto$blifparse.cc:535:parse_blif$17876.genblk1.genblk1.genblk1.genblk1.genblk1.genblk1.genblk1.genblk1.genblk1.genblk1.lut0.genblk1.genblk1.genblk1.genblk1.genblk1.genblk1.genblk1.genblk1.genblk1.lut1 (6 -> 3)
  Optimizing lut $abc$17747$auto$blifparse.cc:535:parse_blif$17835.genblk1.genblk1.genblk1.genblk1.genblk1.genblk1.genblk1.genblk1.genblk1.genblk1.lut1.genblk1.genblk1.genblk1.genblk1.genblk1.genblk1.genblk1.genblk1.genblk1.lut1 (6 -> 0)
  Optimizing lut $abc$17747$auto$blifparse.cc:535:parse_blif$17839.genblk1.genblk1.genblk1.genblk1.genblk1.genblk1.genblk1.genblk1.genblk1.genblk1.lut1.genblk1.genblk1.genblk1.genblk1.genblk1.genblk1.genblk1.genblk1.genblk1.lut0 (6 -> 3)
  Optimizing lut $abc$17747$auto$blifparse.cc:535:parse_blif$17882.genblk1.genblk1.genblk1.genblk1.genblk1.genblk1.genblk1.genblk1.genblk1.lut1 (6 -> 3)
  Optimizing lut $abc$17747$auto$blifparse.cc:535:parse_blif$17885.genblk1.genblk1.genblk1.genblk1.genblk1.genblk1.genblk1.genblk1.genblk1.genblk1.lut0.genblk1.genblk1.genblk1.genblk1.genblk1.genblk1.genblk1.genblk1.genblk1.lut1 (6 -> 3)
  Optimizing lut $abc$17747$auto$blifparse.cc:535:parse_blif$18488.genblk1.genblk1.genblk1.genblk1.genblk1.genblk1.genblk1.genblk1.genblk1.genblk1.lut0.genblk1.genblk1.genblk1.genblk1.genblk1.genblk1.genblk1.genblk1.genblk1.lut1 (6 -> 0)
  Optimizing lut $abc$17747$auto$blifparse.cc:535:parse_blif$17889.genblk1.genblk1.genblk1.genblk1.genblk1.genblk1.genblk1.genblk1.genblk1.genblk1.lut1.genblk1.genblk1.genblk1.genblk1.genblk1.genblk1.genblk1.genblk1.genblk1.lut1 (6 -> 1)
  Optimizing lut $abc$17747$auto$blifparse.cc:535:parse_blif$17889.genblk1.genblk1.genblk1.genblk1.genblk1.genblk1.genblk1.genblk1.genblk1.genblk1.lut0.genblk1.genblk1.genblk1.genblk1.genblk1.genblk1.genblk1.genblk1.genblk1.lut1 (6 -> 3)
  Optimizing lut $abc$17747$auto$blifparse.cc:535:parse_blif$17891.genblk1.genblk1.genblk1.genblk1.genblk1.genblk1.genblk1.genblk1.genblk1.genblk1.lut0.genblk1.genblk1.genblk1.genblk1.genblk1.genblk1.genblk1.genblk1.genblk1.lut1 (6 -> 0)
  Optimizing lut $abc$17747$auto$blifparse.cc:535:parse_blif$17893.genblk1.genblk1.genblk1.genblk1.genblk1.genblk1.genblk1.genblk1.genblk1.genblk1.lut1.genblk1.genblk1.genblk1.genblk1.genblk1.genblk1.genblk1.genblk1.genblk1.lut1 (6 -> 1)
  Optimizing lut $abc$17747$auto$blifparse.cc:535:parse_blif$18712.genblk1.genblk1.genblk1.genblk1.genblk1.genblk1.genblk1.genblk1.genblk1.genblk1.lut1.genblk1.genblk1.genblk1.genblk1.genblk1.genblk1.genblk1.genblk1.genblk1.lut0 (6 -> 3)
  Optimizing lut $abc$17747$auto$blifparse.cc:535:parse_blif$17894.genblk1.genblk1.genblk1.genblk1.genblk1.genblk1.genblk1.genblk1.genblk1.genblk1.lut0.genblk1.genblk1.genblk1.genblk1.genblk1.genblk1.genblk1.genblk1.genblk1.lut1 (6 -> 3)
  Optimizing lut $abc$17747$auto$blifparse.cc:535:parse_blif$17895.genblk1.genblk1.genblk1.genblk1.genblk1.genblk1.genblk1.genblk1.genblk1.genblk1.lut1.genblk1.genblk1.genblk1.genblk1.genblk1.genblk1.genblk1.genblk1.genblk1.lut0 (6 -> 3)
  Optimizing lut $abc$17747$auto$blifparse.cc:535:parse_blif$17896.genblk1.genblk1.genblk1.genblk1.genblk1.genblk1.genblk1.genblk1.genblk1.genblk1.lut1.genblk1.genblk1.genblk1.genblk1.genblk1.genblk1.genblk1.genblk1.genblk1.lut0 (6 -> 3)
  Optimizing lut $abc$17747$auto$blifparse.cc:535:parse_blif$17897.genblk1.genblk1.genblk1.genblk1.genblk1.genblk1.genblk1.genblk1.genblk1.genblk1.lut0.genblk1.genblk1.genblk1.genblk1.genblk1.genblk1.genblk1.genblk1.genblk1.lut1 (6 -> 1)
  Optimizing lut $abc$17747$auto$blifparse.cc:535:parse_blif$17902.genblk1.genblk1.genblk1.genblk1.genblk1.genblk1.genblk1.genblk1.genblk1.genblk1.lut0.genblk1.genblk1.genblk1.genblk1.genblk1.genblk1.genblk1.genblk1.genblk1.lut1 (6 -> 0)
  Optimizing lut $abc$17747$auto$blifparse.cc:535:parse_blif$17903.genblk1.genblk1.genblk1.genblk1.genblk1.genblk1.genblk1.genblk1.genblk1.genblk1.lut0.genblk1.genblk1.genblk1.genblk1.genblk1.genblk1.genblk1.genblk1.genblk1.lut1 (6 -> 3)
  Optimizing lut $abc$17747$auto$blifparse.cc:535:parse_blif$17904.genblk1.genblk1.genblk1.genblk1.genblk1.genblk1.genblk1.genblk1.genblk1.genblk1.lut0.genblk1.genblk1.genblk1.genblk1.genblk1.genblk1.genblk1.genblk1.genblk1.lut1 (6 -> 3)
  Optimizing lut $abc$17747$auto$blifparse.cc:535:parse_blif$17907.genblk1.genblk1.genblk1.genblk1.genblk1.genblk1.genblk1.genblk1.genblk1.genblk1.lut1.genblk1.genblk1.genblk1.genblk1.genblk1.genblk1.genblk1.genblk1.genblk1.lut1 (6 -> 1)
  Optimizing lut $abc$17747$auto$blifparse.cc:535:parse_blif$17907.genblk1.genblk1.genblk1.genblk1.genblk1.genblk1.genblk1.genblk1.genblk1.genblk1.lut0.genblk1.genblk1.genblk1.genblk1.genblk1.genblk1.genblk1.genblk1.genblk1.lut1 (6 -> 3)
  Optimizing lut $abc$17747$auto$blifparse.cc:535:parse_blif$17909.genblk1.genblk1.genblk1.genblk1.genblk1.genblk1.genblk1.genblk1.genblk1.genblk1.lut1.genblk1.genblk1.genblk1.genblk1.genblk1.genblk1.genblk1.genblk1.genblk1.lut1 (6 -> 1)
  Optimizing lut $abc$17747$auto$blifparse.cc:535:parse_blif$17909.genblk1.genblk1.genblk1.genblk1.genblk1.genblk1.genblk1.genblk1.genblk1.genblk1.lut0.genblk1.genblk1.genblk1.genblk1.genblk1.genblk1.genblk1.genblk1.genblk1.lut1 (6 -> 3)
  Optimizing lut $abc$17747$auto$blifparse.cc:535:parse_blif$17910.genblk1.genblk1.genblk1.genblk1.genblk1.genblk1.genblk1.genblk1.genblk1.genblk1.lut0.genblk1.genblk1.genblk1.genblk1.genblk1.genblk1.genblk1.genblk1.genblk1.lut1 (6 -> 3)
  Optimizing lut $abc$17747$auto$blifparse.cc:535:parse_blif$17913.genblk1.genblk1.genblk1.genblk1.genblk1.genblk1.genblk1.genblk1.genblk1.lut1 (6 -> 0)
  Optimizing lut $abc$17747$auto$blifparse.cc:535:parse_blif$18632.genblk1.genblk1.genblk1.genblk1.genblk1.genblk1.genblk1.genblk1.genblk1.genblk1.lut1.genblk1.genblk1.genblk1.genblk1.genblk1.genblk1.genblk1.genblk1.genblk1.lut0 (6 -> 4)
  Optimizing lut $abc$17747$auto$blifparse.cc:535:parse_blif$17750.genblk1.genblk1.genblk1.genblk1.genblk1.genblk1.genblk1.genblk1.genblk1.genblk1.lut1.genblk1.genblk1.genblk1.genblk1.genblk1.genblk1.genblk1.genblk1.genblk1.lut1 (6 -> 0)
  Optimizing lut $abc$17747$auto$blifparse.cc:535:parse_blif$17919.genblk1.genblk1.genblk1.genblk1.genblk1.genblk1.genblk1.genblk1.genblk1.lut1 (6 -> 5)
  Optimizing lut $abc$17747$auto$blifparse.cc:535:parse_blif$17924.genblk1.genblk1.genblk1.genblk1.genblk1.genblk1.genblk1.genblk1.genblk1.genblk1.lut1.genblk1.genblk1.genblk1.genblk1.genblk1.genblk1.genblk1.genblk1.genblk1.lut1 (6 -> 4)
  Optimizing lut $abc$17747$auto$blifparse.cc:535:parse_blif$17924.genblk1.genblk1.genblk1.genblk1.genblk1.genblk1.genblk1.genblk1.genblk1.genblk1.lut0.genblk1.genblk1.genblk1.genblk1.genblk1.genblk1.genblk1.genblk1.genblk1.lut1 (6 -> 0)
  Optimizing lut $abc$17747$auto$blifparse.cc:535:parse_blif$17925.genblk1.genblk1.genblk1.genblk1.genblk1.genblk1.genblk1.genblk1.genblk1.genblk1.lut0.genblk1.genblk1.genblk1.genblk1.genblk1.genblk1.genblk1.genblk1.genblk1.lut1 (6 -> 3)
  Optimizing lut $abc$17747$auto$blifparse.cc:535:parse_blif$17926.genblk1.genblk1.genblk1.genblk1.genblk1.genblk1.genblk1.genblk1.genblk1.genblk1.lut0.genblk1.genblk1.genblk1.genblk1.genblk1.genblk1.genblk1.genblk1.genblk1.lut1 (6 -> 3)
  Optimizing lut $abc$17747$auto$blifparse.cc:535:parse_blif$17927.genblk1.genblk1.genblk1.genblk1.genblk1.genblk1.genblk1.genblk1.genblk1.genblk1.lut0.genblk1.genblk1.genblk1.genblk1.genblk1.genblk1.genblk1.genblk1.genblk1.lut1 (6 -> 3)
  Optimizing lut $abc$17747$auto$blifparse.cc:535:parse_blif$17931.genblk1.genblk1.genblk1.genblk1.genblk1.genblk1.genblk1.genblk1.genblk1.genblk1.lut1.genblk1.genblk1.genblk1.genblk1.genblk1.genblk1.genblk1.genblk1.genblk1.lut0 (6 -> 3)
  Optimizing lut $abc$17747$auto$blifparse.cc:535:parse_blif$17930.genblk1.genblk1.genblk1.genblk1.genblk1.genblk1.genblk1.genblk1.genblk1.genblk1.lut0.genblk1.genblk1.genblk1.genblk1.genblk1.genblk1.genblk1.genblk1.genblk1.lut1 (6 -> 3)
  Optimizing lut $abc$17747$auto$blifparse.cc:535:parse_blif$17931.genblk1.genblk1.genblk1.genblk1.genblk1.genblk1.genblk1.genblk1.genblk1.genblk1.lut0.genblk1.genblk1.genblk1.genblk1.genblk1.genblk1.genblk1.genblk1.genblk1.lut1 (6 -> 3)
  Optimizing lut $abc$17747$auto$blifparse.cc:535:parse_blif$17932.genblk1.genblk1.genblk1.genblk1.genblk1.genblk1.genblk1.genblk1.genblk1.genblk1.lut0.genblk1.genblk1.genblk1.genblk1.genblk1.genblk1.genblk1.genblk1.genblk1.lut1 (6 -> 3)
  Optimizing lut $abc$17747$auto$blifparse.cc:535:parse_blif$17933.genblk1.genblk1.genblk1.genblk1.genblk1.genblk1.genblk1.genblk1.genblk1.genblk1.lut0.genblk1.genblk1.genblk1.genblk1.genblk1.genblk1.genblk1.genblk1.genblk1.lut1 (6 -> 3)
  Optimizing lut $abc$17747$auto$blifparse.cc:535:parse_blif$17934.genblk1.genblk1.genblk1.genblk1.genblk1.genblk1.genblk1.genblk1.genblk1.lut1 (6 -> 3)
  Optimizing lut $abc$17747$auto$blifparse.cc:535:parse_blif$17936.genblk1.genblk1.genblk1.genblk1.genblk1.genblk1.genblk1.genblk1.genblk1.genblk1.lut0.genblk1.genblk1.genblk1.genblk1.genblk1.genblk1.genblk1.genblk1.genblk1.lut1 (6 -> 0)
  Optimizing lut $abc$17747$auto$blifparse.cc:535:parse_blif$17937.genblk1.genblk1.genblk1.genblk1.genblk1.genblk1.genblk1.genblk1.genblk1.genblk1.lut0.genblk1.genblk1.genblk1.genblk1.genblk1.genblk1.genblk1.genblk1.genblk1.lut1 (6 -> 0)
  Optimizing lut $abc$17747$auto$blifparse.cc:535:parse_blif$17940.genblk1.genblk1.genblk1.genblk1.genblk1.genblk1.genblk1.genblk1.genblk1.genblk1.lut0.genblk1.genblk1.genblk1.genblk1.genblk1.genblk1.genblk1.genblk1.genblk1.lut1 (6 -> 0)
  Optimizing lut $abc$17747$auto$blifparse.cc:535:parse_blif$17950.genblk1.genblk1.genblk1.genblk1.genblk1.genblk1.genblk1.genblk1.genblk1.lut0 (6 -> 0)
  Optimizing lut $abc$17747$auto$blifparse.cc:535:parse_blif$17944.genblk1.genblk1.genblk1.genblk1.genblk1.genblk1.genblk1.genblk1.genblk1.lut1 (6 -> 5)
  Optimizing lut $abc$17747$auto$blifparse.cc:535:parse_blif$17947.genblk1.genblk1.genblk1.genblk1.genblk1.genblk1.genblk1.genblk1.genblk1.genblk1.lut1.genblk1.genblk1.genblk1.genblk1.genblk1.genblk1.genblk1.genblk1.genblk1.lut1 (6 -> 1)
  Optimizing lut $abc$17747$auto$blifparse.cc:535:parse_blif$17947.genblk1.genblk1.genblk1.genblk1.genblk1.genblk1.genblk1.genblk1.genblk1.genblk1.lut0.genblk1.genblk1.genblk1.genblk1.genblk1.genblk1.genblk1.genblk1.genblk1.lut1 (6 -> 3)
  Optimizing lut $abc$17747$auto$blifparse.cc:535:parse_blif$17948.genblk1.genblk1.genblk1.genblk1.genblk1.genblk1.genblk1.genblk1.genblk1.genblk1.lut0.genblk1.genblk1.genblk1.genblk1.genblk1.genblk1.genblk1.genblk1.genblk1.lut1 (6 -> 3)
  Optimizing lut $abc$17747$auto$blifparse.cc:535:parse_blif$17949.genblk1.genblk1.genblk1.genblk1.genblk1.genblk1.genblk1.genblk1.genblk1.genblk1.lut0.genblk1.genblk1.genblk1.genblk1.genblk1.genblk1.genblk1.genblk1.genblk1.lut1 (6 -> 3)
  Optimizing lut $abc$17747$auto$blifparse.cc:535:parse_blif$17955.genblk1.genblk1.genblk1.genblk1.genblk1.genblk1.genblk1.genblk1.genblk1.lut1 (6 -> 4)
  Optimizing lut $abc$17747$auto$blifparse.cc:535:parse_blif$17947.genblk1.genblk1.genblk1.genblk1.genblk1.genblk1.genblk1.genblk1.genblk1.genblk1.lut1.genblk1.genblk1.genblk1.genblk1.genblk1.genblk1.genblk1.genblk1.genblk1.lut0 (6 -> 3)
  Optimizing lut $abc$17747$auto$blifparse.cc:535:parse_blif$17966.genblk1.genblk1.genblk1.genblk1.genblk1.genblk1.genblk1.genblk1.genblk1.genblk1.lut0.genblk1.genblk1.genblk1.genblk1.genblk1.genblk1.genblk1.genblk1.genblk1.lut1 (6 -> 1)
  Optimizing lut $abc$17747$auto$blifparse.cc:535:parse_blif$18704.genblk1.genblk1.genblk1.genblk1.genblk1.genblk1.genblk1.genblk1.genblk1.genblk1.lut0.genblk1.genblk1.genblk1.genblk1.genblk1.genblk1.genblk1.genblk1.genblk1.lut1 (6 -> 0)
  Optimizing lut $abc$17747$auto$blifparse.cc:535:parse_blif$17972.genblk1.genblk1.genblk1.genblk1.genblk1.genblk1.genblk1.genblk1.genblk1.genblk1.lut0.genblk1.genblk1.genblk1.genblk1.genblk1.genblk1.genblk1.genblk1.genblk1.lut1 (6 -> 3)
  Optimizing lut $abc$17747$auto$blifparse.cc:535:parse_blif$17973.genblk1.genblk1.genblk1.genblk1.genblk1.genblk1.genblk1.genblk1.genblk1.genblk1.lut0.genblk1.genblk1.genblk1.genblk1.genblk1.genblk1.genblk1.genblk1.genblk1.lut1 (6 -> 3)
  Optimizing lut $abc$17747$auto$blifparse.cc:535:parse_blif$17974.genblk1.genblk1.genblk1.genblk1.genblk1.genblk1.genblk1.genblk1.genblk1.genblk1.lut0.genblk1.genblk1.genblk1.genblk1.genblk1.genblk1.genblk1.genblk1.genblk1.lut1 (6 -> 0)
  Optimizing lut $abc$17747$auto$blifparse.cc:535:parse_blif$17976.genblk1.genblk1.genblk1.genblk1.genblk1.genblk1.genblk1.genblk1.genblk1.genblk1.lut0.genblk1.genblk1.genblk1.genblk1.genblk1.genblk1.genblk1.genblk1.genblk1.lut1 (6 -> 3)
  Optimizing lut $abc$17747$auto$blifparse.cc:535:parse_blif$17977.genblk1.genblk1.genblk1.genblk1.genblk1.genblk1.genblk1.genblk1.genblk1.genblk1.lut0.genblk1.genblk1.genblk1.genblk1.genblk1.genblk1.genblk1.genblk1.genblk1.lut1 (6 -> 3)
  Optimizing lut $abc$17747$auto$blifparse.cc:535:parse_blif$17979.genblk1.genblk1.genblk1.genblk1.genblk1.genblk1.genblk1.genblk1.genblk1.genblk1.lut0.genblk1.genblk1.genblk1.genblk1.genblk1.genblk1.genblk1.genblk1.genblk1.lut1 (6 -> 3)
  Optimizing lut $abc$17747$auto$blifparse.cc:535:parse_blif$18552.genblk1.genblk1.genblk1.genblk1.genblk1.genblk1.genblk1.genblk1.genblk1.genblk1.lut1.genblk1.genblk1.genblk1.genblk1.genblk1.genblk1.genblk1.genblk1.genblk1.lut0 (6 -> 3)
  Optimizing lut $abc$17747$auto$blifparse.cc:535:parse_blif$17927.genblk1.genblk1.genblk1.genblk1.genblk1.genblk1.genblk1.genblk1.genblk1.genblk1.lut1.genblk1.genblk1.genblk1.genblk1.genblk1.genblk1.genblk1.genblk1.genblk1.lut0 (6 -> 3)
  Optimizing lut $abc$17747$auto$blifparse.cc:535:parse_blif$18014.genblk1.genblk1.genblk1.genblk1.genblk1.genblk1.genblk1.genblk1.genblk1.lut1 (6 -> 0)
  Optimizing lut $abc$17747$auto$blifparse.cc:535:parse_blif$18020.genblk1.genblk1.genblk1.genblk1.genblk1.genblk1.genblk1.genblk1.genblk1.genblk1.lut1.genblk1.genblk1.genblk1.genblk1.genblk1.genblk1.genblk1.genblk1.genblk1.lut1 (6 -> 3)
  Optimizing lut $abc$17747$auto$blifparse.cc:535:parse_blif$18018.genblk1.genblk1.genblk1.genblk1.genblk1.genblk1.genblk1.genblk1.genblk1.genblk1.lut0.genblk1.genblk1.genblk1.genblk1.genblk1.genblk1.genblk1.genblk1.genblk1.lut1 (6 -> 0)
  Optimizing lut $abc$17747$auto$blifparse.cc:535:parse_blif$17770.genblk1.genblk1.genblk1.genblk1.genblk1.genblk1.genblk1.genblk1.genblk1.lut0 (6 -> 0)
  Optimizing lut $abc$17747$auto$blifparse.cc:535:parse_blif$18020.genblk1.genblk1.genblk1.genblk1.genblk1.genblk1.genblk1.genblk1.genblk1.genblk1.lut0.genblk1.genblk1.genblk1.genblk1.genblk1.genblk1.genblk1.genblk1.genblk1.lut1 (6 -> 0)
  Optimizing lut $abc$17747$auto$blifparse.cc:535:parse_blif$18026.genblk1.genblk1.genblk1.genblk1.genblk1.genblk1.genblk1.genblk1.genblk1.lut0 (6 -> 0)
  Optimizing lut $abc$17747$auto$blifparse.cc:535:parse_blif$18024.genblk1.genblk1.genblk1.genblk1.genblk1.genblk1.genblk1.genblk1.genblk1.lut1 (6 -> 0)
  Optimizing lut $abc$17747$auto$blifparse.cc:535:parse_blif$18030.genblk1.genblk1.genblk1.genblk1.genblk1.genblk1.genblk1.genblk1.genblk1.genblk1.lut1.genblk1.genblk1.genblk1.genblk1.genblk1.genblk1.genblk1.genblk1.genblk1.lut1 (6 -> 3)
  Optimizing lut $abc$17747$auto$blifparse.cc:535:parse_blif$17949.genblk1.genblk1.genblk1.genblk1.genblk1.genblk1.genblk1.genblk1.genblk1.genblk1.lut1.genblk1.genblk1.genblk1.genblk1.genblk1.genblk1.genblk1.genblk1.genblk1.lut1 (6 -> 1)
  Optimizing lut $abc$17747$auto$blifparse.cc:535:parse_blif$18028.genblk1.genblk1.genblk1.genblk1.genblk1.genblk1.genblk1.genblk1.genblk1.genblk1.lut0.genblk1.genblk1.genblk1.genblk1.genblk1.genblk1.genblk1.genblk1.genblk1.lut1 (6 -> 0)
  Optimizing lut $abc$17747$auto$blifparse.cc:535:parse_blif$18030.genblk1.genblk1.genblk1.genblk1.genblk1.genblk1.genblk1.genblk1.genblk1.genblk1.lut1.genblk1.genblk1.genblk1.genblk1.genblk1.genblk1.genblk1.genblk1.genblk1.lut0 (6 -> 5)
  Optimizing lut $abc$17747$auto$blifparse.cc:535:parse_blif$18030.genblk1.genblk1.genblk1.genblk1.genblk1.genblk1.genblk1.genblk1.genblk1.genblk1.lut0.genblk1.genblk1.genblk1.genblk1.genblk1.genblk1.genblk1.genblk1.genblk1.lut1 (6 -> 0)
  Optimizing lut $abc$17747$auto$blifparse.cc:535:parse_blif$18018.genblk1.genblk1.genblk1.genblk1.genblk1.genblk1.genblk1.genblk1.genblk1.genblk1.lut1.genblk1.genblk1.genblk1.genblk1.genblk1.genblk1.genblk1.genblk1.genblk1.lut1 (6 -> 4)
  Optimizing lut $abc$17747$auto$blifparse.cc:535:parse_blif$17897.genblk1.genblk1.genblk1.genblk1.genblk1.genblk1.genblk1.genblk1.genblk1.genblk1.lut1.genblk1.genblk1.genblk1.genblk1.genblk1.genblk1.genblk1.genblk1.genblk1.lut1 (6 -> 5)
  Optimizing lut $abc$17747$auto$blifparse.cc:535:parse_blif$18076.genblk1.genblk1.genblk1.genblk1.genblk1.genblk1.genblk1.genblk1.genblk1.genblk1.lut0.genblk1.genblk1.genblk1.genblk1.genblk1.genblk1.genblk1.genblk1.genblk1.lut1 (6 -> 0)
  Optimizing lut $abc$17747$auto$blifparse.cc:535:parse_blif$17981.genblk1.genblk1.genblk1.genblk1.genblk1.genblk1.genblk1.genblk1.genblk1.lut0 (6 -> 0)
  Optimizing lut $abc$17747$auto$blifparse.cc:535:parse_blif$18267.genblk1.genblk1.genblk1.genblk1.genblk1.genblk1.genblk1.genblk1.genblk1.genblk1.lut1.genblk1.genblk1.genblk1.genblk1.genblk1.genblk1.genblk1.genblk1.genblk1.lut1 (6 -> 3)
  Optimizing lut $abc$17747$auto$blifparse.cc:535:parse_blif$18265.genblk1.genblk1.genblk1.genblk1.genblk1.genblk1.genblk1.genblk1.genblk1.lut0 (6 -> 1)
  Optimizing lut $abc$17747$auto$blifparse.cc:535:parse_blif$19203.genblk1.genblk1.genblk1.genblk1.genblk1.genblk1.genblk1.genblk1.genblk1.lut1 (6 -> 2)
  Optimizing lut $abc$17747$auto$blifparse.cc:535:parse_blif$18631.genblk1.genblk1.genblk1.genblk1.genblk1.genblk1.genblk1.genblk1.genblk1.genblk1.lut1.genblk1.genblk1.genblk1.genblk1.genblk1.genblk1.genblk1.genblk1.genblk1.lut0 (6 -> 3)
  Optimizing lut $abc$17747$auto$blifparse.cc:535:parse_blif$18243.genblk1.genblk1.genblk1.genblk1.genblk1.genblk1.genblk1.genblk1.genblk1.lut1 (6 -> 5)
  Optimizing lut $abc$17747$auto$blifparse.cc:535:parse_blif$18267.genblk1.genblk1.genblk1.genblk1.genblk1.genblk1.genblk1.genblk1.genblk1.genblk1.lut1.genblk1.genblk1.genblk1.genblk1.genblk1.genblk1.genblk1.genblk1.genblk1.lut0 (6 -> 5)
  Optimizing lut $abc$17747$auto$blifparse.cc:535:parse_blif$18267.genblk1.genblk1.genblk1.genblk1.genblk1.genblk1.genblk1.genblk1.genblk1.genblk1.lut0.genblk1.genblk1.genblk1.genblk1.genblk1.genblk1.genblk1.genblk1.genblk1.lut1 (6 -> 3)
  Optimizing lut $abc$17747$auto$blifparse.cc:535:parse_blif$18331.genblk1.genblk1.genblk1.genblk1.genblk1.genblk1.genblk1.genblk1.genblk1.lut1 (6 -> 5)
  Optimizing lut $abc$17747$auto$blifparse.cc:535:parse_blif$17971.genblk1.genblk1.genblk1.genblk1.genblk1.genblk1.genblk1.genblk1.genblk1.lut0 (6 -> 0)
  Optimizing lut $abc$17747$auto$blifparse.cc:535:parse_blif$17785.genblk1.genblk1.genblk1.genblk1.genblk1.genblk1.genblk1.genblk1.genblk1.lut0 (6 -> 0)
  Optimizing lut $abc$17747$auto$blifparse.cc:535:parse_blif$17840.genblk1.genblk1.genblk1.genblk1.genblk1.genblk1.genblk1.genblk1.genblk1.genblk1.lut1.genblk1.genblk1.genblk1.genblk1.genblk1.genblk1.genblk1.genblk1.genblk1.lut1 (6 -> 1)
  Optimizing lut $abc$17747$auto$blifparse.cc:535:parse_blif$18676.genblk1.genblk1.genblk1.genblk1.genblk1.genblk1.genblk1.genblk1.genblk1.genblk1.lut1.genblk1.genblk1.genblk1.genblk1.genblk1.genblk1.genblk1.genblk1.genblk1.lut0 (6 -> 3)
  Optimizing lut $abc$17747$auto$blifparse.cc:535:parse_blif$18488.genblk1.genblk1.genblk1.genblk1.genblk1.genblk1.genblk1.genblk1.genblk1.genblk1.lut0.genblk1.genblk1.genblk1.genblk1.genblk1.genblk1.genblk1.genblk1.genblk1.lut0 (6 -> 0)
  Optimizing lut $abc$17747$auto$blifparse.cc:535:parse_blif$17940.genblk1.genblk1.genblk1.genblk1.genblk1.genblk1.genblk1.genblk1.genblk1.genblk1.lut1.genblk1.genblk1.genblk1.genblk1.genblk1.genblk1.genblk1.genblk1.genblk1.lut1 (6 -> 0)
  Optimizing lut $abc$17747$auto$blifparse.cc:535:parse_blif$18489.genblk1.genblk1.genblk1.genblk1.genblk1.genblk1.genblk1.genblk1.genblk1.genblk1.lut0.genblk1.genblk1.genblk1.genblk1.genblk1.genblk1.genblk1.genblk1.genblk1.lut1 (6 -> 0)
  Optimizing lut $abc$17747$auto$blifparse.cc:535:parse_blif$18507.genblk1.genblk1.genblk1.genblk1.genblk1.genblk1.genblk1.genblk1.genblk1.lut1 (6 -> 0)
  Optimizing lut $abc$17747$auto$blifparse.cc:535:parse_blif$18529.genblk1.genblk1.genblk1.genblk1.genblk1.genblk1.genblk1.genblk1.genblk1.genblk1.lut1.genblk1.genblk1.genblk1.genblk1.genblk1.genblk1.genblk1.genblk1.genblk1.lut1 (6 -> 0)
  Optimizing lut $abc$17747$auto$blifparse.cc:535:parse_blif$17949.genblk1.genblk1.genblk1.genblk1.genblk1.genblk1.genblk1.genblk1.genblk1.genblk1.lut1.genblk1.genblk1.genblk1.genblk1.genblk1.genblk1.genblk1.genblk1.genblk1.lut0 (6 -> 3)
  Optimizing lut $abc$17747$auto$blifparse.cc:535:parse_blif$18522.genblk1.genblk1.genblk1.genblk1.genblk1.genblk1.genblk1.genblk1.genblk1.genblk1.lut0.genblk1.genblk1.genblk1.genblk1.genblk1.genblk1.genblk1.genblk1.genblk1.lut1 (6 -> 0)
  Optimizing lut $abc$17747$auto$blifparse.cc:535:parse_blif$18522.genblk1.genblk1.genblk1.genblk1.genblk1.genblk1.genblk1.genblk1.genblk1.genblk1.lut1.genblk1.genblk1.genblk1.genblk1.genblk1.genblk1.genblk1.genblk1.genblk1.lut1 (6 -> 0)
  Optimizing lut $abc$17747$auto$blifparse.cc:535:parse_blif$18529.genblk1.genblk1.genblk1.genblk1.genblk1.genblk1.genblk1.genblk1.genblk1.genblk1.lut0.genblk1.genblk1.genblk1.genblk1.genblk1.genblk1.genblk1.genblk1.genblk1.lut1 (6 -> 0)
  Optimizing lut $abc$17747$auto$blifparse.cc:535:parse_blif$18513.genblk1.genblk1.genblk1.genblk1.genblk1.genblk1.genblk1.genblk1.genblk1.lut0 (6 -> 0)
  Optimizing lut $abc$17747$auto$blifparse.cc:535:parse_blif$18488.genblk1.genblk1.genblk1.genblk1.genblk1.genblk1.genblk1.genblk1.genblk1.genblk1.lut1.genblk1.genblk1.genblk1.genblk1.genblk1.genblk1.genblk1.genblk1.genblk1.lut1 (6 -> 4)
  Optimizing lut $abc$17747$auto$blifparse.cc:535:parse_blif$18537.genblk1.genblk1.genblk1.genblk1.genblk1.genblk1.genblk1.genblk1.genblk1.genblk1.lut0.genblk1.genblk1.genblk1.genblk1.genblk1.genblk1.genblk1.genblk1.genblk1.lut1 (6 -> 0)
  Optimizing lut $abc$17747$auto$blifparse.cc:535:parse_blif$18538.genblk1.genblk1.genblk1.genblk1.genblk1.genblk1.genblk1.genblk1.genblk1.lut1 (6 -> 5)
  Optimizing lut $abc$17747$auto$blifparse.cc:535:parse_blif$18539.genblk1.genblk1.genblk1.genblk1.genblk1.genblk1.genblk1.genblk1.genblk1.genblk1.lut0.genblk1.genblk1.genblk1.genblk1.genblk1.genblk1.genblk1.genblk1.genblk1.lut1 (6 -> 3)
  Optimizing lut $abc$17747$auto$blifparse.cc:535:parse_blif$18540.genblk1.genblk1.genblk1.genblk1.genblk1.genblk1.genblk1.genblk1.genblk1.genblk1.lut0.genblk1.genblk1.genblk1.genblk1.genblk1.genblk1.genblk1.genblk1.genblk1.lut1 (6 -> 0)
  Optimizing lut $abc$17747$auto$blifparse.cc:535:parse_blif$18544.genblk1.genblk1.genblk1.genblk1.genblk1.genblk1.genblk1.genblk1.genblk1.genblk1.lut0.genblk1.genblk1.genblk1.genblk1.genblk1.genblk1.genblk1.genblk1.genblk1.lut1 (6 -> 0)
  Optimizing lut $abc$17747$auto$blifparse.cc:535:parse_blif$18552.genblk1.genblk1.genblk1.genblk1.genblk1.genblk1.genblk1.genblk1.genblk1.genblk1.lut0.genblk1.genblk1.genblk1.genblk1.genblk1.genblk1.genblk1.genblk1.genblk1.lut1 (6 -> 0)
  Optimizing lut $abc$17747$auto$blifparse.cc:535:parse_blif$18553.genblk1.genblk1.genblk1.genblk1.genblk1.genblk1.genblk1.genblk1.genblk1.genblk1.lut0.genblk1.genblk1.genblk1.genblk1.genblk1.genblk1.genblk1.genblk1.genblk1.lut1 (6 -> 0)
  Optimizing lut $abc$17747$auto$blifparse.cc:535:parse_blif$18554.genblk1.genblk1.genblk1.genblk1.genblk1.genblk1.genblk1.genblk1.genblk1.lut1 (6 -> 5)
  Optimizing lut $abc$17747$auto$blifparse.cc:535:parse_blif$18555.genblk1.genblk1.genblk1.genblk1.genblk1.genblk1.genblk1.genblk1.genblk1.genblk1.lut0.genblk1.genblk1.genblk1.genblk1.genblk1.genblk1.genblk1.genblk1.genblk1.lut1 (6 -> 3)
  Optimizing lut $abc$17747$auto$blifparse.cc:535:parse_blif$18556.genblk1.genblk1.genblk1.genblk1.genblk1.genblk1.genblk1.genblk1.genblk1.genblk1.lut0.genblk1.genblk1.genblk1.genblk1.genblk1.genblk1.genblk1.genblk1.genblk1.lut1 (6 -> 0)
  Optimizing lut $abc$17747$auto$blifparse.cc:535:parse_blif$18556.genblk1.genblk1.genblk1.genblk1.genblk1.genblk1.genblk1.genblk1.genblk1.genblk1.lut1.genblk1.genblk1.genblk1.genblk1.genblk1.genblk1.genblk1.genblk1.genblk1.lut1 (6 -> 4)
  Optimizing lut $abc$17747$auto$blifparse.cc:535:parse_blif$18560.genblk1.genblk1.genblk1.genblk1.genblk1.genblk1.genblk1.genblk1.genblk1.lut1 (6 -> 0)
  Optimizing lut $abc$17747$auto$blifparse.cc:535:parse_blif$18567.genblk1.genblk1.genblk1.genblk1.genblk1.genblk1.genblk1.genblk1.genblk1.lut1 (6 -> 0)
  Optimizing lut $abc$17747$auto$blifparse.cc:535:parse_blif$17966.genblk1.genblk1.genblk1.genblk1.genblk1.genblk1.genblk1.genblk1.genblk1.genblk1.lut1.genblk1.genblk1.genblk1.genblk1.genblk1.genblk1.genblk1.genblk1.genblk1.lut1 (6 -> 5)
  Optimizing lut $abc$17747$auto$blifparse.cc:535:parse_blif$17879.genblk1.genblk1.genblk1.genblk1.genblk1.genblk1.genblk1.genblk1.genblk1.genblk1.lut1.genblk1.genblk1.genblk1.genblk1.genblk1.genblk1.genblk1.genblk1.genblk1.lut1 (6 -> 0)
  Optimizing lut $abc$17747$auto$blifparse.cc:535:parse_blif$18576.genblk1.genblk1.genblk1.genblk1.genblk1.genblk1.genblk1.genblk1.genblk1.lut1 (6 -> 0)
  Optimizing lut $abc$17747$auto$blifparse.cc:535:parse_blif$18598.genblk1.genblk1.genblk1.genblk1.genblk1.genblk1.genblk1.genblk1.genblk1.lut1 (6 -> 0)
  Optimizing lut $abc$17747$auto$blifparse.cc:535:parse_blif$18583.genblk1.genblk1.genblk1.genblk1.genblk1.genblk1.genblk1.genblk1.genblk1.lut1 (6 -> 0)
  Optimizing lut $abc$17747$auto$blifparse.cc:535:parse_blif$18590.genblk1.genblk1.genblk1.genblk1.genblk1.genblk1.genblk1.genblk1.genblk1.genblk1.lut0.genblk1.genblk1.genblk1.genblk1.genblk1.genblk1.genblk1.genblk1.genblk1.lut1 (6 -> 0)
  Optimizing lut $abc$17747$auto$blifparse.cc:535:parse_blif$18593.genblk1.genblk1.genblk1.genblk1.genblk1.genblk1.genblk1.genblk1.genblk1.genblk1.lut1.genblk1.genblk1.genblk1.genblk1.genblk1.genblk1.genblk1.genblk1.genblk1.lut1 (6 -> 3)
  Optimizing lut $abc$17747$auto$blifparse.cc:535:parse_blif$18592.genblk1.genblk1.genblk1.genblk1.genblk1.genblk1.genblk1.genblk1.genblk1.genblk1.lut0.genblk1.genblk1.genblk1.genblk1.genblk1.genblk1.genblk1.genblk1.genblk1.lut1 (6 -> 0)
  Optimizing lut $abc$17747$auto$blifparse.cc:535:parse_blif$18593.genblk1.genblk1.genblk1.genblk1.genblk1.genblk1.genblk1.genblk1.genblk1.genblk1.lut0.genblk1.genblk1.genblk1.genblk1.genblk1.genblk1.genblk1.genblk1.genblk1.lut1 (6 -> 3)
  Optimizing lut $abc$17747$auto$blifparse.cc:535:parse_blif$18594.genblk1.genblk1.genblk1.genblk1.genblk1.genblk1.genblk1.genblk1.genblk1.genblk1.lut0.genblk1.genblk1.genblk1.genblk1.genblk1.genblk1.genblk1.genblk1.genblk1.lut1 (6 -> 0)
  Optimizing lut $abc$17747$auto$blifparse.cc:535:parse_blif$18684.genblk1.genblk1.genblk1.genblk1.genblk1.genblk1.genblk1.genblk1.genblk1.genblk1.lut1.genblk1.genblk1.genblk1.genblk1.genblk1.genblk1.genblk1.genblk1.genblk1.lut0 (6 -> 3)
  Optimizing lut $abc$17747$auto$blifparse.cc:535:parse_blif$18605.genblk1.genblk1.genblk1.genblk1.genblk1.genblk1.genblk1.genblk1.genblk1.lut1 (6 -> 0)
  Optimizing lut $abc$17747$auto$blifparse.cc:535:parse_blif$18613.genblk1.genblk1.genblk1.genblk1.genblk1.genblk1.genblk1.genblk1.genblk1.genblk1.lut0.genblk1.genblk1.genblk1.genblk1.genblk1.genblk1.genblk1.genblk1.genblk1.lut1 (6 -> 0)
  Optimizing lut $abc$17747$auto$blifparse.cc:535:parse_blif$18615.genblk1.genblk1.genblk1.genblk1.genblk1.genblk1.genblk1.genblk1.genblk1.genblk1.lut0.genblk1.genblk1.genblk1.genblk1.genblk1.genblk1.genblk1.genblk1.genblk1.lut1 (6 -> 0)
  Optimizing lut $abc$17747$auto$blifparse.cc:535:parse_blif$18616.genblk1.genblk1.genblk1.genblk1.genblk1.genblk1.genblk1.genblk1.genblk1.genblk1.lut0.genblk1.genblk1.genblk1.genblk1.genblk1.genblk1.genblk1.genblk1.genblk1.lut1 (6 -> 3)
  Optimizing lut $abc$17747$auto$blifparse.cc:535:parse_blif$18617.genblk1.genblk1.genblk1.genblk1.genblk1.genblk1.genblk1.genblk1.genblk1.genblk1.lut0.genblk1.genblk1.genblk1.genblk1.genblk1.genblk1.genblk1.genblk1.genblk1.lut1 (6 -> 0)
  Optimizing lut $abc$17747$auto$blifparse.cc:535:parse_blif$18621.genblk1.genblk1.genblk1.genblk1.genblk1.genblk1.genblk1.genblk1.genblk1.lut1 (6 -> 0)
  Optimizing lut $abc$17747$auto$blifparse.cc:535:parse_blif$17977.genblk1.genblk1.genblk1.genblk1.genblk1.genblk1.genblk1.genblk1.genblk1.genblk1.lut1.genblk1.genblk1.genblk1.genblk1.genblk1.genblk1.genblk1.genblk1.genblk1.lut0 (6 -> 3)
  Optimizing lut $abc$17747$auto$blifparse.cc:535:parse_blif$18628.genblk1.genblk1.genblk1.genblk1.genblk1.genblk1.genblk1.genblk1.genblk1.genblk1.lut0.genblk1.genblk1.genblk1.genblk1.genblk1.genblk1.genblk1.genblk1.genblk1.lut1 (6 -> 0)
  Optimizing lut $abc$17747$auto$blifparse.cc:535:parse_blif$18630.genblk1.genblk1.genblk1.genblk1.genblk1.genblk1.genblk1.genblk1.genblk1.genblk1.lut0.genblk1.genblk1.genblk1.genblk1.genblk1.genblk1.genblk1.genblk1.genblk1.lut1 (6 -> 0)
  Optimizing lut $abc$17747$auto$blifparse.cc:535:parse_blif$18631.genblk1.genblk1.genblk1.genblk1.genblk1.genblk1.genblk1.genblk1.genblk1.genblk1.lut0.genblk1.genblk1.genblk1.genblk1.genblk1.genblk1.genblk1.genblk1.genblk1.lut1 (6 -> 3)
  Optimizing lut $abc$17747$auto$blifparse.cc:535:parse_blif$18632.genblk1.genblk1.genblk1.genblk1.genblk1.genblk1.genblk1.genblk1.genblk1.genblk1.lut0.genblk1.genblk1.genblk1.genblk1.genblk1.genblk1.genblk1.genblk1.genblk1.lut1 (6 -> 0)
  Optimizing lut $abc$17747$auto$blifparse.cc:535:parse_blif$18590.genblk1.genblk1.genblk1.genblk1.genblk1.genblk1.genblk1.genblk1.genblk1.genblk1.lut0.genblk1.genblk1.genblk1.genblk1.genblk1.genblk1.genblk1.genblk1.genblk1.lut0 (6 -> 0)
  Optimizing lut $abc$17747$auto$blifparse.cc:535:parse_blif$18645.genblk1.genblk1.genblk1.genblk1.genblk1.genblk1.genblk1.genblk1.genblk1.lut1 (6 -> 0)
  Optimizing lut $abc$17747$auto$blifparse.cc:535:parse_blif$18590.genblk1.genblk1.genblk1.genblk1.genblk1.genblk1.genblk1.genblk1.genblk1.genblk1.lut1.genblk1.genblk1.genblk1.genblk1.genblk1.genblk1.genblk1.genblk1.genblk1.lut0 (6 -> 3)
  Optimizing lut $abc$17747$auto$blifparse.cc:535:parse_blif$18653.genblk1.genblk1.genblk1.genblk1.genblk1.genblk1.genblk1.genblk1.genblk1.lut1 (6 -> 0)
  Optimizing lut $abc$17747$auto$blifparse.cc:535:parse_blif$17895.genblk1.genblk1.genblk1.genblk1.genblk1.genblk1.genblk1.genblk1.genblk1.genblk1.lut1.genblk1.genblk1.genblk1.genblk1.genblk1.genblk1.genblk1.genblk1.genblk1.lut1 (6 -> 1)
  Optimizing lut $abc$17747$auto$blifparse.cc:535:parse_blif$18661.genblk1.genblk1.genblk1.genblk1.genblk1.genblk1.genblk1.genblk1.genblk1.lut1 (6 -> 0)
  Optimizing lut $abc$17747$auto$blifparse.cc:535:parse_blif$18713.genblk1.genblk1.genblk1.genblk1.genblk1.genblk1.genblk1.genblk1.genblk1.genblk1.lut1.genblk1.genblk1.genblk1.genblk1.genblk1.genblk1.genblk1.genblk1.genblk1.lut1 (6 -> 4)
  Optimizing lut $abc$17747$auto$blifparse.cc:535:parse_blif$18668.genblk1.genblk1.genblk1.genblk1.genblk1.genblk1.genblk1.genblk1.genblk1.lut1 (6 -> 0)
  Optimizing lut $abc$17747$auto$blifparse.cc:535:parse_blif$18676.genblk1.genblk1.genblk1.genblk1.genblk1.genblk1.genblk1.genblk1.genblk1.genblk1.lut0.genblk1.genblk1.genblk1.genblk1.genblk1.genblk1.genblk1.genblk1.genblk1.lut1 (6 -> 0)
  Optimizing lut $abc$17747$auto$blifparse.cc:535:parse_blif$18678.genblk1.genblk1.genblk1.genblk1.genblk1.genblk1.genblk1.genblk1.genblk1.genblk1.lut0.genblk1.genblk1.genblk1.genblk1.genblk1.genblk1.genblk1.genblk1.genblk1.lut1 (6 -> 0)
  Optimizing lut $abc$17747$auto$blifparse.cc:535:parse_blif$18679.genblk1.genblk1.genblk1.genblk1.genblk1.genblk1.genblk1.genblk1.genblk1.genblk1.lut0.genblk1.genblk1.genblk1.genblk1.genblk1.genblk1.genblk1.genblk1.genblk1.lut1 (6 -> 3)
  Optimizing lut $abc$17747$auto$blifparse.cc:535:parse_blif$18680.genblk1.genblk1.genblk1.genblk1.genblk1.genblk1.genblk1.genblk1.genblk1.genblk1.lut0.genblk1.genblk1.genblk1.genblk1.genblk1.genblk1.genblk1.genblk1.genblk1.lut1 (6 -> 0)
  Optimizing lut $abc$17747$auto$blifparse.cc:535:parse_blif$18680.genblk1.genblk1.genblk1.genblk1.genblk1.genblk1.genblk1.genblk1.genblk1.genblk1.lut1.genblk1.genblk1.genblk1.genblk1.genblk1.genblk1.genblk1.genblk1.genblk1.lut1 (6 -> 4)
  Optimizing lut $abc$17747$auto$blifparse.cc:535:parse_blif$18684.genblk1.genblk1.genblk1.genblk1.genblk1.genblk1.genblk1.genblk1.genblk1.genblk1.lut0.genblk1.genblk1.genblk1.genblk1.genblk1.genblk1.genblk1.genblk1.genblk1.lut1 (6 -> 0)
  Optimizing lut $abc$17747$auto$blifparse.cc:535:parse_blif$18686.genblk1.genblk1.genblk1.genblk1.genblk1.genblk1.genblk1.genblk1.genblk1.genblk1.lut0.genblk1.genblk1.genblk1.genblk1.genblk1.genblk1.genblk1.genblk1.genblk1.lut1 (6 -> 0)
  Optimizing lut $abc$17747$auto$blifparse.cc:535:parse_blif$18687.genblk1.genblk1.genblk1.genblk1.genblk1.genblk1.genblk1.genblk1.genblk1.genblk1.lut0.genblk1.genblk1.genblk1.genblk1.genblk1.genblk1.genblk1.genblk1.genblk1.lut1 (6 -> 3)
  Optimizing lut $abc$17747$auto$blifparse.cc:535:parse_blif$18688.genblk1.genblk1.genblk1.genblk1.genblk1.genblk1.genblk1.genblk1.genblk1.genblk1.lut0.genblk1.genblk1.genblk1.genblk1.genblk1.genblk1.genblk1.genblk1.genblk1.lut1 (6 -> 0)
  Optimizing lut $abc$17747$auto$blifparse.cc:535:parse_blif$18688.genblk1.genblk1.genblk1.genblk1.genblk1.genblk1.genblk1.genblk1.genblk1.genblk1.lut1.genblk1.genblk1.genblk1.genblk1.genblk1.genblk1.genblk1.genblk1.genblk1.lut1 (6 -> 4)
  Optimizing lut $abc$17747$auto$blifparse.cc:535:parse_blif$18536.genblk1.genblk1.genblk1.genblk1.genblk1.genblk1.genblk1.genblk1.genblk1.genblk1.lut0.genblk1.genblk1.genblk1.genblk1.genblk1.genblk1.genblk1.genblk1.genblk1.lut1 (6 -> 0)
  Optimizing lut $abc$17747$auto$blifparse.cc:535:parse_blif$18692.genblk1.genblk1.genblk1.genblk1.genblk1.genblk1.genblk1.genblk1.genblk1.lut1 (6 -> 0)
  Optimizing lut $abc$17747$auto$blifparse.cc:535:parse_blif$18700.genblk1.genblk1.genblk1.genblk1.genblk1.genblk1.genblk1.genblk1.genblk1.genblk1.lut0.genblk1.genblk1.genblk1.genblk1.genblk1.genblk1.genblk1.genblk1.genblk1.lut1 (6 -> 0)
  Optimizing lut $abc$17747$auto$blifparse.cc:535:parse_blif$18702.genblk1.genblk1.genblk1.genblk1.genblk1.genblk1.genblk1.genblk1.genblk1.genblk1.lut0.genblk1.genblk1.genblk1.genblk1.genblk1.genblk1.genblk1.genblk1.genblk1.lut1 (6 -> 0)
  Optimizing lut $abc$17747$auto$blifparse.cc:535:parse_blif$18703.genblk1.genblk1.genblk1.genblk1.genblk1.genblk1.genblk1.genblk1.genblk1.genblk1.lut0.genblk1.genblk1.genblk1.genblk1.genblk1.genblk1.genblk1.genblk1.genblk1.lut1 (6 -> 3)
  Optimizing lut $abc$17747$auto$blifparse.cc:535:parse_blif$17978.genblk1.genblk1.genblk1.genblk1.genblk1.genblk1.genblk1.genblk1.genblk1.genblk1.lut0.genblk1.genblk1.genblk1.genblk1.genblk1.genblk1.genblk1.genblk1.genblk1.lut1 (6 -> 3)
  Optimizing lut $abc$17747$auto$blifparse.cc:535:parse_blif$18709.genblk1.genblk1.genblk1.genblk1.genblk1.genblk1.genblk1.genblk1.genblk1.genblk1.lut0.genblk1.genblk1.genblk1.genblk1.genblk1.genblk1.genblk1.genblk1.genblk1.lut0 (6 -> 0)
  Optimizing lut $abc$17747$auto$blifparse.cc:535:parse_blif$18709.genblk1.genblk1.genblk1.genblk1.genblk1.genblk1.genblk1.genblk1.genblk1.genblk1.lut0.genblk1.genblk1.genblk1.genblk1.genblk1.genblk1.genblk1.genblk1.genblk1.lut1 (6 -> 0)
  Optimizing lut $abc$17747$auto$blifparse.cc:535:parse_blif$18711.genblk1.genblk1.genblk1.genblk1.genblk1.genblk1.genblk1.genblk1.genblk1.genblk1.lut1.genblk1.genblk1.genblk1.genblk1.genblk1.genblk1.genblk1.genblk1.genblk1.lut0 (6 -> 0)
  Optimizing lut $abc$17747$auto$blifparse.cc:535:parse_blif$18713.genblk1.genblk1.genblk1.genblk1.genblk1.genblk1.genblk1.genblk1.genblk1.genblk1.lut0.genblk1.genblk1.genblk1.genblk1.genblk1.genblk1.genblk1.genblk1.genblk1.lut1 (6 -> 0)
  Optimizing lut $abc$17747$auto$blifparse.cc:535:parse_blif$18718.genblk1.genblk1.genblk1.genblk1.genblk1.genblk1.genblk1.genblk1.genblk1.lut1 (6 -> 0)
  Optimizing lut $abc$17747$auto$blifparse.cc:535:parse_blif$17897.genblk1.genblk1.genblk1.genblk1.genblk1.genblk1.genblk1.genblk1.genblk1.genblk1.lut1.genblk1.genblk1.genblk1.genblk1.genblk1.genblk1.genblk1.genblk1.genblk1.lut0 (6 -> 2)
  Optimizing lut $abc$17747$auto$blifparse.cc:535:parse_blif$18725.genblk1.genblk1.genblk1.genblk1.genblk1.genblk1.genblk1.genblk1.genblk1.lut1 (6 -> 0)
  Optimizing lut $abc$17747$auto$blifparse.cc:535:parse_blif$19172.genblk1.genblk1.genblk1.genblk1.genblk1.genblk1.genblk1.genblk1.genblk1.lut0 (6 -> 5)
  Optimizing lut $abc$17747$auto$blifparse.cc:535:parse_blif$18732.genblk1.genblk1.genblk1.genblk1.genblk1.genblk1.genblk1.genblk1.genblk1.lut1 (6 -> 0)
  Optimizing lut $abc$17747$auto$blifparse.cc:535:parse_blif$18739.genblk1.genblk1.genblk1.genblk1.genblk1.genblk1.genblk1.genblk1.genblk1.lut1 (6 -> 0)
  Optimizing lut $abc$17747$auto$blifparse.cc:535:parse_blif$18544.genblk1.genblk1.genblk1.genblk1.genblk1.genblk1.genblk1.genblk1.genblk1.genblk1.lut1.genblk1.genblk1.genblk1.genblk1.genblk1.genblk1.genblk1.genblk1.genblk1.lut1 (6 -> 0)
  Optimizing lut $abc$17747$auto$blifparse.cc:535:parse_blif$18631.genblk1.genblk1.genblk1.genblk1.genblk1.genblk1.genblk1.genblk1.genblk1.genblk1.lut1.genblk1.genblk1.genblk1.genblk1.genblk1.genblk1.genblk1.genblk1.genblk1.lut1 (6 -> 3)
  Optimizing lut $abc$17747$auto$blifparse.cc:535:parse_blif$18230.genblk1.genblk1.genblk1.genblk1.genblk1.genblk1.genblk1.genblk1.genblk1.lut0 (6 -> 0)
  Optimizing lut $abc$17747$auto$blifparse.cc:535:parse_blif$18088.genblk1.genblk1.genblk1.genblk1.genblk1.genblk1.genblk1.genblk1.genblk1.genblk1.lut1.genblk1.genblk1.genblk1.genblk1.genblk1.genblk1.genblk1.genblk1.genblk1.lut1 (6 -> 0)
  Optimizing lut $abc$17747$auto$blifparse.cc:535:parse_blif$18088.genblk1.genblk1.genblk1.genblk1.genblk1.genblk1.genblk1.genblk1.genblk1.genblk1.lut1.genblk1.genblk1.genblk1.genblk1.genblk1.genblk1.genblk1.genblk1.genblk1.lut0 (6 -> 0)
  Optimizing lut $abc$17747$auto$blifparse.cc:535:parse_blif$18632.genblk1.genblk1.genblk1.genblk1.genblk1.genblk1.genblk1.genblk1.genblk1.genblk1.lut1.genblk1.genblk1.genblk1.genblk1.genblk1.genblk1.genblk1.genblk1.genblk1.lut1 (6 -> 4)
  Optimizing lut $abc$17747$auto$blifparse.cc:535:parse_blif$19172.genblk1.genblk1.genblk1.genblk1.genblk1.genblk1.genblk1.genblk1.genblk1.lut1 (6 -> 2)
  Optimizing lut $abc$17747$auto$blifparse.cc:535:parse_blif$19177.genblk1.genblk1.genblk1.genblk1.genblk1.genblk1.genblk1.genblk1.genblk1.lut1 (6 -> 2)
  Optimizing lut $abc$17747$auto$blifparse.cc:535:parse_blif$19182.genblk1.genblk1.genblk1.genblk1.genblk1.genblk1.genblk1.genblk1.genblk1.lut1 (6 -> 2)
  Optimizing lut $abc$17747$auto$blifparse.cc:535:parse_blif$19193.genblk1.genblk1.genblk1.genblk1.genblk1.genblk1.genblk1.genblk1.genblk1.lut1 (6 -> 2)
  Optimizing lut $abc$17747$auto$blifparse.cc:535:parse_blif$18628.genblk1.genblk1.genblk1.genblk1.genblk1.genblk1.genblk1.genblk1.genblk1.genblk1.lut1.genblk1.genblk1.genblk1.genblk1.genblk1.genblk1.genblk1.genblk1.genblk1.lut0 (6 -> 3)
  Optimizing lut $abc$17747$auto$blifparse.cc:535:parse_blif$19201.genblk1.genblk1.genblk1.genblk1.genblk1.genblk1.genblk1.genblk1.genblk1.lut1 (6 -> 2)
  Optimizing lut $abc$17747$auto$blifparse.cc:535:parse_blif$19177.genblk1.genblk1.genblk1.genblk1.genblk1.genblk1.genblk1.genblk1.genblk1.lut0 (6 -> 5)
  Optimizing lut $abc$17747$auto$blifparse.cc:535:parse_blif$17972.genblk1.genblk1.genblk1.genblk1.genblk1.genblk1.genblk1.genblk1.genblk1.genblk1.lut1.genblk1.genblk1.genblk1.genblk1.genblk1.genblk1.genblk1.genblk1.genblk1.lut0 (6 -> 3)
  Optimizing lut $abc$17747$auto$blifparse.cc:535:parse_blif$18495.genblk1.genblk1.genblk1.genblk1.genblk1.genblk1.genblk1.genblk1.genblk1.lut0 (6 -> 0)

16.47. Executing CLKBUFMAP pass (inserting clock buffers).
Inserting BUFG on soc_single.u_core.clk[0].
Removed 17 unused cells and 10265 unused wires.

16.48. Executing HIERARCHY pass (managing design hierarchy).
Attribute `top' found on module `soc_single'. Setting top module to soc_single.

16.48.1. Analyzing design hierarchy..
Top module:  \soc_single

16.48.2. Analyzing design hierarchy..
Top module:  \soc_single
Removed 0 unused modules.

16.49. Printing statistics.

=== soc_single ===

   Number of wires:               2010
   Number of wire bits:           9060
   Number of public wires:         139
   Number of public wire bits:    2469
   Number of ports:                  8
   Number of port bits:            101
   Number of memories:               0
   Number of memory bits:            0
   Number of processes:              0
   Number of cells:               3729
     $scopeinfo                     10
     BUFG                            1
     CARRY4                         80
     DSP48E1                        15
     FDCE                          530
     FDPE                           44
     IBUF                            3
     INV                           612
     LUT1                           65
     LUT2                          366
     LUT3                          518
     LUT4                          342
     LUT5                          191
     LUT6                          440
     MUXF7                         289
     MUXF8                         111
     OBUF                           98
     RAM32M                         12
     dmem                            1
     imem                            1

   Estimated number of LCs:       1491

16.50. Executing CHECK pass (checking for obvious problems).
Checking module soc_single...
Found and reported 0 problems.

17. Printing statistics.

=== soc_single ===

   Number of wires:               2010
   Number of wire bits:           9060
   Number of public wires:         139
   Number of public wire bits:    2469
   Number of ports:                  8
   Number of port bits:            101
   Number of memories:               0
   Number of memory bits:            0
   Number of processes:              0
   Number of cells:               3729
     $scopeinfo                     10
     BUFG                            1
     CARRY4                         80
     DSP48E1                        15
     FDCE                          530
     FDPE                           44
     IBUF                            3
     INV                           612
     LUT1                           65
     LUT2                          366
     LUT3                          518
     LUT4                          342
     LUT5                          191
     LUT6                          440
     MUXF7                         289
     MUXF8                         111
     OBUF                           98
     RAM32M                         12
     dmem                            1
     imem                            1

Warnings: 2 unique messages, 2 total
End of script. Logfile hash: 8a3e045a42, CPU: user 4.50s system 0.13s, MEM: 184.49 MB peak
Yosys 0.52 (git sha1 fee39a3284c90249e1d9684cf6944ffbbcbb8f90)
Time spent: 24% 1x abc (1 sec), 22% 31x read_verilog (1 sec), ...
