
 /----------------------------------------------------------------------------\
 |  yosys -- Yosys Open SYnthesis Suite                                       |
 |  Copyright (C) 2012 - 2025  Claire Xenia Wolf <claire@yosyshq.com>         |
 |  Distributed under an ISC-like license, type "license" to see terms        |
 \----------------------------------------------------------------------------/
 Yosys 0.52 (git sha1 fee39a3284c90249e1d9684cf6944ffbbcbb8f90)

-- Executing script file `/dev/stdin' --

1. Executing Verilog-2005 frontend: rtl/core/alu.sv
Parsing SystemVerilog input from `rtl/core/alu.sv' to AST representation.
Generating RTLIL representation for module `\alu'.
Successfully finished Verilog frontend.

2. Executing Verilog-2005 frontend: rtl/core/regfile.sv
Parsing SystemVerilog input from `rtl/core/regfile.sv' to AST representation.
Generating RTLIL representation for module `\regfile'.
Successfully finished Verilog frontend.

3. Executing Verilog-2005 frontend: rtl/core/imm_gen.sv
Parsing SystemVerilog input from `rtl/core/imm_gen.sv' to AST representation.
Generating RTLIL representation for module `\imm_gen'.
Successfully finished Verilog frontend.

4. Executing Verilog-2005 frontend: rtl/core/decoder.sv
Parsing SystemVerilog input from `rtl/core/decoder.sv' to AST representation.
Generating RTLIL representation for module `\decoder'.
Successfully finished Verilog frontend.

5. Executing Verilog-2005 frontend: rtl/mem/imem.sv
Parsing SystemVerilog input from `rtl/mem/imem.sv' to AST representation.
Generating RTLIL representation for module `\imem'.
Successfully finished Verilog frontend.

6. Executing Verilog-2005 frontend: rtl/mem/dmem.sv
Parsing SystemVerilog input from `rtl/mem/dmem.sv' to AST representation.
Generating RTLIL representation for module `\dmem'.
Successfully finished Verilog frontend.

7. Executing Verilog-2005 frontend: rtl/periph/uart_tx.sv
Parsing SystemVerilog input from `rtl/periph/uart_tx.sv' to AST representation.
Generating RTLIL representation for module `\uart_tx'.
Successfully finished Verilog frontend.

8. Executing Verilog-2005 frontend: rtl/periph/uart_rx.sv
Parsing SystemVerilog input from `rtl/periph/uart_rx.sv' to AST representation.
Generating RTLIL representation for module `\uart_rx'.
Successfully finished Verilog frontend.

9. Executing Verilog-2005 frontend: rtl/periph/uart.sv
Parsing SystemVerilog input from `rtl/periph/uart.sv' to AST representation.
Generating RTLIL representation for module `\uart'.
Successfully finished Verilog frontend.

10. Executing Verilog-2005 frontend: rtl/periph/timer.sv
Parsing SystemVerilog input from `rtl/periph/timer.sv' to AST representation.
Generating RTLIL representation for module `\timer'.
Successfully finished Verilog frontend.

11. Executing Verilog-2005 frontend: rtl/custom/dotp.sv
Parsing SystemVerilog input from `rtl/custom/dotp.sv' to AST representation.
Generating RTLIL representation for module `\dotp'.
Warning: Replacing memory \b with list of registers. See rtl/custom/dotp.sv:63
Warning: Replacing memory \a with list of registers. See rtl/custom/dotp.sv:62
Successfully finished Verilog frontend.

12. Executing Verilog-2005 frontend: rtl/core/core_multi.sv
Parsing SystemVerilog input from `rtl/core/core_multi.sv' to AST representation.
Generating RTLIL representation for module `\core_multi'.
Successfully finished Verilog frontend.

13. Executing Verilog-2005 frontend: rtl/soc/soc_multi.sv
Parsing SystemVerilog input from `rtl/soc/soc_multi.sv' to AST representation.
Generating RTLIL representation for module `\soc_multi'.
Successfully finished Verilog frontend.

14. Executing HIERARCHY pass (managing design hierarchy).

14.1. Analyzing design hierarchy..
Top module:  \soc_multi
Used module:     \dotp
Used module:     \timer
Used module:     \uart
Used module:         \uart_rx
Used module:         \uart_tx
Used module:     \core_multi
Used module:         \alu
Used module:         \imm_gen
Used module:         \regfile
Used module:         \decoder
Parameter \DIV = 868

14.2. Executing AST frontend in derive mode using pre-parsed AST for module `\uart_rx'.
Parameter \DIV = 868
Generating RTLIL representation for module `$paramod\uart_rx\DIV=s32'00000000000000000000001101100100'.
Parameter \DIV = 868

14.3. Executing AST frontend in derive mode using pre-parsed AST for module `\uart_tx'.
Parameter \DIV = 868
Generating RTLIL representation for module `$paramod\uart_tx\DIV=s32'00000000000000000000001101100100'.
Parameter \BYPASS = 1'0

14.4. Executing AST frontend in derive mode using pre-parsed AST for module `\regfile'.
Parameter \BYPASS = 1'0
Generating RTLIL representation for module `$paramod\regfile\BYPASS=1'0'.
Parameter \DIV = 868

14.5. Executing AST frontend in derive mode using pre-parsed AST for module `\uart'.
Parameter \DIV = 868
Generating RTLIL representation for module `$paramod\uart\DIV=s32'00000000000000000000001101100100'.
Parameter \RESET_ADDR = 0
Parameter \IRQ_ADDR = 4

14.6. Executing AST frontend in derive mode using pre-parsed AST for module `\core_multi'.
Parameter \RESET_ADDR = 0
Parameter \IRQ_ADDR = 4
Generating RTLIL representation for module `$paramod$5d5effb5ec0b6f8601d0119f1bfc6235e3bdaddf\core_multi'.

14.7. Analyzing design hierarchy..
Top module:  \soc_multi
Used module:     \dotp
Used module:     \timer
Used module:     $paramod\uart\DIV=s32'00000000000000000000001101100100
Used module:         \uart_rx
Used module:         \uart_tx
Used module:     $paramod$5d5effb5ec0b6f8601d0119f1bfc6235e3bdaddf\core_multi
Used module:         \alu
Used module:         \imm_gen
Used module:         \regfile
Used module:         \decoder
Parameter \DIV = 868
Found cached RTLIL representation for module `$paramod\uart_rx\DIV=s32'00000000000000000000001101100100'.
Parameter \DIV = 868
Found cached RTLIL representation for module `$paramod\uart_tx\DIV=s32'00000000000000000000001101100100'.
Parameter \BYPASS = 1'0
Found cached RTLIL representation for module `$paramod\regfile\BYPASS=1'0'.

14.8. Analyzing design hierarchy..
Top module:  \soc_multi
Used module:     \dotp
Used module:     \timer
Used module:     $paramod\uart\DIV=s32'00000000000000000000001101100100
Used module:         $paramod\uart_rx\DIV=s32'00000000000000000000001101100100
Used module:         $paramod\uart_tx\DIV=s32'00000000000000000000001101100100
Used module:     $paramod$5d5effb5ec0b6f8601d0119f1bfc6235e3bdaddf\core_multi
Used module:         \alu
Used module:         \imm_gen
Used module:         $paramod\regfile\BYPASS=1'0
Used module:         \decoder

14.9. Analyzing design hierarchy..
Top module:  \soc_multi
Used module:     \dotp
Used module:     \timer
Used module:     $paramod\uart\DIV=s32'00000000000000000000001101100100
Used module:         $paramod\uart_rx\DIV=s32'00000000000000000000001101100100
Used module:         $paramod\uart_tx\DIV=s32'00000000000000000000001101100100
Used module:     $paramod$5d5effb5ec0b6f8601d0119f1bfc6235e3bdaddf\core_multi
Used module:         \alu
Used module:         \imm_gen
Used module:         $paramod\regfile\BYPASS=1'0
Used module:         \decoder
Removing unused module `\core_multi'.
Removing unused module `\uart'.
Removing unused module `\uart_rx'.
Removing unused module `\uart_tx'.
Removing unused module `\regfile'.
Removed 5 unused modules.

15. Executing FLATTEN pass (flatten design).
Deleting now unused module $paramod$5d5effb5ec0b6f8601d0119f1bfc6235e3bdaddf\core_multi.
Deleting now unused module dotp.
Deleting now unused module timer.
Deleting now unused module $paramod\uart\DIV=s32'00000000000000000000001101100100.
Deleting now unused module $paramod\regfile\BYPASS=1'0.
Deleting now unused module $paramod\uart_tx\DIV=s32'00000000000000000000001101100100.
Deleting now unused module decoder.
Deleting now unused module imm_gen.
Deleting now unused module $paramod\uart_rx\DIV=s32'00000000000000000000001101100100.
Deleting now unused module alu.
<suppressed ~10 debug messages>

16. Executing SYNTH_XILINX pass.

16.1. Executing Verilog-2005 frontend: /usr/bin/../share/yosys/xilinx/cells_sim.v
Parsing Verilog input from `/usr/bin/../share/yosys/xilinx/cells_sim.v' to AST representation.
Generating RTLIL representation for module `\VCC'.
Generating RTLIL representation for module `\GND'.
Generating RTLIL representation for module `\IBUF'.
Generating RTLIL representation for module `\IBUFG'.
Generating RTLIL representation for module `\OBUF'.
Generating RTLIL representation for module `\IOBUF'.
Generating RTLIL representation for module `\OBUFT'.
Generating RTLIL representation for module `\BUFG'.
Generating RTLIL representation for module `\BUFGCTRL'.
Generating RTLIL representation for module `\BUFHCE'.
Generating RTLIL representation for module `\INV'.
Generating RTLIL representation for module `\LUT1'.
Generating RTLIL representation for module `\LUT2'.
Generating RTLIL representation for module `\LUT3'.
Generating RTLIL representation for module `\LUT4'.
Generating RTLIL representation for module `\LUT5'.
Generating RTLIL representation for module `\LUT6'.
Generating RTLIL representation for module `\LUT6_2'.
Generating RTLIL representation for module `\$__ABC9_LUT7'.
Generating RTLIL representation for module `\$__ABC9_LUT8'.
Generating RTLIL representation for module `\MUXCY'.
Generating RTLIL representation for module `\MUXF5'.
Generating RTLIL representation for module `\MUXF6'.
Generating RTLIL representation for module `\MUXF7'.
Generating RTLIL representation for module `\MUXF8'.
Generating RTLIL representation for module `\MUXF9'.
Generating RTLIL representation for module `\XORCY'.
Generating RTLIL representation for module `\CARRY4'.
Generating RTLIL representation for module `\CARRY8'.
Generating RTLIL representation for module `\ORCY'.
Generating RTLIL representation for module `\MULT_AND'.
Generating RTLIL representation for module `\FDRE'.
Generating RTLIL representation for module `\FDRE_1'.
Generating RTLIL representation for module `\FDSE'.
Generating RTLIL representation for module `\FDSE_1'.
Generating RTLIL representation for module `\FDRSE'.
Generating RTLIL representation for module `\FDRSE_1'.
Generating RTLIL representation for module `\FDCE'.
Generating RTLIL representation for module `\FDCE_1'.
Generating RTLIL representation for module `\FDPE'.
Generating RTLIL representation for module `\FDPE_1'.
Generating RTLIL representation for module `\FDCPE'.
Generating RTLIL representation for module `\FDCPE_1'.
Generating RTLIL representation for module `\LDCE'.
Generating RTLIL representation for module `\LDPE'.
Generating RTLIL representation for module `\LDCPE'.
Generating RTLIL representation for module `\AND2B1L'.
Generating RTLIL representation for module `\OR2L'.
Generating RTLIL representation for module `\RAM16X1S'.
Generating RTLIL representation for module `\RAM16X1S_1'.
Generating RTLIL representation for module `\RAM32X1S'.
Generating RTLIL representation for module `\RAM32X1S_1'.
Generating RTLIL representation for module `\RAM64X1S'.
Generating RTLIL representation for module `\RAM64X1S_1'.
Generating RTLIL representation for module `\RAM128X1S'.
Generating RTLIL representation for module `\RAM128X1S_1'.
Generating RTLIL representation for module `\RAM256X1S'.
Generating RTLIL representation for module `\RAM512X1S'.
Generating RTLIL representation for module `\RAM16X2S'.
Generating RTLIL representation for module `\RAM32X2S'.
Generating RTLIL representation for module `\RAM64X2S'.
Generating RTLIL representation for module `\RAM16X4S'.
Generating RTLIL representation for module `\RAM32X4S'.
Generating RTLIL representation for module `\RAM16X8S'.
Generating RTLIL representation for module `\RAM32X8S'.
Generating RTLIL representation for module `\RAM16X1D'.
Generating RTLIL representation for module `\RAM16X1D_1'.
Generating RTLIL representation for module `\RAM32X1D'.
Generating RTLIL representation for module `\RAM32X1D_1'.
Generating RTLIL representation for module `\RAM64X1D'.
Generating RTLIL representation for module `\RAM64X1D_1'.
Generating RTLIL representation for module `\RAM128X1D'.
Generating RTLIL representation for module `\RAM256X1D'.
Generating RTLIL representation for module `\RAM32M'.
Generating RTLIL representation for module `\RAM32M16'.
Generating RTLIL representation for module `\RAM64M'.
Generating RTLIL representation for module `\RAM64M8'.
Generating RTLIL representation for module `\RAM32X16DR8'.
Generating RTLIL representation for module `\RAM64X8SW'.
Generating RTLIL representation for module `\ROM16X1'.
Generating RTLIL representation for module `\ROM32X1'.
Generating RTLIL representation for module `\ROM64X1'.
Generating RTLIL representation for module `\ROM128X1'.
Generating RTLIL representation for module `\ROM256X1'.
Generating RTLIL representation for module `\SRL16'.
Generating RTLIL representation for module `\SRL16E'.
Generating RTLIL representation for module `\SRLC16'.
Generating RTLIL representation for module `\SRLC16E'.
Generating RTLIL representation for module `\SRLC32E'.
Generating RTLIL representation for module `\CFGLUT5'.
Generating RTLIL representation for module `\MULT18X18'.
Generating RTLIL representation for module `\MULT18X18S'.
Generating RTLIL representation for module `\MULT18X18SIO'.
Generating RTLIL representation for module `\DSP48A'.
Generating RTLIL representation for module `\DSP48A1'.
Generating RTLIL representation for module `\DSP48'.
Generating RTLIL representation for module `\DSP48E1'.
Generating RTLIL representation for module `\RAMB18E1'.
Generating RTLIL representation for module `\RAMB36E1'.
Successfully finished Verilog frontend.

16.2. Executing Verilog-2005 frontend: /usr/bin/../share/yosys/xilinx/cells_xtra.v
Parsing Verilog input from `/usr/bin/../share/yosys/xilinx/cells_xtra.v' to AST representation.
Generating RTLIL representation for module `\RAMB4_S1'.
Generating RTLIL representation for module `\RAMB4_S2'.
Generating RTLIL representation for module `\RAMB4_S4'.
Generating RTLIL representation for module `\RAMB4_S8'.
Generating RTLIL representation for module `\RAMB4_S16'.
Generating RTLIL representation for module `\RAMB4_S1_S1'.
Generating RTLIL representation for module `\RAMB4_S1_S2'.
Generating RTLIL representation for module `\RAMB4_S1_S4'.
Generating RTLIL representation for module `\RAMB4_S1_S8'.
Generating RTLIL representation for module `\RAMB4_S1_S16'.
Generating RTLIL representation for module `\RAMB4_S2_S2'.
Generating RTLIL representation for module `\RAMB4_S2_S4'.
Generating RTLIL representation for module `\RAMB4_S2_S8'.
Generating RTLIL representation for module `\RAMB4_S2_S16'.
Generating RTLIL representation for module `\RAMB4_S4_S4'.
Generating RTLIL representation for module `\RAMB4_S4_S8'.
Generating RTLIL representation for module `\RAMB4_S4_S16'.
Generating RTLIL representation for module `\RAMB4_S8_S8'.
Generating RTLIL representation for module `\RAMB4_S8_S16'.
Generating RTLIL representation for module `\RAMB4_S16_S16'.
Generating RTLIL representation for module `\RAMB16_S1'.
Generating RTLIL representation for module `\RAMB16_S2'.
Generating RTLIL representation for module `\RAMB16_S4'.
Generating RTLIL representation for module `\RAMB16_S9'.
Generating RTLIL representation for module `\RAMB16_S18'.
Generating RTLIL representation for module `\RAMB16_S36'.
Generating RTLIL representation for module `\RAMB16_S1_S1'.
Generating RTLIL representation for module `\RAMB16_S1_S2'.
Generating RTLIL representation for module `\RAMB16_S1_S4'.
Generating RTLIL representation for module `\RAMB16_S1_S9'.
Generating RTLIL representation for module `\RAMB16_S1_S18'.
Generating RTLIL representation for module `\RAMB16_S1_S36'.
Generating RTLIL representation for module `\RAMB16_S2_S2'.
Generating RTLIL representation for module `\RAMB16_S2_S4'.
Generating RTLIL representation for module `\RAMB16_S2_S9'.
Generating RTLIL representation for module `\RAMB16_S2_S18'.
Generating RTLIL representation for module `\RAMB16_S2_S36'.
Generating RTLIL representation for module `\RAMB16_S4_S4'.
Generating RTLIL representation for module `\RAMB16_S4_S9'.
Generating RTLIL representation for module `\RAMB16_S4_S18'.
Generating RTLIL representation for module `\RAMB16_S4_S36'.
Generating RTLIL representation for module `\RAMB16_S9_S9'.
Generating RTLIL representation for module `\RAMB16_S9_S18'.
Generating RTLIL representation for module `\RAMB16_S9_S36'.
Generating RTLIL representation for module `\RAMB16_S18_S18'.
Generating RTLIL representation for module `\RAMB16_S18_S36'.
Generating RTLIL representation for module `\RAMB16_S36_S36'.
Generating RTLIL representation for module `\RAMB16BWE_S18'.
Generating RTLIL representation for module `\RAMB16BWE_S36'.
Generating RTLIL representation for module `\RAMB16BWE_S18_S9'.
Generating RTLIL representation for module `\RAMB16BWE_S18_S18'.
Generating RTLIL representation for module `\RAMB16BWE_S36_S9'.
Generating RTLIL representation for module `\RAMB16BWE_S36_S18'.
Generating RTLIL representation for module `\RAMB16BWE_S36_S36'.
Generating RTLIL representation for module `\RAMB16BWER'.
Generating RTLIL representation for module `\RAMB8BWER'.
Generating RTLIL representation for module `\FIFO16'.
Generating RTLIL representation for module `\RAMB16'.
Generating RTLIL representation for module `\RAMB32_S64_ECC'.
Generating RTLIL representation for module `\FIFO18'.
Generating RTLIL representation for module `\FIFO18_36'.
Generating RTLIL representation for module `\FIFO36'.
Generating RTLIL representation for module `\FIFO36_72'.
Generating RTLIL representation for module `\RAMB18'.
Generating RTLIL representation for module `\RAMB36'.
Generating RTLIL representation for module `\RAMB18SDP'.
Generating RTLIL representation for module `\RAMB36SDP'.
Generating RTLIL representation for module `\FIFO18E1'.
Generating RTLIL representation for module `\FIFO36E1'.
Generating RTLIL representation for module `\FIFO18E2'.
Generating RTLIL representation for module `\FIFO36E2'.
Generating RTLIL representation for module `\RAMB18E2'.
Generating RTLIL representation for module `\RAMB36E2'.
Generating RTLIL representation for module `\URAM288'.
Generating RTLIL representation for module `\URAM288_BASE'.
Generating RTLIL representation for module `\DSP48E'.
Generating RTLIL representation for module `\DSP48E2'.
Generating RTLIL representation for module `\FDDRCPE'.
Generating RTLIL representation for module `\FDDRRSE'.
Generating RTLIL representation for module `\IFDDRCPE'.
Generating RTLIL representation for module `\IFDDRRSE'.
Generating RTLIL representation for module `\OFDDRCPE'.
Generating RTLIL representation for module `\OFDDRRSE'.
Generating RTLIL representation for module `\OFDDRTCPE'.
Generating RTLIL representation for module `\OFDDRTRSE'.
Generating RTLIL representation for module `\IDDR2'.
Generating RTLIL representation for module `\ODDR2'.
Generating RTLIL representation for module `\IDDR'.
Generating RTLIL representation for module `\IDDR_2CLK'.
Generating RTLIL representation for module `\ODDR'.
Generating RTLIL representation for module `\IDELAYCTRL'.
Generating RTLIL representation for module `\IDELAY'.
Generating RTLIL representation for module `\ISERDES'.
Generating RTLIL representation for module `\OSERDES'.
Generating RTLIL representation for module `\IODELAY'.
Generating RTLIL representation for module `\ISERDES_NODELAY'.
Generating RTLIL representation for module `\IODELAYE1'.
Generating RTLIL representation for module `\ISERDESE1'.
Generating RTLIL representation for module `\OSERDESE1'.
Generating RTLIL representation for module `\IDELAYE2'.
Generating RTLIL representation for module `\ODELAYE2'.
Generating RTLIL representation for module `\ISERDESE2'.
Generating RTLIL representation for module `\OSERDESE2'.
Generating RTLIL representation for module `\PHASER_IN'.
Generating RTLIL representation for module `\PHASER_IN_PHY'.
Generating RTLIL representation for module `\PHASER_OUT'.
Generating RTLIL representation for module `\PHASER_OUT_PHY'.
Generating RTLIL representation for module `\PHASER_REF'.
Generating RTLIL representation for module `\PHY_CONTROL'.
Generating RTLIL representation for module `\IDDRE1'.
Generating RTLIL representation for module `\ODDRE1'.
Generating RTLIL representation for module `\IDELAYE3'.
Generating RTLIL representation for module `\ODELAYE3'.
Generating RTLIL representation for module `\ISERDESE3'.
Generating RTLIL representation for module `\OSERDESE3'.
Generating RTLIL representation for module `\BITSLICE_CONTROL'.
Generating RTLIL representation for module `\RIU_OR'.
Generating RTLIL representation for module `\RX_BITSLICE'.
Generating RTLIL representation for module `\RXTX_BITSLICE'.
Generating RTLIL representation for module `\TX_BITSLICE'.
Generating RTLIL representation for module `\TX_BITSLICE_TRI'.
Generating RTLIL representation for module `\IODELAY2'.
Generating RTLIL representation for module `\IODRP2'.
Generating RTLIL representation for module `\IODRP2_MCB'.
Generating RTLIL representation for module `\ISERDES2'.
Generating RTLIL representation for module `\OSERDES2'.
Generating RTLIL representation for module `\IBUF_DLY_ADJ'.
Generating RTLIL representation for module `\IBUF_IBUFDISABLE'.
Generating RTLIL representation for module `\IBUF_INTERMDISABLE'.
Generating RTLIL representation for module `\IBUF_ANALOG'.
Generating RTLIL representation for module `\IBUFE3'.
Generating RTLIL representation for module `\IBUFDS'.
Generating RTLIL representation for module `\IBUFDS_DLY_ADJ'.
Generating RTLIL representation for module `\IBUFDS_IBUFDISABLE'.
Generating RTLIL representation for module `\IBUFDS_INTERMDISABLE'.
Generating RTLIL representation for module `\IBUFDS_DIFF_OUT'.
Generating RTLIL representation for module `\IBUFDS_DIFF_OUT_IBUFDISABLE'.
Generating RTLIL representation for module `\IBUFDS_DIFF_OUT_INTERMDISABLE'.
Generating RTLIL representation for module `\IBUFDSE3'.
Generating RTLIL representation for module `\IBUFDS_DPHY'.
Generating RTLIL representation for module `\IBUFGDS'.
Generating RTLIL representation for module `\IBUFGDS_DIFF_OUT'.
Generating RTLIL representation for module `\IOBUF_DCIEN'.
Generating RTLIL representation for module `\IOBUF_INTERMDISABLE'.
Generating RTLIL representation for module `\IOBUFE3'.
Generating RTLIL representation for module `\IOBUFDS'.
Generating RTLIL representation for module `\IOBUFDS_DCIEN'.
Generating RTLIL representation for module `\IOBUFDS_INTERMDISABLE'.
Generating RTLIL representation for module `\IOBUFDS_DIFF_OUT'.
Generating RTLIL representation for module `\IOBUFDS_DIFF_OUT_DCIEN'.
Generating RTLIL representation for module `\IOBUFDS_DIFF_OUT_INTERMDISABLE'.
Generating RTLIL representation for module `\IOBUFDSE3'.
Generating RTLIL representation for module `\OBUFDS'.
Generating RTLIL representation for module `\OBUFDS_DPHY'.
Generating RTLIL representation for module `\OBUFTDS'.
Generating RTLIL representation for module `\KEEPER'.
Generating RTLIL representation for module `\PULLDOWN'.
Generating RTLIL representation for module `\PULLUP'.
Generating RTLIL representation for module `\DCIRESET'.
Generating RTLIL representation for module `\HPIO_VREF'.
Generating RTLIL representation for module `\BUFGCE'.
Generating RTLIL representation for module `\BUFGCE_1'.
Generating RTLIL representation for module `\BUFGMUX'.
Generating RTLIL representation for module `\BUFGMUX_1'.
Generating RTLIL representation for module `\BUFGMUX_CTRL'.
Generating RTLIL representation for module `\BUFGMUX_VIRTEX4'.
Generating RTLIL representation for module `\BUFG_GT'.
Generating RTLIL representation for module `\BUFG_GT_SYNC'.
Generating RTLIL representation for module `\BUFG_PS'.
Generating RTLIL representation for module `\BUFGCE_DIV'.
Generating RTLIL representation for module `\BUFH'.
Generating RTLIL representation for module `\BUFIO2'.
Generating RTLIL representation for module `\BUFIO2_2CLK'.
Generating RTLIL representation for module `\BUFIO2FB'.
Generating RTLIL representation for module `\BUFPLL'.
Generating RTLIL representation for module `\BUFPLL_MCB'.
Generating RTLIL representation for module `\BUFIO'.
Generating RTLIL representation for module `\BUFIODQS'.
Generating RTLIL representation for module `\BUFR'.
Generating RTLIL representation for module `\BUFMR'.
Generating RTLIL representation for module `\BUFMRCE'.
Generating RTLIL representation for module `\DCM'.
Generating RTLIL representation for module `\DCM_SP'.
Generating RTLIL representation for module `\DCM_CLKGEN'.
Generating RTLIL representation for module `\DCM_ADV'.
Generating RTLIL representation for module `\DCM_BASE'.
Generating RTLIL representation for module `\DCM_PS'.
Generating RTLIL representation for module `\PMCD'.
Generating RTLIL representation for module `\PLL_ADV'.
Generating RTLIL representation for module `\PLL_BASE'.
Generating RTLIL representation for module `\MMCM_ADV'.
Generating RTLIL representation for module `\MMCM_BASE'.
Generating RTLIL representation for module `\MMCME2_ADV'.
Generating RTLIL representation for module `\MMCME2_BASE'.
Generating RTLIL representation for module `\PLLE2_ADV'.
Generating RTLIL representation for module `\PLLE2_BASE'.
Generating RTLIL representation for module `\MMCME3_ADV'.
Generating RTLIL representation for module `\MMCME3_BASE'.
Generating RTLIL representation for module `\PLLE3_ADV'.
Generating RTLIL representation for module `\PLLE3_BASE'.
Generating RTLIL representation for module `\MMCME4_ADV'.
Generating RTLIL representation for module `\MMCME4_BASE'.
Generating RTLIL representation for module `\PLLE4_ADV'.
Generating RTLIL representation for module `\PLLE4_BASE'.
Generating RTLIL representation for module `\BUFT'.
Generating RTLIL representation for module `\IN_FIFO'.
Generating RTLIL representation for module `\OUT_FIFO'.
Generating RTLIL representation for module `\HARD_SYNC'.
Generating RTLIL representation for module `\STARTUP_SPARTAN3'.
Generating RTLIL representation for module `\STARTUP_SPARTAN3E'.
Generating RTLIL representation for module `\STARTUP_SPARTAN3A'.
Generating RTLIL representation for module `\STARTUP_SPARTAN6'.
Generating RTLIL representation for module `\STARTUP_VIRTEX4'.
Generating RTLIL representation for module `\STARTUP_VIRTEX5'.
Generating RTLIL representation for module `\STARTUP_VIRTEX6'.
Generating RTLIL representation for module `\STARTUPE2'.
Generating RTLIL representation for module `\STARTUPE3'.
Generating RTLIL representation for module `\CAPTURE_SPARTAN3'.
Generating RTLIL representation for module `\CAPTURE_SPARTAN3A'.
Generating RTLIL representation for module `\CAPTURE_VIRTEX4'.
Generating RTLIL representation for module `\CAPTURE_VIRTEX5'.
Generating RTLIL representation for module `\CAPTURE_VIRTEX6'.
Generating RTLIL representation for module `\CAPTUREE2'.
Generating RTLIL representation for module `\ICAP_SPARTAN3A'.
Generating RTLIL representation for module `\ICAP_SPARTAN6'.
Generating RTLIL representation for module `\ICAP_VIRTEX4'.
Generating RTLIL representation for module `\ICAP_VIRTEX5'.
Generating RTLIL representation for module `\ICAP_VIRTEX6'.
Generating RTLIL representation for module `\ICAPE2'.
Generating RTLIL representation for module `\ICAPE3'.
Generating RTLIL representation for module `\BSCAN_SPARTAN3'.
Generating RTLIL representation for module `\BSCAN_SPARTAN3A'.
Generating RTLIL representation for module `\BSCAN_SPARTAN6'.
Generating RTLIL representation for module `\BSCAN_VIRTEX4'.
Generating RTLIL representation for module `\BSCAN_VIRTEX5'.
Generating RTLIL representation for module `\BSCAN_VIRTEX6'.
Generating RTLIL representation for module `\BSCANE2'.
Generating RTLIL representation for module `\DNA_PORT'.
Generating RTLIL representation for module `\DNA_PORTE2'.
Generating RTLIL representation for module `\FRAME_ECC_VIRTEX4'.
Generating RTLIL representation for module `\FRAME_ECC_VIRTEX5'.
Generating RTLIL representation for module `\FRAME_ECC_VIRTEX6'.
Generating RTLIL representation for module `\FRAME_ECCE2'.
Generating RTLIL representation for module `\FRAME_ECCE3'.
Generating RTLIL representation for module `\FRAME_ECCE4'.
Generating RTLIL representation for module `\USR_ACCESS_VIRTEX4'.
Generating RTLIL representation for module `\USR_ACCESS_VIRTEX5'.
Generating RTLIL representation for module `\USR_ACCESS_VIRTEX6'.
Generating RTLIL representation for module `\USR_ACCESSE2'.
Generating RTLIL representation for module `\POST_CRC_INTERNAL'.
Generating RTLIL representation for module `\SUSPEND_SYNC'.
Generating RTLIL representation for module `\KEY_CLEAR'.
Generating RTLIL representation for module `\MASTER_JTAG'.
Generating RTLIL representation for module `\SPI_ACCESS'.
Generating RTLIL representation for module `\EFUSE_USR'.
Generating RTLIL representation for module `\SYSMON'.
Generating RTLIL representation for module `\XADC'.
Generating RTLIL representation for module `\SYSMONE1'.
Generating RTLIL representation for module `\SYSMONE4'.
Generating RTLIL representation for module `\GTPA1_DUAL'.
Generating RTLIL representation for module `\GT11_CUSTOM'.
Generating RTLIL representation for module `\GT11_DUAL'.
Generating RTLIL representation for module `\GT11CLK'.
Generating RTLIL representation for module `\GT11CLK_MGT'.
Generating RTLIL representation for module `\GTP_DUAL'.
Generating RTLIL representation for module `\GTX_DUAL'.
Generating RTLIL representation for module `\CRC32'.
Generating RTLIL representation for module `\CRC64'.
Generating RTLIL representation for module `\GTHE1_QUAD'.
Generating RTLIL representation for module `\GTXE1'.
Generating RTLIL representation for module `\IBUFDS_GTXE1'.
Generating RTLIL representation for module `\IBUFDS_GTHE1'.
Generating RTLIL representation for module `\GTHE2_CHANNEL'.
Generating RTLIL representation for module `\GTHE2_COMMON'.
Generating RTLIL representation for module `\GTPE2_CHANNEL'.
Generating RTLIL representation for module `\GTPE2_COMMON'.
Generating RTLIL representation for module `\GTXE2_CHANNEL'.
Generating RTLIL representation for module `\GTXE2_COMMON'.
Generating RTLIL representation for module `\IBUFDS_GTE2'.
Generating RTLIL representation for module `\GTHE3_CHANNEL'.
Generating RTLIL representation for module `\GTHE3_COMMON'.
Generating RTLIL representation for module `\GTYE3_CHANNEL'.
Generating RTLIL representation for module `\GTYE3_COMMON'.
Generating RTLIL representation for module `\IBUFDS_GTE3'.
Generating RTLIL representation for module `\OBUFDS_GTE3'.
Generating RTLIL representation for module `\OBUFDS_GTE3_ADV'.
Generating RTLIL representation for module `\GTHE4_CHANNEL'.
Generating RTLIL representation for module `\GTHE4_COMMON'.
Generating RTLIL representation for module `\GTYE4_CHANNEL'.
Generating RTLIL representation for module `\GTYE4_COMMON'.
Generating RTLIL representation for module `\IBUFDS_GTE4'.
Generating RTLIL representation for module `\OBUFDS_GTE4'.
Generating RTLIL representation for module `\OBUFDS_GTE4_ADV'.
Generating RTLIL representation for module `\GTM_DUAL'.
Generating RTLIL representation for module `\IBUFDS_GTM'.
Generating RTLIL representation for module `\OBUFDS_GTM'.
Generating RTLIL representation for module `\OBUFDS_GTM_ADV'.
Generating RTLIL representation for module `\HSDAC'.
Generating RTLIL representation for module `\HSADC'.
Generating RTLIL representation for module `\RFDAC'.
Generating RTLIL representation for module `\RFADC'.
Generating RTLIL representation for module `\PCIE_A1'.
Generating RTLIL representation for module `\PCIE_EP'.
Generating RTLIL representation for module `\PCIE_2_0'.
Generating RTLIL representation for module `\PCIE_2_1'.
Generating RTLIL representation for module `\PCIE_3_0'.
Generating RTLIL representation for module `\PCIE_3_1'.
Generating RTLIL representation for module `\PCIE40E4'.
Generating RTLIL representation for module `\PCIE4CE4'.
Generating RTLIL representation for module `\EMAC'.
Generating RTLIL representation for module `\TEMAC'.
Generating RTLIL representation for module `\TEMAC_SINGLE'.
Generating RTLIL representation for module `\CMAC'.
Generating RTLIL representation for module `\CMACE4'.
Generating RTLIL representation for module `\MCB'.
Generating RTLIL representation for module `\HBM_REF_CLK'.
Generating RTLIL representation for module `\HBM_SNGLBLI_INTF_APB'.
Generating RTLIL representation for module `\HBM_SNGLBLI_INTF_AXI'.
Generating RTLIL representation for module `\HBM_ONE_STACK_INTF'.
Generating RTLIL representation for module `\HBM_TWO_STACK_INTF'.
Generating RTLIL representation for module `\PPC405_ADV'.
Generating RTLIL representation for module `\PPC440'.
Generating RTLIL representation for module `\PS7'.
Generating RTLIL representation for module `\PS8'.
Generating RTLIL representation for module `\ILKN'.
Generating RTLIL representation for module `\ILKNE4'.
Generating RTLIL representation for module `\VCU'.
Generating RTLIL representation for module `\FE'.
Successfully finished Verilog frontend.

16.3. Executing HIERARCHY pass (managing design hierarchy).

16.3.1. Analyzing design hierarchy..
Top module:  \soc_multi

16.3.2. Analyzing design hierarchy..
Top module:  \soc_multi
Removed 0 unused modules.

16.4. Executing PROC pass (convert processes to netlists).

16.4.1. Executing PROC_CLEAN pass (remove empty switches from decision trees).
Cleaned up 0 empty switches.

16.4.2. Executing PROC_RMDEAD pass (remove dead branches from decision trees).
Marked 1 switch rules as full_case in process $proc$/usr/bin/../share/yosys/xilinx/cells_sim.v:1986$1261 in module RAM64M.
Marked 1 switch rules as full_case in process $proc$/usr/bin/../share/yosys/xilinx/cells_sim.v:1812$1141 in module RAM32M.
Marked 1 switch rules as full_case in process $proc$/usr/bin/../share/yosys/xilinx/cells_sim.v:1716$1088 in module RAM128X1D.
Marked 1 switch rules as full_case in process $proc$/usr/bin/../share/yosys/xilinx/cells_sim.v:1611$1051 in module RAM64X1D.
Marked 1 switch rules as full_case in process $proc$/usr/bin/../share/yosys/xilinx/cells_sim.v:1565$1033 in module RAM32X1D_1.
Marked 1 switch rules as full_case in process $proc$/usr/bin/../share/yosys/xilinx/cells_sim.v:1506$1003 in module RAM32X1D.
Marked 1 switch rules as full_case in process $proc$/usr/bin/../share/yosys/xilinx/cells_sim.v:815$952 in module FDPE_1.
Marked 1 switch rules as full_case in process $proc$/usr/bin/../share/yosys/xilinx/cells_sim.v:774$949 in module FDPE.
Marked 1 switch rules as full_case in process $proc$/usr/bin/../share/yosys/xilinx/cells_sim.v:736$934 in module FDCE_1.
Marked 1 switch rules as full_case in process $proc$/usr/bin/../share/yosys/xilinx/cells_sim.v:695$931 in module FDCE.
Marked 1 switch rules as full_case in process $proc$/usr/bin/../share/yosys/xilinx/cells_sim.v:592$916 in module FDSE_1.
Marked 1 switch rules as full_case in process $proc$/usr/bin/../share/yosys/xilinx/cells_sim.v:559$912 in module FDSE.
Marked 1 switch rules as full_case in process $proc$/usr/bin/../share/yosys/xilinx/cells_sim.v:527$894 in module FDRE_1.
Marked 1 switch rules as full_case in process $proc$/usr/bin/../share/yosys/xilinx/cells_sim.v:494$890 in module FDRE.
Marked 1 switch rules as full_case in process $flatten\u_dotp.$proc$rtl/custom/dotp.sv:60$158 in module soc_multi.
Marked 1 switch rules as full_case in process $flatten\u_dotp.$proc$rtl/custom/dotp.sv:0$161 in module soc_multi.
Marked 1 switch rules as full_case in process $flatten\u_timer.$proc$rtl/periph/timer.sv:28$113 in module soc_multi.
Marked 1 switch rules as full_case in process $flatten\u_timer.$proc$rtl/periph/timer.sv:0$118 in module soc_multi.
Marked 1 switch rules as full_case in process $flatten\u_uart.$proc$rtl/periph/uart.sv:47$272 in module soc_multi.
Marked 1 switch rules as full_case in process $flatten\u_uart.$proc$rtl/periph/uart.sv:68$287 in module soc_multi.
Marked 1 switch rules as full_case in process $flatten\u_uart.$proc$rtl/periph/uart.sv:0$289 in module soc_multi.
Marked 4 switch rules as full_case in process $flatten\u_uart.\u_tx.$proc$rtl/periph/uart_tx.sv:21$238 in module soc_multi.
Marked 7 switch rules as full_case in process $flatten\u_uart.\u_rx.$proc$rtl/periph/uart_rx.sv:30$225 in module soc_multi.
Marked 1 switch rules as full_case in process $flatten\u_uart.\u_rx.$proc$rtl/periph/uart_rx.sv:13$223 in module soc_multi.
Marked 1 switch rules as full_case in process $flatten\u_core.$proc$rtl/core/core_multi.sv:0$294 in module soc_multi.
Marked 1 switch rules as full_case in process $flatten\u_core.$proc$rtl/core/core_multi.sv:0$296 in module soc_multi.
Marked 1 switch rules as full_case in process $flatten\u_core.$proc$rtl/core/core_multi.sv:0$314 in module soc_multi.
Marked 2 switch rules as full_case in process $flatten\u_core.$proc$rtl/core/core_multi.sv:194$327 in module soc_multi.
Removed 2 dead cases from process $flatten\u_core.\u_dec.$proc$rtl/core/decoder.sv:0$40 in module soc_multi.
Marked 24 switch rules as full_case in process $flatten\u_core.\u_dec.$proc$rtl/core/decoder.sv:0$40 in module soc_multi.
Marked 4 switch rules as full_case in process $flatten\u_core.\u_rf.$proc$rtl/core/regfile.sv:0$265 in module soc_multi.
Marked 1 switch rules as full_case in process $flatten\u_core.\u_rf.$proc$rtl/core/regfile.sv:32$246 in module soc_multi.
Marked 1 switch rules as full_case in process $flatten\u_core.\u_imm.$proc$rtl/core/imm_gen.sv:0$39 in module soc_multi.
Marked 1 switch rules as full_case in process $flatten\u_core.\u_alu.$proc$rtl/core/alu.sv:0$4 in module soc_multi.
Marked 1 switch rules as full_case in process $proc$rtl/soc/soc_multi.sv:138$220 in module soc_multi.
Marked 1 switch rules as full_case in process $proc$rtl/soc/soc_multi.sv:0$219 in module soc_multi.
Removed a total of 2 dead cases.

16.4.3. Executing PROC_PRUNE pass (remove redundant assignments in processes).
Removed 5 redundant assignments.
Promoted 89 assignments to connections.

16.4.4. Executing PROC_INIT pass (extract init attributes).
Found init rule in `\SRLC32E.$proc$/usr/bin/../share/yosys/xilinx/cells_sim.v:2405$1390'.
  Set init value: \r = 0
Found init rule in `\SRLC16E.$proc$/usr/bin/../share/yosys/xilinx/cells_sim.v:2361$1383'.
  Set init value: \r = 16'0000000000000000
Found init rule in `\SRLC16.$proc$/usr/bin/../share/yosys/xilinx/cells_sim.v:2329$1376'.
  Set init value: \r = 16'0000000000000000
Found init rule in `\SRL16E.$proc$/usr/bin/../share/yosys/xilinx/cells_sim.v:2292$1373'.
  Set init value: \r = 16'0000000000000000
Found init rule in `\SRL16.$proc$/usr/bin/../share/yosys/xilinx/cells_sim.v:2264$1366'.
  Set init value: \r = 16'0000000000000000
Found init rule in `\RAM64M.$proc$/usr/bin/../share/yosys/xilinx/cells_sim.v:1980$1339'.
  Set init value: \mem_d = 64'0000000000000000000000000000000000000000000000000000000000000000
Found init rule in `\RAM64M.$proc$/usr/bin/../share/yosys/xilinx/cells_sim.v:1979$1338'.
  Set init value: \mem_c = 64'0000000000000000000000000000000000000000000000000000000000000000
Found init rule in `\RAM64M.$proc$/usr/bin/../share/yosys/xilinx/cells_sim.v:1978$1337'.
  Set init value: \mem_b = 64'0000000000000000000000000000000000000000000000000000000000000000
Found init rule in `\RAM64M.$proc$/usr/bin/../share/yosys/xilinx/cells_sim.v:1977$1336'.
  Set init value: \mem_a = 64'0000000000000000000000000000000000000000000000000000000000000000
Found init rule in `\RAM32M.$proc$/usr/bin/../share/yosys/xilinx/cells_sim.v:1806$1239'.
  Set init value: \mem_d = 64'0000000000000000000000000000000000000000000000000000000000000000
Found init rule in `\RAM32M.$proc$/usr/bin/../share/yosys/xilinx/cells_sim.v:1805$1238'.
  Set init value: \mem_c = 64'0000000000000000000000000000000000000000000000000000000000000000
Found init rule in `\RAM32M.$proc$/usr/bin/../share/yosys/xilinx/cells_sim.v:1804$1237'.
  Set init value: \mem_b = 64'0000000000000000000000000000000000000000000000000000000000000000
Found init rule in `\RAM32M.$proc$/usr/bin/../share/yosys/xilinx/cells_sim.v:1803$1236'.
  Set init value: \mem_a = 64'0000000000000000000000000000000000000000000000000000000000000000
Found init rule in `\RAM128X1D.$proc$/usr/bin/../share/yosys/xilinx/cells_sim.v:1712$1118'.
  Set init value: \mem = 128'00000000000000000000000000000000000000000000000000000000000000000000000000000000000000000000000000000000000000000000000000000000
Found init rule in `\RAM64X1D.$proc$/usr/bin/../share/yosys/xilinx/cells_sim.v:1607$1081'.
  Set init value: \mem = 64'0000000000000000000000000000000000000000000000000000000000000000
Found init rule in `\RAM32X1D_1.$proc$/usr/bin/../share/yosys/xilinx/cells_sim.v:1561$1045'.
  Set init value: \mem = 0
Found init rule in `\RAM32X1D.$proc$/usr/bin/../share/yosys/xilinx/cells_sim.v:1502$1027'.
  Set init value: \mem = 0
Found init rule in `\FDPE_1.$proc$/usr/bin/../share/yosys/xilinx/cells_sim.v:0$955'.
  Set init value: \Q = 1'1
Found init rule in `\FDPE.$proc$/usr/bin/../share/yosys/xilinx/cells_sim.v:0$951'.
  Set init value: \Q = 1'1
Found init rule in `\FDCE_1.$proc$/usr/bin/../share/yosys/xilinx/cells_sim.v:0$937'.
  Set init value: \Q = 1'0
Found init rule in `\FDCE.$proc$/usr/bin/../share/yosys/xilinx/cells_sim.v:0$933'.
  Set init value: \Q = 1'0
Found init rule in `\FDSE_1.$proc$/usr/bin/../share/yosys/xilinx/cells_sim.v:0$919'.
  Set init value: \Q = 1'1
Found init rule in `\FDSE.$proc$/usr/bin/../share/yosys/xilinx/cells_sim.v:0$915'.
  Set init value: \Q = 1'1
Found init rule in `\FDRE_1.$proc$/usr/bin/../share/yosys/xilinx/cells_sim.v:0$897'.
  Set init value: \Q = 1'0
Found init rule in `\FDRE.$proc$/usr/bin/../share/yosys/xilinx/cells_sim.v:0$893'.
  Set init value: \Q = 1'0

16.4.5. Executing PROC_ARST pass (detect async resets in processes).
Found async reset \PRE in `\FDPE_1.$proc$/usr/bin/../share/yosys/xilinx/cells_sim.v:815$952'.
Found async reset \PRE in `\FDPE.$proc$/usr/bin/../share/yosys/xilinx/cells_sim.v:774$949'.
Found async reset \CLR in `\FDCE_1.$proc$/usr/bin/../share/yosys/xilinx/cells_sim.v:736$934'.
Found async reset \CLR in `\FDCE.$proc$/usr/bin/../share/yosys/xilinx/cells_sim.v:695$931'.
Found async reset \u_dotp.rst_n in `\soc_multi.$flatten\u_dotp.$proc$rtl/custom/dotp.sv:60$158'.
Found async reset \u_timer.rst_n in `\soc_multi.$flatten\u_timer.$proc$rtl/periph/timer.sv:28$113'.
Found async reset \u_uart.rst_n in `\soc_multi.$flatten\u_uart.$proc$rtl/periph/uart.sv:47$272'.
Found async reset \u_uart.rst_n in `\soc_multi.$flatten\u_uart.$proc$rtl/periph/uart.sv:68$287'.
Found async reset \u_uart.u_tx.rst_n in `\soc_multi.$flatten\u_uart.\u_tx.$proc$rtl/periph/uart_tx.sv:21$238'.
Found async reset \u_uart.u_rx.rst_n in `\soc_multi.$flatten\u_uart.\u_rx.$proc$rtl/periph/uart_rx.sv:30$225'.
Found async reset \u_uart.u_rx.rst_n in `\soc_multi.$flatten\u_uart.\u_rx.$proc$rtl/periph/uart_rx.sv:13$223'.
Found async reset \u_core.rst_n in `\soc_multi.$flatten\u_core.$proc$rtl/core/core_multi.sv:194$327'.
Found async reset \rst_n in `\soc_multi.$proc$rtl/soc/soc_multi.sv:138$220'.

16.4.6. Executing PROC_ROM pass (convert switches to ROMs).
Converted 0 switches.
<suppressed ~90 debug messages>

16.4.7. Executing PROC_MUX pass (convert decision trees to multiplexers).
Creating decoders for process `\SRLC32E.$proc$/usr/bin/../share/yosys/xilinx/cells_sim.v:2405$1390'.
Creating decoders for process `\SRLC32E.$proc$/usr/bin/../share/yosys/xilinx/cells_sim.v:2413$1389'.
     1/1: $0\r[31:0]
Creating decoders for process `\SRLC16E.$proc$/usr/bin/../share/yosys/xilinx/cells_sim.v:2361$1383'.
Creating decoders for process `\SRLC16E.$proc$/usr/bin/../share/yosys/xilinx/cells_sim.v:2369$1382'.
     1/1: $0\r[15:0]
Creating decoders for process `\SRLC16.$proc$/usr/bin/../share/yosys/xilinx/cells_sim.v:2329$1376'.
Creating decoders for process `\SRLC16.$proc$/usr/bin/../share/yosys/xilinx/cells_sim.v:2332$1375'.
Creating decoders for process `\SRL16E.$proc$/usr/bin/../share/yosys/xilinx/cells_sim.v:2292$1373'.
Creating decoders for process `\SRL16E.$proc$/usr/bin/../share/yosys/xilinx/cells_sim.v:2299$1372'.
     1/1: $0\r[15:0]
Creating decoders for process `\SRL16.$proc$/usr/bin/../share/yosys/xilinx/cells_sim.v:2264$1366'.
Creating decoders for process `\SRL16.$proc$/usr/bin/../share/yosys/xilinx/cells_sim.v:2266$1365'.
Creating decoders for process `\RAM64M.$proc$/usr/bin/../share/yosys/xilinx/cells_sim.v:1980$1339'.
Creating decoders for process `\RAM64M.$proc$/usr/bin/../share/yosys/xilinx/cells_sim.v:1979$1338'.
Creating decoders for process `\RAM64M.$proc$/usr/bin/../share/yosys/xilinx/cells_sim.v:1978$1337'.
Creating decoders for process `\RAM64M.$proc$/usr/bin/../share/yosys/xilinx/cells_sim.v:1977$1336'.
Creating decoders for process `\RAM64M.$proc$/usr/bin/../share/yosys/xilinx/cells_sim.v:1986$1261'.
     1/8: $1$lookahead\mem_d$1260[63:0]$1277
     2/8: $1$bitselwrite$pos$/usr/bin/../share/yosys/xilinx/cells_sim.v:1991$1251[5:0]$1273
     3/8: $1$lookahead\mem_c$1259[63:0]$1276
     4/8: $1$bitselwrite$pos$/usr/bin/../share/yosys/xilinx/cells_sim.v:1990$1250[5:0]$1272
     5/8: $1$lookahead\mem_b$1258[63:0]$1275
     6/8: $1$bitselwrite$pos$/usr/bin/../share/yosys/xilinx/cells_sim.v:1989$1249[5:0]$1271
     7/8: $1$lookahead\mem_a$1257[63:0]$1274
     8/8: $1$bitselwrite$pos$/usr/bin/../share/yosys/xilinx/cells_sim.v:1988$1248[5:0]$1270
Creating decoders for process `\RAM32M.$proc$/usr/bin/../share/yosys/xilinx/cells_sim.v:1806$1239'.
Creating decoders for process `\RAM32M.$proc$/usr/bin/../share/yosys/xilinx/cells_sim.v:1805$1238'.
Creating decoders for process `\RAM32M.$proc$/usr/bin/../share/yosys/xilinx/cells_sim.v:1804$1237'.
Creating decoders for process `\RAM32M.$proc$/usr/bin/../share/yosys/xilinx/cells_sim.v:1803$1236'.
Creating decoders for process `\RAM32M.$proc$/usr/bin/../share/yosys/xilinx/cells_sim.v:1812$1141'.
     1/8: $1$lookahead\mem_d$1140[63:0]$1150
     2/8: $1$bitselwrite$pos$/usr/bin/../share/yosys/xilinx/cells_sim.v:1817$1123[31:0]$1154
     3/8: $1$lookahead\mem_c$1139[63:0]$1151
     4/8: $1$bitselwrite$pos$/usr/bin/../share/yosys/xilinx/cells_sim.v:1816$1122[31:0]$1155
     5/8: $1$lookahead\mem_b$1138[63:0]$1152
     6/8: $1$bitselwrite$pos$/usr/bin/../share/yosys/xilinx/cells_sim.v:1815$1121[31:0]$1156
     7/8: $1$lookahead\mem_a$1137[63:0]$1153
     8/8: $1$bitselwrite$pos$/usr/bin/../share/yosys/xilinx/cells_sim.v:1814$1120[31:0]$1157
Creating decoders for process `\RAM128X1D.$proc$/usr/bin/../share/yosys/xilinx/cells_sim.v:1712$1118'.
Creating decoders for process `\RAM128X1D.$proc$/usr/bin/../share/yosys/xilinx/cells_sim.v:1716$1088'.
     1/2: $1$lookahead\mem$1087[127:0]$1091
     2/2: $1$bitselwrite$pos$/usr/bin/../share/yosys/xilinx/cells_sim.v:1716$1083[6:0]$1092
Creating decoders for process `\RAM64X1D.$proc$/usr/bin/../share/yosys/xilinx/cells_sim.v:1607$1081'.
Creating decoders for process `\RAM64X1D.$proc$/usr/bin/../share/yosys/xilinx/cells_sim.v:1611$1051'.
     1/2: $1$lookahead\mem$1050[63:0]$1054
     2/2: $1$bitselwrite$pos$/usr/bin/../share/yosys/xilinx/cells_sim.v:1611$1046[5:0]$1055
Creating decoders for process `\RAM32X1D_1.$proc$/usr/bin/../share/yosys/xilinx/cells_sim.v:1561$1045'.
Creating decoders for process `\RAM32X1D_1.$proc$/usr/bin/../share/yosys/xilinx/cells_sim.v:1565$1033'.
     1/2: $1$lookahead\mem$1032[31:0]$1037
     2/2: $1$bitselwrite$pos$/usr/bin/../share/yosys/xilinx/cells_sim.v:1565$1028[4:0]$1036
Creating decoders for process `\RAM32X1D.$proc$/usr/bin/../share/yosys/xilinx/cells_sim.v:1502$1027'.
Creating decoders for process `\RAM32X1D.$proc$/usr/bin/../share/yosys/xilinx/cells_sim.v:1506$1003'.
     1/2: $1$lookahead\mem$1002[31:0]$1006
     2/2: $1$bitselwrite$pos$/usr/bin/../share/yosys/xilinx/cells_sim.v:1506$998[4:0]$1007
Creating decoders for process `\FDPE_1.$proc$/usr/bin/../share/yosys/xilinx/cells_sim.v:0$955'.
Creating decoders for process `\FDPE_1.$proc$/usr/bin/../share/yosys/xilinx/cells_sim.v:815$952'.
     1/1: $0\Q[0:0]
Creating decoders for process `\FDPE.$proc$/usr/bin/../share/yosys/xilinx/cells_sim.v:0$951'.
Creating decoders for process `\FDPE.$proc$/usr/bin/../share/yosys/xilinx/cells_sim.v:774$949'.
     1/1: $0\Q[0:0]
Creating decoders for process `\FDCE_1.$proc$/usr/bin/../share/yosys/xilinx/cells_sim.v:0$937'.
Creating decoders for process `\FDCE_1.$proc$/usr/bin/../share/yosys/xilinx/cells_sim.v:736$934'.
     1/1: $0\Q[0:0]
Creating decoders for process `\FDCE.$proc$/usr/bin/../share/yosys/xilinx/cells_sim.v:0$933'.
Creating decoders for process `\FDCE.$proc$/usr/bin/../share/yosys/xilinx/cells_sim.v:695$931'.
     1/1: $0\Q[0:0]
Creating decoders for process `\FDSE_1.$proc$/usr/bin/../share/yosys/xilinx/cells_sim.v:0$919'.
Creating decoders for process `\FDSE_1.$proc$/usr/bin/../share/yosys/xilinx/cells_sim.v:592$916'.
     1/1: $0\Q[0:0]
Creating decoders for process `\FDSE.$proc$/usr/bin/../share/yosys/xilinx/cells_sim.v:0$915'.
Creating decoders for process `\FDSE.$proc$/usr/bin/../share/yosys/xilinx/cells_sim.v:559$912'.
     1/1: $0\Q[0:0]
Creating decoders for process `\FDRE_1.$proc$/usr/bin/../share/yosys/xilinx/cells_sim.v:0$897'.
Creating decoders for process `\FDRE_1.$proc$/usr/bin/../share/yosys/xilinx/cells_sim.v:527$894'.
     1/1: $0\Q[0:0]
Creating decoders for process `\FDRE.$proc$/usr/bin/../share/yosys/xilinx/cells_sim.v:0$893'.
Creating decoders for process `\FDRE.$proc$/usr/bin/../share/yosys/xilinx/cells_sim.v:494$890'.
     1/1: $0\Q[0:0]
Creating decoders for process `\soc_multi.$flatten\u_dotp.$proc$rtl/custom/dotp.sv:60$158'.
     1/9: $flatten\u_dotp.$0\b[3][31:0]
     2/9: $flatten\u_dotp.$0\b[2][31:0]
     3/9: $flatten\u_dotp.$0\b[1][31:0]
     4/9: $flatten\u_dotp.$0\b[0][31:0]
     5/9: $flatten\u_dotp.$0\a[3][31:0]
     6/9: $flatten\u_dotp.$0\a[2][31:0]
     7/9: $flatten\u_dotp.$0\a[1][31:0]
     8/9: $flatten\u_dotp.$0\a[0][31:0]
     9/9: $flatten\u_dotp.$0\result[31:0]
Creating decoders for process `\soc_multi.$flatten\u_dotp.$proc$rtl/custom/dotp.sv:0$161'.
     1/1: $flatten\u_dotp.$1\rdata[31:0]
Creating decoders for process `\soc_multi.$flatten\u_timer.$proc$rtl/periph/timer.sv:28$113'.
     1/4: $flatten\u_timer.$0\cnt[31:0]
     2/4: $flatten\u_timer.$0\pending[0:0]
     3/4: $flatten\u_timer.$0\ie[0:0]
     4/4: $flatten\u_timer.$0\cmp[31:0]
Creating decoders for process `\soc_multi.$flatten\u_timer.$proc$rtl/periph/timer.sv:0$118'.
     1/1: $flatten\u_timer.$1\rdata[31:0]
Creating decoders for process `\soc_multi.$flatten\u_uart.$proc$rtl/periph/uart.sv:47$272'.
     1/3: $flatten\u_uart.$0\tx_pending[0:0]
     2/3: $flatten\u_uart.$0\tx_hold[7:0]
     3/3: $flatten\u_uart.$0\rx_avail[0:0]
Creating decoders for process `\soc_multi.$flatten\u_uart.$proc$rtl/periph/uart.sv:68$287'.
     1/1: $flatten\u_uart.$0\rx_hold[7:0]
Creating decoders for process `\soc_multi.$flatten\u_uart.$proc$rtl/periph/uart.sv:0$289'.
     1/1: $flatten\u_uart.$1\rdata[31:0]
Creating decoders for process `\soc_multi.$flatten\u_uart.\u_tx.$proc$rtl/periph/uart_tx.sv:21$238'.
     1/4: $flatten\u_uart.\u_tx.$0\baud_cnt[31:0]
     2/4: $flatten\u_uart.\u_tx.$0\active[0:0]
     3/4: $flatten\u_uart.\u_tx.$0\bitpos[3:0]
     4/4: $flatten\u_uart.\u_tx.$0\frame[9:0]
Creating decoders for process `\soc_multi.$flatten\u_uart.\u_rx.$proc$rtl/periph/uart_rx.sv:30$225'.
     1/6: $flatten\u_uart.\u_rx.$0\ready[0:0]
     2/6: $flatten\u_uart.\u_rx.$0\shreg[7:0]
     3/6: $flatten\u_uart.\u_rx.$0\state[1:0]
     4/6: $flatten\u_uart.\u_rx.$0\baud_cnt[31:0]
     5/6: $flatten\u_uart.\u_rx.$0\bitpos[2:0]
     6/6: $flatten\u_uart.\u_rx.$0\data[7:0]
Creating decoders for process `\soc_multi.$flatten\u_uart.\u_rx.$proc$rtl/periph/uart_rx.sv:13$223'.
     1/2: $flatten\u_uart.\u_rx.$0\rx_sync[0:0]
     2/2: $flatten\u_uart.\u_rx.$0\rx_meta[0:0]
Creating decoders for process `\soc_multi.$flatten\u_core.$proc$rtl/core/core_multi.sv:0$294'.
     1/1: $flatten\u_core.$1\alu_a[31:0]
Creating decoders for process `\soc_multi.$flatten\u_core.$proc$rtl/core/core_multi.sv:0$296'.
     1/1: $flatten\u_core.$1\br_cond[0:0]
Creating decoders for process `\soc_multi.$flatten\u_core.$proc$rtl/core/core_multi.sv:0$314'.
     1/1: $flatten\u_core.$1\state_next[2:0]
Creating decoders for process `\soc_multi.$flatten\u_core.$proc$rtl/core/core_multi.sv:194$327'.
     1/10: $flatten\u_core.$0\load_data[31:0]
     2/10: $flatten\u_core.$0\ex_result[31:0]
     3/10: $flatten\u_core.$0\rs2_val[31:0]
     4/10: $flatten\u_core.$0\rs1_val[31:0]
     5/10: $flatten\u_core.$0\in_handler[0:0]
     6/10: $flatten\u_core.$0\epc[31:0]
     7/10: $flatten\u_core.$0\nextpc_q[31:0]
     8/10: $flatten\u_core.$0\pc[31:0]
     9/10: $flatten\u_core.$0\state[2:0]
    10/10: $flatten\u_core.$0\instr[31:0]
Creating decoders for process `\soc_multi.$flatten\u_core.\u_dec.$proc$rtl/core/decoder.sv:0$40'.
     1/67: $flatten\u_core.\u_dec.$3\is_cus[0:0]
     2/67: $flatten\u_core.\u_dec.$3\is_mret[0:0]
     3/67: $flatten\u_core.\u_dec.$4\br_type[2:0]
     4/67: $flatten\u_core.\u_dec.$3\mem_we[0:0]
     5/67: $flatten\u_core.\u_dec.$5\reg_we[0:0]
     6/67: $flatten\u_core.\u_dec.$2\is_cus[0:0]
     7/67: $flatten\u_core.\u_dec.$4\wb_sel[1:0]
     8/67: $flatten\u_core.\u_dec.$4\reg_we[0:0]
     9/67: $flatten\u_core.\u_dec.$23\illegal[0:0]
    10/67: $flatten\u_core.\u_dec.$2\is_mret[0:0]
    11/67: $flatten\u_core.\u_dec.$22\illegal[0:0]
    12/67: $flatten\u_core.\u_dec.$21\illegal[0:0]
    13/67: $flatten\u_core.\u_dec.$20\illegal[0:0]
    14/67: $flatten\u_core.\u_dec.$12\alu_op[3:0]
    15/67: $flatten\u_core.\u_dec.$19\illegal[0:0]
    16/67: $flatten\u_core.\u_dec.$11\alu_op[3:0]
    17/67: $flatten\u_core.\u_dec.$18\illegal[0:0]
    18/67: $flatten\u_core.\u_dec.$17\illegal[0:0]
    19/67: $flatten\u_core.\u_dec.$16\illegal[0:0]
    20/67: $flatten\u_core.\u_dec.$15\illegal[0:0]
    21/67: $flatten\u_core.\u_dec.$14\illegal[0:0]
    22/67: $flatten\u_core.\u_dec.$10\alu_op[3:0]
    23/67: $flatten\u_core.\u_dec.$13\illegal[0:0]
    24/67: $flatten\u_core.\u_dec.$9\alu_op[3:0]
    25/67: $flatten\u_core.\u_dec.$12\illegal[0:0]
    26/67: $flatten\u_core.\u_dec.$8\alu_op[3:0]
    27/67: $flatten\u_core.\u_dec.$11\illegal[0:0]
    28/67: $flatten\u_core.\u_dec.$10\illegal[0:0]
    29/67: $flatten\u_core.\u_dec.$7\alu_op[3:0]
    30/67: $flatten\u_core.\u_dec.$6\alu_op[3:0]
    31/67: $flatten\u_core.\u_dec.$9\illegal[0:0]
    32/67: $flatten\u_core.\u_dec.$5\alu_op[3:0]
    33/67: $flatten\u_core.\u_dec.$8\illegal[0:0]
    34/67: $flatten\u_core.\u_dec.$7\illegal[0:0]
    35/67: $flatten\u_core.\u_dec.$4\alu_op[3:0]
    36/67: $flatten\u_core.\u_dec.$6\illegal[0:0]
    37/67: $flatten\u_core.\u_dec.$4\imm_type[2:0]
    38/67: $flatten\u_core.\u_dec.$3\alu_op[3:0]
    39/67: $flatten\u_core.\u_dec.$3\alu_b_imm[0:0]
    40/67: $flatten\u_core.\u_dec.$2\mem_we[0:0]
    41/67: $flatten\u_core.\u_dec.$5\illegal[0:0]
    42/67: $flatten\u_core.\u_dec.$3\imm_type[2:0]
    43/67: $flatten\u_core.\u_dec.$2\alu_op[3:0]
    44/67: $flatten\u_core.\u_dec.$2\alu_b_imm[0:0]
    45/67: $flatten\u_core.\u_dec.$3\wb_sel[1:0]
    46/67: $flatten\u_core.\u_dec.$3\reg_we[0:0]
    47/67: $flatten\u_core.\u_dec.$4\illegal[0:0]
    48/67: $flatten\u_core.\u_dec.$3\br_type[2:0]
    49/67: $flatten\u_core.\u_dec.$3\illegal[0:0]
    50/67: $flatten\u_core.\u_dec.$2\imm_type[2:0]
    51/67: $flatten\u_core.\u_dec.$2\jalr[0:0]
    52/67: $flatten\u_core.\u_dec.$2\br_type[2:0]
    53/67: $flatten\u_core.\u_dec.$2\wb_sel[1:0]
    54/67: $flatten\u_core.\u_dec.$2\reg_we[0:0]
    55/67: $flatten\u_core.\u_dec.$2\illegal[0:0]
    56/67: $flatten\u_core.\u_dec.$1\imm_type[2:0]
    57/67: $flatten\u_core.\u_dec.$1\alu_op[3:0]
    58/67: $flatten\u_core.\u_dec.$1\alu_b_imm[0:0]
    59/67: $flatten\u_core.\u_dec.$1\alu_a_sel[1:0]
    60/67: $flatten\u_core.\u_dec.$1\reg_we[0:0]
    61/67: $flatten\u_core.\u_dec.$1\illegal[0:0]
    62/67: $flatten\u_core.\u_dec.$1\is_cus[0:0]
    63/67: $flatten\u_core.\u_dec.$1\is_mret[0:0]
    64/67: $flatten\u_core.\u_dec.$1\jalr[0:0]
    65/67: $flatten\u_core.\u_dec.$1\br_type[2:0]
    66/67: $flatten\u_core.\u_dec.$1\mem_we[0:0]
    67/67: $flatten\u_core.\u_dec.$1\wb_sel[1:0]
Creating decoders for process `\soc_multi.$flatten\u_core.\u_rf.$proc$rtl/core/regfile.sv:0$265'.
     1/4: $flatten\u_core.\u_rf.$2\rdata2[31:0]
     2/4: $flatten\u_core.\u_rf.$1\rdata2[31:0]
     3/4: $flatten\u_core.\u_rf.$2\rdata1[31:0]
     4/4: $flatten\u_core.\u_rf.$1\rdata1[31:0]
Creating decoders for process `\soc_multi.$flatten\u_core.\u_rf.$proc$rtl/core/regfile.sv:32$246'.
     1/3: $flatten\u_core.\u_rf.$1$memwr$\regs$rtl/core/regfile.sv:34$245_EN[31:0]$254
     2/3: $flatten\u_core.\u_rf.$1$memwr$\regs$rtl/core/regfile.sv:34$245_DATA[31:0]$253
     3/3: $flatten\u_core.\u_rf.$1$memwr$\regs$rtl/core/regfile.sv:34$245_ADDR[4:0]$252
Creating decoders for process `\soc_multi.$flatten\u_core.\u_imm.$proc$rtl/core/imm_gen.sv:0$39'.
     1/1: $flatten\u_core.\u_imm.$1\imm[31:0]
Creating decoders for process `\soc_multi.$flatten\u_core.\u_alu.$proc$rtl/core/alu.sv:0$4'.
     1/1: $flatten\u_core.\u_alu.$1\y[31:0]
Creating decoders for process `\soc_multi.$proc$rtl/soc/soc_multi.sv:138$220'.
     1/2: $0\exit_code[31:0]
     2/2: $0\exit_valid[0:0]
Creating decoders for process `\soc_multi.$proc$rtl/soc/soc_multi.sv:0$219'.
     1/1: $1\dmem_rdata[31:0]

16.4.8. Executing PROC_DLATCH pass (convert process syncs to latches).
No latch inferred for signal `\soc_multi.\u_dotp.rdata' from process `\soc_multi.$flatten\u_dotp.$proc$rtl/custom/dotp.sv:0$161'.
No latch inferred for signal `\soc_multi.\u_timer.rdata' from process `\soc_multi.$flatten\u_timer.$proc$rtl/periph/timer.sv:0$118'.
No latch inferred for signal `\soc_multi.\u_uart.rdata' from process `\soc_multi.$flatten\u_uart.$proc$rtl/periph/uart.sv:0$289'.
No latch inferred for signal `\soc_multi.\u_core.alu_a' from process `\soc_multi.$flatten\u_core.$proc$rtl/core/core_multi.sv:0$294'.
No latch inferred for signal `\soc_multi.\u_core.br_cond' from process `\soc_multi.$flatten\u_core.$proc$rtl/core/core_multi.sv:0$296'.
No latch inferred for signal `\soc_multi.\u_core.state_next' from process `\soc_multi.$flatten\u_core.$proc$rtl/core/core_multi.sv:0$314'.
No latch inferred for signal `\soc_multi.\u_core.u_dec.imm_type' from process `\soc_multi.$flatten\u_core.\u_dec.$proc$rtl/core/decoder.sv:0$40'.
No latch inferred for signal `\soc_multi.\u_core.u_dec.reg_we' from process `\soc_multi.$flatten\u_core.\u_dec.$proc$rtl/core/decoder.sv:0$40'.
No latch inferred for signal `\soc_multi.\u_core.u_dec.wb_sel' from process `\soc_multi.$flatten\u_core.\u_dec.$proc$rtl/core/decoder.sv:0$40'.
No latch inferred for signal `\soc_multi.\u_core.u_dec.mem_we' from process `\soc_multi.$flatten\u_core.\u_dec.$proc$rtl/core/decoder.sv:0$40'.
No latch inferred for signal `\soc_multi.\u_core.u_dec.alu_a_sel' from process `\soc_multi.$flatten\u_core.\u_dec.$proc$rtl/core/decoder.sv:0$40'.
No latch inferred for signal `\soc_multi.\u_core.u_dec.alu_b_imm' from process `\soc_multi.$flatten\u_core.\u_dec.$proc$rtl/core/decoder.sv:0$40'.
No latch inferred for signal `\soc_multi.\u_core.u_dec.alu_op' from process `\soc_multi.$flatten\u_core.\u_dec.$proc$rtl/core/decoder.sv:0$40'.
No latch inferred for signal `\soc_multi.\u_core.u_dec.br_type' from process `\soc_multi.$flatten\u_core.\u_dec.$proc$rtl/core/decoder.sv:0$40'.
No latch inferred for signal `\soc_multi.\u_core.u_dec.jalr' from process `\soc_multi.$flatten\u_core.\u_dec.$proc$rtl/core/decoder.sv:0$40'.
No latch inferred for signal `\soc_multi.\u_core.u_dec.is_mret' from process `\soc_multi.$flatten\u_core.\u_dec.$proc$rtl/core/decoder.sv:0$40'.
No latch inferred for signal `\soc_multi.\u_core.u_dec.is_cus' from process `\soc_multi.$flatten\u_core.\u_dec.$proc$rtl/core/decoder.sv:0$40'.
No latch inferred for signal `\soc_multi.\u_core.u_dec.illegal' from process `\soc_multi.$flatten\u_core.\u_dec.$proc$rtl/core/decoder.sv:0$40'.
No latch inferred for signal `\soc_multi.\u_core.u_rf.rdata1' from process `\soc_multi.$flatten\u_core.\u_rf.$proc$rtl/core/regfile.sv:0$265'.
No latch inferred for signal `\soc_multi.\u_core.u_rf.rdata2' from process `\soc_multi.$flatten\u_core.\u_rf.$proc$rtl/core/regfile.sv:0$265'.
No latch inferred for signal `\soc_multi.\u_core.u_imm.imm' from process `\soc_multi.$flatten\u_core.\u_imm.$proc$rtl/core/imm_gen.sv:0$39'.
No latch inferred for signal `\soc_multi.\u_core.u_alu.y' from process `\soc_multi.$flatten\u_core.\u_alu.$proc$rtl/core/alu.sv:0$4'.
No latch inferred for signal `\soc_multi.\dmem_rdata' from process `\soc_multi.$proc$rtl/soc/soc_multi.sv:0$219'.

16.4.9. Executing PROC_DFF pass (convert process syncs to FFs).
Creating register for signal `\SRLC32E.\r' using process `\SRLC32E.$proc$/usr/bin/../share/yosys/xilinx/cells_sim.v:2413$1389'.
  created $dff cell `$procdff$2698' with positive edge clock.
Creating register for signal `\SRLC16E.\r' using process `\SRLC16E.$proc$/usr/bin/../share/yosys/xilinx/cells_sim.v:2369$1382'.
  created $dff cell `$procdff$2699' with positive edge clock.
Creating register for signal `\SRLC16.\r' using process `\SRLC16.$proc$/usr/bin/../share/yosys/xilinx/cells_sim.v:2332$1375'.
  created $dff cell `$procdff$2700' with positive edge clock.
Creating register for signal `\SRL16E.\r' using process `\SRL16E.$proc$/usr/bin/../share/yosys/xilinx/cells_sim.v:2299$1372'.
  created $dff cell `$procdff$2701' with positive edge clock.
Creating register for signal `\SRL16.\r' using process `\SRL16.$proc$/usr/bin/../share/yosys/xilinx/cells_sim.v:2266$1365'.
  created $dff cell `$procdff$2702' with positive edge clock.
Creating register for signal `\RAM64M.\mem_d' using process `\RAM64M.$proc$/usr/bin/../share/yosys/xilinx/cells_sim.v:1986$1261'.
  created $dff cell `$procdff$2703' with positive edge clock.
Creating register for signal `\RAM64M.\mem_c' using process `\RAM64M.$proc$/usr/bin/../share/yosys/xilinx/cells_sim.v:1986$1261'.
  created $dff cell `$procdff$2704' with positive edge clock.
Creating register for signal `\RAM64M.\mem_b' using process `\RAM64M.$proc$/usr/bin/../share/yosys/xilinx/cells_sim.v:1986$1261'.
  created $dff cell `$procdff$2705' with positive edge clock.
Creating register for signal `\RAM64M.\mem_a' using process `\RAM64M.$proc$/usr/bin/../share/yosys/xilinx/cells_sim.v:1986$1261'.
  created $dff cell `$procdff$2706' with positive edge clock.
Creating register for signal `\RAM64M.$bitselwrite$pos$/usr/bin/../share/yosys/xilinx/cells_sim.v:1988$1248' using process `\RAM64M.$proc$/usr/bin/../share/yosys/xilinx/cells_sim.v:1986$1261'.
  created $dff cell `$procdff$2707' with positive edge clock.
Creating register for signal `\RAM64M.$bitselwrite$pos$/usr/bin/../share/yosys/xilinx/cells_sim.v:1989$1249' using process `\RAM64M.$proc$/usr/bin/../share/yosys/xilinx/cells_sim.v:1986$1261'.
  created $dff cell `$procdff$2708' with positive edge clock.
Creating register for signal `\RAM64M.$bitselwrite$pos$/usr/bin/../share/yosys/xilinx/cells_sim.v:1990$1250' using process `\RAM64M.$proc$/usr/bin/../share/yosys/xilinx/cells_sim.v:1986$1261'.
  created $dff cell `$procdff$2709' with positive edge clock.
Creating register for signal `\RAM64M.$bitselwrite$pos$/usr/bin/../share/yosys/xilinx/cells_sim.v:1991$1251' using process `\RAM64M.$proc$/usr/bin/../share/yosys/xilinx/cells_sim.v:1986$1261'.
  created $dff cell `$procdff$2710' with positive edge clock.
Creating register for signal `\RAM64M.$lookahead\mem_a$1257' using process `\RAM64M.$proc$/usr/bin/../share/yosys/xilinx/cells_sim.v:1986$1261'.
  created $dff cell `$procdff$2711' with positive edge clock.
Creating register for signal `\RAM64M.$lookahead\mem_b$1258' using process `\RAM64M.$proc$/usr/bin/../share/yosys/xilinx/cells_sim.v:1986$1261'.
  created $dff cell `$procdff$2712' with positive edge clock.
Creating register for signal `\RAM64M.$lookahead\mem_c$1259' using process `\RAM64M.$proc$/usr/bin/../share/yosys/xilinx/cells_sim.v:1986$1261'.
  created $dff cell `$procdff$2713' with positive edge clock.
Creating register for signal `\RAM64M.$lookahead\mem_d$1260' using process `\RAM64M.$proc$/usr/bin/../share/yosys/xilinx/cells_sim.v:1986$1261'.
  created $dff cell `$procdff$2714' with positive edge clock.
Creating register for signal `\RAM32M.$lookahead\mem_d$1140' using process `\RAM32M.$proc$/usr/bin/../share/yosys/xilinx/cells_sim.v:1812$1141'.
  created $dff cell `$procdff$2715' with positive edge clock.
Creating register for signal `\RAM32M.$lookahead\mem_c$1139' using process `\RAM32M.$proc$/usr/bin/../share/yosys/xilinx/cells_sim.v:1812$1141'.
  created $dff cell `$procdff$2716' with positive edge clock.
Creating register for signal `\RAM32M.$lookahead\mem_b$1138' using process `\RAM32M.$proc$/usr/bin/../share/yosys/xilinx/cells_sim.v:1812$1141'.
  created $dff cell `$procdff$2717' with positive edge clock.
Creating register for signal `\RAM32M.$lookahead\mem_a$1137' using process `\RAM32M.$proc$/usr/bin/../share/yosys/xilinx/cells_sim.v:1812$1141'.
  created $dff cell `$procdff$2718' with positive edge clock.
Creating register for signal `\RAM32M.$bitselwrite$pos$/usr/bin/../share/yosys/xilinx/cells_sim.v:1817$1123' using process `\RAM32M.$proc$/usr/bin/../share/yosys/xilinx/cells_sim.v:1812$1141'.
  created $dff cell `$procdff$2719' with positive edge clock.
Creating register for signal `\RAM32M.$bitselwrite$pos$/usr/bin/../share/yosys/xilinx/cells_sim.v:1816$1122' using process `\RAM32M.$proc$/usr/bin/../share/yosys/xilinx/cells_sim.v:1812$1141'.
  created $dff cell `$procdff$2720' with positive edge clock.
Creating register for signal `\RAM32M.$bitselwrite$pos$/usr/bin/../share/yosys/xilinx/cells_sim.v:1815$1121' using process `\RAM32M.$proc$/usr/bin/../share/yosys/xilinx/cells_sim.v:1812$1141'.
  created $dff cell `$procdff$2721' with positive edge clock.
Creating register for signal `\RAM32M.$bitselwrite$pos$/usr/bin/../share/yosys/xilinx/cells_sim.v:1814$1120' using process `\RAM32M.$proc$/usr/bin/../share/yosys/xilinx/cells_sim.v:1812$1141'.
  created $dff cell `$procdff$2722' with positive edge clock.
Creating register for signal `\RAM32M.\mem_d' using process `\RAM32M.$proc$/usr/bin/../share/yosys/xilinx/cells_sim.v:1812$1141'.
  created $dff cell `$procdff$2723' with positive edge clock.
Creating register for signal `\RAM32M.\mem_c' using process `\RAM32M.$proc$/usr/bin/../share/yosys/xilinx/cells_sim.v:1812$1141'.
  created $dff cell `$procdff$2724' with positive edge clock.
Creating register for signal `\RAM32M.\mem_b' using process `\RAM32M.$proc$/usr/bin/../share/yosys/xilinx/cells_sim.v:1812$1141'.
  created $dff cell `$procdff$2725' with positive edge clock.
Creating register for signal `\RAM32M.\mem_a' using process `\RAM32M.$proc$/usr/bin/../share/yosys/xilinx/cells_sim.v:1812$1141'.
  created $dff cell `$procdff$2726' with positive edge clock.
Creating register for signal `\RAM128X1D.$lookahead\mem$1087' using process `\RAM128X1D.$proc$/usr/bin/../share/yosys/xilinx/cells_sim.v:1716$1088'.
  created $dff cell `$procdff$2727' with positive edge clock.
Creating register for signal `\RAM128X1D.$bitselwrite$pos$/usr/bin/../share/yosys/xilinx/cells_sim.v:1716$1083' using process `\RAM128X1D.$proc$/usr/bin/../share/yosys/xilinx/cells_sim.v:1716$1088'.
  created $dff cell `$procdff$2728' with positive edge clock.
Creating register for signal `\RAM128X1D.\mem' using process `\RAM128X1D.$proc$/usr/bin/../share/yosys/xilinx/cells_sim.v:1716$1088'.
  created $dff cell `$procdff$2729' with positive edge clock.
Creating register for signal `\RAM64X1D.\mem' using process `\RAM64X1D.$proc$/usr/bin/../share/yosys/xilinx/cells_sim.v:1611$1051'.
  created $dff cell `$procdff$2730' with positive edge clock.
Creating register for signal `\RAM64X1D.$lookahead\mem$1050' using process `\RAM64X1D.$proc$/usr/bin/../share/yosys/xilinx/cells_sim.v:1611$1051'.
  created $dff cell `$procdff$2731' with positive edge clock.
Creating register for signal `\RAM64X1D.$bitselwrite$pos$/usr/bin/../share/yosys/xilinx/cells_sim.v:1611$1046' using process `\RAM64X1D.$proc$/usr/bin/../share/yosys/xilinx/cells_sim.v:1611$1051'.
  created $dff cell `$procdff$2732' with positive edge clock.
Creating register for signal `\RAM32X1D_1.$bitselwrite$pos$/usr/bin/../share/yosys/xilinx/cells_sim.v:1565$1028' using process `\RAM32X1D_1.$proc$/usr/bin/../share/yosys/xilinx/cells_sim.v:1565$1033'.
  created $dff cell `$procdff$2733' with negative edge clock.
Creating register for signal `\RAM32X1D_1.\mem' using process `\RAM32X1D_1.$proc$/usr/bin/../share/yosys/xilinx/cells_sim.v:1565$1033'.
  created $dff cell `$procdff$2734' with negative edge clock.
Creating register for signal `\RAM32X1D_1.$lookahead\mem$1032' using process `\RAM32X1D_1.$proc$/usr/bin/../share/yosys/xilinx/cells_sim.v:1565$1033'.
  created $dff cell `$procdff$2735' with negative edge clock.
Creating register for signal `\RAM32X1D.$lookahead\mem$1002' using process `\RAM32X1D.$proc$/usr/bin/../share/yosys/xilinx/cells_sim.v:1506$1003'.
  created $dff cell `$procdff$2736' with positive edge clock.
Creating register for signal `\RAM32X1D.$bitselwrite$pos$/usr/bin/../share/yosys/xilinx/cells_sim.v:1506$998' using process `\RAM32X1D.$proc$/usr/bin/../share/yosys/xilinx/cells_sim.v:1506$1003'.
  created $dff cell `$procdff$2737' with positive edge clock.
Creating register for signal `\RAM32X1D.\mem' using process `\RAM32X1D.$proc$/usr/bin/../share/yosys/xilinx/cells_sim.v:1506$1003'.
  created $dff cell `$procdff$2738' with positive edge clock.
Creating register for signal `\FDPE_1.\Q' using process `\FDPE_1.$proc$/usr/bin/../share/yosys/xilinx/cells_sim.v:815$952'.
  created $adff cell `$procdff$2741' with negative edge clock and positive level reset.
Creating register for signal `\FDPE.\Q' using process `\FDPE.$proc$/usr/bin/../share/yosys/xilinx/cells_sim.v:774$949'.
  created $adff cell `$procdff$2744' with positive edge clock and positive level reset.
Creating register for signal `\FDCE_1.\Q' using process `\FDCE_1.$proc$/usr/bin/../share/yosys/xilinx/cells_sim.v:736$934'.
  created $adff cell `$procdff$2747' with negative edge clock and positive level reset.
Creating register for signal `\FDCE.\Q' using process `\FDCE.$proc$/usr/bin/../share/yosys/xilinx/cells_sim.v:695$931'.
  created $adff cell `$procdff$2750' with positive edge clock and positive level reset.
Creating register for signal `\FDSE_1.\Q' using process `\FDSE_1.$proc$/usr/bin/../share/yosys/xilinx/cells_sim.v:592$916'.
  created $dff cell `$procdff$2751' with negative edge clock.
Creating register for signal `\FDSE.\Q' using process `\FDSE.$proc$/usr/bin/../share/yosys/xilinx/cells_sim.v:559$912'.
  created $dff cell `$procdff$2752' with positive edge clock.
Creating register for signal `\FDRE_1.\Q' using process `\FDRE_1.$proc$/usr/bin/../share/yosys/xilinx/cells_sim.v:527$894'.
  created $dff cell `$procdff$2753' with negative edge clock.
Creating register for signal `\FDRE.\Q' using process `\FDRE.$proc$/usr/bin/../share/yosys/xilinx/cells_sim.v:494$890'.
  created $dff cell `$procdff$2754' with positive edge clock.
Creating register for signal `\soc_multi.\u_dotp.result' using process `\soc_multi.$flatten\u_dotp.$proc$rtl/custom/dotp.sv:60$158'.
  created $adff cell `$procdff$2759' with positive edge clock and positive level reset.
Creating register for signal `\soc_multi.\u_dotp.a[0]' using process `\soc_multi.$flatten\u_dotp.$proc$rtl/custom/dotp.sv:60$158'.
  created $adff cell `$procdff$2764' with positive edge clock and positive level reset.
Creating register for signal `\soc_multi.\u_dotp.a[1]' using process `\soc_multi.$flatten\u_dotp.$proc$rtl/custom/dotp.sv:60$158'.
  created $adff cell `$procdff$2769' with positive edge clock and positive level reset.
Creating register for signal `\soc_multi.\u_dotp.a[2]' using process `\soc_multi.$flatten\u_dotp.$proc$rtl/custom/dotp.sv:60$158'.
  created $adff cell `$procdff$2774' with positive edge clock and positive level reset.
Creating register for signal `\soc_multi.\u_dotp.a[3]' using process `\soc_multi.$flatten\u_dotp.$proc$rtl/custom/dotp.sv:60$158'.
  created $adff cell `$procdff$2779' with positive edge clock and positive level reset.
Creating register for signal `\soc_multi.\u_dotp.b[0]' using process `\soc_multi.$flatten\u_dotp.$proc$rtl/custom/dotp.sv:60$158'.
  created $adff cell `$procdff$2784' with positive edge clock and positive level reset.
Creating register for signal `\soc_multi.\u_dotp.b[1]' using process `\soc_multi.$flatten\u_dotp.$proc$rtl/custom/dotp.sv:60$158'.
  created $adff cell `$procdff$2789' with positive edge clock and positive level reset.
Creating register for signal `\soc_multi.\u_dotp.b[2]' using process `\soc_multi.$flatten\u_dotp.$proc$rtl/custom/dotp.sv:60$158'.
  created $adff cell `$procdff$2794' with positive edge clock and positive level reset.
Creating register for signal `\soc_multi.\u_dotp.b[3]' using process `\soc_multi.$flatten\u_dotp.$proc$rtl/custom/dotp.sv:60$158'.
  created $adff cell `$procdff$2799' with positive edge clock and positive level reset.
Creating register for signal `\soc_multi.\u_timer.cnt' using process `\soc_multi.$flatten\u_timer.$proc$rtl/periph/timer.sv:28$113'.
  created $adff cell `$procdff$2804' with positive edge clock and positive level reset.
Creating register for signal `\soc_multi.\u_timer.cmp' using process `\soc_multi.$flatten\u_timer.$proc$rtl/periph/timer.sv:28$113'.
  created $adff cell `$procdff$2809' with positive edge clock and positive level reset.
Creating register for signal `\soc_multi.\u_timer.ie' using process `\soc_multi.$flatten\u_timer.$proc$rtl/periph/timer.sv:28$113'.
  created $adff cell `$procdff$2814' with positive edge clock and positive level reset.
Creating register for signal `\soc_multi.\u_timer.pending' using process `\soc_multi.$flatten\u_timer.$proc$rtl/periph/timer.sv:28$113'.
  created $adff cell `$procdff$2819' with positive edge clock and positive level reset.
Creating register for signal `\soc_multi.\u_uart.rx_avail' using process `\soc_multi.$flatten\u_uart.$proc$rtl/periph/uart.sv:47$272'.
  created $adff cell `$procdff$2824' with positive edge clock and positive level reset.
Creating register for signal `\soc_multi.\u_uart.tx_hold' using process `\soc_multi.$flatten\u_uart.$proc$rtl/periph/uart.sv:47$272'.
  created $adff cell `$procdff$2829' with positive edge clock and positive level reset.
Creating register for signal `\soc_multi.\u_uart.tx_pending' using process `\soc_multi.$flatten\u_uart.$proc$rtl/periph/uart.sv:47$272'.
  created $adff cell `$procdff$2834' with positive edge clock and positive level reset.
Creating register for signal `\soc_multi.\u_uart.rx_hold' using process `\soc_multi.$flatten\u_uart.$proc$rtl/periph/uart.sv:68$287'.
  created $adff cell `$procdff$2839' with positive edge clock and positive level reset.
Creating register for signal `\soc_multi.\u_uart.u_tx.frame' using process `\soc_multi.$flatten\u_uart.\u_tx.$proc$rtl/periph/uart_tx.sv:21$238'.
  created $adff cell `$procdff$2844' with positive edge clock and positive level reset.
Creating register for signal `\soc_multi.\u_uart.u_tx.bitpos' using process `\soc_multi.$flatten\u_uart.\u_tx.$proc$rtl/periph/uart_tx.sv:21$238'.
  created $adff cell `$procdff$2849' with positive edge clock and positive level reset.
Creating register for signal `\soc_multi.\u_uart.u_tx.baud_cnt' using process `\soc_multi.$flatten\u_uart.\u_tx.$proc$rtl/periph/uart_tx.sv:21$238'.
  created $adff cell `$procdff$2854' with positive edge clock and positive level reset.
Creating register for signal `\soc_multi.\u_uart.u_tx.active' using process `\soc_multi.$flatten\u_uart.\u_tx.$proc$rtl/periph/uart_tx.sv:21$238'.
  created $adff cell `$procdff$2859' with positive edge clock and positive level reset.
Creating register for signal `\soc_multi.\u_uart.u_rx.data' using process `\soc_multi.$flatten\u_uart.\u_rx.$proc$rtl/periph/uart_rx.sv:30$225'.
  created $adff cell `$procdff$2864' with positive edge clock and positive level reset.
Creating register for signal `\soc_multi.\u_uart.u_rx.bitpos' using process `\soc_multi.$flatten\u_uart.\u_rx.$proc$rtl/periph/uart_rx.sv:30$225'.
  created $adff cell `$procdff$2869' with positive edge clock and positive level reset.
Creating register for signal `\soc_multi.\u_uart.u_rx.baud_cnt' using process `\soc_multi.$flatten\u_uart.\u_rx.$proc$rtl/periph/uart_rx.sv:30$225'.
  created $adff cell `$procdff$2874' with positive edge clock and positive level reset.
Creating register for signal `\soc_multi.\u_uart.u_rx.ready' using process `\soc_multi.$flatten\u_uart.\u_rx.$proc$rtl/periph/uart_rx.sv:30$225'.
  created $adff cell `$procdff$2879' with positive edge clock and positive level reset.
Creating register for signal `\soc_multi.\u_uart.u_rx.state' using process `\soc_multi.$flatten\u_uart.\u_rx.$proc$rtl/periph/uart_rx.sv:30$225'.
  created $adff cell `$procdff$2884' with positive edge clock and positive level reset.
Creating register for signal `\soc_multi.\u_uart.u_rx.shreg' using process `\soc_multi.$flatten\u_uart.\u_rx.$proc$rtl/periph/uart_rx.sv:30$225'.
  created $adff cell `$procdff$2889' with positive edge clock and positive level reset.
Creating register for signal `\soc_multi.\u_uart.u_rx.rx_meta' using process `\soc_multi.$flatten\u_uart.\u_rx.$proc$rtl/periph/uart_rx.sv:13$223'.
  created $adff cell `$procdff$2894' with positive edge clock and positive level reset.
Creating register for signal `\soc_multi.\u_uart.u_rx.rx_sync' using process `\soc_multi.$flatten\u_uart.\u_rx.$proc$rtl/periph/uart_rx.sv:13$223'.
  created $adff cell `$procdff$2899' with positive edge clock and positive level reset.
Creating register for signal `\soc_multi.\u_core.instr' using process `\soc_multi.$flatten\u_core.$proc$rtl/core/core_multi.sv:194$327'.
  created $adff cell `$procdff$2904' with positive edge clock and positive level reset.
Creating register for signal `\soc_multi.\u_core.state' using process `\soc_multi.$flatten\u_core.$proc$rtl/core/core_multi.sv:194$327'.
  created $adff cell `$procdff$2909' with positive edge clock and positive level reset.
Creating register for signal `\soc_multi.\u_core.pc' using process `\soc_multi.$flatten\u_core.$proc$rtl/core/core_multi.sv:194$327'.
  created $adff cell `$procdff$2914' with positive edge clock and positive level reset.
Creating register for signal `\soc_multi.\u_core.nextpc_q' using process `\soc_multi.$flatten\u_core.$proc$rtl/core/core_multi.sv:194$327'.
  created $adff cell `$procdff$2919' with positive edge clock and positive level reset.
Creating register for signal `\soc_multi.\u_core.epc' using process `\soc_multi.$flatten\u_core.$proc$rtl/core/core_multi.sv:194$327'.
  created $adff cell `$procdff$2924' with positive edge clock and positive level reset.
Creating register for signal `\soc_multi.\u_core.in_handler' using process `\soc_multi.$flatten\u_core.$proc$rtl/core/core_multi.sv:194$327'.
  created $adff cell `$procdff$2929' with positive edge clock and positive level reset.
Creating register for signal `\soc_multi.\u_core.rs1_val' using process `\soc_multi.$flatten\u_core.$proc$rtl/core/core_multi.sv:194$327'.
  created $adff cell `$procdff$2934' with positive edge clock and positive level reset.
Creating register for signal `\soc_multi.\u_core.rs2_val' using process `\soc_multi.$flatten\u_core.$proc$rtl/core/core_multi.sv:194$327'.
  created $adff cell `$procdff$2939' with positive edge clock and positive level reset.
Creating register for signal `\soc_multi.\u_core.ex_result' using process `\soc_multi.$flatten\u_core.$proc$rtl/core/core_multi.sv:194$327'.
  created $adff cell `$procdff$2944' with positive edge clock and positive level reset.
Creating register for signal `\soc_multi.\u_core.load_data' using process `\soc_multi.$flatten\u_core.$proc$rtl/core/core_multi.sv:194$327'.
  created $adff cell `$procdff$2949' with positive edge clock and positive level reset.
Creating register for signal `\soc_multi.$flatten\u_core.\u_rf.$memwr$\regs$rtl/core/regfile.sv:34$245_ADDR' using process `\soc_multi.$flatten\u_core.\u_rf.$proc$rtl/core/regfile.sv:32$246'.
  created $dff cell `$procdff$2950' with positive edge clock.
Creating register for signal `\soc_multi.$flatten\u_core.\u_rf.$memwr$\regs$rtl/core/regfile.sv:34$245_DATA' using process `\soc_multi.$flatten\u_core.\u_rf.$proc$rtl/core/regfile.sv:32$246'.
  created $dff cell `$procdff$2951' with positive edge clock.
Creating register for signal `\soc_multi.$flatten\u_core.\u_rf.$memwr$\regs$rtl/core/regfile.sv:34$245_EN' using process `\soc_multi.$flatten\u_core.\u_rf.$proc$rtl/core/regfile.sv:32$246'.
  created $dff cell `$procdff$2952' with positive edge clock.
Creating register for signal `\soc_multi.\exit_valid' using process `\soc_multi.$proc$rtl/soc/soc_multi.sv:138$220'.
  created $adff cell `$procdff$2957' with positive edge clock and positive level reset.
Creating register for signal `\soc_multi.\exit_code' using process `\soc_multi.$proc$rtl/soc/soc_multi.sv:138$220'.
  created $adff cell `$procdff$2962' with positive edge clock and positive level reset.

16.4.10. Executing PROC_MEMWR pass (convert process memory writes to cells).

16.4.11. Executing PROC_CLEAN pass (remove empty switches from decision trees).
Removing empty process `SRLC32E.$proc$/usr/bin/../share/yosys/xilinx/cells_sim.v:2405$1390'.
Found and cleaned up 1 empty switch in `\SRLC32E.$proc$/usr/bin/../share/yosys/xilinx/cells_sim.v:2413$1389'.
Removing empty process `SRLC32E.$proc$/usr/bin/../share/yosys/xilinx/cells_sim.v:2413$1389'.
Removing empty process `SRLC16E.$proc$/usr/bin/../share/yosys/xilinx/cells_sim.v:2361$1383'.
Found and cleaned up 1 empty switch in `\SRLC16E.$proc$/usr/bin/../share/yosys/xilinx/cells_sim.v:2369$1382'.
Removing empty process `SRLC16E.$proc$/usr/bin/../share/yosys/xilinx/cells_sim.v:2369$1382'.
Removing empty process `SRLC16.$proc$/usr/bin/../share/yosys/xilinx/cells_sim.v:2329$1376'.
Removing empty process `SRLC16.$proc$/usr/bin/../share/yosys/xilinx/cells_sim.v:2332$1375'.
Removing empty process `SRL16E.$proc$/usr/bin/../share/yosys/xilinx/cells_sim.v:2292$1373'.
Found and cleaned up 1 empty switch in `\SRL16E.$proc$/usr/bin/../share/yosys/xilinx/cells_sim.v:2299$1372'.
Removing empty process `SRL16E.$proc$/usr/bin/../share/yosys/xilinx/cells_sim.v:2299$1372'.
Removing empty process `SRL16.$proc$/usr/bin/../share/yosys/xilinx/cells_sim.v:2264$1366'.
Removing empty process `SRL16.$proc$/usr/bin/../share/yosys/xilinx/cells_sim.v:2266$1365'.
Removing empty process `RAM64M.$proc$/usr/bin/../share/yosys/xilinx/cells_sim.v:1980$1339'.
Removing empty process `RAM64M.$proc$/usr/bin/../share/yosys/xilinx/cells_sim.v:1979$1338'.
Removing empty process `RAM64M.$proc$/usr/bin/../share/yosys/xilinx/cells_sim.v:1978$1337'.
Removing empty process `RAM64M.$proc$/usr/bin/../share/yosys/xilinx/cells_sim.v:1977$1336'.
Found and cleaned up 1 empty switch in `\RAM64M.$proc$/usr/bin/../share/yosys/xilinx/cells_sim.v:1986$1261'.
Removing empty process `RAM64M.$proc$/usr/bin/../share/yosys/xilinx/cells_sim.v:1986$1261'.
Removing empty process `RAM32M.$proc$/usr/bin/../share/yosys/xilinx/cells_sim.v:1806$1239'.
Removing empty process `RAM32M.$proc$/usr/bin/../share/yosys/xilinx/cells_sim.v:1805$1238'.
Removing empty process `RAM32M.$proc$/usr/bin/../share/yosys/xilinx/cells_sim.v:1804$1237'.
Removing empty process `RAM32M.$proc$/usr/bin/../share/yosys/xilinx/cells_sim.v:1803$1236'.
Found and cleaned up 1 empty switch in `\RAM32M.$proc$/usr/bin/../share/yosys/xilinx/cells_sim.v:1812$1141'.
Removing empty process `RAM32M.$proc$/usr/bin/../share/yosys/xilinx/cells_sim.v:1812$1141'.
Removing empty process `RAM128X1D.$proc$/usr/bin/../share/yosys/xilinx/cells_sim.v:1712$1118'.
Found and cleaned up 1 empty switch in `\RAM128X1D.$proc$/usr/bin/../share/yosys/xilinx/cells_sim.v:1716$1088'.
Removing empty process `RAM128X1D.$proc$/usr/bin/../share/yosys/xilinx/cells_sim.v:1716$1088'.
Removing empty process `RAM64X1D.$proc$/usr/bin/../share/yosys/xilinx/cells_sim.v:1607$1081'.
Found and cleaned up 1 empty switch in `\RAM64X1D.$proc$/usr/bin/../share/yosys/xilinx/cells_sim.v:1611$1051'.
Removing empty process `RAM64X1D.$proc$/usr/bin/../share/yosys/xilinx/cells_sim.v:1611$1051'.
Removing empty process `RAM32X1D_1.$proc$/usr/bin/../share/yosys/xilinx/cells_sim.v:1561$1045'.
Found and cleaned up 1 empty switch in `\RAM32X1D_1.$proc$/usr/bin/../share/yosys/xilinx/cells_sim.v:1565$1033'.
Removing empty process `RAM32X1D_1.$proc$/usr/bin/../share/yosys/xilinx/cells_sim.v:1565$1033'.
Removing empty process `RAM32X1D.$proc$/usr/bin/../share/yosys/xilinx/cells_sim.v:1502$1027'.
Found and cleaned up 1 empty switch in `\RAM32X1D.$proc$/usr/bin/../share/yosys/xilinx/cells_sim.v:1506$1003'.
Removing empty process `RAM32X1D.$proc$/usr/bin/../share/yosys/xilinx/cells_sim.v:1506$1003'.
Removing empty process `FDPE_1.$proc$/usr/bin/../share/yosys/xilinx/cells_sim.v:0$955'.
Found and cleaned up 1 empty switch in `\FDPE_1.$proc$/usr/bin/../share/yosys/xilinx/cells_sim.v:815$952'.
Removing empty process `FDPE_1.$proc$/usr/bin/../share/yosys/xilinx/cells_sim.v:815$952'.
Removing empty process `FDPE.$proc$/usr/bin/../share/yosys/xilinx/cells_sim.v:0$951'.
Found and cleaned up 1 empty switch in `\FDPE.$proc$/usr/bin/../share/yosys/xilinx/cells_sim.v:774$949'.
Removing empty process `FDPE.$proc$/usr/bin/../share/yosys/xilinx/cells_sim.v:774$949'.
Removing empty process `FDCE_1.$proc$/usr/bin/../share/yosys/xilinx/cells_sim.v:0$937'.
Found and cleaned up 1 empty switch in `\FDCE_1.$proc$/usr/bin/../share/yosys/xilinx/cells_sim.v:736$934'.
Removing empty process `FDCE_1.$proc$/usr/bin/../share/yosys/xilinx/cells_sim.v:736$934'.
Removing empty process `FDCE.$proc$/usr/bin/../share/yosys/xilinx/cells_sim.v:0$933'.
Found and cleaned up 1 empty switch in `\FDCE.$proc$/usr/bin/../share/yosys/xilinx/cells_sim.v:695$931'.
Removing empty process `FDCE.$proc$/usr/bin/../share/yosys/xilinx/cells_sim.v:695$931'.
Removing empty process `FDSE_1.$proc$/usr/bin/../share/yosys/xilinx/cells_sim.v:0$919'.
Found and cleaned up 2 empty switches in `\FDSE_1.$proc$/usr/bin/../share/yosys/xilinx/cells_sim.v:592$916'.
Removing empty process `FDSE_1.$proc$/usr/bin/../share/yosys/xilinx/cells_sim.v:592$916'.
Removing empty process `FDSE.$proc$/usr/bin/../share/yosys/xilinx/cells_sim.v:0$915'.
Found and cleaned up 2 empty switches in `\FDSE.$proc$/usr/bin/../share/yosys/xilinx/cells_sim.v:559$912'.
Removing empty process `FDSE.$proc$/usr/bin/../share/yosys/xilinx/cells_sim.v:559$912'.
Removing empty process `FDRE_1.$proc$/usr/bin/../share/yosys/xilinx/cells_sim.v:0$897'.
Found and cleaned up 2 empty switches in `\FDRE_1.$proc$/usr/bin/../share/yosys/xilinx/cells_sim.v:527$894'.
Removing empty process `FDRE_1.$proc$/usr/bin/../share/yosys/xilinx/cells_sim.v:527$894'.
Removing empty process `FDRE.$proc$/usr/bin/../share/yosys/xilinx/cells_sim.v:0$893'.
Found and cleaned up 2 empty switches in `\FDRE.$proc$/usr/bin/../share/yosys/xilinx/cells_sim.v:494$890'.
Removing empty process `FDRE.$proc$/usr/bin/../share/yosys/xilinx/cells_sim.v:494$890'.
Found and cleaned up 3 empty switches in `\soc_multi.$flatten\u_dotp.$proc$rtl/custom/dotp.sv:60$158'.
Removing empty process `soc_multi.$flatten\u_dotp.$proc$rtl/custom/dotp.sv:60$158'.
Found and cleaned up 1 empty switch in `\soc_multi.$flatten\u_dotp.$proc$rtl/custom/dotp.sv:0$161'.
Removing empty process `soc_multi.$flatten\u_dotp.$proc$rtl/custom/dotp.sv:0$161'.
Found and cleaned up 4 empty switches in `\soc_multi.$flatten\u_timer.$proc$rtl/periph/timer.sv:28$113'.
Removing empty process `soc_multi.$flatten\u_timer.$proc$rtl/periph/timer.sv:28$113'.
Found and cleaned up 1 empty switch in `\soc_multi.$flatten\u_timer.$proc$rtl/periph/timer.sv:0$118'.
Removing empty process `soc_multi.$flatten\u_timer.$proc$rtl/periph/timer.sv:0$118'.
Found and cleaned up 4 empty switches in `\soc_multi.$flatten\u_uart.$proc$rtl/periph/uart.sv:47$272'.
Removing empty process `soc_multi.$flatten\u_uart.$proc$rtl/periph/uart.sv:47$272'.
Found and cleaned up 1 empty switch in `\soc_multi.$flatten\u_uart.$proc$rtl/periph/uart.sv:68$287'.
Removing empty process `soc_multi.$flatten\u_uart.$proc$rtl/periph/uart.sv:68$287'.
Found and cleaned up 1 empty switch in `\soc_multi.$flatten\u_uart.$proc$rtl/periph/uart.sv:0$289'.
Removing empty process `soc_multi.$flatten\u_uart.$proc$rtl/periph/uart.sv:0$289'.
Found and cleaned up 4 empty switches in `\soc_multi.$flatten\u_uart.\u_tx.$proc$rtl/periph/uart_tx.sv:21$238'.
Removing empty process `soc_multi.$flatten\u_uart.\u_tx.$proc$rtl/periph/uart_tx.sv:21$238'.
Found and cleaned up 8 empty switches in `\soc_multi.$flatten\u_uart.\u_rx.$proc$rtl/periph/uart_rx.sv:30$225'.
Removing empty process `soc_multi.$flatten\u_uart.\u_rx.$proc$rtl/periph/uart_rx.sv:30$225'.
Removing empty process `soc_multi.$flatten\u_uart.\u_rx.$proc$rtl/periph/uart_rx.sv:13$223'.
Found and cleaned up 1 empty switch in `\soc_multi.$flatten\u_core.$proc$rtl/core/core_multi.sv:0$294'.
Removing empty process `soc_multi.$flatten\u_core.$proc$rtl/core/core_multi.sv:0$294'.
Found and cleaned up 1 empty switch in `\soc_multi.$flatten\u_core.$proc$rtl/core/core_multi.sv:0$296'.
Removing empty process `soc_multi.$flatten\u_core.$proc$rtl/core/core_multi.sv:0$296'.
Found and cleaned up 1 empty switch in `\soc_multi.$flatten\u_core.$proc$rtl/core/core_multi.sv:0$314'.
Removing empty process `soc_multi.$flatten\u_core.$proc$rtl/core/core_multi.sv:0$314'.
Found and cleaned up 6 empty switches in `\soc_multi.$flatten\u_core.$proc$rtl/core/core_multi.sv:194$327'.
Removing empty process `soc_multi.$flatten\u_core.$proc$rtl/core/core_multi.sv:194$327'.
Found and cleaned up 24 empty switches in `\soc_multi.$flatten\u_core.\u_dec.$proc$rtl/core/decoder.sv:0$40'.
Removing empty process `soc_multi.$flatten\u_core.\u_dec.$proc$rtl/core/decoder.sv:0$40'.
Found and cleaned up 4 empty switches in `\soc_multi.$flatten\u_core.\u_rf.$proc$rtl/core/regfile.sv:0$265'.
Removing empty process `soc_multi.$flatten\u_core.\u_rf.$proc$rtl/core/regfile.sv:0$265'.
Found and cleaned up 1 empty switch in `\soc_multi.$flatten\u_core.\u_rf.$proc$rtl/core/regfile.sv:32$246'.
Removing empty process `soc_multi.$flatten\u_core.\u_rf.$proc$rtl/core/regfile.sv:32$246'.
Found and cleaned up 1 empty switch in `\soc_multi.$flatten\u_core.\u_imm.$proc$rtl/core/imm_gen.sv:0$39'.
Removing empty process `soc_multi.$flatten\u_core.\u_imm.$proc$rtl/core/imm_gen.sv:0$39'.
Found and cleaned up 1 empty switch in `\soc_multi.$flatten\u_core.\u_alu.$proc$rtl/core/alu.sv:0$4'.
Removing empty process `soc_multi.$flatten\u_core.\u_alu.$proc$rtl/core/alu.sv:0$4'.
Found and cleaned up 1 empty switch in `\soc_multi.$proc$rtl/soc/soc_multi.sv:138$220'.
Removing empty process `soc_multi.$proc$rtl/soc/soc_multi.sv:138$220'.
Found and cleaned up 1 empty switch in `\soc_multi.$proc$rtl/soc/soc_multi.sv:0$219'.
Removing empty process `soc_multi.$proc$rtl/soc/soc_multi.sv:0$219'.
Cleaned up 90 empty switches.

16.4.12. Executing OPT_EXPR pass (perform const folding).
Optimizing module soc_multi.
<suppressed ~150 debug messages>

16.5. Executing TRIBUF pass.

16.6. Executing DEMINOUT pass (demote inout ports to input or output).

16.7. Executing OPT_EXPR pass (perform const folding).
Optimizing module soc_multi.

16.8. Executing OPT_CLEAN pass (remove unused cells and wires).
Finding unused cells or wires in module \soc_multi..
Removed 60 unused cells and 449 unused wires.
<suppressed ~61 debug messages>

16.9. Executing CHECK pass (checking for obvious problems).
Checking module soc_multi...
Found and reported 0 problems.

16.10. Executing OPT pass (performing simple optimizations).

16.10.1. Executing OPT_EXPR pass (perform const folding).
Optimizing module soc_multi.

16.10.2. Executing OPT_MERGE pass (detect identical cells).
Finding identical cells in module `\soc_multi'.
<suppressed ~708 debug messages>
Removed a total of 236 cells.

16.10.3. Executing OPT_MUXTREE pass (detect dead branches in mux trees).
Running muxtree optimizer on module \soc_multi..
  Creating internal representation of mux trees.
  Evaluating internal representation of mux trees.
      Replacing known input bits on port A of cell $procmux$1689: \u_uart.u_tx.active -> 1'1
      Replacing known input bits on port A of cell $procmux$1687: \u_uart.u_tx.active -> 1'1
      Replacing known input bits on port A of cell $procmux$1692: \u_uart.u_tx.active -> 1'0
  Analyzing evaluation results.
    dead port 2/2 on $mux $procmux$1903.
    dead port 2/2 on $mux $procmux$1908.
    dead port 2/2 on $mux $procmux$1914.
    dead port 2/2 on $mux $procmux$1920.
    dead port 2/2 on $mux $procmux$1927.
    dead port 2/2 on $mux $procmux$1934.
    dead port 2/2 on $mux $procmux$1942.
    dead port 2/2 on $mux $procmux$1944.
    dead port 2/2 on $mux $procmux$1953.
    dead port 2/2 on $mux $procmux$1955.
    dead port 1/2 on $mux $procmux$1966.
    dead port 2/2 on $mux $procmux$1968.
    dead port 2/2 on $mux $procmux$1970.
    dead port 1/2 on $mux $procmux$1981.
    dead port 2/2 on $mux $procmux$1983.
    dead port 2/2 on $mux $procmux$1985.
    dead port 2/2 on $mux $procmux$1995.
    dead port 2/2 on $mux $procmux$1997.
    dead port 2/2 on $mux $procmux$2007.
    dead port 2/2 on $mux $procmux$2009.
    dead port 2/2 on $mux $procmux$2020.
    dead port 2/2 on $mux $procmux$2022.
    dead port 2/2 on $mux $procmux$2034.
    dead port 2/2 on $mux $procmux$2036.
    dead port 2/2 on $mux $procmux$2049.
    dead port 2/2 on $mux $procmux$2051.
    dead port 2/2 on $mux $procmux$2065.
    dead port 2/2 on $mux $procmux$2067.
    dead port 1/2 on $mux $procmux$2083.
    dead port 1/2 on $mux $procmux$2086.
    dead port 2/2 on $mux $procmux$2088.
    dead port 2/2 on $mux $procmux$2090.
    dead port 1/2 on $mux $procmux$2106.
    dead port 1/2 on $mux $procmux$2109.
    dead port 2/2 on $mux $procmux$2111.
    dead port 2/2 on $mux $procmux$2113.
    dead port 1/2 on $mux $procmux$2129.
    dead port 2/2 on $mux $procmux$2131.
    dead port 2/2 on $mux $procmux$2133.
    dead port 1/2 on $mux $procmux$2149.
    dead port 2/2 on $mux $procmux$2151.
    dead port 2/2 on $mux $procmux$2153.
    dead port 2/2 on $mux $procmux$2168.
    dead port 2/2 on $mux $procmux$2170.
    dead port 2/2 on $mux $procmux$2185.
    dead port 2/2 on $mux $procmux$2187.
    dead port 2/2 on $mux $procmux$2201.
    dead port 2/2 on $mux $procmux$2215.
    dead port 1/2 on $mux $procmux$2225.
    dead port 2/2 on $mux $procmux$2227.
    dead port 2/2 on $mux $procmux$2229.
    dead port 1/2 on $mux $procmux$2239.
    dead port 2/2 on $mux $procmux$2241.
    dead port 2/2 on $mux $procmux$2243.
    dead port 2/2 on $mux $procmux$2252.
    dead port 2/2 on $mux $procmux$2254.
    dead port 2/2 on $mux $procmux$2263.
    dead port 2/2 on $mux $procmux$2265.
    dead port 2/2 on $mux $procmux$2275.
    dead port 2/2 on $mux $procmux$2277.
    dead port 2/2 on $mux $procmux$2292.
    dead port 2/2 on $mux $procmux$2307.
    dead port 2/2 on $mux $procmux$2317.
    dead port 2/2 on $mux $procmux$2326.
    dead port 2/2 on $mux $procmux$2336.
    dead port 2/2 on $mux $procmux$2346.
    dead port 2/2 on $mux $procmux$2356.
    dead port 2/2 on $mux $procmux$2366.
    dead port 2/2 on $mux $procmux$2376.
    dead port 2/2 on $mux $procmux$2387.
    dead port 2/2 on $mux $procmux$2398.
    dead port 2/2 on $mux $procmux$2409.
    dead port 2/2 on $mux $procmux$2420.
    dead port 2/2 on $mux $procmux$2437.
    dead port 2/2 on $mux $procmux$2454.
    dead port 2/2 on $mux $procmux$2466.
    dead port 2/2 on $mux $procmux$2479.
    dead port 2/2 on $mux $procmux$2492.
    dead port 2/2 on $mux $procmux$2505.
    dead port 2/2 on $mux $procmux$2518.
    dead port 2/2 on $mux $procmux$2531.
    dead port 1/2 on $mux $procmux$2645.
    dead port 1/2 on $mux $procmux$2654.
Removed 83 multiplexer ports.
<suppressed ~72 debug messages>

16.10.4. Executing OPT_REDUCE pass (consolidate $*mux and $reduce_* inputs).
  Optimizing cells in module \soc_multi.
    New ctrl vector for $pmux cell $procmux$1866: { $flatten\u_core.$eq$rtl/core/core_multi.sv:192$323_Y $procmux$1805_CMP $auto$opt_reduce.cc:137:opt_pmux$2965 $flatten\u_core.$eq$rtl/core/core_multi.sv:110$290_Y }
    New ctrl vector for $pmux cell $procmux$1675: { $procmux$1654_CMP $auto$opt_reduce.cc:137:opt_pmux$2967 }
    New ctrl vector for $pmux cell $procmux$2298: { $auto$opt_reduce.cc:137:opt_pmux$2969 $procmux$2066_CMP $procmux$1969_CMP }
    New ctrl vector for $pmux cell $procmux$2447: $auto$opt_reduce.cc:137:opt_pmux$2971
    New ctrl vector for $pmux cell $procmux$2538: { $auto$opt_reduce.cc:137:opt_pmux$2973 $procmux$2543_CMP $procmux$2438_CMP $procmux$2318_CMP }
    New ctrl vector for $pmux cell $procmux$2549: { $procmux$2230_CMP $procmux$1945_CMP }
    New ctrl vector for $pmux cell $procmux$2558: { $procmux$2367_CMP $procmux$2318_CMP $auto$opt_reduce.cc:137:opt_pmux$2975 }
    New ctrl vector for $pmux cell $procmux$2578: { $procmux$2467_CMP $procmux$2367_CMP $auto$opt_reduce.cc:137:opt_pmux$2977 $procmux$1904_CMP }
    New ctrl vector for $pmux cell $procmux$2588: { $auto$opt_reduce.cc:137:opt_pmux$2979 $procmux$2467_CMP $procmux$2438_CMP $procmux$2367_CMP $procmux$2318_CMP $procmux$2230_CMP $procmux$1945_CMP $procmux$1928_CMP $procmux$1904_CMP }
    New ctrl vector for $pmux cell $procmux$2636: { $procmux$2543_CMP $procmux$2467_CMP $procmux$2367_CMP }
    Consolidated identical input bits for $mux cell $procmux$2660:
      Old ports: A=0, B=32'11111111111111111111111111111111, Y=$flatten\u_core.\u_rf.$0$memwr$\regs$rtl/core/regfile.sv:34$245_EN[31:0]$249
      New ports: A=1'0, B=1'1, Y=$flatten\u_core.\u_rf.$0$memwr$\regs$rtl/core/regfile.sv:34$245_EN[31:0]$249 [0]
      New connections: $flatten\u_core.\u_rf.$0$memwr$\regs$rtl/core/regfile.sv:34$245_EN[31:0]$249 [31:1] = { $flatten\u_core.\u_rf.$0$memwr$\regs$rtl/core/regfile.sv:34$245_EN[31:0]$249 [0] $flatten\u_core.\u_rf.$0$memwr$\regs$rtl/core/regfile.sv:34$245_EN[31:0]$249 [0] $flatten\u_core.\u_rf.$0$memwr$\regs$rtl/core/regfile.sv:34$245_EN[31:0]$249 [0] $flatten\u_core.\u_rf.$0$memwr$\regs$rtl/core/regfile.sv:34$245_EN[31:0]$249 [0] $flatten\u_core.\u_rf.$0$memwr$\regs$rtl/core/regfile.sv:34$245_EN[31:0]$249 [0] $flatten\u_core.\u_rf.$0$memwr$\regs$rtl/core/regfile.sv:34$245_EN[31:0]$249 [0] $flatten\u_core.\u_rf.$0$memwr$\regs$rtl/core/regfile.sv:34$245_EN[31:0]$249 [0] $flatten\u_core.\u_rf.$0$memwr$\regs$rtl/core/regfile.sv:34$245_EN[31:0]$249 [0] $flatten\u_core.\u_rf.$0$memwr$\regs$rtl/core/regfile.sv:34$245_EN[31:0]$249 [0] $flatten\u_core.\u_rf.$0$memwr$\regs$rtl/core/regfile.sv:34$245_EN[31:0]$249 [0] $flatten\u_core.\u_rf.$0$memwr$\regs$rtl/core/regfile.sv:34$245_EN[31:0]$249 [0] $flatten\u_core.\u_rf.$0$memwr$\regs$rtl/core/regfile.sv:34$245_EN[31:0]$249 [0] $flatten\u_core.\u_rf.$0$memwr$\regs$rtl/core/regfile.sv:34$245_EN[31:0]$249 [0] $flatten\u_core.\u_rf.$0$memwr$\regs$rtl/core/regfile.sv:34$245_EN[31:0]$249 [0] $flatten\u_core.\u_rf.$0$memwr$\regs$rtl/core/regfile.sv:34$245_EN[31:0]$249 [0] $flatten\u_core.\u_rf.$0$memwr$\regs$rtl/core/regfile.sv:34$245_EN[31:0]$249 [0] $flatten\u_core.\u_rf.$0$memwr$\regs$rtl/core/regfile.sv:34$245_EN[31:0]$249 [0] $flatten\u_core.\u_rf.$0$memwr$\regs$rtl/core/regfile.sv:34$245_EN[31:0]$249 [0] $flatten\u_core.\u_rf.$0$memwr$\regs$rtl/core/regfile.sv:34$245_EN[31:0]$249 [0] $flatten\u_core.\u_rf.$0$memwr$\regs$rtl/core/regfile.sv:34$245_EN[31:0]$249 [0] $flatten\u_core.\u_rf.$0$memwr$\regs$rtl/core/regfile.sv:34$245_EN[31:0]$249 [0] $flatten\u_core.\u_rf.$0$memwr$\regs$rtl/core/regfile.sv:34$245_EN[31:0]$249 [0] $flatten\u_core.\u_rf.$0$memwr$\regs$rtl/core/regfile.sv:34$245_EN[31:0]$249 [0] $flatten\u_core.\u_rf.$0$memwr$\regs$rtl/core/regfile.sv:34$245_EN[31:0]$249 [0] $flatten\u_core.\u_rf.$0$memwr$\regs$rtl/core/regfile.sv:34$245_EN[31:0]$249 [0] $flatten\u_core.\u_rf.$0$memwr$\regs$rtl/core/regfile.sv:34$245_EN[31:0]$249 [0] $flatten\u_core.\u_rf.$0$memwr$\regs$rtl/core/regfile.sv:34$245_EN[31:0]$249 [0] $flatten\u_core.\u_rf.$0$memwr$\regs$rtl/core/regfile.sv:34$245_EN[31:0]$249 [0] $flatten\u_core.\u_rf.$0$memwr$\regs$rtl/core/regfile.sv:34$245_EN[31:0]$249 [0] $flatten\u_core.\u_rf.$0$memwr$\regs$rtl/core/regfile.sv:34$245_EN[31:0]$249 [0] $flatten\u_core.\u_rf.$0$memwr$\regs$rtl/core/regfile.sv:34$245_EN[31:0]$249 [0] }
  Optimizing cells in module \soc_multi.
Performed a total of 11 changes.

16.10.5. Executing OPT_MERGE pass (detect identical cells).
Finding identical cells in module `\soc_multi'.
<suppressed ~60 debug messages>
Removed a total of 20 cells.

16.10.6. Executing OPT_DFF pass (perform DFF optimizations).

16.10.7. Executing OPT_CLEAN pass (remove unused cells and wires).
Finding unused cells or wires in module \soc_multi..
Removed 0 unused cells and 339 unused wires.
<suppressed ~1 debug messages>

16.10.8. Executing OPT_EXPR pass (perform const folding).
Optimizing module soc_multi.

16.10.9. Rerunning OPT passes. (Maybe there is more to do..)

16.10.10. Executing OPT_MUXTREE pass (detect dead branches in mux trees).
Running muxtree optimizer on module \soc_multi..
  Creating internal representation of mux trees.
  Evaluating internal representation of mux trees.
  Analyzing evaluation results.
Removed 0 multiplexer ports.
<suppressed ~78 debug messages>

16.10.11. Executing OPT_REDUCE pass (consolidate $*mux and $reduce_* inputs).
  Optimizing cells in module \soc_multi.
    New ctrl vector for $pmux cell $procmux$1751: { $procmux$1747_CMP $procmux$1744_CMP $auto$opt_reduce.cc:137:opt_pmux$2981 }
    New ctrl vector for $pmux cell $procmux$2192: { $flatten\u_core.\u_dec.$eq$rtl/core/decoder.sv:168$59_Y $procmux$1969_CMP $auto$opt_reduce.cc:137:opt_pmux$2983 }
    New ctrl vector for $pmux cell $procmux$2558: { $auto$opt_reduce.cc:137:opt_pmux$2985 $auto$opt_reduce.cc:137:opt_pmux$2975 }
    New ctrl vector for $pmux cell $procmux$2578: { $procmux$2367_CMP $auto$opt_reduce.cc:137:opt_pmux$2977 $auto$opt_reduce.cc:137:opt_pmux$2987 }
    New ctrl vector for $pmux cell $procmux$2588: { $auto$opt_reduce.cc:137:opt_pmux$2979 $procmux$2438_CMP $auto$opt_reduce.cc:137:opt_pmux$2991 $procmux$2230_CMP $procmux$1945_CMP $procmux$1928_CMP $auto$opt_reduce.cc:137:opt_pmux$2989 }
  Optimizing cells in module \soc_multi.
Performed a total of 5 changes.

16.10.12. Executing OPT_MERGE pass (detect identical cells).
Finding identical cells in module `\soc_multi'.
<suppressed ~6 debug messages>
Removed a total of 2 cells.

16.10.13. Executing OPT_DFF pass (perform DFF optimizations).

16.10.14. Executing OPT_CLEAN pass (remove unused cells and wires).
Finding unused cells or wires in module \soc_multi..
Removed 0 unused cells and 2 unused wires.
<suppressed ~1 debug messages>

16.10.15. Executing OPT_EXPR pass (perform const folding).
Optimizing module soc_multi.

16.10.16. Rerunning OPT passes. (Maybe there is more to do..)

16.10.17. Executing OPT_MUXTREE pass (detect dead branches in mux trees).
Running muxtree optimizer on module \soc_multi..
  Creating internal representation of mux trees.
  Evaluating internal representation of mux trees.
  Analyzing evaluation results.
Removed 0 multiplexer ports.
<suppressed ~78 debug messages>

16.10.18. Executing OPT_REDUCE pass (consolidate $*mux and $reduce_* inputs).
  Optimizing cells in module \soc_multi.
Performed a total of 0 changes.

16.10.19. Executing OPT_MERGE pass (detect identical cells).
Finding identical cells in module `\soc_multi'.
Removed a total of 0 cells.

16.10.20. Executing OPT_DFF pass (perform DFF optimizations).

16.10.21. Executing OPT_CLEAN pass (remove unused cells and wires).
Finding unused cells or wires in module \soc_multi..

16.10.22. Executing OPT_EXPR pass (perform const folding).
Optimizing module soc_multi.

16.10.23. Finished OPT passes. (There is nothing left to do.)

16.11. Executing FSM pass (extract and optimize FSM).

16.11.1. Executing FSM_DETECT pass (finding FSMs in design).
Not marking soc_multi.u_core.state as FSM state register:
    Users of register don't seem to benefit from recoding.
Found FSM state register soc_multi.u_uart.u_rx.state.

16.11.2. Executing FSM_EXTRACT pass (extracting FSM from design).
Extracting FSM `\u_uart.u_rx.state' from module `\soc_multi'.
  found $adff cell for state register: $procdff$2884
  root of input selection tree: $flatten\u_uart.\u_rx.$0\state[1:0]
  found reset state: 2'00 (from async reset)
  found ctrl input: $procmux$1719_CMP
  found ctrl input: $procmux$1725_CMP
  found ctrl input: $procmux$1744_CMP
  found ctrl input: $procmux$1747_CMP
  found ctrl input: $flatten\u_uart.\u_rx.$eq$rtl/periph/uart_rx.sv:60$231_Y
  found ctrl input: $flatten\u_uart.\u_rx.$eq$rtl/periph/uart_rx.sv:63$232_Y
  found state code: 2'11
  found ctrl input: $flatten\u_uart.\u_rx.$eq$rtl/periph/uart_rx.sv:49$228_Y
  found ctrl input: \u_uart.u_rx.rx_sync
  found state code: 2'10
  found state code: 2'01
  found ctrl output: $procmux$1719_CMP
  found ctrl output: $procmux$1725_CMP
  found ctrl output: $procmux$1744_CMP
  found ctrl output: $procmux$1747_CMP
  ctrl inputs: { $flatten\u_uart.\u_rx.$eq$rtl/periph/uart_rx.sv:63$232_Y $flatten\u_uart.\u_rx.$eq$rtl/periph/uart_rx.sv:60$231_Y $flatten\u_uart.\u_rx.$eq$rtl/periph/uart_rx.sv:49$228_Y \u_uart.u_rx.rx_sync }
  ctrl outputs: { $procmux$1747_CMP $procmux$1744_CMP $procmux$1725_CMP $procmux$1719_CMP $flatten\u_uart.\u_rx.$0\state[1:0] }
  transition:       2'00 4'---0 ->       2'01 6'100001
  transition:       2'00 4'---1 ->       2'00 6'100000
  transition:       2'10 4'-0-- ->       2'10 6'001010
  transition:       2'10 4'01-- ->       2'10 6'001010
  transition:       2'10 4'11-- ->       2'11 6'001011
  transition:       2'01 4'--0- ->       2'01 6'010001
  transition:       2'01 4'--10 ->       2'10 6'010010
  transition:       2'01 4'--11 ->       2'00 6'010000
  transition:       2'11 4'-0-- ->       2'11 6'000111
  transition:       2'11 4'-1-- ->       2'00 6'000100

16.11.3. Executing FSM_OPT pass (simple optimizations of FSMs).
Optimizing FSM `$fsm$\u_uart.u_rx.state$2992' from module `\soc_multi'.

16.11.4. Executing OPT_CLEAN pass (remove unused cells and wires).
Finding unused cells or wires in module \soc_multi..
Removed 12 unused cells and 12 unused wires.
<suppressed ~13 debug messages>

16.11.5. Executing FSM_OPT pass (simple optimizations of FSMs).
Optimizing FSM `$fsm$\u_uart.u_rx.state$2992' from module `\soc_multi'.
  Removing unused output signal $flatten\u_uart.\u_rx.$0\state[1:0] [0].
  Removing unused output signal $flatten\u_uart.\u_rx.$0\state[1:0] [1].

16.11.6. Executing FSM_RECODE pass (re-assigning FSM state encoding).
Recoding FSM `$fsm$\u_uart.u_rx.state$2992' from module `\soc_multi' using `auto' encoding:
  mapping auto encoding to `one-hot` for this FSM.
  00 -> ---1
  10 -> --1-
  01 -> -1--
  11 -> 1---

16.11.7. Executing FSM_INFO pass (dumping all available information on FSM cells).

FSM `$fsm$\u_uart.u_rx.state$2992' from module `soc_multi':
-------------------------------------

  Information on FSM $fsm$\u_uart.u_rx.state$2992 (\u_uart.u_rx.state):

  Number of input signals:    4
  Number of output signals:   4
  Number of state bits:       4

  Input signals:
    0: \u_uart.u_rx.rx_sync
    1: $flatten\u_uart.\u_rx.$eq$rtl/periph/uart_rx.sv:49$228_Y
    2: $flatten\u_uart.\u_rx.$eq$rtl/periph/uart_rx.sv:60$231_Y
    3: $flatten\u_uart.\u_rx.$eq$rtl/periph/uart_rx.sv:63$232_Y

  Output signals:
    0: $procmux$1719_CMP
    1: $procmux$1725_CMP
    2: $procmux$1744_CMP
    3: $procmux$1747_CMP

  State encoding:
    0:     4'---1  <RESET STATE>
    1:     4'--1-
    2:     4'-1--
    3:     4'1---

  Transition Table (state_in, ctrl_in, state_out, ctrl_out):
      0:     0 4'---1   ->     0 4'1000
      1:     0 4'---0   ->     2 4'1000
      2:     1 4'-0--   ->     1 4'0010
      3:     1 4'01--   ->     1 4'0010
      4:     1 4'11--   ->     3 4'0010
      5:     2 4'--11   ->     0 4'0100
      6:     2 4'--10   ->     1 4'0100
      7:     2 4'--0-   ->     2 4'0100
      8:     3 4'-1--   ->     0 4'0001
      9:     3 4'-0--   ->     3 4'0001

-------------------------------------

16.11.8. Executing FSM_MAP pass (mapping FSMs to basic logic).
Mapping FSM `$fsm$\u_uart.u_rx.state$2992' from module `\soc_multi'.

16.12. Executing OPT pass (performing simple optimizations).

16.12.1. Executing OPT_EXPR pass (perform const folding).
Optimizing module soc_multi.
<suppressed ~6 debug messages>

16.12.2. Executing OPT_MERGE pass (detect identical cells).
Finding identical cells in module `\soc_multi'.
<suppressed ~3 debug messages>
Removed a total of 1 cells.

16.12.3. Executing OPT_MUXTREE pass (detect dead branches in mux trees).
Running muxtree optimizer on module \soc_multi..
  Creating internal representation of mux trees.
  Evaluating internal representation of mux trees.
  Analyzing evaluation results.
Removed 0 multiplexer ports.
<suppressed ~77 debug messages>

16.12.4. Executing OPT_REDUCE pass (consolidate $*mux and $reduce_* inputs).
  Optimizing cells in module \soc_multi.
Performed a total of 0 changes.

16.12.5. Executing OPT_MERGE pass (detect identical cells).
Finding identical cells in module `\soc_multi'.
Removed a total of 0 cells.

16.12.6. Executing OPT_DFF pass (perform DFF optimizations).
Adding EN signal on $procdff$2962 ($adff) from module soc_multi (D = \u_core.rs2_val, Q = \exit_code).
Adding EN signal on $procdff$2957 ($adff) from module soc_multi (D = 1'1, Q = \exit_valid).
Adding EN signal on $procdff$2949 ($adff) from module soc_multi (D = \dmem_rdata, Q = \u_core.load_data).
Adding EN signal on $procdff$2944 ($adff) from module soc_multi (D = $flatten\u_core.$ternary$rtl/core/core_multi.sv:231$332_Y, Q = \u_core.ex_result).
Adding EN signal on $procdff$2939 ($adff) from module soc_multi (D = \u_core.u_rf.rdata2, Q = \u_core.rs2_val).
Adding EN signal on $procdff$2934 ($adff) from module soc_multi (D = \u_core.u_rf.rdata1, Q = \u_core.rs1_val).
Adding EN signal on $procdff$2929 ($adff) from module soc_multi (D = $flatten\u_core.$0\in_handler[0:0], Q = \u_core.in_handler).
Adding EN signal on $procdff$2924 ($adff) from module soc_multi (D = \u_core.pc, Q = \u_core.epc).
Adding EN signal on $procdff$2919 ($adff) from module soc_multi (D = $flatten\u_core.$0\nextpc_q[31:0], Q = \u_core.nextpc_q).
Adding EN signal on $procdff$2909 ($adff) from module soc_multi (D = $flatten\u_core.$0\state[2:0], Q = \u_core.state).
Adding EN signal on $procdff$2904 ($adff) from module soc_multi (D = \imem_rdata, Q = \u_core.instr).
Adding EN signal on $procdff$2889 ($adff) from module soc_multi (D = { \u_uart.u_rx.rx_sync \u_uart.u_rx.shreg [7:1] }, Q = \u_uart.u_rx.shreg).
Adding EN signal on $procdff$2874 ($adff) from module soc_multi (D = $flatten\u_uart.\u_rx.$0\baud_cnt[31:0], Q = \u_uart.u_rx.baud_cnt).
Adding EN signal on $procdff$2869 ($adff) from module soc_multi (D = $flatten\u_uart.\u_rx.$0\bitpos[2:0], Q = \u_uart.u_rx.bitpos).
Adding EN signal on $procdff$2864 ($adff) from module soc_multi (D = \u_uart.u_rx.shreg, Q = \u_uart.u_rx.data).
Adding EN signal on $procdff$2849 ($adff) from module soc_multi (D = $flatten\u_uart.\u_tx.$0\bitpos[3:0], Q = \u_uart.u_tx.bitpos).
Adding EN signal on $procdff$2844 ($adff) from module soc_multi (D = $flatten\u_uart.\u_tx.$0\frame[9:0], Q = \u_uart.u_tx.frame).
Adding EN signal on $procdff$2839 ($adff) from module soc_multi (D = \u_uart.u_rx.data, Q = \u_uart.rx_hold).
Adding EN signal on $procdff$2834 ($adff) from module soc_multi (D = $flatten\u_uart.$0\tx_pending[0:0], Q = \u_uart.tx_pending).
Adding EN signal on $procdff$2829 ($adff) from module soc_multi (D = \u_core.rs2_val [7:0], Q = \u_uart.tx_hold).
Adding EN signal on $procdff$2824 ($adff) from module soc_multi (D = $flatten\u_uart.$0\rx_avail[0:0], Q = \u_uart.rx_avail).
Adding EN signal on $procdff$2814 ($adff) from module soc_multi (D = \u_core.rs2_val [0], Q = \u_timer.ie).
Adding EN signal on $procdff$2809 ($adff) from module soc_multi (D = \u_core.rs2_val, Q = \u_timer.cmp).
Adding EN signal on $procdff$2799 ($adff) from module soc_multi (D = \u_core.rs2_val, Q = \u_dotp.b[3]).
Adding EN signal on $procdff$2794 ($adff) from module soc_multi (D = \u_core.rs2_val, Q = \u_dotp.b[2]).
Adding EN signal on $procdff$2789 ($adff) from module soc_multi (D = \u_core.rs2_val, Q = \u_dotp.b[1]).
Adding EN signal on $procdff$2784 ($adff) from module soc_multi (D = \u_core.rs2_val, Q = \u_dotp.b[0]).
Adding EN signal on $procdff$2779 ($adff) from module soc_multi (D = \u_core.rs2_val, Q = \u_dotp.a[3]).
Adding EN signal on $procdff$2774 ($adff) from module soc_multi (D = \u_core.rs2_val, Q = \u_dotp.a[2]).
Adding EN signal on $procdff$2769 ($adff) from module soc_multi (D = \u_core.rs2_val, Q = \u_dotp.a[1]).
Adding EN signal on $procdff$2764 ($adff) from module soc_multi (D = \u_core.rs2_val, Q = \u_dotp.a[0]).

16.12.7. Executing OPT_CLEAN pass (remove unused cells and wires).
Finding unused cells or wires in module \soc_multi..
Removed 38 unused cells and 48 unused wires.
<suppressed ~39 debug messages>

16.12.8. Executing OPT_EXPR pass (perform const folding).
Optimizing module soc_multi.
<suppressed ~8 debug messages>

16.12.9. Rerunning OPT passes. (Maybe there is more to do..)

16.12.10. Executing OPT_MUXTREE pass (detect dead branches in mux trees).
Running muxtree optimizer on module \soc_multi..
  Creating internal representation of mux trees.
  Evaluating internal representation of mux trees.
  Analyzing evaluation results.
Removed 0 multiplexer ports.
<suppressed ~59 debug messages>

16.12.11. Executing OPT_REDUCE pass (consolidate $*mux and $reduce_* inputs).
  Optimizing cells in module \soc_multi.
Performed a total of 0 changes.

16.12.12. Executing OPT_MERGE pass (detect identical cells).
Finding identical cells in module `\soc_multi'.
<suppressed ~9 debug messages>
Removed a total of 3 cells.

16.12.13. Executing OPT_DFF pass (perform DFF optimizations).

16.12.14. Executing OPT_CLEAN pass (remove unused cells and wires).
Finding unused cells or wires in module \soc_multi..
Removed 0 unused cells and 3 unused wires.
<suppressed ~1 debug messages>

16.12.15. Executing OPT_EXPR pass (perform const folding).
Optimizing module soc_multi.

16.12.16. Rerunning OPT passes. (Maybe there is more to do..)

16.12.17. Executing OPT_MUXTREE pass (detect dead branches in mux trees).
Running muxtree optimizer on module \soc_multi..
  Creating internal representation of mux trees.
  Evaluating internal representation of mux trees.
  Analyzing evaluation results.
Removed 0 multiplexer ports.
<suppressed ~59 debug messages>

16.12.18. Executing OPT_REDUCE pass (consolidate $*mux and $reduce_* inputs).
  Optimizing cells in module \soc_multi.
Performed a total of 0 changes.

16.12.19. Executing OPT_MERGE pass (detect identical cells).
Finding identical cells in module `\soc_multi'.
Removed a total of 0 cells.

16.12.20. Executing OPT_DFF pass (perform DFF optimizations).

16.12.21. Executing OPT_CLEAN pass (remove unused cells and wires).
Finding unused cells or wires in module \soc_multi..

16.12.22. Executing OPT_EXPR pass (perform const folding).
Optimizing module soc_multi.

16.12.23. Finished OPT passes. (There is nothing left to do.)

16.13. Executing WREDUCE pass (reducing word size of cells).
Removed top 3 bits (of 4) from port B of cell soc_multi.$eq$rtl/soc/soc_multi.sv:69$209 ($eq).
Removed top 2 bits (of 4) from port B of cell soc_multi.$eq$rtl/soc/soc_multi.sv:70$210 ($eq).
Removed top 2 bits (of 4) from port B of cell soc_multi.$eq$rtl/soc/soc_multi.sv:71$211 ($eq).
Removed top 1 bits (of 4) from port B of cell soc_multi.$eq$rtl/soc/soc_multi.sv:72$212 ($eq).
Removed top 1 bits (of 4) from port B of cell soc_multi.$eq$rtl/soc/soc_multi.sv:73$213 ($eq).
Removed top 1 bits (of 2) from port B of cell soc_multi.$auto$opt_dff.cc:195:make_patterns_logic$3060 ($ne).
Removed top 1 bits (of 2) from port B of cell soc_multi.$auto$fsm_map.cc:77:implement_pattern_cache$3024 ($eq).
Removed top 1 bits (of 2) from port B of cell soc_multi.$auto$opt_dff.cc:195:make_patterns_logic$3058 ($ne).
Removed top 1 bits (of 3) from port B of cell soc_multi.$flatten\u_core.\u_dec.$eq$rtl/core/decoder.sv:105$43 ($eq).
Removed top 1 bits (of 7) from port B of cell soc_multi.$flatten\u_core.\u_dec.$eq$rtl/core/decoder.sv:131$46 ($eq).
Removed top 6 bits (of 7) from port B of cell soc_multi.$flatten\u_core.\u_dec.$eq$rtl/core/decoder.sv:143$49 ($eq).
Removed top 2 bits (of 32) from port B of cell soc_multi.$flatten\u_core.\u_dec.$eq$rtl/core/decoder.sv:161$58 ($eq).
Removed top 29 bits (of 32) from port B of cell soc_multi.$flatten\u_core.$add$rtl/core/core_multi.sv:171$311 ($add).
Removed top 1 bits (of 3) from port B of cell soc_multi.$flatten\u_core.$eq$rtl/core/core_multi.sv:164$306 ($eq).
Removed top 1 bits (of 3) from port B of cell soc_multi.$flatten\u_core.$eq$rtl/core/core_multi.sv:156$304 ($eq).
Removed top 1 bits (of 2) from port B of cell soc_multi.$flatten\u_core.$eq$rtl/core/core_multi.sv:112$292 ($eq).
Removed top 23 bits (of 32) from port B of cell soc_multi.$flatten\u_uart.\u_rx.$eq$rtl/periph/uart_rx.sv:49$228 ($eq).
Removed top 31 bits (of 32) from port B of cell soc_multi.$flatten\u_uart.\u_rx.$add$rtl/periph/uart_rx.sv:57$230 ($add).
Removed top 22 bits (of 32) from port B of cell soc_multi.$flatten\u_uart.\u_rx.$eq$rtl/periph/uart_rx.sv:60$231 ($eq).
Removed top 2 bits (of 3) from port B of cell soc_multi.$flatten\u_uart.\u_rx.$add$rtl/periph/uart_rx.sv:66$233 ($add).
Removed top 22 bits (of 32) from port B of cell soc_multi.$flatten\u_uart.\u_tx.$eq$rtl/periph/uart_tx.sv:35$241 ($eq).
Removed top 3 bits (of 4) from port B of cell soc_multi.$flatten\u_uart.\u_tx.$add$rtl/periph/uart_tx.sv:41$243 ($add).
Removed top 31 bits (of 32) from port B of cell soc_multi.$flatten\u_uart.\u_tx.$add$rtl/periph/uart_tx.sv:43$244 ($add).
Removed top 2 bits (of 4) from port B of cell soc_multi.$flatten\u_uart.$eq$rtl/periph/uart.sv:62$285 ($eq).
Removed top 31 bits (of 32) from port B of cell soc_multi.$flatten\u_timer.$add$rtl/periph/timer.sv:35$115 ($add).
Removed top 3 bits (of 6) from port B of cell soc_multi.$flatten\u_dotp.$eq$rtl/custom/dotp.sv:49$148 ($eq).
Removed top 3 bits (of 6) from port B of cell soc_multi.$flatten\u_dotp.$eq$rtl/custom/dotp.sv:48$144 ($eq).
Removed top 3 bits (of 6) from port B of cell soc_multi.$flatten\u_dotp.$eq$rtl/custom/dotp.sv:47$140 ($eq).
Removed top 3 bits (of 6) from port B of cell soc_multi.$flatten\u_dotp.$eq$rtl/custom/dotp.sv:46$136 ($eq).
Removed top 4 bits (of 6) from port B of cell soc_multi.$flatten\u_dotp.$eq$rtl/custom/dotp.sv:45$132 ($eq).
Removed top 4 bits (of 6) from port B of cell soc_multi.$flatten\u_dotp.$eq$rtl/custom/dotp.sv:44$128 ($eq).
Removed top 5 bits (of 6) from port B of cell soc_multi.$flatten\u_dotp.$eq$rtl/custom/dotp.sv:43$124 ($eq).
Removed top 2 bits (of 6) from port B of cell soc_multi.$procmux$1620_CMP0 ($eq).
Removed top 2 bits (of 6) from port B of cell soc_multi.$procmux$1625_CMP0 ($eq).
Removed top 1 bits (of 2) from port B of cell soc_multi.$auto$opt_dff.cc:195:make_patterns_logic$3095 ($ne).
Removed top 1 bits (of 2) from port B of cell soc_multi.$auto$opt_dff.cc:195:make_patterns_logic$3101 ($ne).
Removed top 3 bits (of 4) from port B of cell soc_multi.$procmux$1654_CMP0 ($eq).
Removed top 24 bits (of 32) from mux cell soc_multi.$procmux$1675 ($pmux).
Removed top 1 bits (of 2) from port B of cell soc_multi.$auto$opt_dff.cc:195:make_patterns_logic$3109 ($ne).
Removed top 1 bits (of 2) from port B of cell soc_multi.$procmux$1790_CMP0 ($eq).
Removed top 1 bits (of 3) from port B of cell soc_multi.$procmux$1797_CMP0 ($eq).
Removed top 1 bits (of 3) from port B of cell soc_multi.$procmux$1798_CMP0 ($eq).
Removed top 2 bits (of 3) from port B of cell soc_multi.$procmux$1799_CMP0 ($eq).
Removed top 2 bits (of 3) from port B of cell soc_multi.$procmux$1805_CMP0 ($eq).
Removed top 2 bits (of 3) from mux cell soc_multi.$procmux$1872 ($mux).
Removed top 3 bits (of 7) from port B of cell soc_multi.$procmux$1904_CMP0 ($eq).
Removed top 1 bits (of 7) from port B of cell soc_multi.$procmux$1945_CMP0 ($eq).
Removed top 1 bits (of 4) from mux cell soc_multi.$procmux$1963 ($mux).
Removed top 1 bits (of 4) from mux cell soc_multi.$procmux$1993 ($mux).
Removed top 1 bits (of 3) from port B of cell soc_multi.$procmux$2035_CMP0 ($eq).
Removed top 2 bits (of 3) from port B of cell soc_multi.$procmux$2066_CMP0 ($eq).
Removed top 2 bits (of 7) from port B of cell soc_multi.$procmux$2230_CMP0 ($eq).
Removed top 2 bits (of 3) from mux cell soc_multi.$procmux$2315 ($mux).
Removed top 1 bits (of 7) from port B of cell soc_multi.$procmux$2318_CMP0 ($eq).
Removed top 5 bits (of 7) from port B of cell soc_multi.$procmux$2367_CMP0 ($eq).
Removed top 1 bits (of 2) from mux cell soc_multi.$procmux$2396 ($mux).
Removed top 2 bits (of 7) from port B of cell soc_multi.$procmux$2544_CMP0 ($eq).
Removed top 1 bits (of 7) from port B of cell soc_multi.$procmux$2545_CMP0 ($eq).
Removed top 1 bits (of 3) from port B of cell soc_multi.$procmux$2671_CMP0 ($eq).
Removed top 1 bits (of 3) from port B of cell soc_multi.$procmux$2672_CMP0 ($eq).
Removed top 2 bits (of 3) from port B of cell soc_multi.$procmux$2673_CMP0 ($eq).
Removed top 1 bits (of 4) from port B of cell soc_multi.$procmux$2680_CMP0 ($eq).
Removed top 1 bits (of 4) from port B of cell soc_multi.$procmux$2681_CMP0 ($eq).
Removed top 1 bits (of 4) from port B of cell soc_multi.$procmux$2682_CMP0 ($eq).
Removed top 1 bits (of 4) from port B of cell soc_multi.$procmux$2683_CMP0 ($eq).
Removed top 2 bits (of 4) from port B of cell soc_multi.$procmux$2684_CMP0 ($eq).
Removed top 2 bits (of 4) from port B of cell soc_multi.$procmux$2685_CMP0 ($eq).
Removed top 3 bits (of 4) from port B of cell soc_multi.$procmux$2686_CMP0 ($eq).
Removed top 1 bits (of 4) from wire soc_multi.$flatten\u_core.\u_dec.$11\alu_op[3:0].
Removed top 1 bits (of 4) from wire soc_multi.$flatten\u_core.\u_dec.$12\alu_op[3:0].
Removed top 1 bits (of 2) from wire soc_multi.$flatten\u_core.\u_dec.$3\wb_sel[1:0].
Removed top 2 bits (of 3) from wire soc_multi.$flatten\u_core.\u_dec.$4\imm_type[2:0].
Removed top 2 bits (of 3) from wire soc_multi.$procmux$1872_Y.
Removed top 24 bits (of 32) from wire soc_multi.uart_rdata.

16.14. Executing PEEPOPT pass (run peephole optimizers).

16.15. Executing OPT_CLEAN pass (remove unused cells and wires).
Finding unused cells or wires in module \soc_multi..
Removed 0 unused cells and 6 unused wires.
<suppressed ~1 debug messages>

16.16. Executing PMUX2SHIFTX pass.
Inspecting $pmux cell soc_multi/$procmux$1624.
  data width: 32 (next power-of-2 = 32, log2 = 5)
  checking ctrl signal \u_core.ex_result [7:2]
    best permutation: \u_core.ex_result [7:2]
    best xor mask: 6'000000
      0: 6'001000 -> 6'001000 -> 6'001000: \u_dotp.result
      1: 6'000111 -> 6'000111 -> 6'000111: \u_dotp.b[3]
      2: 6'000110 -> 6'000110 -> 6'000110: \u_dotp.b[2]
      3: 6'000101 -> 6'000101 -> 6'000101: \u_dotp.b[1]
      4: 6'000100 -> 6'000100 -> 6'000100: \u_dotp.b[0]
      5: 6'000011 -> 6'000011 -> 6'000011: \u_dotp.a[3]
      6: 6'000010 -> 6'000010 -> 6'000010: \u_dotp.a[2]
      7: 6'000001 -> 6'000001 -> 6'000001: \u_dotp.a[1]
      8: 6'000000 -> 6'000000 -> 6'000000: \u_dotp.a[0]
    choices: 9
    min choice: 0
    max choice: 8
    range density: 100%
    absolute density: 100%
    full density: 14%
    full case: false
    created $shiftx cell $auto$pmux2shiftx.cc:712:execute$3168.
Inspecting $pmux cell soc_multi/$procmux$1658.
  data width: 32 (next power-of-2 = 32, log2 = 5)
  checking ctrl signal \u_core.ex_result [5:2]
    table of choices:
      0: 4'0010: { 30'000000000000000000000000000000 \u_timer.pending \u_timer.ie }
      1: 4'0001: \u_timer.cmp
      2: 4'0000: \u_timer.cnt
    failed to detect onehot driver. do not optimize.
Inspecting $pmux cell soc_multi/$procmux$1792.
  data width: 1 (next power-of-2 = 1, log2 = 0)
  checking ctrl signal \u_core.br_type
    best permutation: \u_core.br_type
    best xor mask: 3'000
      0: 3'111 -> 3'111 -> 3'111: 1'1
      1: 3'110 -> 3'110 -> 3'110: $flatten\u_core.$logic_not$rtl/core/core_multi.sv:146$299_Y
      2: 3'101 -> 3'101 -> 3'101: \u_core.ltu
      3: 3'100 -> 3'100 -> 3'100: $flatten\u_core.$logic_not$rtl/core/core_multi.sv:144$298_Y
      4: 3'011 -> 3'011 -> 3'011: \u_core.lt
      5: 3'010 -> 3'010 -> 3'010: $flatten\u_core.$logic_not$rtl/core/core_multi.sv:142$297_Y
      6: 3'001 -> 3'001 -> 3'001: \u_core.eq
    choices: 7
    min choice: 1
    max choice: 7
    range density: 100%
    absolute density: 87%
    full density: 87%
    update to full case.
    new min choice: 0
    new max choice: 7
    full case: true
    created $shiftx cell $auto$pmux2shiftx.cc:712:execute$3170.
Inspecting $pmux cell soc_multi/$procmux$1802.
  data width: 3 (next power-of-2 = 4, log2 = 2)
  checking ctrl signal \u_core.state
    best permutation: \u_core.state
    best xor mask: 3'000
      0: 3'011 -> 3'011 -> 3'011: $flatten\u_core.$ternary$rtl/core/core_multi.sv:180$317_Y
      1: 3'010 -> 3'010 -> 3'010: $flatten\u_core.$ternary$rtl/core/core_multi.sv:179$318_Y
      2: 3'001 -> 3'001 -> 3'001: 3'010
      3: 3'000 -> 3'000 -> 3'000: 3'001
    choices: 4
    min choice: 0
    max choice: 3
    range density: 100%
    absolute density: 100%
    full density: 50%
    update to full case.
    new min choice: 0
    new max choice: 7
    full case: true
    created $shiftx cell $auto$pmux2shiftx.cc:712:execute$3172.
Inspecting $pmux cell soc_multi/$procmux$1866.
  data width: 3 (next power-of-2 = 4, log2 = 2)
  checking ctrl signal \u_core.state
    table of choices:
      0: 3'100: 3'000
      2: 3'001: 3'010
      3: 3'000: { 2'00 $auto$wreduce.cc:514:run$3163 [0] }
    failed to detect onehot driver. do not optimize.
Inspecting $pmux cell soc_multi/$procmux$2206.
  data width: 4 (next power-of-2 = 4, log2 = 2)
  checking ctrl signal \u_core.instr [14:12]
    best permutation: \u_core.instr [14:12]
    best xor mask: 3'000
      0: 3'111 -> 3'111 -> 3'111: 4'1001
      1: 3'110 -> 3'110 -> 3'110: 4'1000
      2: 3'101 -> 3'101 -> 3'101: { 1'0 $auto$wreduce.cc:514:run$3159 [2:0] }
      3: 3'100 -> 3'100 -> 3'100: 4'0101
      4: 3'011 -> 3'011 -> 3'011: 4'0100
      5: 3'010 -> 3'010 -> 3'010: 4'0011
      6: 3'001 -> 3'001 -> 3'001: 4'0010
      7: 3'000 -> 3'000 -> 3'000: $flatten\u_core.\u_dec.$8\alu_op[3:0]
    choices: 8
    min choice: 0
    max choice: 7
    range density: 100%
    absolute density: 100%
    full density: 100%
    update to full case.
    new min choice: 0
    new max choice: 7
    full case: true
    created $shiftx cell $auto$pmux2shiftx.cc:712:execute$3174.
Inspecting $pmux cell soc_multi/$procmux$2283.
  data width: 4 (next power-of-2 = 4, log2 = 2)
  checking ctrl signal \u_core.instr [14:12]
    best permutation: \u_core.instr [14:12]
    best xor mask: 3'000
      0: 3'101 -> 3'101 -> 3'101: { 1'0 $auto$wreduce.cc:514:run$3159 [2:0] }
      1: 3'001 -> 3'001 -> 3'001: 4'0010
      2: 3'111 -> 3'111 -> 3'111: 4'1001
      3: 3'110 -> 3'110 -> 3'110: 4'1000
      4: 3'100 -> 3'100 -> 3'100: 4'0101
      5: 3'011 -> 3'011 -> 3'011: 4'0100
      6: 3'010 -> 3'010 -> 3'010: 4'0011
      7: 3'000 -> 3'000 -> 3'000: 4'0000
    choices: 8
    min choice: 0
    max choice: 7
    range density: 100%
    absolute density: 100%
    full density: 100%
    update to full case.
    new min choice: 0
    new max choice: 7
    full case: true
    created $shiftx cell $auto$pmux2shiftx.cc:712:execute$3176.
Inspecting $pmux cell soc_multi/$procmux$2430.
  data width: 3 (next power-of-2 = 4, log2 = 2)
  checking ctrl signal \u_core.instr [14:12]
    best permutation: \u_core.instr [14:12]
    best xor mask: 3'000
      0: 3'111 -> 3'111 -> 3'111: 3'110
      1: 3'110 -> 3'110 -> 3'110: 3'101
      2: 3'101 -> 3'101 -> 3'101: 3'100
      3: 3'100 -> 3'100 -> 3'100: 3'011
      4: 3'001 -> 3'001 -> 3'001: 3'010
      5: 3'000 -> 3'000 -> 3'000: 3'001
    choices: 6
    min choice: 0
    max choice: 7
    range density: 75%
    absolute density: 75%
    full density: 75%
    update to full case.
    new min choice: 0
    new max choice: 7
    full case: true
    created $shiftx cell $auto$pmux2shiftx.cc:712:execute$3178.
Inspecting $pmux cell soc_multi/$procmux$2538.
  data width: 3 (next power-of-2 = 4, log2 = 2)
  checking ctrl signal \u_core.instr [6:0]
    best permutation: { \u_core.instr [5:4] \u_core.instr [1:0] \u_core.instr [6] \u_core.instr [3:2] }
    best xor mask: 7'1011000
      0: 7'0100011 -> 7'1011000 -> 7'0000000: { 2'00 $auto$wreduce.cc:514:run$3162 [0] }
      1: 7'1100011 -> 7'1011100 -> 7'0000100: 3'010
      2: 7'1101111 -> 7'1011111 -> 7'0000111: 3'100
    choices: 3
    min choice: 0
    max choice: 7
    range density: 37%
    absolute density: 37%
    full case: false
    insufficient density.
Inspecting $pmux cell soc_multi/$procmux$2588.
  data width: 1 (next power-of-2 = 1, log2 = 0)
  checking ctrl signal \u_core.instr [6:0]
    best permutation: { \u_core.instr [3:0] \u_core.instr [6:4] }
    best xor mask: 7'0011000
      1: 7'1110011 -> 7'0011111 -> 7'0000111: $flatten\u_core.\u_dec.$22\illegal[0:0]
      2: 7'0110011 -> 7'0011011 -> 7'0000011: $flatten\u_core.\u_dec.$10\illegal[0:0]
      3: 7'0010011 -> 7'0011001 -> 7'0000001: $flatten\u_core.\u_dec.$6\illegal[0:0]
      5: 7'1100011 -> 7'0011110 -> 7'0000110: $flatten\u_core.\u_dec.$3\illegal[0:0]
    choices: 4
    min choice: 1
    max choice: 7
    range density: 57%
    absolute density: 50%
    full case: false
    created $shiftx cell $auto$pmux2shiftx.cc:712:execute$3184.
Inspecting $pmux cell soc_multi/$procmux$2624.
  data width: 3 (next power-of-2 = 4, log2 = 2)
  checking ctrl signal \u_core.instr [6:0]
    best permutation: { \u_core.instr [6:4] \u_core.instr [1:0] \u_core.instr [3:2] }
    best xor mask: 7'1101100
      0: 7'1100011 -> 7'1101100 -> 7'0000000: $flatten\u_core.\u_dec.$3\br_type[2:0]
      1: 7'1100111 -> 7'1101101 -> 7'0000001: $flatten\u_core.\u_dec.$2\br_type[2:0]
      2: 7'1101111 -> 7'1101111 -> 7'0000011: 3'111
    choices: 3
    min choice: 0
    max choice: 3
    range density: 75%
    absolute density: 75%
    full density: 2%
    full case: false
    created $shiftx cell $auto$pmux2shiftx.cc:712:execute$3190.
Inspecting $pmux cell soc_multi/$procmux$2636.
  data width: 2 (next power-of-2 = 2, log2 = 1)
  checking ctrl signal \u_core.instr [6:0]
    best permutation: { \u_core.instr [4] \u_core.instr [1:0] \u_core.instr [6:5] \u_core.instr [3:2] }
    best xor mask: 7'0110000
      0: 7'0000011 -> 7'0110000 -> 7'0000000: { 1'0 $auto$wreduce.cc:514:run$3161 [0] }
      1: 7'1100111 -> 7'0111101 -> 7'0001101: $flatten\u_core.\u_dec.$2\wb_sel[1:0]
      2: 7'1101111 -> 7'0111111 -> 7'0001111: 2'10
    choices: 3
    min choice: 0
    max choice: 15
    range density: 18%
    absolute density: 18%
    full density: 2%
    full case: false
    insufficient density.
Inspecting $pmux cell soc_multi/$procmux$2669.
  data width: 32 (next power-of-2 = 32, log2 = 5)
  checking ctrl signal \u_core.u_imm.imm_type
    best permutation: \u_core.u_imm.imm_type
    best xor mask: 3'000
      0: 3'100 -> 3'100 -> 3'100: { \u_core.instr [31] \u_core.instr [31] \u_core.instr [31] \u_core.instr [31] \u_core.instr [31] \u_core.instr [31] \u_core.instr [31] \u_core.instr [31] \u_core.instr [31] \u_core.instr [31] \u_core.instr [31] \u_core.instr [31] \u_core.instr [19:12] \u_core.instr [20] \u_core.instr [30:21] 1'0 }
      1: 3'011 -> 3'011 -> 3'011: { \u_core.instr [31:12] 12'000000000000 }
      2: 3'010 -> 3'010 -> 3'010: { \u_core.instr [31] \u_core.instr [31] \u_core.instr [31] \u_core.instr [31] \u_core.instr [31] \u_core.instr [31] \u_core.instr [31] \u_core.instr [31] \u_core.instr [31] \u_core.instr [31] \u_core.instr [31] \u_core.instr [31] \u_core.instr [31] \u_core.instr [31] \u_core.instr [31] \u_core.instr [31] \u_core.instr [31] \u_core.instr [31] \u_core.instr [31] \u_core.instr [31] \u_core.instr [7] \u_core.instr [30:25] \u_core.instr [11:8] 1'0 }
      3: 3'001 -> 3'001 -> 3'001: { \u_core.instr [31] \u_core.instr [31] \u_core.instr [31] \u_core.instr [31] \u_core.instr [31] \u_core.instr [31] \u_core.instr [31] \u_core.instr [31] \u_core.instr [31] \u_core.instr [31] \u_core.instr [31] \u_core.instr [31] \u_core.instr [31] \u_core.instr [31] \u_core.instr [31] \u_core.instr [31] \u_core.instr [31] \u_core.instr [31] \u_core.instr [31] \u_core.instr [31] \u_core.instr [31:25] \u_core.instr [11:7] }
      4: 3'000 -> 3'000 -> 3'000: { \u_core.instr [31] \u_core.instr [31] \u_core.instr [31] \u_core.instr [31] \u_core.instr [31] \u_core.instr [31] \u_core.instr [31] \u_core.instr [31] \u_core.instr [31] \u_core.instr [31] \u_core.instr [31] \u_core.instr [31] \u_core.instr [31] \u_core.instr [31] \u_core.instr [31] \u_core.instr [31] \u_core.instr [31] \u_core.instr [31] \u_core.instr [31] \u_core.instr [31] \u_core.instr [31:20] }
    choices: 5
    min choice: 0
    max choice: 4
    range density: 100%
    absolute density: 100%
    full density: 62%
    update to full case.
    new min choice: 0
    new max choice: 7
    full case: true
    created $shiftx cell $auto$pmux2shiftx.cc:712:execute$3192.
Inspecting $pmux cell soc_multi/$procmux$2676.
  data width: 32 (next power-of-2 = 32, log2 = 5)
  checking ctrl signal \u_core.u_alu.op
    best permutation: \u_core.u_alu.op
    best xor mask: 4'0000
      0: 4'1010 -> 4'1010 -> 4'1010: $flatten\u_core.\u_alu.$mul$rtl/core/alu.sv:32$13_Y
      1: 4'1001 -> 4'1001 -> 4'1001: $flatten\u_core.\u_alu.$and$rtl/core/alu.sv:31$12_Y
      2: 4'1000 -> 4'1000 -> 4'1000: $flatten\u_core.\u_alu.$or$rtl/core/alu.sv:30$11_Y
      3: 4'0111 -> 4'0111 -> 4'0111: $flatten\u_core.\u_alu.$sshr$rtl/core/alu.sv:29$10_Y
      4: 4'0110 -> 4'0110 -> 4'0110: $flatten\u_core.\u_alu.$shr$rtl/core/alu.sv:28$9_Y
      5: 4'0101 -> 4'0101 -> 4'0101: $flatten\u_core.\u_alu.$xor$rtl/core/alu.sv:27$8_Y
      6: 4'0100 -> 4'0100 -> 4'0100: { 31'0000000000000000000000000000000 \u_core.ltu }
      7: 4'0011 -> 4'0011 -> 4'0011: { 31'0000000000000000000000000000000 \u_core.lt }
      8: 4'0010 -> 4'0010 -> 4'0010: $flatten\u_core.\u_alu.$shl$rtl/core/alu.sv:24$7_Y
      9: 4'0001 -> 4'0001 -> 4'0001: $flatten\u_core.\u_alu.$sub$rtl/core/alu.sv:23$6_Y
     10: 4'0000 -> 4'0000 -> 4'0000: $flatten\u_core.\u_alu.$add$rtl/core/alu.sv:22$5_Y
    choices: 11
    min choice: 0
    max choice: 10
    range density: 100%
    absolute density: 100%
    full density: 68%
    update to full case.
    new min choice: 0
    new max choice: 15
    full case: true
    created $shiftx cell $auto$pmux2shiftx.cc:712:execute$3194.
Inspecting $pmux cell soc_multi/$procmux$2693.
  data width: 32 (next power-of-2 = 32, log2 = 5)
  checking ctrl signal \u_core.ex_result [31:28]
    best permutation: \u_core.ex_result [31:28]
    best xor mask: 4'0000
      0: 4'0100 -> 4'0100 -> 4'0100: \u_dotp.rdata
      1: 4'0011 -> 4'0011 -> 4'0011: \u_timer.rdata
      2: 4'0010 -> 4'0010 -> 4'0010: { 24'000000000000000000000000 \uart_rdata }
      3: 4'0001 -> 4'0001 -> 4'0001: \ram_rdata
    choices: 4
    min choice: 1
    max choice: 4
    range density: 100%
    absolute density: 80%
    full density: 25%
    full case: false
    created $shiftx cell $auto$pmux2shiftx.cc:712:execute$3198.
Removed 24 unused cells and 24 unused wires.

16.17. Executing MEMORY_DFF pass (merging $dff cells to $memrd).
Checking read port `\u_core.u_rf.regs'[0] in module `\soc_multi': FF found, but with a mux select that doesn't seem to correspond to transparency logic.
Checking read port `\u_core.u_rf.regs'[1] in module `\soc_multi': FF found, but with a mux select that doesn't seem to correspond to transparency logic.
Checking read port address `\u_core.u_rf.regs'[0] in module `\soc_multi': address FF has async set and/or reset, not supported.
Checking read port address `\u_core.u_rf.regs'[1] in module `\soc_multi': address FF has async set and/or reset, not supported.

16.18. Executing TECHMAP pass (map to technology primitives).

16.18.1. Executing Verilog-2005 frontend: /usr/bin/../share/yosys/mul2dsp.v
Parsing Verilog input from `/usr/bin/../share/yosys/mul2dsp.v' to AST representation.
Generating RTLIL representation for module `\_80_mul'.
Generating RTLIL representation for module `\_90_soft_mul'.
Successfully finished Verilog frontend.

16.18.2. Executing Verilog-2005 frontend: /usr/bin/../share/yosys/xilinx/xc7_dsp_map.v
Parsing Verilog input from `/usr/bin/../share/yosys/xilinx/xc7_dsp_map.v' to AST representation.
Generating RTLIL representation for module `\$__MUL25X18'.
Successfully finished Verilog frontend.

16.18.3. Continuing TECHMAP pass.
Using template $paramod$a6723094dea62072dba32ab67b56b3cb58dc0d5a\_80_mul for cells of type $mul.
Using template $paramod$395213c3917c8eeb1e1c3f3ae1e4925be9b6a279\_80_mul for cells of type $mul.
Using template $paramod$0ca0a2beabfb02adcfc3d390a7383e9d741a383c\_80_mul for cells of type $__mul.
Using template $paramod$f0959df10ae1505b2ef291b098c3c46396c2eac6\_80_mul for cells of type $__mul.
Using template $paramod$cfb4b1dd2da69458d213ec6be14a680b5f99155d\_80_mul for cells of type $__mul.
Using template $paramod$602e0e7361d660412e3c0104fc9be56fc132949a\_80_mul for cells of type $__mul.
Using template $paramod$f972920bca387dff277a14b66740df03199c53c0\_80_mul for cells of type $__mul.
Using template $paramod$b326ef45623603cb0c298ae1eaab5028a2154cf7\_80_mul for cells of type $__mul.
Using template $paramod$730e32f1699b3bb5ffc197cfe581372099362ff3\$__MUL25X18 for cells of type $__MUL25X18.
Using template $paramod$9aaf69a32d544a8319d193bef0e4e628b501c242\$__MUL25X18 for cells of type $__MUL25X18.
No more expansions possible.
<suppressed ~702 debug messages>

16.19. Executing OPT_EXPR pass (perform const folding).
Optimizing module soc_multi.
<suppressed ~15 debug messages>

16.20. Executing WREDUCE pass (reducing word size of cells).
Removed top 17 bits (of 32) from port Y of cell soc_multi.$techmap$flatten\u_dotp.$mul$rtl/custom/dotp.sv:52$151.$add$/usr/bin/../share/yosys/mul2dsp.v:173$3210 ($add).
Removed top 17 bits (of 32) from port A of cell soc_multi.$techmap$flatten\u_dotp.$mul$rtl/custom/dotp.sv:52$151.$add$/usr/bin/../share/yosys/mul2dsp.v:173$3210 ($add).
Removed top 17 bits (of 32) from port Y of cell soc_multi.$techmap$flatten\u_dotp.$mul$rtl/custom/dotp.sv:54$153.$add$/usr/bin/../share/yosys/mul2dsp.v:173$3210 ($add).
Removed top 17 bits (of 32) from port A of cell soc_multi.$techmap$flatten\u_dotp.$mul$rtl/custom/dotp.sv:54$153.$add$/usr/bin/../share/yosys/mul2dsp.v:173$3210 ($add).
Removed top 17 bits (of 32) from port Y of cell soc_multi.$techmap$flatten\u_dotp.$mul$rtl/custom/dotp.sv:55$154.$add$/usr/bin/../share/yosys/mul2dsp.v:173$3210 ($add).
Removed top 17 bits (of 32) from port A of cell soc_multi.$techmap$flatten\u_dotp.$mul$rtl/custom/dotp.sv:55$154.$add$/usr/bin/../share/yosys/mul2dsp.v:173$3210 ($add).
Removed top 17 bits (of 32) from port Y of cell soc_multi.$techmap$flatten\u_core.\u_alu.$mul$rtl/core/alu.sv:32$13.$add$/usr/bin/../share/yosys/mul2dsp.v:173$3210 ($add).
Removed top 17 bits (of 32) from port A of cell soc_multi.$techmap$flatten\u_core.\u_alu.$mul$rtl/core/alu.sv:32$13.$add$/usr/bin/../share/yosys/mul2dsp.v:173$3210 ($add).
Removed top 17 bits (of 32) from port Y of cell soc_multi.$techmap$flatten\u_dotp.$mul$rtl/custom/dotp.sv:53$152.$add$/usr/bin/../share/yosys/mul2dsp.v:173$3210 ($add).
Removed top 17 bits (of 32) from port A of cell soc_multi.$techmap$flatten\u_dotp.$mul$rtl/custom/dotp.sv:53$152.$add$/usr/bin/../share/yosys/mul2dsp.v:173$3210 ($add).
Removed top 15 bits (of 32) from port B of cell soc_multi.$techmap$flatten\u_dotp.$mul$rtl/custom/dotp.sv:52$151.genblk1.genblk1.genblk1.genblk1.genblk1.genblk1.genblk1.sliceA.last.$add$/usr/bin/../share/yosys/mul2dsp.v:230$3213 ($add).
Removed cell soc_multi.$techmap$flatten\u_dotp.$mul$rtl/custom/dotp.sv:52$151.genblk1.genblk1.genblk1.genblk1.genblk1.genblk1.genblk1.sliceA.last.$add$/usr/bin/../share/yosys/mul2dsp.v:230$3213 ($add).
Removed top 2 bits (of 17) from port Y of cell soc_multi.$techmap$flatten\u_dotp.$mul$rtl/custom/dotp.sv:54$153.genblk1.genblk1.genblk1.genblk1.genblk1.genblk1.genblk1.sliceA[0].mul.$add$/usr/bin/../share/yosys/mul2dsp.v:230$3216 ($add).
Removed top 2 bits (of 17) from port A of cell soc_multi.$techmap$flatten\u_dotp.$mul$rtl/custom/dotp.sv:54$153.genblk1.genblk1.genblk1.genblk1.genblk1.genblk1.genblk1.sliceA[0].mul.$add$/usr/bin/../share/yosys/mul2dsp.v:230$3216 ($add).
Removed top 15 bits (of 32) from port B of cell soc_multi.$techmap$flatten\u_dotp.$mul$rtl/custom/dotp.sv:54$153.genblk1.genblk1.genblk1.genblk1.genblk1.genblk1.genblk1.sliceA.last.$add$/usr/bin/../share/yosys/mul2dsp.v:230$3213 ($add).
Removed cell soc_multi.$techmap$flatten\u_dotp.$mul$rtl/custom/dotp.sv:54$153.genblk1.genblk1.genblk1.genblk1.genblk1.genblk1.genblk1.sliceA.last.$add$/usr/bin/../share/yosys/mul2dsp.v:230$3213 ($add).
Removed top 2 bits (of 17) from port Y of cell soc_multi.$techmap$flatten\u_dotp.$mul$rtl/custom/dotp.sv:52$151.genblk1.genblk1.genblk1.genblk1.genblk1.genblk1.genblk1.sliceA[0].mul.$add$/usr/bin/../share/yosys/mul2dsp.v:230$3216 ($add).
Removed top 2 bits (of 17) from port A of cell soc_multi.$techmap$flatten\u_dotp.$mul$rtl/custom/dotp.sv:52$151.genblk1.genblk1.genblk1.genblk1.genblk1.genblk1.genblk1.sliceA[0].mul.$add$/usr/bin/../share/yosys/mul2dsp.v:230$3216 ($add).
Removed top 2 bits (of 17) from port Y of cell soc_multi.$techmap$flatten\u_dotp.$mul$rtl/custom/dotp.sv:55$154.genblk1.genblk1.genblk1.genblk1.genblk1.genblk1.genblk1.sliceA[0].mul.$add$/usr/bin/../share/yosys/mul2dsp.v:230$3216 ($add).
Removed top 2 bits (of 17) from port A of cell soc_multi.$techmap$flatten\u_dotp.$mul$rtl/custom/dotp.sv:55$154.genblk1.genblk1.genblk1.genblk1.genblk1.genblk1.genblk1.sliceA[0].mul.$add$/usr/bin/../share/yosys/mul2dsp.v:230$3216 ($add).
Removed top 15 bits (of 32) from port B of cell soc_multi.$techmap$flatten\u_dotp.$mul$rtl/custom/dotp.sv:55$154.genblk1.genblk1.genblk1.genblk1.genblk1.genblk1.genblk1.sliceA.last.$add$/usr/bin/../share/yosys/mul2dsp.v:230$3213 ($add).
Removed cell soc_multi.$techmap$flatten\u_dotp.$mul$rtl/custom/dotp.sv:55$154.genblk1.genblk1.genblk1.genblk1.genblk1.genblk1.genblk1.sliceA.last.$add$/usr/bin/../share/yosys/mul2dsp.v:230$3213 ($add).
Removed top 15 bits (of 32) from port B of cell soc_multi.$techmap$flatten\u_core.\u_alu.$mul$rtl/core/alu.sv:32$13.genblk1.genblk1.genblk1.genblk1.genblk1.genblk1.genblk1.sliceA.last.$add$/usr/bin/../share/yosys/mul2dsp.v:230$3213 ($add).
Removed cell soc_multi.$techmap$flatten\u_core.\u_alu.$mul$rtl/core/alu.sv:32$13.genblk1.genblk1.genblk1.genblk1.genblk1.genblk1.genblk1.sliceA.last.$add$/usr/bin/../share/yosys/mul2dsp.v:230$3213 ($add).
Removed top 2 bits (of 17) from port Y of cell soc_multi.$techmap$flatten\u_core.\u_alu.$mul$rtl/core/alu.sv:32$13.genblk1.genblk1.genblk1.genblk1.genblk1.genblk1.genblk1.sliceA[0].mul.$add$/usr/bin/../share/yosys/mul2dsp.v:230$3216 ($add).
Removed top 2 bits (of 17) from port A of cell soc_multi.$techmap$flatten\u_core.\u_alu.$mul$rtl/core/alu.sv:32$13.genblk1.genblk1.genblk1.genblk1.genblk1.genblk1.genblk1.sliceA[0].mul.$add$/usr/bin/../share/yosys/mul2dsp.v:230$3216 ($add).
Removed top 2 bits (of 17) from port Y of cell soc_multi.$techmap$flatten\u_dotp.$mul$rtl/custom/dotp.sv:53$152.genblk1.genblk1.genblk1.genblk1.genblk1.genblk1.genblk1.sliceA[0].mul.$add$/usr/bin/../share/yosys/mul2dsp.v:230$3216 ($add).
Removed top 2 bits (of 17) from port A of cell soc_multi.$techmap$flatten\u_dotp.$mul$rtl/custom/dotp.sv:53$152.genblk1.genblk1.genblk1.genblk1.genblk1.genblk1.genblk1.sliceA[0].mul.$add$/usr/bin/../share/yosys/mul2dsp.v:230$3216 ($add).
Removed top 15 bits (of 32) from port B of cell soc_multi.$techmap$flatten\u_dotp.$mul$rtl/custom/dotp.sv:53$152.genblk1.genblk1.genblk1.genblk1.genblk1.genblk1.genblk1.sliceA.last.$add$/usr/bin/../share/yosys/mul2dsp.v:230$3213 ($add).
Removed cell soc_multi.$techmap$flatten\u_dotp.$mul$rtl/custom/dotp.sv:53$152.genblk1.genblk1.genblk1.genblk1.genblk1.genblk1.genblk1.sliceA.last.$add$/usr/bin/../share/yosys/mul2dsp.v:230$3213 ($add).

16.21. Executing XILINX_DSP pass (pack resources into DSPs).
Analysing soc_multi.$flatten\u_dotp.$mul$rtl/custom/dotp.sv:53$152.genblk1.genblk1.genblk1.genblk1.genblk1.genblk1.genblk1.sliceA[0].mul.genblk1.genblk1.genblk1.genblk1.genblk1.genblk1.genblk1.genblk1.mul_sliceB_last for Xilinx DSP packing.
  postadder $techmap$flatten\u_dotp.$mul$rtl/custom/dotp.sv:53$152.genblk1.genblk1.genblk1.genblk1.genblk1.genblk1.genblk1.sliceA[0].mul.$add$/usr/bin/../share/yosys/mul2dsp.v:230$3216 ($add)

Analysing soc_multi.$flatten\u_core.\u_alu.$mul$rtl/core/alu.sv:32$13.genblk1.genblk1.genblk1.genblk1.genblk1.genblk1.genblk1.sliceA[0].mul.genblk1.genblk1.genblk1.genblk1.genblk1.genblk1.genblk1.genblk1.sliceB[0].mul for Xilinx DSP packing.

Analysing soc_multi.$flatten\u_dotp.$mul$rtl/custom/dotp.sv:52$151.genblk1.genblk1.genblk1.genblk1.genblk1.genblk1.genblk1.sliceA[0].mul.genblk1.genblk1.genblk1.genblk1.genblk1.genblk1.genblk1.genblk1.mul_sliceB_last for Xilinx DSP packing.
  postadder $techmap$flatten\u_dotp.$mul$rtl/custom/dotp.sv:52$151.genblk1.genblk1.genblk1.genblk1.genblk1.genblk1.genblk1.sliceA[0].mul.$add$/usr/bin/../share/yosys/mul2dsp.v:230$3216 ($add)

Analysing soc_multi.$flatten\u_dotp.$mul$rtl/custom/dotp.sv:54$153.genblk1.genblk1.genblk1.genblk1.genblk1.genblk1.genblk1.sliceA.last.genblk1.genblk1.genblk1.genblk1.genblk1.genblk1.genblk1.genblk1.sliceB[0].mul for Xilinx DSP packing.
  postadder $techmap$flatten\u_dotp.$mul$rtl/custom/dotp.sv:54$153.$add$/usr/bin/../share/yosys/mul2dsp.v:173$3210 ($add)

Analysing soc_multi.$flatten\u_dotp.$mul$rtl/custom/dotp.sv:54$153.genblk1.genblk1.genblk1.genblk1.genblk1.genblk1.genblk1.sliceA[0].mul.genblk1.genblk1.genblk1.genblk1.genblk1.genblk1.genblk1.genblk1.mul_sliceB_last for Xilinx DSP packing.
  postadder $techmap$flatten\u_dotp.$mul$rtl/custom/dotp.sv:54$153.genblk1.genblk1.genblk1.genblk1.genblk1.genblk1.genblk1.sliceA[0].mul.$add$/usr/bin/../share/yosys/mul2dsp.v:230$3216 ($add)

Analysing soc_multi.$flatten\u_dotp.$mul$rtl/custom/dotp.sv:55$154.genblk1.genblk1.genblk1.genblk1.genblk1.genblk1.genblk1.sliceA[0].mul.genblk1.genblk1.genblk1.genblk1.genblk1.genblk1.genblk1.genblk1.sliceB[0].mul for Xilinx DSP packing.

Analysing soc_multi.$flatten\u_dotp.$mul$rtl/custom/dotp.sv:53$152.genblk1.genblk1.genblk1.genblk1.genblk1.genblk1.genblk1.sliceA[0].mul.genblk1.genblk1.genblk1.genblk1.genblk1.genblk1.genblk1.genblk1.sliceB[0].mul for Xilinx DSP packing.

Analysing soc_multi.$flatten\u_dotp.$mul$rtl/custom/dotp.sv:54$153.genblk1.genblk1.genblk1.genblk1.genblk1.genblk1.genblk1.sliceA[0].mul.genblk1.genblk1.genblk1.genblk1.genblk1.genblk1.genblk1.genblk1.sliceB[0].mul for Xilinx DSP packing.

Analysing soc_multi.$flatten\u_dotp.$mul$rtl/custom/dotp.sv:55$154.genblk1.genblk1.genblk1.genblk1.genblk1.genblk1.genblk1.sliceA[0].mul.genblk1.genblk1.genblk1.genblk1.genblk1.genblk1.genblk1.genblk1.mul_sliceB_last for Xilinx DSP packing.
  postadder $techmap$flatten\u_dotp.$mul$rtl/custom/dotp.sv:55$154.genblk1.genblk1.genblk1.genblk1.genblk1.genblk1.genblk1.sliceA[0].mul.$add$/usr/bin/../share/yosys/mul2dsp.v:230$3216 ($add)

Analysing soc_multi.$flatten\u_dotp.$mul$rtl/custom/dotp.sv:55$154.genblk1.genblk1.genblk1.genblk1.genblk1.genblk1.genblk1.sliceA.last.genblk1.genblk1.genblk1.genblk1.genblk1.genblk1.genblk1.genblk1.sliceB[0].mul for Xilinx DSP packing.
  postadder $techmap$flatten\u_dotp.$mul$rtl/custom/dotp.sv:55$154.$add$/usr/bin/../share/yosys/mul2dsp.v:173$3210 ($add)

Analysing soc_multi.$flatten\u_dotp.$mul$rtl/custom/dotp.sv:53$152.genblk1.genblk1.genblk1.genblk1.genblk1.genblk1.genblk1.sliceA.last.genblk1.genblk1.genblk1.genblk1.genblk1.genblk1.genblk1.genblk1.sliceB[0].mul for Xilinx DSP packing.
  postadder $techmap$flatten\u_dotp.$mul$rtl/custom/dotp.sv:53$152.$add$/usr/bin/../share/yosys/mul2dsp.v:173$3210 ($add)

Analysing soc_multi.$flatten\u_core.\u_alu.$mul$rtl/core/alu.sv:32$13.genblk1.genblk1.genblk1.genblk1.genblk1.genblk1.genblk1.sliceA[0].mul.genblk1.genblk1.genblk1.genblk1.genblk1.genblk1.genblk1.genblk1.mul_sliceB_last for Xilinx DSP packing.
  postadder $techmap$flatten\u_core.\u_alu.$mul$rtl/core/alu.sv:32$13.genblk1.genblk1.genblk1.genblk1.genblk1.genblk1.genblk1.sliceA[0].mul.$add$/usr/bin/../share/yosys/mul2dsp.v:230$3216 ($add)

Analysing soc_multi.$flatten\u_dotp.$mul$rtl/custom/dotp.sv:52$151.genblk1.genblk1.genblk1.genblk1.genblk1.genblk1.genblk1.sliceA.last.genblk1.genblk1.genblk1.genblk1.genblk1.genblk1.genblk1.genblk1.sliceB[0].mul for Xilinx DSP packing.
  postadder $techmap$flatten\u_dotp.$mul$rtl/custom/dotp.sv:52$151.$add$/usr/bin/../share/yosys/mul2dsp.v:173$3210 ($add)

Analysing soc_multi.$flatten\u_dotp.$mul$rtl/custom/dotp.sv:52$151.genblk1.genblk1.genblk1.genblk1.genblk1.genblk1.genblk1.sliceA[0].mul.genblk1.genblk1.genblk1.genblk1.genblk1.genblk1.genblk1.genblk1.sliceB[0].mul for Xilinx DSP packing.

Analysing soc_multi.$flatten\u_core.\u_alu.$mul$rtl/core/alu.sv:32$13.genblk1.genblk1.genblk1.genblk1.genblk1.genblk1.genblk1.sliceA.last.genblk1.genblk1.genblk1.genblk1.genblk1.genblk1.genblk1.genblk1.sliceB[0].mul for Xilinx DSP packing.
  postadder $techmap$flatten\u_core.\u_alu.$mul$rtl/core/alu.sv:32$13.$add$/usr/bin/../share/yosys/mul2dsp.v:173$3210 ($add)

<suppressed ~210 debug messages>

16.22. Executing TECHMAP pass (map to technology primitives).

16.22.1. Executing Verilog-2005 frontend: /usr/bin/../share/yosys/cmp2lut.v
Parsing Verilog input from `/usr/bin/../share/yosys/cmp2lut.v' to AST representation.
Generating RTLIL representation for module `\_90_lut_cmp_'.
Successfully finished Verilog frontend.

16.22.2. Executing Verilog-2005 frontend: /usr/bin/../share/yosys/cmp2lcu.v
Parsing Verilog input from `/usr/bin/../share/yosys/cmp2lcu.v' to AST representation.
Generating RTLIL representation for module `\_80_lcu_cmp_'.
Generating RTLIL representation for module `\$__CMP2LCU'.
Successfully finished Verilog frontend.

16.22.3. Continuing TECHMAP pass.
Using template $paramod$d5de20e7d2f4e42d0bb14c5c99f5dd4d7cf7d159\_80_lcu_cmp_ for cells of type $lt.
Using template $paramod$5140946ee346318f29859a75f746d3d97c0b1c43\_80_lcu_cmp_ for cells of type $lt.
Using template $paramod$efc6276d5269699a74f97af6fbf0bafe6acc3e19\_80_lcu_cmp_ for cells of type $gt.
Using template $paramod$c6025fc778b17975e80833db9ed8575b2c5a9306\_80_lcu_cmp_ for cells of type $gt.
Using template $paramod$4324157e16a60fc2fe5e489d90325d8108981966\$__CMP2LCU for cells of type $__CMP2LCU.
Using template $paramod$45f2f108157929267f6a876bda8209e58f25e0cd\$__CMP2LCU for cells of type $__CMP2LCU.
Using template $paramod$6685b98533bd405fdb66177f608eed8f76d21e8d\$__CMP2LCU for cells of type $__CMP2LCU.
Using template $paramod$8a9e823e249a18cf40e8e3311ed4e0b87be604a3\$__CMP2LCU for cells of type $__CMP2LCU.
Using template $paramod$3e249468c598b509b2189213d155ba6eb7f2b51e\$__CMP2LCU for cells of type $__CMP2LCU.
Using template $paramod$8bd824ba2533c8480636f690575d8203304ffa5a\$__CMP2LCU for cells of type $__CMP2LCU.
Using template $paramod$c7212ca15062f404a4a2b88cc72c0bba52776650\$__CMP2LCU for cells of type $__CMP2LCU.
Using template $paramod$46d8cbacee00d8ff946ef2f8aaadd92906683b31\$__CMP2LCU for cells of type $__CMP2LCU.
Using template $paramod$f0e75a3f09301560d3386ea17b4f2c1327bc66dd\$__CMP2LCU for cells of type $__CMP2LCU.
Using template $paramod$304404e4f7c11f383c19ceb65b9570973a882e40\$__CMP2LCU for cells of type $__CMP2LCU.
Using template $paramod$4ba603f7f099c7c26d77d00610446050688190ee\$__CMP2LCU for cells of type $__CMP2LCU.
Using template $paramod$80f528699b7df9e1ac70774aaf402c997178d092\$__CMP2LCU for cells of type $__CMP2LCU.
Using template $paramod$744a3dbaebfdf08651817a6a3870fb6e34065a4b\$__CMP2LCU for cells of type $__CMP2LCU.
Using template $paramod$e31b294a0680e72a03b6421c4eff5316c662db3d\$__CMP2LCU for cells of type $__CMP2LCU.
Using template $paramod$7576c1d57da290ee243a300e703225fce44b9803\$__CMP2LCU for cells of type $__CMP2LCU.
Using template $paramod$53f2488f7b67c23d1fcbecae9e0ea65a2fa70428\$__CMP2LCU for cells of type $__CMP2LCU.
Using template $paramod$c9ed519a964df09a49f3e136e9a8f41840e8876a\$__CMP2LCU for cells of type $__CMP2LCU.
Using template $paramod$0c9c1994e65d84e02829afc11150d4ace924add3\$__CMP2LCU for cells of type $__CMP2LCU.
Using template $paramod$5e58b3bd644282af0bf8b48f45207bc98dc20ef3\$__CMP2LCU for cells of type $__CMP2LCU.
Using template $paramod$0a630c7ca44f699d41e14b58085cae102f4a57e6\$__CMP2LCU for cells of type $__CMP2LCU.
Using template $paramod$4d196030c0f57d436091051b21d6bb5652c88bdd\$__CMP2LCU for cells of type $__CMP2LCU.
Using template $paramod$a1604c510d79d890fb2868e900d37a29b4d33ee3\$__CMP2LCU for cells of type $__CMP2LCU.
Using template $paramod$b20bd01da13bb71480541a66493586b32ca46765\$__CMP2LCU for cells of type $__CMP2LCU.
Using template $paramod$5a250c323c4f8bfcef72ea167c7d79512a3e5405\$__CMP2LCU for cells of type $__CMP2LCU.
Using template $paramod$0d1c5d55b7717105a370eb36460beba579328517\$__CMP2LCU for cells of type $__CMP2LCU.
Using template $paramod$13d4153ea76e985055406d938a091c90f56b0277\$__CMP2LCU for cells of type $__CMP2LCU.
Using template $paramod$363e70ff8e24ba1bf2ed3f1f4d33b8ccb7ba185e\$__CMP2LCU for cells of type $__CMP2LCU.
Using template $paramod$11b8e473205c8b79e1be9acfa001660fb9d50bd1\$__CMP2LCU for cells of type $__CMP2LCU.
Using template $paramod$1ca700f56654682268050c8ab6733dff28f9b2a5\$__CMP2LCU for cells of type $__CMP2LCU.
Using template $paramod$94cda45a04705f83a6e7b7a966d2cbcd39ec8c26\$__CMP2LCU for cells of type $__CMP2LCU.
Using template $paramod$686e7902c0bb73ab4ee57ada26ce8851342c73af\$__CMP2LCU for cells of type $__CMP2LCU.
Using template $paramod$e480769f5d3ef623ff56c3d36800340fb75643ea\$__CMP2LCU for cells of type $__CMP2LCU.
Using template $paramod$be320ef6745d9eeeb33444d43da2a288ef0f44d5\$__CMP2LCU for cells of type $__CMP2LCU.
Using template $paramod$71110619de8135fa234c90ca2447467db547669d\$__CMP2LCU for cells of type $__CMP2LCU.
Using template $paramod$54b223acb87382da9e21d725275b34aa5e4c52d1\$__CMP2LCU for cells of type $__CMP2LCU.
Using template $paramod$38471edb7e30bdc6941190928d73c31f8cb982e5\$__CMP2LCU for cells of type $__CMP2LCU.
Using template $paramod$efa446ef96a12a9e243554fe24eef4fdcede1df2\$__CMP2LCU for cells of type $__CMP2LCU.
Using template $paramod$a6781ebb7c56c586e2d8d947dcb7aca1ee56d927\$__CMP2LCU for cells of type $__CMP2LCU.
Using template $paramod$a402a57fb4f8635f34f639590edc3af926716964\$__CMP2LCU for cells of type $__CMP2LCU.
Using template $paramod$54e2971e53f479d5081c818457fbe5faf0d4152b\$__CMP2LCU for cells of type $__CMP2LCU.
Using template $paramod$6e395552c29a4cc17a53ca4a0c9888b692696692\$__CMP2LCU for cells of type $__CMP2LCU.
Using template $paramod$9510b4ae2d2e1a5822e02239cb6f533a771aeddb\$__CMP2LCU for cells of type $__CMP2LCU.
Using template $paramod$9bf1cfecaccd5accd8939bf444a2be7c77effa2e\$__CMP2LCU for cells of type $__CMP2LCU.
Using template $paramod$a5a8361ebacb29a09a46635083622c4d035708f3\$__CMP2LCU for cells of type $__CMP2LCU.
No more expansions possible.
<suppressed ~1281 debug messages>

16.23. Executing ALUMACC pass (create $alu and $macc cells).
Extracting $alu and $macc cells in module soc_multi:
  creating $macc model for $flatten\u_core.$add$rtl/core/core_multi.sv:153$300 ($add).
  creating $macc model for $flatten\u_core.$add$rtl/core/core_multi.sv:153$302 ($add).
  creating $macc model for $flatten\u_core.$add$rtl/core/core_multi.sv:171$311 ($add).
  creating $macc model for $flatten\u_core.\u_alu.$add$rtl/core/alu.sv:22$5 ($add).
  creating $macc model for $flatten\u_core.\u_alu.$sub$rtl/core/alu.sv:23$6 ($sub).
  creating $macc model for $flatten\u_dotp.$add$rtl/custom/dotp.sv:56$155 ($add).
  creating $macc model for $flatten\u_dotp.$add$rtl/custom/dotp.sv:56$156 ($add).
  creating $macc model for $flatten\u_dotp.$add$rtl/custom/dotp.sv:56$157 ($add).
  creating $macc model for $flatten\u_timer.$add$rtl/periph/timer.sv:35$115 ($add).
  creating $macc model for $flatten\u_uart.\u_rx.$add$rtl/periph/uart_rx.sv:57$230 ($add).
  creating $macc model for $flatten\u_uart.\u_rx.$add$rtl/periph/uart_rx.sv:66$233 ($add).
  creating $macc model for $flatten\u_uart.\u_tx.$add$rtl/periph/uart_tx.sv:41$243 ($add).
  creating $macc model for $flatten\u_uart.\u_tx.$add$rtl/periph/uart_tx.sv:43$244 ($add).
  merging $macc model for $flatten\u_dotp.$add$rtl/custom/dotp.sv:56$155 into $flatten\u_dotp.$add$rtl/custom/dotp.sv:56$157.
  merging $macc model for $flatten\u_dotp.$add$rtl/custom/dotp.sv:56$156 into $flatten\u_dotp.$add$rtl/custom/dotp.sv:56$157.
  creating $alu model for $macc $flatten\u_uart.\u_rx.$add$rtl/periph/uart_rx.sv:66$233.
  creating $alu model for $macc $flatten\u_uart.\u_rx.$add$rtl/periph/uart_rx.sv:57$230.
  creating $alu model for $macc $flatten\u_timer.$add$rtl/periph/timer.sv:35$115.
  creating $alu model for $macc $flatten\u_uart.\u_tx.$add$rtl/periph/uart_tx.sv:43$244.
  creating $alu model for $macc $flatten\u_uart.\u_tx.$add$rtl/periph/uart_tx.sv:41$243.
  creating $alu model for $macc $flatten\u_core.\u_alu.$sub$rtl/core/alu.sv:23$6.
  creating $alu model for $macc $flatten\u_core.\u_alu.$add$rtl/core/alu.sv:22$5.
  creating $alu model for $macc $flatten\u_core.$add$rtl/core/core_multi.sv:171$311.
  creating $alu model for $macc $flatten\u_core.$add$rtl/core/core_multi.sv:153$302.
  creating $alu model for $macc $flatten\u_core.$add$rtl/core/core_multi.sv:153$300.
  creating $macc cell for $flatten\u_dotp.$add$rtl/custom/dotp.sv:56$157: $auto$alumacc.cc:365:replace_macc$3575
  creating $alu model for $flatten\u_core.\u_alu.$eq$rtl/core/alu.sv:16$1 ($eq): merged with $flatten\u_core.\u_alu.$sub$rtl/core/alu.sv:23$6.
  creating $alu cell for $flatten\u_core.$add$rtl/core/core_multi.sv:153$300: $auto$alumacc.cc:495:replace_alu$3576
  creating $alu cell for $flatten\u_core.$add$rtl/core/core_multi.sv:153$302: $auto$alumacc.cc:495:replace_alu$3579
  creating $alu cell for $flatten\u_core.$add$rtl/core/core_multi.sv:171$311: $auto$alumacc.cc:495:replace_alu$3582
  creating $alu cell for $flatten\u_core.\u_alu.$add$rtl/core/alu.sv:22$5: $auto$alumacc.cc:495:replace_alu$3585
  creating $alu cell for $flatten\u_core.\u_alu.$sub$rtl/core/alu.sv:23$6, $flatten\u_core.\u_alu.$eq$rtl/core/alu.sv:16$1: $auto$alumacc.cc:495:replace_alu$3588
  creating $alu cell for $flatten\u_uart.\u_tx.$add$rtl/periph/uart_tx.sv:41$243: $auto$alumacc.cc:495:replace_alu$3593
  creating $alu cell for $flatten\u_uart.\u_tx.$add$rtl/periph/uart_tx.sv:43$244: $auto$alumacc.cc:495:replace_alu$3596
  creating $alu cell for $flatten\u_timer.$add$rtl/periph/timer.sv:35$115: $auto$alumacc.cc:495:replace_alu$3599
  creating $alu cell for $flatten\u_uart.\u_rx.$add$rtl/periph/uart_rx.sv:57$230: $auto$alumacc.cc:495:replace_alu$3602
  creating $alu cell for $flatten\u_uart.\u_rx.$add$rtl/periph/uart_rx.sv:66$233: $auto$alumacc.cc:495:replace_alu$3605
  created 10 $alu and 1 $macc cells.

16.24. Executing SHARE pass (SAT-based resource sharing).
Found 5 cells in module soc_multi that may be considered for resource sharing.
  Analyzing resource sharing options for $flatten\u_core.\u_rf.$memrd$\regs$rtl/core/regfile.sv:54$269 ($memrd):
    Found 1 activation_patterns using ctrl signal $flatten\u_core.\u_rf.$eq$rtl/core/regfile.sv:49$268_Y.
    Found 1 candidates: $flatten\u_core.\u_rf.$memrd$\regs$rtl/core/regfile.sv:47$267
    Analyzing resource sharing with $flatten\u_core.\u_rf.$memrd$\regs$rtl/core/regfile.sv:47$267 ($memrd):
      Found 1 activation_patterns using ctrl signal $flatten\u_core.\u_rf.$eq$rtl/core/regfile.sv:42$266_Y.
      Activation pattern for cell $flatten\u_core.\u_rf.$memrd$\regs$rtl/core/regfile.sv:54$269: $flatten\u_core.\u_rf.$eq$rtl/core/regfile.sv:49$268_Y = 1'0
      Activation pattern for cell $flatten\u_core.\u_rf.$memrd$\regs$rtl/core/regfile.sv:47$267: $flatten\u_core.\u_rf.$eq$rtl/core/regfile.sv:42$266_Y = 1'0
      Size of SAT problem: 2 cells, 27 variables, 51 clauses
      According to the SAT solver this pair of cells can not be shared.
      Model from SAT solver: { $flatten\u_core.\u_rf.$eq$rtl/core/regfile.sv:49$268_Y $flatten\u_core.\u_rf.$eq$rtl/core/regfile.sv:42$266_Y } = 2'00
  Analyzing resource sharing options for $flatten\u_core.\u_rf.$memrd$\regs$rtl/core/regfile.sv:47$267 ($memrd):
    Found 1 activation_patterns using ctrl signal $flatten\u_core.\u_rf.$eq$rtl/core/regfile.sv:42$266_Y.
    No candidates found.
  Analyzing resource sharing options for $flatten\u_core.\u_alu.$sshr$rtl/core/alu.sv:29$10 ($sshr):
    Found 1 activation_patterns using ctrl signal { \u_core.is_cus $flatten\u_core.$eq$rtl/core/core_multi.sv:231$329_Y 1'1 }.
    No candidates found.
  Analyzing resource sharing options for $flatten\u_core.\u_alu.$shr$rtl/core/alu.sv:28$9 ($shr):
    Found 1 activation_patterns using ctrl signal { \u_core.is_cus $flatten\u_core.$eq$rtl/core/core_multi.sv:231$329_Y 1'1 }.
    No candidates found.
  Analyzing resource sharing options for $flatten\u_core.\u_alu.$shl$rtl/core/alu.sv:24$7 ($shl):
    Found 1 activation_patterns using ctrl signal { \u_core.is_cus $flatten\u_core.$eq$rtl/core/core_multi.sv:231$329_Y 1'1 }.
    No candidates found.

16.25. Executing OPT pass (performing simple optimizations).

16.25.1. Executing OPT_EXPR pass (perform const folding).
Optimizing module soc_multi.
<suppressed ~66 debug messages>

16.25.2. Executing OPT_MERGE pass (detect identical cells).
Finding identical cells in module `\soc_multi'.
<suppressed ~465 debug messages>
Removed a total of 155 cells.

16.25.3. Executing OPT_MUXTREE pass (detect dead branches in mux trees).
Running muxtree optimizer on module \soc_multi..
  Creating internal representation of mux trees.
  Evaluating internal representation of mux trees.
  Analyzing evaluation results.
    dead port 1/11 on $pmux $procmux$1624.
    dead port 2/11 on $pmux $procmux$1624.
    dead port 3/11 on $pmux $procmux$1624.
    dead port 4/11 on $pmux $procmux$1624.
    dead port 5/11 on $pmux $procmux$1624.
    dead port 6/11 on $pmux $procmux$1624.
    dead port 7/11 on $pmux $procmux$1624.
    dead port 8/11 on $pmux $procmux$1624.
    dead port 9/11 on $pmux $procmux$1624.
    dead port 1/9 on $pmux $procmux$1792.
    dead port 2/9 on $pmux $procmux$1792.
    dead port 3/9 on $pmux $procmux$1792.
    dead port 4/9 on $pmux $procmux$1792.
    dead port 5/9 on $pmux $procmux$1792.
    dead port 6/9 on $pmux $procmux$1792.
    dead port 7/9 on $pmux $procmux$1792.
    dead port 9/9 on $pmux $procmux$1792.
    dead port 1/6 on $pmux $procmux$1802.
    dead port 2/6 on $pmux $procmux$1802.
    dead port 3/6 on $pmux $procmux$1802.
    dead port 4/6 on $pmux $procmux$1802.
    dead port 6/6 on $pmux $procmux$1802.
    dead port 1/10 on $pmux $procmux$2206.
    dead port 2/10 on $pmux $procmux$2206.
    dead port 3/10 on $pmux $procmux$2206.
    dead port 4/10 on $pmux $procmux$2206.
    dead port 5/10 on $pmux $procmux$2206.
    dead port 6/10 on $pmux $procmux$2206.
    dead port 7/10 on $pmux $procmux$2206.
    dead port 8/10 on $pmux $procmux$2206.
    dead port 10/10 on $pmux $procmux$2206.
    dead port 1/10 on $pmux $procmux$2283.
    dead port 2/10 on $pmux $procmux$2283.
    dead port 3/10 on $pmux $procmux$2283.
    dead port 4/10 on $pmux $procmux$2283.
    dead port 5/10 on $pmux $procmux$2283.
    dead port 6/10 on $pmux $procmux$2283.
    dead port 7/10 on $pmux $procmux$2283.
    dead port 8/10 on $pmux $procmux$2283.
    dead port 10/10 on $pmux $procmux$2283.
    dead port 1/8 on $pmux $procmux$2430.
    dead port 2/8 on $pmux $procmux$2430.
    dead port 3/8 on $pmux $procmux$2430.
    dead port 4/8 on $pmux $procmux$2430.
    dead port 5/8 on $pmux $procmux$2430.
    dead port 6/8 on $pmux $procmux$2430.
    dead port 8/8 on $pmux $procmux$2430.
    dead port 2/9 on $pmux $procmux$2588.
    dead port 3/9 on $pmux $procmux$2588.
    dead port 4/9 on $pmux $procmux$2588.
    dead port 6/9 on $pmux $procmux$2588.
    dead port 1/5 on $pmux $procmux$2624.
    dead port 2/5 on $pmux $procmux$2624.
    dead port 3/5 on $pmux $procmux$2624.
    dead port 1/7 on $pmux $procmux$2669.
    dead port 2/7 on $pmux $procmux$2669.
    dead port 3/7 on $pmux $procmux$2669.
    dead port 4/7 on $pmux $procmux$2669.
    dead port 5/7 on $pmux $procmux$2669.
    dead port 7/7 on $pmux $procmux$2669.
    dead port 1/13 on $pmux $procmux$2676.
    dead port 2/13 on $pmux $procmux$2676.
    dead port 3/13 on $pmux $procmux$2676.
    dead port 4/13 on $pmux $procmux$2676.
    dead port 5/13 on $pmux $procmux$2676.
    dead port 6/13 on $pmux $procmux$2676.
    dead port 7/13 on $pmux $procmux$2676.
    dead port 8/13 on $pmux $procmux$2676.
    dead port 9/13 on $pmux $procmux$2676.
    dead port 10/13 on $pmux $procmux$2676.
    dead port 11/13 on $pmux $procmux$2676.
    dead port 13/13 on $pmux $procmux$2676.
    dead port 1/6 on $pmux $procmux$2693.
    dead port 2/6 on $pmux $procmux$2693.
    dead port 3/6 on $pmux $procmux$2693.
    dead port 4/6 on $pmux $procmux$2693.
Removed 76 multiplexer ports.
<suppressed ~70 debug messages>

16.25.4. Executing OPT_REDUCE pass (consolidate $*mux and $reduce_* inputs).
  Optimizing cells in module \soc_multi.
Performed a total of 0 changes.

16.25.5. Executing OPT_MERGE pass (detect identical cells).
Finding identical cells in module `\soc_multi'.
<suppressed ~6 debug messages>
Removed a total of 2 cells.

16.25.6. Executing OPT_DFF pass (perform DFF optimizations).

16.25.7. Executing OPT_CLEAN pass (remove unused cells and wires).
Finding unused cells or wires in module \soc_multi..
Removed 7 unused cells and 1270 unused wires.
<suppressed ~8 debug messages>

16.25.8. Executing OPT_EXPR pass (perform const folding).
Optimizing module soc_multi.

16.25.9. Rerunning OPT passes. (Maybe there is more to do..)

16.25.10. Executing OPT_MUXTREE pass (detect dead branches in mux trees).
Running muxtree optimizer on module \soc_multi..
  Creating internal representation of mux trees.
  Evaluating internal representation of mux trees.
  Analyzing evaluation results.
Removed 0 multiplexer ports.
<suppressed ~66 debug messages>

16.25.11. Executing OPT_REDUCE pass (consolidate $*mux and $reduce_* inputs).
  Optimizing cells in module \soc_multi.
Performed a total of 0 changes.

16.25.12. Executing OPT_MERGE pass (detect identical cells).
Finding identical cells in module `\soc_multi'.
Removed a total of 0 cells.

16.25.13. Executing OPT_DFF pass (perform DFF optimizations).

16.25.14. Executing OPT_CLEAN pass (remove unused cells and wires).
Finding unused cells or wires in module \soc_multi..

16.25.15. Executing OPT_EXPR pass (perform const folding).
Optimizing module soc_multi.

16.25.16. Finished OPT passes. (There is nothing left to do.)

16.26. Executing MEMORY pass.

16.26.1. Executing OPT_MEM pass (optimize memories).
Performed a total of 0 transformations.

16.26.2. Executing OPT_MEM_PRIORITY pass (removing unnecessary memory write priority relations).
Performed a total of 0 transformations.

16.26.3. Executing OPT_MEM_FEEDBACK pass (finding memory read-to-write feedback paths).
  Analyzing soc_multi.u_core.u_rf.regs write port 0.

16.26.4. Executing MEMORY_BMUX2ROM pass (converting muxes to ROMs).

16.26.5. Executing MEMORY_DFF pass (merging $dff cells to $memrd).
Checking read port `\u_core.u_rf.regs'[0] in module `\soc_multi': FF found, but with a mux select that doesn't seem to correspond to transparency logic.
Checking read port `\u_core.u_rf.regs'[1] in module `\soc_multi': FF found, but with a mux select that doesn't seem to correspond to transparency logic.
Checking read port address `\u_core.u_rf.regs'[0] in module `\soc_multi': address FF has async set and/or reset, not supported.
Checking read port address `\u_core.u_rf.regs'[1] in module `\soc_multi': address FF has async set and/or reset, not supported.

16.26.6. Executing OPT_CLEAN pass (remove unused cells and wires).
Finding unused cells or wires in module \soc_multi..

16.26.7. Executing MEMORY_SHARE pass (consolidating $memrd/$memwr cells).
Consolidating read ports of memory soc_multi.u_core.u_rf.regs by address:

16.26.8. Executing OPT_MEM_WIDEN pass (optimize memories where all ports are wide).
Performed a total of 0 transformations.

16.26.9. Executing OPT_CLEAN pass (remove unused cells and wires).
Finding unused cells or wires in module \soc_multi..

16.26.10. Executing MEMORY_COLLECT pass (generating $mem cells).

16.27. Executing OPT_CLEAN pass (remove unused cells and wires).
Finding unused cells or wires in module \soc_multi..

16.28. Executing MEMORY_LIBMAP pass (mapping memories to cells).
mapping memory soc_multi.u_core.u_rf.regs via $__XILINX_LUTRAM_SDP_
<suppressed ~252 debug messages>

16.29. Executing TECHMAP pass (map to technology primitives).

16.29.1. Executing Verilog-2005 frontend: /usr/bin/../share/yosys/xilinx/lutrams_xc5v_map.v
Parsing Verilog input from `/usr/bin/../share/yosys/xilinx/lutrams_xc5v_map.v' to AST representation.
Generating RTLIL representation for module `\$__XILINX_LUTRAM_SP_'.
Generating RTLIL representation for module `\$__XILINX_LUTRAM_DP_'.
Generating RTLIL representation for module `\$__XILINX_LUTRAM_QP_'.
Generating RTLIL representation for module `\$__XILINX_LUTRAM_OP_'.
Generating RTLIL representation for module `\$__XILINX_LUTRAM_SDP_'.
Generating RTLIL representation for module `\$__XILINX_LUTRAM_64X8SW_'.
Generating RTLIL representation for module `\$__XILINX_LUTRAM_32X16DR8_'.
Successfully finished Verilog frontend.

16.29.2. Continuing TECHMAP pass.
Using template $paramod$31933bc0586e304f9d4048cafdcf94ebf308e40b\$__XILINX_LUTRAM_SDP_ for cells of type $__XILINX_LUTRAM_SDP_.
Using template $paramod$b46e790e1a546c1d0fce1965900bc12ee9561e85\$__XILINX_LUTRAM_SDP_ for cells of type $__XILINX_LUTRAM_SDP_.
No more expansions possible.
<suppressed ~55 debug messages>

16.30. Executing TECHMAP pass (map to technology primitives).

16.30.1. Executing Verilog-2005 frontend: /usr/bin/../share/yosys/xilinx/brams_xc6v_map.v
Parsing Verilog input from `/usr/bin/../share/yosys/xilinx/brams_xc6v_map.v' to AST representation.
Generating RTLIL representation for module `\$__XILINX_BLOCKRAM_TDP_'.
Generating RTLIL representation for module `\$__XILINX_BLOCKRAM_SDP_'.
Successfully finished Verilog frontend.

16.30.2. Continuing TECHMAP pass.
No more expansions possible.
<suppressed ~4 debug messages>

16.31. Executing OPT pass (performing simple optimizations).

16.31.1. Executing OPT_EXPR pass (perform const folding).
Optimizing module soc_multi.
<suppressed ~48 debug messages>

16.31.2. Executing OPT_MERGE pass (detect identical cells).
Finding identical cells in module `\soc_multi'.
<suppressed ~3 debug messages>
Removed a total of 1 cells.

16.31.3. Executing OPT_DFF pass (perform DFF optimizations).

16.31.4. Executing OPT_CLEAN pass (remove unused cells and wires).
Finding unused cells or wires in module \soc_multi..
Removed 1 unused cells and 100 unused wires.
<suppressed ~2 debug messages>

16.31.5. Finished fast OPT passes.

16.32. Executing MEMORY_MAP pass (converting memories to logic and flip-flops).

16.33. Executing OPT pass (performing simple optimizations).

16.33.1. Executing OPT_EXPR pass (perform const folding).
Optimizing module soc_multi.
<suppressed ~2 debug messages>

16.33.2. Executing OPT_MERGE pass (detect identical cells).
Finding identical cells in module `\soc_multi'.
Removed a total of 0 cells.

16.33.3. Executing OPT_MUXTREE pass (detect dead branches in mux trees).
Running muxtree optimizer on module \soc_multi..
  Creating internal representation of mux trees.
  Evaluating internal representation of mux trees.
  Analyzing evaluation results.
Removed 0 multiplexer ports.
<suppressed ~53 debug messages>

16.33.4. Executing OPT_REDUCE pass (consolidate $*mux and $reduce_* inputs).
  Optimizing cells in module \soc_multi.
    Consolidated identical input bits for $mux cell $flatten\u_core.$ternary$rtl/core/core_multi.sv:180$317:
      Old ports: A=3'000, B=3'100, Y=$flatten\u_core.$ternary$rtl/core/core_multi.sv:180$317_Y
      New ports: A=1'0, B=1'1, Y=$flatten\u_core.$ternary$rtl/core/core_multi.sv:180$317_Y [2]
      New connections: $flatten\u_core.$ternary$rtl/core/core_multi.sv:180$317_Y [1:0] = 2'00
    Consolidated identical input bits for $mux cell $procmux$1711:
      Old ports: A={ 1'1 \u_uart.tx_hold 1'0 }, B={ 1'1 \u_uart.u_tx.frame [9:1] }, Y=$flatten\u_uart.\u_tx.$0\frame[9:0]
      New ports: A={ \u_uart.tx_hold 1'0 }, B=\u_uart.u_tx.frame [9:1], Y=$flatten\u_uart.\u_tx.$0\frame[9:0] [8:0]
      New connections: $flatten\u_uart.\u_tx.$0\frame[9:0] [9] = 1'1
    Consolidated identical input bits for $mux cell $procmux$1963:
      Old ports: A=3'000, B=3'111, Y=$auto$wreduce.cc:514:run$3160 [2:0]
      New ports: A=1'0, B=1'1, Y=$auto$wreduce.cc:514:run$3160 [0]
      New connections: $auto$wreduce.cc:514:run$3160 [2:1] = { $auto$wreduce.cc:514:run$3160 [0] $auto$wreduce.cc:514:run$3160 [0] }
    Consolidated identical input bits for $mux cell $procmux$2080:
      Old ports: A=4'0000, B=4'1010, Y=$flatten\u_core.\u_dec.$10\alu_op[3:0]
      New ports: A=1'0, B=1'1, Y=$flatten\u_core.\u_dec.$10\alu_op[3:0] [1]
      New connections: { $flatten\u_core.\u_dec.$10\alu_op[3:0] [3:2] $flatten\u_core.\u_dec.$10\alu_op[3:0] [0] } = { $flatten\u_core.\u_dec.$10\alu_op[3:0] [1] 2'00 }
    Consolidated identical input bits for $mux cell $procmux$2490:
      Old ports: A=3'000, B=3'111, Y=$flatten\u_core.\u_dec.$2\br_type[2:0]
      New ports: A=1'0, B=1'1, Y=$flatten\u_core.\u_dec.$2\br_type[2:0] [0]
      New connections: $flatten\u_core.\u_dec.$2\br_type[2:0] [2:1] = { $flatten\u_core.\u_dec.$2\br_type[2:0] [0] $flatten\u_core.\u_dec.$2\br_type[2:0] [0] }
    Consolidated identical input bits for $mux cell $procmux$2503:
      Old ports: A=2'00, B=2'10, Y=$flatten\u_core.\u_dec.$2\wb_sel[1:0]
      New ports: A=1'0, B=1'1, Y=$flatten\u_core.\u_dec.$2\wb_sel[1:0] [1]
      New connections: $flatten\u_core.\u_dec.$2\wb_sel[1:0] [0] = 1'0
  Optimizing cells in module \soc_multi.
    Consolidated identical input bits for $mux cell $flatten\u_core.$ternary$rtl/core/core_multi.sv:179$318:
      Old ports: A=$flatten\u_core.$ternary$rtl/core/core_multi.sv:180$317_Y, B=3'011, Y=$flatten\u_core.$ternary$rtl/core/core_multi.sv:179$318_Y
      New ports: A={ $flatten\u_core.$ternary$rtl/core/core_multi.sv:180$317_Y [2] 1'0 }, B=2'01, Y={ $flatten\u_core.$ternary$rtl/core/core_multi.sv:179$318_Y [2] $flatten\u_core.$ternary$rtl/core/core_multi.sv:179$318_Y [0] }
      New connections: $flatten\u_core.$ternary$rtl/core/core_multi.sv:179$318_Y [1] = $flatten\u_core.$ternary$rtl/core/core_multi.sv:179$318_Y [0]
    Consolidated identical input bits for $mux cell $procmux$1993:
      Old ports: A=$auto$wreduce.cc:514:run$3160 [2:0], B=3'110, Y=$auto$wreduce.cc:514:run$3159 [2:0]
      New ports: A={ $auto$wreduce.cc:514:run$3160 [0] $auto$wreduce.cc:514:run$3160 [0] }, B=2'10, Y=$auto$wreduce.cc:514:run$3159 [1:0]
      New connections: $auto$wreduce.cc:514:run$3159 [2] = $auto$wreduce.cc:514:run$3159 [1]
    Consolidated identical input bits for $mux cell $procmux$2126:
      Old ports: A=$flatten\u_core.\u_dec.$10\alu_op[3:0], B=4'0001, Y=$flatten\u_core.\u_dec.$9\alu_op[3:0]
      New ports: A={ $flatten\u_core.\u_dec.$10\alu_op[3:0] [1] 1'0 }, B=2'01, Y=$flatten\u_core.\u_dec.$9\alu_op[3:0] [1:0]
      New connections: $flatten\u_core.\u_dec.$9\alu_op[3:0] [3:2] = { $flatten\u_core.\u_dec.$9\alu_op[3:0] [1] 1'0 }
  Optimizing cells in module \soc_multi.
    Consolidated identical input bits for $mux cell $procmux$2166:
      Old ports: A=$flatten\u_core.\u_dec.$9\alu_op[3:0], B=4'0000, Y=$flatten\u_core.\u_dec.$8\alu_op[3:0]
      New ports: A=$flatten\u_core.\u_dec.$9\alu_op[3:0] [1:0], B=2'00, Y=$flatten\u_core.\u_dec.$8\alu_op[3:0] [1:0]
      New connections: $flatten\u_core.\u_dec.$8\alu_op[3:0] [3:2] = { $flatten\u_core.\u_dec.$8\alu_op[3:0] [1] 1'0 }
  Optimizing cells in module \soc_multi.
Performed a total of 10 changes.

16.33.5. Executing OPT_MERGE pass (detect identical cells).
Finding identical cells in module `\soc_multi'.
<suppressed ~3 debug messages>
Removed a total of 1 cells.

16.33.6. Executing OPT_SHARE pass.
    Found cells that share an operand and can be merged by moving the $pmux $procmux$2549 in front of them:
        $auto$pmux2shiftx.cc:712:execute$3174
        $auto$pmux2shiftx.cc:712:execute$3176

16.33.7. Executing OPT_DFF pass (perform DFF optimizations).

16.33.8. Executing OPT_CLEAN pass (remove unused cells and wires).
Finding unused cells or wires in module \soc_multi..
Removed 0 unused cells and 3 unused wires.
<suppressed ~1 debug messages>

16.33.9. Executing OPT_EXPR pass (perform const folding).
Optimizing module soc_multi.
<suppressed ~5 debug messages>

16.33.10. Rerunning OPT passes. (Maybe there is more to do..)

16.33.11. Executing OPT_MUXTREE pass (detect dead branches in mux trees).
Running muxtree optimizer on module \soc_multi..
  Creating internal representation of mux trees.
  Evaluating internal representation of mux trees.
  Analyzing evaluation results.
Removed 0 multiplexer ports.
<suppressed ~50 debug messages>

16.33.12. Executing OPT_REDUCE pass (consolidate $*mux and $reduce_* inputs).
  Optimizing cells in module \soc_multi.
    Consolidated identical input bits for $mux cell $auto$opt_share.cc:246:merge_operators$3982:
      Old ports: A={ 9'100110000 $auto$wreduce.cc:514:run$3159 [2] $auto$wreduce.cc:514:run$3159 [2] $auto$wreduce.cc:514:run$3159 [0] 20'01010100001100100000 }, B={ 9'100110000 $auto$wreduce.cc:514:run$3159 [2] $auto$wreduce.cc:514:run$3159 [2] $auto$wreduce.cc:514:run$3159 [0] 16'0101010000110010 $flatten\u_core.\u_dec.$8\alu_op[3:0] [3] 1'0 $flatten\u_core.\u_dec.$8\alu_op[3:0] [3] $flatten\u_core.\u_dec.$8\alu_op[3:0] [0] }, Y=$auto$rtlil.cc:2916:Pmux$3983
      New ports: A=2'00, B={ $flatten\u_core.\u_dec.$8\alu_op[3:0] [3] $flatten\u_core.\u_dec.$8\alu_op[3:0] [0] }, Y=$auto$rtlil.cc:2916:Pmux$3983 [1:0]
      New connections: $auto$rtlil.cc:2916:Pmux$3983 [31:2] = { 9'100110000 $auto$wreduce.cc:514:run$3159 [2] $auto$wreduce.cc:514:run$3159 [2] $auto$wreduce.cc:514:run$3159 [0] 16'0101010000110010 $auto$rtlil.cc:2916:Pmux$3983 [1] 1'0 }
    New ctrl vector for $pmux cell $procmux$2549: $auto$opt_reduce.cc:137:opt_pmux$3985
  Optimizing cells in module \soc_multi.
Performed a total of 2 changes.

16.33.13. Executing OPT_MERGE pass (detect identical cells).
Finding identical cells in module `\soc_multi'.
Removed a total of 0 cells.

16.33.14. Executing OPT_SHARE pass.

16.33.15. Executing OPT_DFF pass (perform DFF optimizations).
Setting constant 1-bit at position 9 on $auto$ff.cc:266:slice$3114 ($adffe) from module soc_multi.

16.33.16. Executing OPT_CLEAN pass (remove unused cells and wires).
Finding unused cells or wires in module \soc_multi..
Removed 0 unused cells and 5 unused wires.
<suppressed ~1 debug messages>

16.33.17. Executing OPT_EXPR pass (perform const folding).
Optimizing module soc_multi.

16.33.18. Rerunning OPT passes. (Maybe there is more to do..)

16.33.19. Executing OPT_MUXTREE pass (detect dead branches in mux trees).
Running muxtree optimizer on module \soc_multi..
  Creating internal representation of mux trees.
  Evaluating internal representation of mux trees.
  Analyzing evaluation results.
Removed 0 multiplexer ports.
<suppressed ~51 debug messages>

16.33.20. Executing OPT_REDUCE pass (consolidate $*mux and $reduce_* inputs).
  Optimizing cells in module \soc_multi.
Performed a total of 0 changes.

16.33.21. Executing OPT_MERGE pass (detect identical cells).
Finding identical cells in module `\soc_multi'.
Removed a total of 0 cells.

16.33.22. Executing OPT_SHARE pass.

16.33.23. Executing OPT_DFF pass (perform DFF optimizations).

16.33.24. Executing OPT_CLEAN pass (remove unused cells and wires).
Finding unused cells or wires in module \soc_multi..

16.33.25. Executing OPT_EXPR pass (perform const folding).
Optimizing module soc_multi.

16.33.26. Finished OPT passes. (There is nothing left to do.)

16.34. Executing XILINX_SRL pass (Xilinx shift register extraction).

16.35. Executing TECHMAP pass (map to technology primitives).

16.35.1. Executing Verilog-2005 frontend: /usr/bin/../share/yosys/techmap.v
Parsing Verilog input from `/usr/bin/../share/yosys/techmap.v' to AST representation.
Generating RTLIL representation for module `\_90_simplemap_bool_ops'.
Generating RTLIL representation for module `\_90_simplemap_reduce_ops'.
Generating RTLIL representation for module `\_90_simplemap_logic_ops'.
Generating RTLIL representation for module `\_90_simplemap_compare_ops'.
Generating RTLIL representation for module `\_90_simplemap_various'.
Generating RTLIL representation for module `\_90_simplemap_registers'.
Generating RTLIL representation for module `\_90_shift_ops_shr_shl_sshl_sshr'.
Generating RTLIL representation for module `\_90_shift_shiftx'.
Generating RTLIL representation for module `\_90_fa'.
Generating RTLIL representation for module `\_90_lcu_brent_kung'.
Generating RTLIL representation for module `\_90_alu'.
Generating RTLIL representation for module `\_90_macc'.
Generating RTLIL representation for module `\_90_alumacc'.
Generating RTLIL representation for module `\$__div_mod_u'.
Generating RTLIL representation for module `\$__div_mod_trunc'.
Generating RTLIL representation for module `\_90_div'.
Generating RTLIL representation for module `\_90_mod'.
Generating RTLIL representation for module `\$__div_mod_floor'.
Generating RTLIL representation for module `\_90_divfloor'.
Generating RTLIL representation for module `\_90_modfloor'.
Generating RTLIL representation for module `\_90_pow'.
Generating RTLIL representation for module `\_90_pmux'.
Generating RTLIL representation for module `\_90_demux'.
Generating RTLIL representation for module `\_90_lut'.
Successfully finished Verilog frontend.

16.35.2. Executing Verilog-2005 frontend: /usr/bin/../share/yosys/xilinx/arith_map.v
Parsing Verilog input from `/usr/bin/../share/yosys/xilinx/arith_map.v' to AST representation.
Generating RTLIL representation for module `\_80_xilinx_lcu'.
Generating RTLIL representation for module `\_80_xilinx_alu'.
Successfully finished Verilog frontend.

16.35.3. Continuing TECHMAP pass.
Using extmapper simplemap for cells of type $eq.
Using extmapper simplemap for cells of type $or.
Using extmapper simplemap for cells of type $and.
Using extmapper simplemap for cells of type $logic_and.
Using extmapper simplemap for cells of type $xnor.
Using extmapper simplemap for cells of type $not.
Using extmapper simplemap for cells of type $ne.
Using template $paramod$constmap:676c1f4a5c20626dae42510eac5fd23aeef41fee$paramod$5c4e52a372a7221491d10cb88fa5f6042b86e3b6\_90_shift_shiftx for cells of type $shiftx.
Using extmapper simplemap for cells of type $reduce_or.
Using extmapper simplemap for cells of type $reduce_bool.
Using template $paramod$constmap:ea96ee1fb5787aedad018728a5ee068b3ddf64ff$paramod$2041227bd033aaa2807831214899f62702555ca1\_90_shift_shiftx for cells of type $shift.
Using extmapper simplemap for cells of type $adff.
Using template $paramod$constmap:ec455d513d4744e7d819c012011d7ac06067f0bd$paramod$1767781abb5510778c640b45ef027371b766e589\_90_shift_shiftx for cells of type $shiftx.
Using template $paramod$constmap:673219142ba3f55256828599414e3b71f5aa4b05$paramod$7a189d0d77ebf62589ee491bddc7a9edc613a506\_90_shift_shiftx for cells of type $shiftx.
Using template $paramod$constmap:72d5c9d0672bd7fe71ca29259616905366285f54$paramod$2135cf178ab343577102d2d1f6f466e244799dcd\_90_shift_shiftx for cells of type $shift.
Using template $paramod$8fabc56b80a569262acfc42757a02ca0b8e91278\_90_pmux for cells of type $pmux.
Using template $paramod$25c4246495a9f56061a0efa92b046161d5d15f2e\_80_xilinx_alu for cells of type $alu.
Using template $paramod$constmap:4621fcf06a436d1e2a4080e2ed9866a7d07a6e07$paramod$335cfd09f1afa8139c4aafcbbe5f361887b79c5e\_90_shift_ops_shr_shl_sshl_sshr for cells of type $shl.
Using extmapper simplemap for cells of type $xor.
Using template $paramod$constmap:4621fcf06a436d1e2a4080e2ed9866a7d07a6e07$paramod$feecc7a0dbd012970970f2858f15e786e251f677\_90_shift_ops_shr_shl_sshl_sshr for cells of type $shr.
Using template $paramod$constmap:4621fcf06a436d1e2a4080e2ed9866a7d07a6e07$paramod$e765c459d3029c22a22a27989e94858fd9ebfa9c\_90_shift_ops_shr_shl_sshl_sshr for cells of type $sshr.
Using extmapper simplemap for cells of type $logic_not.
Using template $paramod$4fc821520cb3a924f2bc6fa8576a539779b37dc8\_80_xilinx_alu for cells of type $alu.
Using template $paramod$599fc21b257bc9b96c6caef6b35a2ec30d8fdbca\_80_xilinx_alu for cells of type $alu.
Using template $paramod$d31bf4d7d72e59528d18fbd4f322e9d608532043\_90_pmux for cells of type $pmux.
Using template $paramod$constmap:a245c3c7020783f21a95662ea383afbf2f432d09$paramod$70307b0c46f360cdc944ccde23e9e2e58bd145d8\_90_shift_shiftx for cells of type $shiftx.
Using template $paramod$674141544fade965cf052b5e9d5b65813fc4e151\_80_xilinx_alu for cells of type $alu.
Using template $paramod$constmap:95c264af4d876298b4bfadeaa9b077d1099dd20d$paramod$21d7629186f3d2ce213f0dfc9ed1dda0a347fb89\_90_shift_shiftx for cells of type $shift.
Using template $paramod$54d740639e1393b22262823179ff783ea9f17a35\_90_pmux for cells of type $pmux.
Using template $paramod$fc16b9f758000d363d24f130038bd99b46b4fa1b\_90_pmux for cells of type $pmux.
Using template $paramod$constmap:5f0e01f6352e7d05f4366f470c8761b488e29ced$paramod$e97c9b7448eb9b4df0c2ce73dd425a4a83e3102b\_90_shift_shiftx for cells of type $shiftx.
Using extmapper simplemap for cells of type $reduce_and.
Using template $paramod\_80_xilinx_lcu\WIDTH=s32'00000000000000000000000000001011 for cells of type $lcu.
Using template $paramod$constmap:c3c0e54796f72c4880c9f973b25cd7fc0f56aa4a$paramod$23cddbd406cf321b741f23b1783b917d9c668aa9\_90_shift_shiftx for cells of type $shiftx.
Using template $paramod$db8e6ecc9d55e30ac39e4a71c23a85841d46f485\_80_xilinx_alu for cells of type $alu.
Using template $paramod$d735c1bd8e4aaeb55e846141d44dc1e2c1104582\_80_xilinx_alu for cells of type $alu.
Using template $paramod$constmap:2bc84b28b377a1f7607335a2fb61c73ebd237d44$paramod$3eb2d07227f5824664d1a7637f1590f1a70d6f13\_90_shift_shiftx for cells of type $shift.
Using template $paramod$constmap:6f32aaea543adec5bc9691a1d5dc373bac6158ab$paramod$0cb9196b30d27697fac50e35166ae9dafb73bc50\_90_shift_shiftx for cells of type $shiftx.
Using template $paramod$c5c783b17ab1d780abfad8cfe6563a0a7b47a3b0\_90_pmux for cells of type $pmux.
Using template $paramod$constmap:de3323eac59213ccefff809d04b4036ff3be9853$paramod$b2e85733ada4e92472b617be42677b51fe476597\_90_shift_shiftx for cells of type $shiftx.
Using extmapper simplemap for cells of type $adffe.
Analyzing pattern of constant bits for this cell:
  Constant input on bit 0 of port A: 1'1
  Constant input on bit 1 of port A: 1'0
  Constant input on bit 2 of port A: 1'0
  Constant input on bit 3 of port A: 1'x
  Constant input on bit 4 of port A: 1'0
  Constant input on bit 5 of port A: 1'1
  Constant input on bit 6 of port A: 1'0
  Constant input on bit 7 of port A: 1'x
  Bit 9 of port A and bit 8 of port A are connected.
  Constant input on bit 11 of port A: 1'x
  Constant input on bit 12 of port A: 1'0
  Constant input on bit 13 of port A: 1'0
  Constant input on bit 15 of port A: 1'x
  Constant input on bit 16 of port A: 1'0
  Constant input on bit 17 of port A: 1'0
  Constant input on bit 18 of port A: 1'0
  Constant input on bit 19 of port A: 1'x
  Constant input on bit 20 of port A: 1'0
  Constant input on bit 21 of port A: 1'0
  Constant input on bit 22 of port A: 1'0
  Constant input on bit 23 of port A: 1'x
  Constant input on bit 24 of port A: 1'0
  Constant input on bit 25 of port A: 1'0
  Constant input on bit 26 of port A: 1'0
  Constant input on bit 27 of port A: 1'x
  Constant input on bit 28 of port A: 1'0
  Constant input on bit 29 of port A: 1'0
  Constant input on bit 30 of port A: 1'0
  Constant input on bit 0 of port B: 1'0
  Constant input on bit 1 of port B: 1'0
Creating constmapped module `$paramod$constmap:2e76608aa786c01e26fb596bdf417dcf4747536c$paramod$7a189d0d77ebf62589ee491bddc7a9edc613a506\_90_shift_shiftx'.

16.35.103. Executing OPT_MUXTREE pass (detect dead branches in mux trees).
Running muxtree optimizer on module $paramod$constmap:2e76608aa786c01e26fb596bdf417dcf4747536c$paramod$7a189d0d77ebf62589ee491bddc7a9edc613a506\_90_shift_shiftx..
  Creating internal representation of mux trees.
  Evaluating internal representation of mux trees.
  Analyzing evaluation results.
    dead port 1/2 on $mux $procmux$4397.
    dead port 1/2 on $mux $procmux$4394.
    dead port 2/2 on $mux $procmux$4394.
    dead port 1/2 on $mux $procmux$4391.
    dead port 1/2 on $mux $procmux$4388.
    dead port 2/2 on $mux $procmux$4388.
    dead port 2/2 on $mux $procmux$4382.
    dead port 2/2 on $mux $procmux$4376.
    dead port 2/2 on $mux $procmux$4370.
Removed 9 multiplexer ports.
<suppressed ~4247 debug messages>

16.35.104. Executing OPT_EXPR pass (perform const folding).
Optimizing module $paramod$constmap:2e76608aa786c01e26fb596bdf417dcf4747536c$paramod$7a189d0d77ebf62589ee491bddc7a9edc613a506\_90_shift_shiftx.
<suppressed ~3 debug messages>
Removed 0 unused cells and 13 unused wires.
Using template $paramod$constmap:2e76608aa786c01e26fb596bdf417dcf4747536c$paramod$7a189d0d77ebf62589ee491bddc7a9edc613a506\_90_shift_shiftx for cells of type $shiftx.
Using template $paramod$85df5dc01c7df96a7d8e5f1fdf76ce9ac452af63\_90_pmux for cells of type $pmux.
Using template $paramod$constmap:24a13675e54398d8c3dbe00204d41c46ed041e81$paramod$92adee9538f2381d8e5006822c900eb986d754e8\_90_shift_shiftx for cells of type $shiftx.
Using extmapper maccmap for cells of type $macc_v2.
  add \u_dotp.p0 (32 bits, unsigned)
  add \u_dotp.p2 (32 bits, unsigned)
  add \u_dotp.p1 (32 bits, unsigned)
  add \u_dotp.p3 (32 bits, unsigned)
Using template $paramod$521ce43182eecb9f60c72393a788160d2c356bf5\_90_pmux for cells of type $pmux.
Using template $paramod$d629d85c8826a74239b9178d1930215a43b0ceb0\_90_pmux for cells of type $pmux.
Using template $paramod$b3b6ac92d800c6f07aa48f510f923d86a674e5a7\_90_pmux for cells of type $pmux.
Using template $paramod$97565c3687be688407d1272a293bd9d0ae6852dc\_90_pmux for cells of type $pmux.
Using extmapper simplemap for cells of type $pos.
Using template $paramod\_90_fa\WIDTH=32'00000000000000000000000000100000 for cells of type $fa.
No more expansions possible.
<suppressed ~778 debug messages>

16.36. Executing OPT pass (performing simple optimizations).

16.36.1. Executing OPT_EXPR pass (perform const folding).
Optimizing module soc_multi.
<suppressed ~1962 debug messages>

16.36.2. Executing OPT_MERGE pass (detect identical cells).
Finding identical cells in module `\soc_multi'.
<suppressed ~3768 debug messages>
Removed a total of 1256 cells.

16.36.3. Executing OPT_DFF pass (perform DFF optimizations).

16.36.4. Executing OPT_CLEAN pass (remove unused cells and wires).
Finding unused cells or wires in module \soc_multi..
Removed 2711 unused cells and 1242 unused wires.
<suppressed ~2712 debug messages>

16.36.5. Finished fast OPT passes.

16.37. Executing IOPADMAP pass (mapping inputs/outputs to IO-PAD cells).
Mapping port soc_multi.clk using IBUF.
Mapping port soc_multi.dbg_instr using OBUF.
Mapping port soc_multi.dbg_pc using OBUF.
Mapping port soc_multi.exit_code using OBUF.
Mapping port soc_multi.exit_valid using OBUF.
Mapping port soc_multi.rst_n using IBUF.
Mapping port soc_multi.uart_rx using IBUF.
Mapping port soc_multi.uart_tx using OBUF.

16.38. Executing TECHMAP pass (map to technology primitives).

16.38.1. Executing Verilog-2005 frontend: /usr/bin/../share/yosys/techmap.v
Parsing Verilog input from `/usr/bin/../share/yosys/techmap.v' to AST representation.
Generating RTLIL representation for module `\_90_simplemap_bool_ops'.
Generating RTLIL representation for module `\_90_simplemap_reduce_ops'.
Generating RTLIL representation for module `\_90_simplemap_logic_ops'.
Generating RTLIL representation for module `\_90_simplemap_compare_ops'.
Generating RTLIL representation for module `\_90_simplemap_various'.
Generating RTLIL representation for module `\_90_simplemap_registers'.
Generating RTLIL representation for module `\_90_shift_ops_shr_shl_sshl_sshr'.
Generating RTLIL representation for module `\_90_shift_shiftx'.
Generating RTLIL representation for module `\_90_fa'.
Generating RTLIL representation for module `\_90_lcu_brent_kung'.
Generating RTLIL representation for module `\_90_alu'.
Generating RTLIL representation for module `\_90_macc'.
Generating RTLIL representation for module `\_90_alumacc'.
Generating RTLIL representation for module `\$__div_mod_u'.
Generating RTLIL representation for module `\$__div_mod_trunc'.
Generating RTLIL representation for module `\_90_div'.
Generating RTLIL representation for module `\_90_mod'.
Generating RTLIL representation for module `\$__div_mod_floor'.
Generating RTLIL representation for module `\_90_divfloor'.
Generating RTLIL representation for module `\_90_modfloor'.
Generating RTLIL representation for module `\_90_pow'.
Generating RTLIL representation for module `\_90_pmux'.
Generating RTLIL representation for module `\_90_demux'.
Generating RTLIL representation for module `\_90_lut'.
Successfully finished Verilog frontend.

16.38.2. Executing Verilog-2005 frontend: /usr/bin/../share/yosys/xilinx/cells_map.v
Parsing Verilog input from `/usr/bin/../share/yosys/xilinx/cells_map.v' to AST representation.
Generating RTLIL representation for module `\$__SHREG_'.
Generating RTLIL representation for module `\$__XILINX_SHREG_'.
Generating RTLIL representation for module `\$__XILINX_MUXF78'.
Successfully finished Verilog frontend.

16.38.3. Continuing TECHMAP pass.
No more expansions possible.
<suppressed ~78 debug messages>
Removed 0 unused cells and 6 unused wires.

16.39. Executing DFFLEGALIZE pass (convert FFs to types supported by the target).

16.40. Executing OPT_EXPR pass (perform const folding).
Optimizing module soc_multi.
<suppressed ~204 debug messages>

16.41. Executing ABC pass (technology mapping using ABC).

16.41.1. Extracting gate netlist of module `\soc_multi' to `<abc-temp-dir>/input.blif'..
Extracted 4989 gates and 6261 wires to a netlist network with 1270 inputs and 1847 outputs.

16.41.1.1. Executing ABC.
Running ABC command: "<yosys-exe-dir>/yosys-abc" -s -f <abc-temp-dir>/abc.script 2>&1
ABC: ABC command line: "source <abc-temp-dir>/abc.script".
ABC: 
ABC: + read_blif <abc-temp-dir>/input.blif 
ABC: + read_lut <abc-temp-dir>/lutdefs.txt 
ABC: + strash 
ABC: + &get -n 
ABC: + &fraig -x 
ABC: + &put 
ABC: + scorr 
ABC: Warning: The network is combinational (run "fraig" or "fraig_sweep").
ABC: + dc2 
ABC: + dretime 
ABC: + strash 
ABC: + dch -f 
ABC: + if 
ABC: + mfs2 
ABC: + write_blif <abc-temp-dir>/output.blif 

16.41.1.2. Re-integrating ABC results.
ABC RESULTS:              $lut cells:     2731
ABC RESULTS:        internal signals:     3144
ABC RESULTS:           input signals:     1270
ABC RESULTS:          output signals:     1847
Removing temp directory.
Removed 0 unused cells and 3596 unused wires.

16.42. Executing TECHMAP pass (map to technology primitives).

16.42.1. Executing Verilog-2005 frontend: /usr/bin/../share/yosys/xilinx/ff_map.v
Parsing Verilog input from `/usr/bin/../share/yosys/xilinx/ff_map.v' to AST representation.
Generating RTLIL representation for module `\$_DFFE_NP0P_'.
Generating RTLIL representation for module `\$_DFFE_PP0P_'.
Generating RTLIL representation for module `\$_DFFE_NP1P_'.
Generating RTLIL representation for module `\$_DFFE_PP1P_'.
Generating RTLIL representation for module `\$_DFFSRE_NPPP_'.
Generating RTLIL representation for module `\$_DFFSRE_PPPP_'.
Generating RTLIL representation for module `\$_SDFFE_NP0P_'.
Generating RTLIL representation for module `\$_SDFFE_PP0P_'.
Generating RTLIL representation for module `\$_SDFFE_NP1P_'.
Generating RTLIL representation for module `\$_SDFFE_PP1P_'.
Generating RTLIL representation for module `\$_DLATCH_NP0_'.
Generating RTLIL representation for module `\$_DLATCH_PP0_'.
Generating RTLIL representation for module `\$_DLATCH_NP1_'.
Generating RTLIL representation for module `\$_DLATCH_PP1_'.
Generating RTLIL representation for module `\$_DLATCH_NPP_'.
Generating RTLIL representation for module `\$_DLATCH_PPP_'.
Successfully finished Verilog frontend.

16.42.2. Continuing TECHMAP pass.
Using template $paramod\$_DFFE_PP1P_\_TECHMAP_WIREINIT_Q_=1'x for cells of type $_DFFE_PP1P_.
Using template $paramod\$_DFFE_PP0P_\_TECHMAP_WIREINIT_Q_=1'x for cells of type $_DFFE_PP0P_.
No more expansions possible.
<suppressed ~809 debug messages>

16.43. Executing XILINX_SRL pass (Xilinx shift register extraction).

16.44. Executing TECHMAP pass (map to technology primitives).

16.44.1. Executing Verilog-2005 frontend: /usr/bin/../share/yosys/xilinx/lut_map.v
Parsing Verilog input from `/usr/bin/../share/yosys/xilinx/lut_map.v' to AST representation.
Generating RTLIL representation for module `\$lut'.
Successfully finished Verilog frontend.

16.44.2. Executing Verilog-2005 frontend: /usr/bin/../share/yosys/xilinx/cells_map.v
Parsing Verilog input from `/usr/bin/../share/yosys/xilinx/cells_map.v' to AST representation.
Generating RTLIL representation for module `\$__SHREG_'.
Generating RTLIL representation for module `\$__XILINX_SHREG_'.
Generating RTLIL representation for module `\$__XILINX_MUXF78'.
Successfully finished Verilog frontend.

16.44.3. Continuing TECHMAP pass.
Using template $paramod\$lut\WIDTH=32'00000000000000000000000000000001\LUT=2'01 for cells of type $lut.
Using template $paramod$733724a245035cdea1855dd6e12597fd4be15aeb\$lut for cells of type $lut.
Using template $paramod\$lut\WIDTH=32'00000000000000000000000000000010\LUT=4'0110 for cells of type $lut.
Using template $paramod$9cf044275e70b6dc34d2f815a6f8ffc23f9694a0\$lut for cells of type $lut.
Using template $paramod$c362ad8dedc7d166ed978091aca319ab1e81a2d4\$lut for cells of type $lut.
Using template $paramod$9ae0f136c9ed34a2deb323e9b2a3a520eea61514\$lut for cells of type $lut.
Using template $paramod\$lut\WIDTH=32'00000000000000000000000000000011\LUT=8'00010000 for cells of type $lut.
Using template $paramod$293cd2990cb45c776b08eda6a1e314891f2983cd\$lut for cells of type $lut.
Using template $paramod$ae9b8abdb4f811ce37985dd5106af9cd21223954\$lut for cells of type $lut.
Using template $paramod\$lut\WIDTH=32'00000000000000000000000000000010\LUT=4'0100 for cells of type $lut.
Using template $paramod$cf652acbfbf67d2248e3045cd0f09c58ca55886c\$lut for cells of type $lut.
Using template $paramod$272652f6c6fbe9a75eff76e45cc7e2788835518b\$lut for cells of type $lut.
Using template $paramod$7d3adcd772ff934fb3f4dc32bb66dd730040329d\$lut for cells of type $lut.
Using template $paramod$658b9ed803f0d3d335616d3858b53e0a2522f1e8\$lut for cells of type $lut.
Using template $paramod$11ec7271d8e6e5aeaace08c13e4c601f10e31038\$lut for cells of type $lut.
Using template $paramod\$lut\WIDTH=32'00000000000000000000000000000011\LUT=8'11001010 for cells of type $lut.
Using template $paramod$3bfc247a5b00cae12bc8dc0f7db236ec7bf51954\$lut for cells of type $lut.
Using template $paramod\$lut\WIDTH=32'00000000000000000000000000000011\LUT=8'11110100 for cells of type $lut.
Using template $paramod$b5206c17ed2c55331b1e531aaa128336dce9c9ee\$lut for cells of type $lut.
Using template $paramod$7ebabdb962db28459b107bdfc640105981ac744d\$lut for cells of type $lut.
Using template $paramod$ea88a06962d1884df863d9765f42571fd11bcb32\$lut for cells of type $lut.
Using template $paramod$391c5d844ce122917a954bfa8059809e118eb8c4\$lut for cells of type $lut.
Using template $paramod$f7e99b1fa717bd920bd60b4244e5c6659c1f7e64\$lut for cells of type $lut.
Using template $paramod\$lut\WIDTH=32'00000000000000000000000000000011\LUT=8'01001111 for cells of type $lut.
Using template $paramod$1167948b0cf491a5505034339c5952386cef9f28\$lut for cells of type $lut.
Using template $paramod$d2ef43814113ff73f9ebc73be6b7b228fcced45d\$lut for cells of type $lut.
Using template $paramod$5692b8e6926f3cc55052192f983135762fb0fc3b\$lut for cells of type $lut.
Using template $paramod$9e79a13a55d249ef0f6436cf8d39a153087ef160\$lut for cells of type $lut.
Using template $paramod$305dc7dd741804185588cdb8778c5a3a3cdf407c\$lut for cells of type $lut.
Using template $paramod$29c08f59cfb4bcf89059f8e4ba6ced14c7fdbbdf\$lut for cells of type $lut.
Using template $paramod$564f469dc602cb6b7317fb7041e08f224023a9c3\$lut for cells of type $lut.
Using template $paramod$f1dc2bcd5860b4fddf77822c9a31277596dbd360\$lut for cells of type $lut.
Using template $paramod$f4d3c4bd0ff2f650f1be62107bbff0d52f1460a5\$lut for cells of type $lut.
Using template $paramod$4d9437f28ee827cf4006287c53ecaa1266100fca\$lut for cells of type $lut.
Using template $paramod\$lut\WIDTH=32'00000000000000000000000000000010\LUT=4'0001 for cells of type $lut.
Using template $paramod$734f8528204df96ee15a13f72115a8c63f369aa4\$lut for cells of type $lut.
Using template $paramod$1ddd3a8dba7510dc64ebf0335fa2fee56a713ec9\$lut for cells of type $lut.
Using template $paramod\$lut\WIDTH=32'00000000000000000000000000000010\LUT=4'1000 for cells of type $lut.
Using template $paramod$bb59fc9d73f3ced261e3a74efef030fd29d37b76\$lut for cells of type $lut.
Using template $paramod\$lut\WIDTH=32'00000000000000000000000000000011\LUT=8'01000001 for cells of type $lut.
Using template $paramod$ced22a93e9c19ff97905e72b948f8f0c6f68af42\$lut for cells of type $lut.
Using template $paramod$21258e4f137fd0b5b0eaf41c5b0d170364c0ec37\$lut for cells of type $lut.
Using template $paramod$891e76347cfefe738978394f6982e214e5561ae9\$lut for cells of type $lut.
Using template $paramod$cffcdcfefee28cb7804202d59fcab831562282d3\$lut for cells of type $lut.
Using template $paramod$c35ad3063d5038410210ddc72c1fd5fed46413b4\$lut for cells of type $lut.
Using template $paramod\$lut\WIDTH=32'00000000000000000000000000000011\LUT=8'01000000 for cells of type $lut.
Using template $paramod\$lut\WIDTH=32'00000000000000000000000000000011\LUT=8'00001101 for cells of type $lut.
Using template $paramod$ee19d45db61acb4c70d938b97483a4ed4b792645\$lut for cells of type $lut.
Using template $paramod$cbb2dfe31d344d3326d567c2ed5a4b2a29f63219\$lut for cells of type $lut.
Using template $paramod$7828ab07f2c7d5d0f558e5bd103afcb37bd249be\$lut for cells of type $lut.
Using template $paramod\$lut\WIDTH=32'00000000000000000000000000000011\LUT=8'10000000 for cells of type $lut.
Using template $paramod$7bb6a37e65823eeb4b38c370fec30ab082759a14\$lut for cells of type $lut.
Using template $paramod$33e58adf67c6b686a154c9ce8ebbc4b04b8cabc5\$lut for cells of type $lut.
Using template $paramod$f0d320fae4cdd86ad369d5c7c52f2c3d332291af\$lut for cells of type $lut.
Using template $paramod$8adf7fbd410d2cc654c288d5be5f7508ee8809b0\$lut for cells of type $lut.
Using template $paramod$2a985d02f819048b4c879d47063647f933b342bd\$lut for cells of type $lut.
Using template $paramod\$lut\WIDTH=32'00000000000000000000000000000011\LUT=8'00000001 for cells of type $lut.
Using template $paramod$ebeb813097a0d73fcf652b0b87b686dea65f8424\$lut for cells of type $lut.
Using template $paramod$6a34cd5b50e324824168b4186d0b04ba5e83b039\$lut for cells of type $lut.
Using template $paramod$405e666ccf671c3d7c0fd9433000c68fc95c7f3d\$lut for cells of type $lut.
Using template $paramod$b0bccd96b96b2a0ec45ba7e9276fff6130d6e7d5\$lut for cells of type $lut.
Using template $paramod$9b6e4809ec06b03c12db50faa105fe9b82754f2b\$lut for cells of type $lut.
Using template $paramod$67d7836be7d4d49028061d8725a64db8f69af242\$lut for cells of type $lut.
Using template $paramod$54bb7edd53616419d67ffbca032bfd253daf8316\$lut for cells of type $lut.
Using template $paramod\$lut\WIDTH=32'00000000000000000000000000000011\LUT=8'10010110 for cells of type $lut.
Using template $paramod$5964dec528c7ded1ee9f528024feacf1107270a1\$lut for cells of type $lut.
Using template $paramod$f7cb4108a38b70599a046c164887572a421dda73\$lut for cells of type $lut.
Using template $paramod$90edad2b6a4dec5adef9ce6a532f7a1edb48db32\$lut for cells of type $lut.
Using template $paramod\$lut\WIDTH=32'00000000000000000000000000000010\LUT=4'1001 for cells of type $lut.
Using template $paramod$1a7a480486efc550211a507b6ca42c979ebb3016\$lut for cells of type $lut.
Using template $paramod\$lut\WIDTH=32'00000000000000000000000000000011\LUT=8'01111000 for cells of type $lut.
Using template $paramod$9a30f417fc5bbf0b04c5778ca9315cc44db632b2\$lut for cells of type $lut.
Using template $paramod$0bc23ee8aa80fe786ba72b071a7627e5fbcf31df\$lut for cells of type $lut.
Using template $paramod$c5b694ec89d7629b942ccf6a9be1d39e24f8edec\$lut for cells of type $lut.
Using template $paramod\$lut\WIDTH=32'00000000000000000000000000000011\LUT=8'00110101 for cells of type $lut.
Using template $paramod$bdf357883ce99ff095d659f5b08715e90b235319\$lut for cells of type $lut.
Using template $paramod$0513a6bbf2c4e90a8ce0d7022dc669e5b0f395c8\$lut for cells of type $lut.
Using template $paramod$ddc6f4fe74ed36832c5cee6594285c38523f3d9c\$lut for cells of type $lut.
Using template $paramod$6e238df02989b317f10820a22773676e71120644\$lut for cells of type $lut.
Using template $paramod$8b09f347504cfc0d3d65fbb4601497936543b1b3\$lut for cells of type $lut.
Using template $paramod$13898e2fb91dedd9c0efd3520b4a7cffabcfa8b5\$lut for cells of type $lut.
Using template $paramod$2cecf1d660c2bf7b93d3d21de029182a620c1f1c\$lut for cells of type $lut.
Using template $paramod$bbb0480fcd5b9b9086cadd14036552f4e41e0848\$lut for cells of type $lut.
Using template $paramod$ca992e2c23c35446914e1bccc03e59d46f875d8d\$lut for cells of type $lut.
Using template $paramod$1d41dba49f2d06ae205ed84ac1d0244ff2bd1f05\$lut for cells of type $lut.
Using template $paramod$c047786f62474a4c99701adaadff41dd2104b470\$lut for cells of type $lut.
Using template $paramod$23c14699e4bd5bd2deec8f2af3d5a7eba5ebbb52\$lut for cells of type $lut.
Using template $paramod$0c69d21b33665f56c22db3af9904f7c46b3cfce1\$lut for cells of type $lut.
Using template $paramod$00e1fc6bbb69a9caaa72219e0850bc7d40034246\$lut for cells of type $lut.
Using template $paramod$bbdfd2b2df819922b24b3fd67e9838deb51daf69\$lut for cells of type $lut.
Using template $paramod$fe13d34909a7925f84ec827ef1188abb444fb710\$lut for cells of type $lut.
Using template $paramod$4a920b3b714959931f00d116bc0195c828e32da3\$lut for cells of type $lut.
Using template $paramod$b53aa16f220901b23866932076a5828096e2f9e5\$lut for cells of type $lut.
Using template $paramod$0f87ae7ac6a533e1eca8d987742537d615308c9f\$lut for cells of type $lut.
Using template $paramod\$lut\WIDTH=32'00000000000000000000000000000010\LUT=4'1110 for cells of type $lut.
Using template $paramod$9bdc414229f06e785dc8fd97a243faa9336e164a\$lut for cells of type $lut.
Using template $paramod$a7dad16c080c08c1647c7e1b9706a59a123d8bcd\$lut for cells of type $lut.
Using template $paramod\$lut\WIDTH=32'00000000000000000000000000000011\LUT=8'00000111 for cells of type $lut.
Using template $paramod$f44e1eab45e047e709d5dfed32527eb1f7745488\$lut for cells of type $lut.
Using template $paramod$5a9973bc41def5ddf5b821420b2173a81b5efedb\$lut for cells of type $lut.
Using template $paramod$6b013933c59c4e90307108665443f70ee1588019\$lut for cells of type $lut.
Using template $paramod$559d8f61325f7b4ee17556605f88d95718b41383\$lut for cells of type $lut.
Using template $paramod$2382b0dd4cb27fd4312681c40a6dd179c2a7a26a\$lut for cells of type $lut.
Using template $paramod$bb40a0e4513a7cdea320069d4b9929c2eebcb939\$lut for cells of type $lut.
Using template $paramod$50e43e040bc44e6a2e587cf2c79a39ee7112c45c\$lut for cells of type $lut.
Using template $paramod$4cac32cb74d49aa0997e1f5720ea6dbf031a3cc3\$lut for cells of type $lut.
Using template $paramod\$lut\WIDTH=32'00000000000000000000000000000010\LUT=4'1011 for cells of type $lut.
Using template $paramod\$lut\WIDTH=32'00000000000000000000000000000011\LUT=8'10110000 for cells of type $lut.
Using template $paramod\$lut\WIDTH=32'00000000000000000000000000000011\LUT=8'11100011 for cells of type $lut.
Using template $paramod$d7d6652ddd3df99fe97c6a1fadf23d90ccc0a02a\$lut for cells of type $lut.
Using template $paramod$3f1f82dd5a785480686d219a410a0acd429b3367\$lut for cells of type $lut.
Using template $paramod$faf9bb3152f59d223caf8dc93d1882a4f933d2e4\$lut for cells of type $lut.
Using template $paramod$1bf62ab10e48d71d6497bccacf5c70420c470fe9\$lut for cells of type $lut.
Using template $paramod$87f066d02e69cfb2205a3d9b5b2c36b78ddc97d6\$lut for cells of type $lut.
Using template $paramod$87c5d2a373998fc677477054aaf99209c62dda44\$lut for cells of type $lut.
Using template $paramod$9a098a3cdb9546d6ca9d466961654ee4e2fb0392\$lut for cells of type $lut.
Using template $paramod$1b21bfe3f0f701f19b91b9d9f4b2cb25c52e0379\$lut for cells of type $lut.
Using template $paramod$4426ba12ccc3d0cb9276205fadeed96da596c448\$lut for cells of type $lut.
Using template $paramod$eeed37ce45abdda29d3e180f2d1dfc0c4c376530\$lut for cells of type $lut.
Using template $paramod$158484de212aea4578e149dcf1f42c6116831765\$lut for cells of type $lut.
Using template $paramod\$lut\WIDTH=32'00000000000000000000000000000011\LUT=8'01000111 for cells of type $lut.
Using template $paramod$8ec342753594b0e738bb9c1a4f9f00bd04dcaa4b\$lut for cells of type $lut.
Using template $paramod$f8e4fda9e65a19264d3df285766bd1925138c016\$lut for cells of type $lut.
Using template $paramod$fe7387eeeec6fef46c3d48c43fba1fd0d28558e0\$lut for cells of type $lut.
Using template $paramod$6b0849254d6c87461fb93e37cc18f089f61eb912\$lut for cells of type $lut.
Using template $paramod$446e7f592e70cd026e03e9ab8ab84556ce5f251b\$lut for cells of type $lut.
Using template $paramod$93a2de77daaad788b7b7db86fd9aeaaa749d64de\$lut for cells of type $lut.
Using template $paramod$82687d3ad8130b5b49618b6a28f43c60b5130fe1\$lut for cells of type $lut.
Using template $paramod$da1e842717fafa05e9ef60cb8508e96ad3abb8c3\$lut for cells of type $lut.
Using template $paramod$1be3b5a15b42f1083e7191274781c0834e1cb1ac\$lut for cells of type $lut.
Using template $paramod$424df253764e07630c55a5aa8bae06d26332e965\$lut for cells of type $lut.
Using template $paramod$3043b491b5cc636fa50240e6a36e237151a1433d\$lut for cells of type $lut.
Using template $paramod$478e33feeac3aa53ff57d491aada044b8aedceae\$lut for cells of type $lut.
Using template $paramod$3c65f7ac20b156948b1b353df9ac7c0431a6851c\$lut for cells of type $lut.
Using template $paramod$c9e19039b1253f8c9cbdb8e9a1d1fa3ef03840ec\$lut for cells of type $lut.
Using template $paramod$d518d8758f0f7cb3f29ea012f8f8b863560848fe\$lut for cells of type $lut.
Using template $paramod$9c912b4088175a14d2fa0db98e28fde7fafc1ee8\$lut for cells of type $lut.
Using template $paramod$e6c9ad94986bc86afe165f318af89e6b660a15d7\$lut for cells of type $lut.
Using template $paramod$94ac66a11090dca84889e55fcf03297912a5b7ec\$lut for cells of type $lut.
Using template $paramod$2b3577557cbb32957bf906f3e155981c17f229b7\$lut for cells of type $lut.
Using template $paramod$c8b1bd77e845501bf5072986904c6f05a0c6e551\$lut for cells of type $lut.
Using template $paramod$f5ab25ef65dade7ec3600edf4644165c08dd4082\$lut for cells of type $lut.
Using template $paramod$9928680ff3b3556cf4ee57c76d7fcadfc2e07b8c\$lut for cells of type $lut.
Using template $paramod$7fe5c951401d718ec9f2d08237d3b953dd4efe99\$lut for cells of type $lut.
Using template $paramod$8b0ea13812abbe97b558a0e031ca71e29ac05d12\$lut for cells of type $lut.
Using template $paramod$29fc942498e1f229fc36a9bd592a0114c6c05d0f\$lut for cells of type $lut.
Using template $paramod$179512a187da069f3b79ef6612a41e494e7d54b6\$lut for cells of type $lut.
Using template $paramod$e84cbadb272cf6e7c0969270fa68324ae967d086\$lut for cells of type $lut.
Using template $paramod$8b24407096beec47292ddeb1567a058197a320b9\$lut for cells of type $lut.
Using template $paramod$9b52fc33fa4e834b7607623c079b150ebd6436cf\$lut for cells of type $lut.
Using template $paramod$615cf5e1b656ed9d763ed4574f4d4e8bc6db7352\$lut for cells of type $lut.
Using template $paramod$014559942a5b23bff5553bb951485c22e7113927\$lut for cells of type $lut.
Using template $paramod$db5e9f647e4b81e4ae5fb066ce4ebb83b224e262\$lut for cells of type $lut.
Using template $paramod$4606360ea9716d08dd2065b9fc30b1aa625162c0\$lut for cells of type $lut.
Using template $paramod$ccefc01a8b547a433b129be313560ed4128c1652\$lut for cells of type $lut.
Using template $paramod$fb9ed31346ff429b58a2f755d04ee29e1b507e6b\$lut for cells of type $lut.
Using template $paramod$f936cf1f3ac2dfc4c0156fca74ede0b6752ba695\$lut for cells of type $lut.
Using template $paramod$cf6dc10c3102ef97dcd03e4bfb214c67a4b2432b\$lut for cells of type $lut.
Using template $paramod$18e655933a81ed4866372c95a4e9e54337e543b9\$lut for cells of type $lut.
Using template $paramod$4a0cf3996ee23f3ab962874763fc4329459c69a6\$lut for cells of type $lut.
Using template $paramod$e49f6e3576ef1a6d2f58c54414dbb786af8cc869\$lut for cells of type $lut.
Using template $paramod$613b3183b3ec8e2c0bbc72c86eb96faa451e4eb0\$lut for cells of type $lut.
Using template $paramod$403e5f7fe5b72bc921fbe84f195421d1996766ca\$lut for cells of type $lut.
Using template $paramod$0f462d30e97e3a95497ed3ed4c5670bec4507088\$lut for cells of type $lut.
Using template $paramod$f419e390bb1d43ef366a80d42c8326d03ecb28da\$lut for cells of type $lut.
Using template $paramod$08bdcd7e2d31e0c91ab9b3b41c3d73debb4cca2f\$lut for cells of type $lut.
Using template $paramod$d0e52e39200858a742affd5ca120943d8abde652\$lut for cells of type $lut.
Using template $paramod$973818279bc95792902f3c09371fd2407d04a2a5\$lut for cells of type $lut.
Using template $paramod$ee013a740d5d76f549ef1938cf786fee17501a0e\$lut for cells of type $lut.
Using template $paramod$c8df2004bb96cc9305397e91ae076786f45112c0\$lut for cells of type $lut.
Using template $paramod$4f79d472867f62e55dd736f8b9b25cd05a56667d\$lut for cells of type $lut.
Using template $paramod$42747cb776a263c703526507c569eee3f6c00461\$lut for cells of type $lut.
Using template $paramod$107906fddf7d89ab854e4846eb6fd13bd75a6fed\$lut for cells of type $lut.
Using template $paramod$785dd4f040e367001a52d21b5e044e98889d34c8\$lut for cells of type $lut.
Using template $paramod$0cfa5e35fff96c0a134409f21f68915420233dd5\$lut for cells of type $lut.
Using template $paramod$438f84ffd718146c5befce3a2a241a213de820a2\$lut for cells of type $lut.
Using template $paramod$ddfca800cf253aaa41a7ce73d69a38b5f0c0379b\$lut for cells of type $lut.
Using template $paramod$567eca6772db5fbc67a9ac6cfe1d7bb11bd71d43\$lut for cells of type $lut.
Using template $paramod$df5ded58988e26a4eb3cbe879f886465cfb89b51\$lut for cells of type $lut.
Using template $paramod$c6364c1c44c01bd533fa2efe3a700455891e44b1\$lut for cells of type $lut.
Using template $paramod$31307f9a63eb12607760c6609a4bfbea3df94497\$lut for cells of type $lut.
Using template $paramod$4c6db797e434aa4478b361e987fa048c99dfb5c1\$lut for cells of type $lut.
Using template $paramod$a50be0e6fa3a01511bb234559cb74fb8bd3e2061\$lut for cells of type $lut.
Using template $paramod$f63fe32f78d5f3c5de711945c592c8c5ec2303ae\$lut for cells of type $lut.
Using template $paramod$c2671323ada9a5479db7d66f439533d81a110bae\$lut for cells of type $lut.
Using template $paramod$138ab44c0263a413fddbb3c258cbffbe8f1a5de3\$lut for cells of type $lut.
Using template $paramod$68a8e44def0d3db1884b229e4dd1d9485321375c\$lut for cells of type $lut.
Using template $paramod$83257959fe4408f2bcfe6587e3a4d2f02cd978dd\$lut for cells of type $lut.
Using template $paramod$d6e213adc8346412d9cec3c5768832cbe9edf32c\$lut for cells of type $lut.
Using template $paramod$70519eed479a688e97d3f52bd1b531a823c491b4\$lut for cells of type $lut.
Using template $paramod$8331cfa84e60838bfa0ec6b1e0818433bad03c82\$lut for cells of type $lut.
Using template $paramod$ea3f5a6684601e9e8e096ba4dfbffc31ef26348f\$lut for cells of type $lut.
Using template $paramod$7cac095753bcaf212a62e70fb5fa52ca07626b53\$lut for cells of type $lut.
Using template $paramod$ce3500c25da5392be033f9b6c2c6d3127327d026\$lut for cells of type $lut.
Using template $paramod$5e3e2a867d0f3819628f4e4b21c3cee1428361b4\$lut for cells of type $lut.
Using template $paramod$b404b03658648b2dcdab1e302250b0a4c6464487\$lut for cells of type $lut.
Using template $paramod$fe89c52e83c5b0456317806a3190c48a5e8494e5\$lut for cells of type $lut.
Using template $paramod$5d871b319408645378f2d566b33c7bea6cfc8ecb\$lut for cells of type $lut.
Using template $paramod$ea4af401b3e88df16c9bc91ab446d333325f99ae\$lut for cells of type $lut.
Using template $paramod$ac4fea81112e3f0ff9c41102acd15fc17a9a6a48\$lut for cells of type $lut.
Using template $paramod$6ceb6597b4dde6c7f1ed8a2afa69cf30f83c9a10\$lut for cells of type $lut.
Using template $paramod$638444c0e41f38e421fe4f330f3567767a9b4814\$lut for cells of type $lut.
Using template $paramod$a63d84c9dd26caf4e75c7cc2f6f70f64a5b14aa1\$lut for cells of type $lut.
Using template $paramod$d970e2d947e83eee0bcb68473106950fa25058f3\$lut for cells of type $lut.
Using template $paramod$7374e5c1ee27386fe7c5919a0c1cf5d2357a135d\$lut for cells of type $lut.
Using template $paramod$892f09c166ac66d081a83c58c4c973fa8f6776c4\$lut for cells of type $lut.
Using template $paramod$fceec73bb8fcae56624653948721dd4b1c897807\$lut for cells of type $lut.
Using template $paramod$38f9bf4dd2329347b8471f0a98443dd323386889\$lut for cells of type $lut.
Using template $paramod$f856670395b2204f619a463014eef43512c29ae5\$lut for cells of type $lut.
Using template $paramod$5f5876cd381905e3b74bae33a16ac83d25e6f191\$lut for cells of type $lut.
Using template $paramod$0589adde083a5311b245343a0c4670b1c2f04ed4\$lut for cells of type $lut.
Using template $paramod$2e42f4cdfa2b7be54cbecc74818d81b621a7793c\$lut for cells of type $lut.
Using template $paramod$56310ff701860d13f2863d5da88c08ae3780813d\$lut for cells of type $lut.
Using template $paramod$766040e6e1ba74292704a60b55e7c5d876e06ca8\$lut for cells of type $lut.
Using template $paramod$8230c3249edb036dedcfa0ed09228a192d2fcd53\$lut for cells of type $lut.
Using template $paramod$b9bfd102abf3477b7d1e2da033af2f4931f535bb\$lut for cells of type $lut.
Using template $paramod$baaec4a5128b3dee00ad577eefee28b809008c6b\$lut for cells of type $lut.
Using template $paramod$78f62a236b63dd1dad9a7ef7383daac6ed62611b\$lut for cells of type $lut.
Using template $paramod$9070164454da43f235eab9f32964461478804aca\$lut for cells of type $lut.
Using template $paramod$c657076da9e24631ab667b01aa64947f77f25a6a\$lut for cells of type $lut.
Using template $paramod$47b7cef0415baf28a5b55386e2c37288bfbeabd7\$lut for cells of type $lut.
Using template $paramod$4b42d01859d037d16c3cba2e66a1faa2b12fedd5\$lut for cells of type $lut.
Using template $paramod\$lut\WIDTH=32'00000000000000000000000000000011\LUT=8'01110000 for cells of type $lut.
Using template $paramod$e0db0dd55d00d7390abbbd77c79a2bebef4766d3\$lut for cells of type $lut.
Using template $paramod$55a6884cb3e83f29b2244a55ba767f14d41b0a52\$lut for cells of type $lut.
Using template $paramod$1c35ec58fd5f244289bea5f3fd769ec3e5c6fbc5\$lut for cells of type $lut.
Using template $paramod$9771c58a71e58bba062f20457a9616ca52c5a26f\$lut for cells of type $lut.
Using template $paramod$38e6aa9546c40949f8135bb018f0d5ef863085b9\$lut for cells of type $lut.
Using template $paramod$38a3968626168fb634ea905c2ae4b3edd5cf7fe1\$lut for cells of type $lut.
Using template $paramod$755fa73bbc230f22402a09ca3863fd6660d338f4\$lut for cells of type $lut.
Using template $paramod$77d128f8a7b591199310617358210673f74bd8a4\$lut for cells of type $lut.
Using template $paramod$5a78bb9a5677a77836d68579d9d2581f990e937b\$lut for cells of type $lut.
Using template $paramod$5e9c4b1613735a72235dca26f6ecd919bedd5892\$lut for cells of type $lut.
Using template $paramod$f91974ed76679978bb5ed737ed2baef1784b50ab\$lut for cells of type $lut.
Using template $paramod$b93d1ea7a612a32c185108f67a153d44ffb9aac2\$lut for cells of type $lut.
Using template $paramod$ec0056290e8dcebb03b1c447ec7b23c72cc325ea\$lut for cells of type $lut.
Using template $paramod$edf7f643dd3fcb3e98ae60752eb65334901cfbb6\$lut for cells of type $lut.
Using template $paramod$135471f5c53f1bbcfc5f93fa1f106a93b1d2336f\$lut for cells of type $lut.
Using template $paramod$017bc1668fe9d730b680bd4159e81421f6f4952f\$lut for cells of type $lut.
Using template $paramod$fc57a291b70f42fb23c8f0e105c76f47949192e5\$lut for cells of type $lut.
Using template $paramod$61e493dcf64e90289ad3ecba2886d5d84d4fabfe\$lut for cells of type $lut.
Using template $paramod$d7d3023cdffb68086828ba9a023fb894dedc08c4\$lut for cells of type $lut.
Using template $paramod$b82593744b9b8ae2241928bb822ac9dd84b49667\$lut for cells of type $lut.
Using template $paramod$d40beeda0f4f70c03f7cf79469d3a9c3bdaaa287\$lut for cells of type $lut.
Using template $paramod$e1bacc9a478a8691aa96fa31fecee6493fdb4a26\$lut for cells of type $lut.
Using template $paramod$35b0a6dd7eb69f904e300a4afff63d2688600107\$lut for cells of type $lut.
Using template $paramod$7afe0a9fabfb1f9cf16c5380ea696cacafb63dee\$lut for cells of type $lut.
Using template $paramod$a8ff60b58a32fd976e84bd1a25002f81872c252e\$lut for cells of type $lut.
Using template $paramod$903d84f564b65dc7853c60bafede8f4ddae72097\$lut for cells of type $lut.
Using template $paramod$a1254cb8cd64b914066d79156cf1bd03a20661b6\$lut for cells of type $lut.
Using template $paramod$ca1a0fe3461364dc91ed85eb44772608309fe7a6\$lut for cells of type $lut.
Using template $paramod$801d93680cb720b55b33fe0e21e9d8b4fb104a9b\$lut for cells of type $lut.
Using template $paramod$53ce561f80f32d4298a3beadc88b6c5c78293221\$lut for cells of type $lut.
Using template $paramod$64694bfba67d233ab4e63f4a6ad04660d0d54d95\$lut for cells of type $lut.
Using template $paramod$571404c0889eaf57f492cb5e37f8acb5df5852f9\$lut for cells of type $lut.
Using template $paramod$b3996eaf69323687b39c8eb55a63a3f2e74fa6df\$lut for cells of type $lut.
Using template $paramod\$lut\WIDTH=32'00000000000000000000000000000011\LUT=8'10111111 for cells of type $lut.
Using template $paramod\$lut\WIDTH=32'00000000000000000000000000000011\LUT=8'00001110 for cells of type $lut.
Using template $paramod$8e4f2f8144c4edf2e88fb69e74b7ee30b7718c66\$lut for cells of type $lut.
Using template $paramod$19828f9ce456119a89f55789f8adf7265efc1348\$lut for cells of type $lut.
Using template $paramod\$lut\WIDTH=32'00000000000000000000000000000011\LUT=8'10101100 for cells of type $lut.
Using template $paramod$722d3053cfab73c432c9d53f6307fd00e7332c14\$lut for cells of type $lut.
Using template $paramod$7ed18c7dcf41cd5b3509931e0a35bc69904a43b4\$lut for cells of type $lut.
Using template $paramod$736dc6962f02d6991edfa35df4eb0d3daa77b273\$lut for cells of type $lut.
Using template $paramod$9c9011723290accf91a0a4c4ba85a4b4f97bdbc8\$lut for cells of type $lut.
Using template $paramod$a2b4ddfa3906001b2ef9f2414d79c3048f2a3a6e\$lut for cells of type $lut.
Using template $paramod$58deafcbe586213b76c1cf2d959cf08e3f151c16\$lut for cells of type $lut.
Using template $paramod$b6f6fd763de224ff187513d6c9c4cf4fa34c42e2\$lut for cells of type $lut.
Using template $paramod$79a0faba65e27ad1f1e471bdbec07c40e97339ba\$lut for cells of type $lut.
Using template $paramod$c04e246821c73cafdbb5c14cf0e5453b21fac2c3\$lut for cells of type $lut.
Using template $paramod$c64b7517fc2f663fc967e3272ed8f33ff1184910\$lut for cells of type $lut.
Using template $paramod$63a36693e695a9dd9a7da72b646d6d2cdc4b2d8b\$lut for cells of type $lut.
Using template $paramod$8807baca7f076d63424331bd92cb4081cf7d18d0\$lut for cells of type $lut.
Using template $paramod$0c82065c34f99847b485e27f2f93b5757e8267fb\$lut for cells of type $lut.
Using template $paramod$8624727913771efde308fbcebb75d46a8b031b11\$lut for cells of type $lut.
Using template $paramod$2cdf1d7ef793d501258fcd87051980346f7d025f\$lut for cells of type $lut.
Using template $paramod$8f81f0c38ae541f955ad17f9f86b131d06265ffa\$lut for cells of type $lut.
Using template $paramod$9d7b7b647bdfb84c8d2e249b3daf583559e1695e\$lut for cells of type $lut.
Using template $paramod$4c4db46157be602a4707977ff0ba049dd2c55f34\$lut for cells of type $lut.
Using template $paramod$afdf7aaad02fade4bfbd9578bf88f2719e267870\$lut for cells of type $lut.
Using template $paramod$f0ee53e88c454f483de64a3ee8f213780214b586\$lut for cells of type $lut.
Using template $paramod$189ab62e8b0e1950445e82083fb4fa13bb2760cd\$lut for cells of type $lut.
Using template $paramod$d21b3ad522f4da377bf4971c523dadbe0ad4584c\$lut for cells of type $lut.
Using template $paramod$62b10256145614519a107613336c12ff4a78856c\$lut for cells of type $lut.
Using template $paramod$692927e279b3d5c42ee4aacb287247c0b34943ed\$lut for cells of type $lut.
Using template $paramod$b23a4e8ceced5111db9d1a62bf3c11a550d28639\$lut for cells of type $lut.
Using template $paramod$1567a556d8c8ad3c5d9132f8c3eec795bc12c326\$lut for cells of type $lut.
Using template $paramod$235ce2f39bd07ec0a1b6ac6f4306857e5afdeb5b\$lut for cells of type $lut.
Using template $paramod$7897539a97cc5900f4dad2bffd0ba5ff2134870b\$lut for cells of type $lut.
Using template $paramod$920aaad5de88891d5852f44404bd9f5826a81862\$lut for cells of type $lut.
Using template $paramod$dd2d1ed75b0e355141d976e32de9ab5d6d03c077\$lut for cells of type $lut.
Using template $paramod$05472a6c8453599a785ec994b22ceb5920845ff3\$lut for cells of type $lut.
Using template $paramod$821b392711a1c0a0f259c76f5c79b4eddf6a2eb4\$lut for cells of type $lut.
Using template $paramod$2b2d26a285ac0da8abd030ab6d2ea593dc570493\$lut for cells of type $lut.
Using template $paramod$bc4d5f33a3fc027e307167c13d02c18a69b9ff1e\$lut for cells of type $lut.
Using template $paramod$170cdb4c8bec480b9512b68e32a26c29f1b71e2c\$lut for cells of type $lut.
Using template $paramod$63354f38f0e1f4d4dc4963719e38f2bcafe3382a\$lut for cells of type $lut.
Using template $paramod$b6bdd70365ef980ceaa30330bb0c80105f9df5a5\$lut for cells of type $lut.
Using template $paramod$03faa447765e406048998c8f5fe656a9efb6416f\$lut for cells of type $lut.
Using template $paramod$c3b8bf041a9926e5f289d26ecd027185b605d2d8\$lut for cells of type $lut.
Using template $paramod$53fab710233a5cab0e5f410f9bbab1f833623963\$lut for cells of type $lut.
Using template $paramod$cc0a2a87632f1da4f0726c2d89540750db2f7bac\$lut for cells of type $lut.
Using template $paramod$9c8743a9e4467f61964394a8cb2d759d0631ad9b\$lut for cells of type $lut.
Using template $paramod$43f34be469788eb5ce17f2b7d23c1309f123dc21\$lut for cells of type $lut.
Using template $paramod$faa5dcc7bceac7e45c192b0707b378b7bb6b42c5\$lut for cells of type $lut.
Using template $paramod$89ec2c51e33b344e3ea044c8e734c2daf34fdcbc\$lut for cells of type $lut.
Using template $paramod$c315fd171a22ad0b563d890e3adda172ea240769\$lut for cells of type $lut.
Using template $paramod$2fc4553656510907169134313a73399dfbba129c\$lut for cells of type $lut.
Using template $paramod$b83857a12a880389eaddf372ddc57b8b5e5e18fa\$lut for cells of type $lut.
Using template $paramod$6fa77b9087f16a5d1596e299485ed5d83dd0cb28\$lut for cells of type $lut.
Using template $paramod$6e038d2f75af96e130f2b099ed42a63a1cc90c2d\$lut for cells of type $lut.
Using template $paramod$e76d4fdbdaee03c44542a888981bc8ce9d0d9ec6\$lut for cells of type $lut.
Using template $paramod$cee690bbb9475b1a2a75de7b5ef9e74f8b7e0bed\$lut for cells of type $lut.
Using template $paramod$074dfe338f4d0a19aca801d942d39e27f8b8601c\$lut for cells of type $lut.
Using template $paramod$1a00d8cbd94a59b79e9923db18167712dafda9e8\$lut for cells of type $lut.
Using template $paramod$8f9df5f78689253601ffce03bdf088e63e08b4e7\$lut for cells of type $lut.
Using template $paramod$e91a2bfe95506d52eccdac5c039fac8b7e4b5540\$lut for cells of type $lut.
Using template $paramod$46e2f79d4e2163e445cae9e45ef3ebbd85e62ecc\$lut for cells of type $lut.
Using template $paramod$26799a08e33a2becbf1f7cea0f5149f33ef49c25\$lut for cells of type $lut.
Using template $paramod$bb0438d5b9cb4c74a7b5a2da59f392e4d5d18cf7\$lut for cells of type $lut.
Using template $paramod$6a9e6a7be18da3b2738a3c440c25aefc246735de\$lut for cells of type $lut.
Using template $paramod$cbdad36226b9ee7ff24a85d7a71cda12c23a2611\$lut for cells of type $lut.
Using template $paramod$8aa95e0e962fe90367eec43448c18b012e7bcfc3\$lut for cells of type $lut.
Using template $paramod$5ac8b17ed3eb0ef3bb1d22c021568739a75bf27a\$lut for cells of type $lut.
Using template $paramod$4b2b2ee61bbf98884c62ed3346e925f298eaae94\$lut for cells of type $lut.
Using template $paramod$f7d26500693abbf91f4d200a514e6836aaa43ec9\$lut for cells of type $lut.
Using template $paramod$7324424146a59ac04ce2db710a31c94ee9bea5c1\$lut for cells of type $lut.
Using template $paramod$2cc426cdd67ca1d52c8f977b4d3628a406322c62\$lut for cells of type $lut.
Using template $paramod$c4505d87d9f4a0d1da838f0980218e4a80b32227\$lut for cells of type $lut.
Using template $paramod$c2cc02e8dc0cd4e2718f152a740ec82daadc65da\$lut for cells of type $lut.
Using template $paramod$9245d142211351b0c587a72093507e32d14073ff\$lut for cells of type $lut.
Using template $paramod$19953ce1fc00e801d26a854a06f52aff3ad7468f\$lut for cells of type $lut.
Using template $paramod$3821cce40a4eb9093b6f4c72198dea972a778a30\$lut for cells of type $lut.
Using template $paramod$623c9c687a7757a90e194de980269bdf9d796e9e\$lut for cells of type $lut.
Using template $paramod$e79712ac44c621176e6b97c948489082edba2b54\$lut for cells of type $lut.
Using template $paramod$1fc24f04c9d167ae205e81437168472c81ec935a\$lut for cells of type $lut.
Using template $paramod$b6a7ccedabd16f06cac30d99fc57a23a65e246e6\$lut for cells of type $lut.
Using template $paramod$cb7872817cc458ad657b76905df71a6b1092d286\$lut for cells of type $lut.
Using template $paramod$cdda1314e12ea43005b6105b86213bcd1235f273\$lut for cells of type $lut.
Using template $paramod$d87a490884ae9e6ce83c67663e76e87cdae32eab\$lut for cells of type $lut.
Using template $paramod$c58aa04b940632cae4937cbf72904bb2356784dd\$lut for cells of type $lut.
Using template $paramod$6abf9727adcc204b81e29f4b95e6458293d12099\$lut for cells of type $lut.
Using template $paramod$483181d59022ca685a3bd73c15d7d743003ec189\$lut for cells of type $lut.
Using template $paramod$d72d6469f3aa457392ffb4addffbd01cfe8379ab\$lut for cells of type $lut.
Using template $paramod$83ba8ee6f95615508105c678083623fb7b892a67\$lut for cells of type $lut.
Using template $paramod$885b2909426594728b3425a55c6d1a366b106541\$lut for cells of type $lut.
Using template $paramod$d703c8d60c4e86f69bdbdd744ed4a0210b5dca21\$lut for cells of type $lut.
Using template $paramod$3c849b54e6cd938404f81d693bbe7b7ae04fb4f5\$lut for cells of type $lut.
Using template $paramod$b71464e100459d006c1ef9729bf7e3dfdd7cfc48\$lut for cells of type $lut.
Using template $paramod$e3a48d0c91deb1e51f5a86bde7ba7f3e9af856eb\$lut for cells of type $lut.
Using template $paramod$dd20c26e89f34b16fcc5cc589b4199ff62ba0a84\$lut for cells of type $lut.
Using template $paramod$b7d4fcb9a0c7b346c9d8e2798923da6b6fe28916\$lut for cells of type $lut.
Using template $paramod$25c27573195de0b3d1e02d0ebf1896357a4249ae\$lut for cells of type $lut.
Using template $paramod$c5b3e7d21ed0354bf912891849c6d75b4cbe4ee3\$lut for cells of type $lut.
Using template $paramod$5f7ffcf185ed761ba0cfe54455dacda8504cf03f\$lut for cells of type $lut.
Using template $paramod$d20b7a1c4fda3c78231abed284fe6ac56629bdf3\$lut for cells of type $lut.
Using template $paramod$7ecd602894dbb79c5dc81fa5ba592864f3c82aac\$lut for cells of type $lut.
Using template $paramod$648d41bad226d666cbc7a3933c28ffcaba1feaa9\$lut for cells of type $lut.
Using template $paramod$57eb9a00e1a09f43d14b7ceae6dc1f30293e7222\$lut for cells of type $lut.
Using template $paramod$71c9a69cb49bc7619e3d2c9f1943ca765dc94d9e\$lut for cells of type $lut.
Using template $paramod$ede3ec7ca66f4b0d81af050565e7400b28750263\$lut for cells of type $lut.
Using template $paramod$59e75a61b2e4a983c96d8aa2f40028bf6469834d\$lut for cells of type $lut.
Using template $paramod$91c0f3082ed88844ca5e888662a77171edff98d2\$lut for cells of type $lut.
Using template $paramod$6ac63e260ac9358393ce55a25a74c7e990c673c3\$lut for cells of type $lut.
Using template $paramod$64db19dc0ccafcf7ef00ec31f8d082a796a1e7cc\$lut for cells of type $lut.
Using template $paramod$db3e50ad8003ea8ee3f4291c00f65a7d33cc313b\$lut for cells of type $lut.
Using template $paramod$092d47a78264b55371cda250793ab15cae39c5f2\$lut for cells of type $lut.
Using template $paramod$55e14ed964ace0987d7cfd736c9ec637282f4244\$lut for cells of type $lut.
Using template $paramod$1bf601529b98ddcacf9ea55a65a45402cd92bc24\$lut for cells of type $lut.
Using template $paramod$2d3a3926e7f87e05e4213f1716872bc5adc43774\$lut for cells of type $lut.
Using template $paramod$e14c6852e5edfad2bdcaa0b74a5918235fd2e08b\$lut for cells of type $lut.
Using template $paramod$0c50c3df7c107add21f29b244c2358194330c44d\$lut for cells of type $lut.
Using template $paramod$6d03a8f9de092a971faa4e6dc768e65a094ea1ae\$lut for cells of type $lut.
Using template $paramod$081e3d9b1eee9915b5385fdc8ced98ba4fdbfe0b\$lut for cells of type $lut.
Using template $paramod$13cd4b37b06dc0e849c3bdb87d547ab72c8a6998\$lut for cells of type $lut.
Using template $paramod$d49d0fb3c5bc33392d28c5a3c14aab7567384605\$lut for cells of type $lut.
Using template $paramod$f520c217d61b556492be3451c2616a8812ae7608\$lut for cells of type $lut.
Using template $paramod$8617d1bbfa2f7756e2ea58909bea7188b5cf14a8\$lut for cells of type $lut.
Using template $paramod$3f54497f0510a0fa4a9a01a7090105c91b3b2659\$lut for cells of type $lut.
Using template $paramod$f3fe364626a5b7176dcf7d01f3590f59d7ebba53\$lut for cells of type $lut.
Using template $paramod$6300cd3f72bf0a76c5e2948e78166e3111516f64\$lut for cells of type $lut.
Using template $paramod$2b429eaee354ca3a4c377324eccecac5d8669e4b\$lut for cells of type $lut.
Using template $paramod$5d4b425ba9d4aea7a01ca266e4baccd9a72a7585\$lut for cells of type $lut.
Using template $paramod$8ae16a0d63e76963e3f388b2d5197e69c613c4fd\$lut for cells of type $lut.
Using template $paramod$13505eb82fb5d73935383e407331232af2b1a649\$lut for cells of type $lut.
Using template $paramod$f6f6afbac301f586eb748ae2c591b6ff98a68da4\$lut for cells of type $lut.
Using template $paramod$78124efd800bdbf95c0db838d674e639bdacadbb\$lut for cells of type $lut.
Using template $paramod$20b62c215b771ada8c9b5ae406684f50945e8e79\$lut for cells of type $lut.
Using template $paramod$6dba814094099da8c9f73480d65dab3e7e1f0a60\$lut for cells of type $lut.
Using template $paramod$4611f9ab2d4b82c3b7a5e8e59ce533c883469e97\$lut for cells of type $lut.
Using template $paramod$eedeabff20f887f1927f5a3ca106cca6496f5b31\$lut for cells of type $lut.
Using template $paramod$c801ce482c875f91fc52e75da3847c8bac202f41\$lut for cells of type $lut.
Using template $paramod$5a91a618dd73cd5feab308b094eb53564abcbef4\$lut for cells of type $lut.
Using template $paramod$da53e38ee7ddba60c53b4f20c0ebcba891785396\$lut for cells of type $lut.
Using template $paramod$69441c0f483ec0f453360e72921643fad77b8272\$lut for cells of type $lut.
Using template $paramod$8ff4ef834fe89780bae02bbc4b30e4cd3575f913\$lut for cells of type $lut.
Using template $paramod$1bdbbaa9008b7e4849ef7f7f3ce42265f85f9849\$lut for cells of type $lut.
Using template $paramod$1166e6641d458a3818036ce5cb97e0392cccf48f\$lut for cells of type $lut.
Using template $paramod$94c6aade54f6645384072cace35f4f7aec9c13d8\$lut for cells of type $lut.
Using template $paramod$3e98d5a8e31d68e447c6d5f416e53b54389ff8f5\$lut for cells of type $lut.
Using template $paramod$a60b26ca1152d7c59e67c5ec973625e370d8c861\$lut for cells of type $lut.
Using template $paramod$d76e0a64863d991a1aa93e266fee54989aa26ffc\$lut for cells of type $lut.
Using template $paramod$1fc0adf043e7d7ca6ca91d00c47e32759abb9e08\$lut for cells of type $lut.
Using template $paramod$edb3531543b66ae85b9b774688160f48da826eb3\$lut for cells of type $lut.
Using template $paramod$c45576938a9b58d891a9ccf0c10041ea33e86e1d\$lut for cells of type $lut.
Using template $paramod$a25453a381d709ac39b3b94c2662a605cc6a3360\$lut for cells of type $lut.
Using template $paramod$b2f5bb331fabab55db523362324439c3a067eff1\$lut for cells of type $lut.
Using template $paramod$a1194b131de3376c79b35e4ee14eb5e9db27661e\$lut for cells of type $lut.
Using template $paramod$7450df1367c5f109bfbe956a82fc71cea5a28ea4\$lut for cells of type $lut.
Using template $paramod$cbcad7797bfc5e0b3e1b59f5d73b315189d80352\$lut for cells of type $lut.
Using template $paramod$552c54a44f22c5fb2e95c58915635f2a2f213caa\$lut for cells of type $lut.
Using template $paramod$5dd4c6c7a4f140992bd4d769ffa90f7ed0dce312\$lut for cells of type $lut.
Using template $paramod$2015df442a7be33577e88e345b5ca16d5aa8517c\$lut for cells of type $lut.
Using template $paramod$445ffda43e0187308e05df4e15d174305f7b8da0\$lut for cells of type $lut.
Using template $paramod$73d2ddbcf0c99b0860f6475e18e6dbcb2c5b34c2\$lut for cells of type $lut.
Using template $paramod$c7962f1e9f6b33776d3c7576162a8f91be31f84e\$lut for cells of type $lut.
Using template $paramod$d7084ff62a44d7fed5cb321a4b490b49782b2157\$lut for cells of type $lut.
Using template $paramod$269a600b91f9f9c102e25133b9d5c7461d78a012\$lut for cells of type $lut.
Using template $paramod$af8d2ee5e933de0d7c101495f671a25d8016826f\$lut for cells of type $lut.
Using template $paramod$d89e8c1257afc9b4449bd0f69cba858ab0565dec\$lut for cells of type $lut.
Using template $paramod$dcb92c0d7e74e19526d4b3ec62b6200ff7f0288b\$lut for cells of type $lut.
Using template $paramod$0962036af51b175f4b15ae9bbdbfc54ec906232f\$lut for cells of type $lut.
Using template $paramod$e71acd1fd0d505c5322a040014ca4f2fbd36a053\$lut for cells of type $lut.
Using template $paramod$de5b8121e1157627faaafeced3888d52ff0fd35b\$lut for cells of type $lut.
Using template $paramod$0b8ddc2113b543c3bd32c141d76f3e4ea07f4ff5\$lut for cells of type $lut.
Using template $paramod$3893954f3dfb895cbed7cef3e88cd7ecc885bf49\$lut for cells of type $lut.
Using template $paramod$3736f9c708886fb32c6e2aa0ec47d7ede8d48e28\$lut for cells of type $lut.
Using template $paramod$bf513c203dec393475f319626cfec4c389285c25\$lut for cells of type $lut.
Using template $paramod$4ea21925d70660ae9dda6dc8f9cca57594953926\$lut for cells of type $lut.
Using template $paramod$01490bb99bf73e486efd8cf6fb5d52d41226d99c\$lut for cells of type $lut.
Using template $paramod$ca260995b172aa4c9c5dd2cfd96abcb790c4fdd6\$lut for cells of type $lut.
Using template $paramod$17fc20fc3a5c08d6ec06c26739f5f5ad42af7956\$lut for cells of type $lut.
Using template $paramod$9b997518edfb4aa14fea84092eb1268ae2f1557a\$lut for cells of type $lut.
Using template $paramod$e872ba8d74c87dbc8bfa934d1358fa7dbe519d0d\$lut for cells of type $lut.
Using template $paramod$d9d69537053325c66d9b989cc60976c15bbfc782\$lut for cells of type $lut.
Using template $paramod$ff01c4236ba776d569ca21e4125a8f9b30b41c75\$lut for cells of type $lut.
Using template $paramod$961d3c12661a261063458db7317eac0b0ba55923\$lut for cells of type $lut.
Using template $paramod$f301a628026f586903001bd9c754b3b888afc128\$lut for cells of type $lut.
Using template $paramod$c8091b012966cb2125b40443b60b6dcb18aa84fc\$lut for cells of type $lut.
Using template $paramod$a7b6a4a5a7c3cf2b9b58c7b7ecbbb8b31a429164\$lut for cells of type $lut.
Using template $paramod$2c67814f601655eca5f6ffd9555e719b198943e4\$lut for cells of type $lut.
Using template $paramod$eab8921620fdaae7c34aba0e19f418b67fd6c0c4\$lut for cells of type $lut.
Using template $paramod$dc097a4e602012e7ce9214e88cdca646156805bf\$lut for cells of type $lut.
Using template $paramod$40151ba78c64407558bd019ac0f504d5c8e6965f\$lut for cells of type $lut.
Using template $paramod$e848e10de4a81a9e2826b09b5d71ed80d653a151\$lut for cells of type $lut.
Using template $paramod$4e688657d2e246ab2b292a90b02d2953e58609c8\$lut for cells of type $lut.
Using template $paramod$e73d72c0b7f2ab8f22806bfdff5653189f5de0ec\$lut for cells of type $lut.
Using template $paramod$9214ffd14c9ce3b6090939cb314f4238aca5df3b\$lut for cells of type $lut.
Using template $paramod$2227956524c8ed5d29701508e399a8953be1e9ff\$lut for cells of type $lut.
Using template $paramod$6e712e45891ac8fbd57099355fa8c328f76a5c60\$lut for cells of type $lut.
Using template $paramod$54f1c1f654e8e57190b22dad6e98b7029a159284\$lut for cells of type $lut.
Using template $paramod$766498fc585f2e2fa06e72b7bc432f5788344c10\$lut for cells of type $lut.
Using template $paramod$3594ac645613e1c6b5a489dee9c8ca317760cde9\$lut for cells of type $lut.
Using template $paramod$259bf79c16dfa8e60eefe05dd2ee81c513b6cdc3\$lut for cells of type $lut.
Using template $paramod$f72b18c66b3b52811ae9e6ce69bea7aad0c6c83d\$lut for cells of type $lut.
Using template $paramod$7d5ca7cf6ab08349cb1f9162aebbc93662134290\$lut for cells of type $lut.
No more expansions possible.
<suppressed ~9646 debug messages>

16.45. Executing XILINX_DFFOPT pass (optimize FF control signal usage).
Optimizing FFs in soc_multi.
  Merging D + CE LUTs for $auto$ff.cc:266:slice$9664/u_core.rs2_val (2 -> 6)
  Merging D + CE LUTs for $auto$ff.cc:266:slice$9665/u_core.rs2_val (2 -> 6)
  Merging D + CE LUTs for $auto$ff.cc:266:slice$9666/u_core.rs2_val (2 -> 6)
  Merging D + CE LUTs for $auto$ff.cc:266:slice$9667/u_core.rs2_val (2 -> 6)
  Merging D + CE LUTs for $auto$ff.cc:266:slice$9668/u_core.rs2_val (2 -> 6)
  Merging D + CE LUTs for $auto$ff.cc:266:slice$9669/u_core.rs2_val (2 -> 6)
  Merging D + CE LUTs for $auto$ff.cc:266:slice$9670/u_core.rs2_val (2 -> 6)
  Merging D + CE LUTs for $auto$ff.cc:266:slice$9671/u_core.rs2_val (2 -> 6)
  Merging D + CE LUTs for $auto$ff.cc:266:slice$9672/u_core.rs2_val (2 -> 6)
  Merging D + CE LUTs for $auto$ff.cc:266:slice$9673/u_core.rs2_val (2 -> 6)
  Merging D + CE LUTs for $auto$ff.cc:266:slice$9674/u_core.rs2_val (2 -> 6)
  Merging D + CE LUTs for $auto$ff.cc:266:slice$9675/u_core.rs2_val (2 -> 6)
  Merging D + CE LUTs for $auto$ff.cc:266:slice$9676/u_core.rs2_val (2 -> 6)
  Merging D + CE LUTs for $auto$ff.cc:266:slice$9677/u_core.rs2_val (2 -> 6)
  Merging D + CE LUTs for $auto$ff.cc:266:slice$9678/u_core.rs2_val (2 -> 6)
  Merging D + CE LUTs for $auto$ff.cc:266:slice$9679/u_core.rs2_val (2 -> 6)
  Merging D + CE LUTs for $auto$ff.cc:266:slice$9680/u_core.rs2_val (2 -> 6)
  Merging D + CE LUTs for $auto$ff.cc:266:slice$9681/u_core.rs2_val (2 -> 6)
  Merging D + CE LUTs for $auto$ff.cc:266:slice$9682/u_core.rs2_val (2 -> 6)
  Merging D + CE LUTs for $auto$ff.cc:266:slice$9683/u_core.rs2_val (2 -> 6)
  Merging D + CE LUTs for $auto$ff.cc:266:slice$9684/u_core.rs2_val (2 -> 6)
  Merging D + CE LUTs for $auto$ff.cc:266:slice$9685/u_core.rs2_val (2 -> 6)
  Merging D + CE LUTs for $auto$ff.cc:266:slice$9686/u_core.rs2_val (2 -> 6)
  Merging D + CE LUTs for $auto$ff.cc:266:slice$9687/u_core.rs2_val (2 -> 6)
  Merging D + CE LUTs for $auto$ff.cc:266:slice$9688/u_core.rs2_val (2 -> 6)
  Merging D + CE LUTs for $auto$ff.cc:266:slice$9689/u_core.rs2_val (2 -> 6)
  Merging D + CE LUTs for $auto$ff.cc:266:slice$9690/u_core.rs2_val (2 -> 6)
  Merging D + CE LUTs for $auto$ff.cc:266:slice$9691/u_core.rs2_val (2 -> 6)
  Merging D + CE LUTs for $auto$ff.cc:266:slice$9692/u_core.rs2_val (2 -> 6)
  Merging D + CE LUTs for $auto$ff.cc:266:slice$9693/u_core.rs2_val (2 -> 6)
  Merging D + CE LUTs for $auto$ff.cc:266:slice$9694/u_core.rs2_val (2 -> 6)
  Merging D + CE LUTs for $auto$ff.cc:266:slice$9695/u_core.rs2_val (2 -> 6)
  Merging D + CE LUTs for $auto$ff.cc:266:slice$8580/u_uart.u_tx.frame (3 -> 6)
  Merging D + CE LUTs for $auto$ff.cc:266:slice$8581/u_uart.u_tx.frame (3 -> 6)
  Merging D + CE LUTs for $auto$ff.cc:266:slice$8582/u_uart.u_tx.frame (3 -> 6)
  Merging D + CE LUTs for $auto$ff.cc:266:slice$8583/u_uart.u_tx.frame (3 -> 6)
  Merging D + CE LUTs for $auto$ff.cc:266:slice$8584/u_uart.u_tx.frame (3 -> 6)
  Merging D + CE LUTs for $auto$ff.cc:266:slice$8585/u_uart.u_tx.frame (3 -> 6)
  Merging D + CE LUTs for $auto$ff.cc:266:slice$8586/u_uart.u_tx.frame (3 -> 6)
  Merging D + CE LUTs for $auto$ff.cc:266:slice$8579/u_uart.u_tx.frame (2 -> 5)
  Merging D + CE LUTs for $auto$ff.cc:266:slice$8587/u_uart.u_tx.frame (2 -> 5)
  Merging D + CE LUTs for $auto$ff.cc:266:slice$9439/u_uart.u_tx.bitpos (2 -> 5)
  Merging D + CE LUTs for $auto$ff.cc:266:slice$9440/u_uart.u_tx.bitpos (2 -> 5)
  Merging D + CE LUTs for $auto$ff.cc:266:slice$9438/u_uart.u_tx.bitpos (2 -> 5)
  Merging D + CE LUTs for $auto$ff.cc:266:slice$9441/u_uart.u_tx.bitpos (2 -> 5)
  Merging D + CE LUTs for $auto$ff.cc:266:slice$9565/u_core.state (2 -> 4)
  Merging D + CE LUTs for $auto$ff.cc:266:slice$9566/u_core.state (3 -> 5)
  Merging D + CE LUTs for $auto$ff.cc:266:slice$9631/u_core.in_handler (1 -> 4)
  Merging D + CE LUTs for $auto$ff.cc:266:slice$9633/u_core.rs1_val (2 -> 6)
  Merging D + CE LUTs for $auto$ff.cc:266:slice$9634/u_core.rs1_val (2 -> 6)
  Merging D + CE LUTs for $auto$ff.cc:266:slice$9635/u_core.rs1_val (2 -> 6)
  Merging D + CE LUTs for $auto$ff.cc:266:slice$9636/u_core.rs1_val (2 -> 6)
  Merging D + CE LUTs for $auto$ff.cc:266:slice$9637/u_core.rs1_val (2 -> 6)
  Merging D + CE LUTs for $auto$ff.cc:266:slice$9638/u_core.rs1_val (2 -> 6)
  Merging D + CE LUTs for $auto$ff.cc:266:slice$9639/u_core.rs1_val (2 -> 6)
  Merging D + CE LUTs for $auto$ff.cc:266:slice$9640/u_core.rs1_val (2 -> 6)
  Merging D + CE LUTs for $auto$ff.cc:266:slice$9641/u_core.rs1_val (2 -> 6)
  Merging D + CE LUTs for $auto$ff.cc:266:slice$9642/u_core.rs1_val (2 -> 6)
  Merging D + CE LUTs for $auto$ff.cc:266:slice$9643/u_core.rs1_val (2 -> 6)
  Merging D + CE LUTs for $auto$ff.cc:266:slice$9644/u_core.rs1_val (2 -> 6)
  Merging D + CE LUTs for $auto$ff.cc:266:slice$9645/u_core.rs1_val (2 -> 6)
  Merging D + CE LUTs for $auto$ff.cc:266:slice$9646/u_core.rs1_val (2 -> 6)
  Merging D + CE LUTs for $auto$ff.cc:266:slice$9647/u_core.rs1_val (2 -> 6)
  Merging D + CE LUTs for $auto$ff.cc:266:slice$9648/u_core.rs1_val (2 -> 6)
  Merging D + CE LUTs for $auto$ff.cc:266:slice$9649/u_core.rs1_val (2 -> 6)
  Merging D + CE LUTs for $auto$ff.cc:266:slice$9650/u_core.rs1_val (2 -> 6)
  Merging D + CE LUTs for $auto$ff.cc:266:slice$9651/u_core.rs1_val (2 -> 6)
  Merging D + CE LUTs for $auto$ff.cc:266:slice$9652/u_core.rs1_val (2 -> 6)
  Merging D + CE LUTs for $auto$ff.cc:266:slice$9653/u_core.rs1_val (2 -> 6)
  Merging D + CE LUTs for $auto$ff.cc:266:slice$9654/u_core.rs1_val (2 -> 6)
  Merging D + CE LUTs for $auto$ff.cc:266:slice$9655/u_core.rs1_val (2 -> 6)
  Merging D + CE LUTs for $auto$ff.cc:266:slice$9656/u_core.rs1_val (2 -> 6)
  Merging D + CE LUTs for $auto$ff.cc:266:slice$9657/u_core.rs1_val (2 -> 6)
  Merging D + CE LUTs for $auto$ff.cc:266:slice$9658/u_core.rs1_val (2 -> 6)
  Merging D + CE LUTs for $auto$ff.cc:266:slice$9659/u_core.rs1_val (2 -> 6)
  Merging D + CE LUTs for $auto$ff.cc:266:slice$9660/u_core.rs1_val (2 -> 6)
  Merging D + CE LUTs for $auto$ff.cc:266:slice$9661/u_core.rs1_val (2 -> 6)
  Merging D + CE LUTs for $auto$ff.cc:266:slice$9662/u_core.rs1_val (2 -> 6)
  Merging D + CE LUTs for $auto$ff.cc:266:slice$9632/u_core.rs1_val (2 -> 6)
  Merging D + CE LUTs for $auto$ff.cc:266:slice$9663/u_core.rs1_val (2 -> 6)
  Merging D + CE LUTs for $auto$ff.cc:266:slice$9731/u_core.load_data (2 -> 5)
  Merging D + CE LUTs for $auto$ff.cc:266:slice$9733/u_core.load_data (2 -> 5)

16.46. Executing OPT_LUT_INS pass (discard unused LUT inputs).
Optimizing LUTs in soc_multi.
  Optimizing lut $abc$18961$auto$blifparse.cc:535:parse_blif$19260.genblk1.genblk1.genblk1.genblk1.genblk1.genblk1.genblk1.genblk1.genblk1.genblk1.lut0.genblk1.genblk1.genblk1.genblk1.genblk1.genblk1.genblk1.genblk1.genblk1.lut0 (6 -> 0)
  Optimizing lut $abc$18961$auto$blifparse.cc:535:parse_blif$19277.genblk1.genblk1.genblk1.genblk1.genblk1.genblk1.genblk1.genblk1.genblk1.genblk1.lut0.genblk1.genblk1.genblk1.genblk1.genblk1.genblk1.genblk1.genblk1.genblk1.lut0 (6 -> 3)
  Optimizing lut $abc$18961$auto$blifparse.cc:535:parse_blif$19277.genblk1.genblk1.genblk1.genblk1.genblk1.genblk1.genblk1.genblk1.genblk1.genblk1.lut1.genblk1.genblk1.genblk1.genblk1.genblk1.genblk1.genblk1.genblk1.genblk1.lut0 (6 -> 2)
  Optimizing lut $abc$18961$auto$blifparse.cc:535:parse_blif$19302.genblk1.genblk1.genblk1.genblk1.genblk1.genblk1.genblk1.genblk1.genblk1.genblk1.lut0.genblk1.genblk1.genblk1.genblk1.genblk1.genblk1.genblk1.genblk1.genblk1.lut0 (6 -> 3)
  Optimizing lut $abc$18961$auto$blifparse.cc:535:parse_blif$19283.genblk1.genblk1.genblk1.genblk1.genblk1.genblk1.genblk1.genblk1.genblk1.lut0 (6 -> 0)
  Optimizing lut $abc$18961$auto$blifparse.cc:535:parse_blif$19350.genblk1.genblk1.genblk1.genblk1.genblk1.genblk1.genblk1.genblk1.genblk1.genblk1.lut0.genblk1.genblk1.genblk1.genblk1.genblk1.genblk1.genblk1.genblk1.genblk1.lut0 (6 -> 3)
  Optimizing lut $abc$18961$auto$blifparse.cc:535:parse_blif$19303.genblk1.genblk1.genblk1.genblk1.genblk1.genblk1.genblk1.genblk1.genblk1.lut0 (6 -> 4)
  Optimizing lut $abc$18961$auto$blifparse.cc:535:parse_blif$19351.genblk1.genblk1.genblk1.genblk1.genblk1.genblk1.genblk1.genblk1.genblk1.lut0 (6 -> 3)
  Optimizing lut $abc$18961$auto$blifparse.cc:535:parse_blif$19381.genblk1.genblk1.genblk1.genblk1.genblk1.genblk1.genblk1.genblk1.genblk1.lut0 (6 -> 4)
  Optimizing lut $abc$18961$auto$blifparse.cc:535:parse_blif$19516.genblk1.genblk1.genblk1.genblk1.genblk1.genblk1.genblk1.genblk1.genblk1.lut0 (6 -> 4)
  Optimizing lut $abc$18961$auto$blifparse.cc:535:parse_blif$19314.genblk1.genblk1.genblk1.genblk1.genblk1.genblk1.genblk1.genblk1.genblk1.genblk1.lut0.genblk1.genblk1.genblk1.genblk1.genblk1.genblk1.genblk1.genblk1.genblk1.lut0 (6 -> 3)
  Optimizing lut $abc$18961$auto$blifparse.cc:535:parse_blif$19547.genblk1.genblk1.genblk1.genblk1.genblk1.genblk1.genblk1.genblk1.genblk1.lut0 (6 -> 1)
  Optimizing lut $abc$18961$auto$blifparse.cc:535:parse_blif$19715.genblk1.genblk1.genblk1.genblk1.genblk1.genblk1.genblk1.genblk1.genblk1.genblk1.lut1.genblk1.genblk1.genblk1.genblk1.genblk1.genblk1.genblk1.genblk1.genblk1.lut0 (6 -> 4)
  Optimizing lut $abc$18961$auto$blifparse.cc:535:parse_blif$19425.genblk1.genblk1.genblk1.genblk1.genblk1.genblk1.genblk1.genblk1.genblk1.genblk1.lut0.genblk1.genblk1.genblk1.genblk1.genblk1.genblk1.genblk1.genblk1.genblk1.lut0 (6 -> 5)
  Optimizing lut $abc$18961$auto$blifparse.cc:535:parse_blif$19596.genblk1.genblk1.genblk1.genblk1.genblk1.genblk1.genblk1.genblk1.genblk1.genblk1.lut0.genblk1.genblk1.genblk1.genblk1.genblk1.genblk1.genblk1.genblk1.genblk1.lut0 (6 -> 0)
  Optimizing lut $abc$18961$auto$blifparse.cc:535:parse_blif$19425.genblk1.genblk1.genblk1.genblk1.genblk1.genblk1.genblk1.genblk1.genblk1.genblk1.lut1.genblk1.genblk1.genblk1.genblk1.genblk1.genblk1.genblk1.genblk1.genblk1.lut0 (6 -> 1)
  Optimizing lut $abc$18961$auto$blifparse.cc:535:parse_blif$19596.genblk1.genblk1.genblk1.genblk1.genblk1.genblk1.genblk1.genblk1.genblk1.genblk1.lut1.genblk1.genblk1.genblk1.genblk1.genblk1.genblk1.genblk1.genblk1.genblk1.lut0 (6 -> 5)
  Optimizing lut $abc$18961$auto$blifparse.cc:535:parse_blif$19183.genblk1.genblk1.genblk1.genblk1.genblk1.genblk1.genblk1.genblk1.genblk1.genblk1.lut0.genblk1.genblk1.genblk1.genblk1.genblk1.genblk1.genblk1.genblk1.genblk1.lut0 (6 -> 0)
  Optimizing lut $abc$18961$auto$blifparse.cc:535:parse_blif$19707.genblk1.genblk1.genblk1.genblk1.genblk1.genblk1.genblk1.genblk1.genblk1.lut1 (6 -> 0)
  Optimizing lut $abc$18961$auto$blifparse.cc:535:parse_blif$19184.genblk1.genblk1.genblk1.genblk1.genblk1.genblk1.genblk1.genblk1.genblk1.genblk1.lut1.genblk1.genblk1.genblk1.genblk1.genblk1.genblk1.genblk1.genblk1.genblk1.lut0 (6 -> 5)
  Optimizing lut $abc$18961$auto$blifparse.cc:535:parse_blif$19185.genblk1.genblk1.genblk1.genblk1.genblk1.genblk1.genblk1.genblk1.genblk1.genblk1.lut0.genblk1.genblk1.genblk1.genblk1.genblk1.genblk1.genblk1.genblk1.genblk1.lut0 (6 -> 0)
  Optimizing lut $abc$18961$auto$blifparse.cc:535:parse_blif$19185.genblk1.genblk1.genblk1.genblk1.genblk1.genblk1.genblk1.genblk1.genblk1.genblk1.lut1.genblk1.genblk1.genblk1.genblk1.genblk1.genblk1.genblk1.genblk1.genblk1.lut0 (6 -> 0)
  Optimizing lut $abc$18961$auto$blifparse.cc:535:parse_blif$19178.genblk1.genblk1.genblk1.genblk1.genblk1.genblk1.genblk1.genblk1.genblk1.genblk1.lut0.genblk1.genblk1.genblk1.genblk1.genblk1.genblk1.genblk1.genblk1.genblk1.lut0 (6 -> 0)
  Optimizing lut $abc$18961$auto$blifparse.cc:535:parse_blif$19706.genblk1.genblk1.genblk1.genblk1.genblk1.genblk1.genblk1.genblk1.genblk1.lut1 (6 -> 4)
  Optimizing lut $abc$18961$auto$blifparse.cc:535:parse_blif$19179.genblk1.genblk1.genblk1.genblk1.genblk1.genblk1.genblk1.genblk1.genblk1.genblk1.lut0.genblk1.genblk1.genblk1.genblk1.genblk1.genblk1.genblk1.genblk1.genblk1.lut0 (6 -> 0)
  Optimizing lut $abc$18961$auto$blifparse.cc:535:parse_blif$19179.genblk1.genblk1.genblk1.genblk1.genblk1.genblk1.genblk1.genblk1.genblk1.genblk1.lut1.genblk1.genblk1.genblk1.genblk1.genblk1.genblk1.genblk1.genblk1.genblk1.lut0 (6 -> 0)
  Optimizing lut $abc$18961$auto$blifparse.cc:535:parse_blif$19146.genblk1.genblk1.genblk1.genblk1.genblk1.genblk1.genblk1.genblk1.genblk1.genblk1.lut0.genblk1.genblk1.genblk1.genblk1.genblk1.genblk1.genblk1.genblk1.genblk1.lut0 (6 -> 0)
  Optimizing lut $abc$18961$auto$blifparse.cc:535:parse_blif$19146.genblk1.genblk1.genblk1.genblk1.genblk1.genblk1.genblk1.genblk1.genblk1.genblk1.lut1.genblk1.genblk1.genblk1.genblk1.genblk1.genblk1.genblk1.genblk1.genblk1.lut0 (6 -> 0)
  Optimizing lut $abc$18961$auto$blifparse.cc:535:parse_blif$19150.genblk1.genblk1.genblk1.genblk1.genblk1.genblk1.genblk1.genblk1.genblk1.genblk1.lut0.genblk1.genblk1.genblk1.genblk1.genblk1.genblk1.genblk1.genblk1.genblk1.lut0 (6 -> 0)
  Optimizing lut $abc$18961$auto$blifparse.cc:535:parse_blif$19150.genblk1.genblk1.genblk1.genblk1.genblk1.genblk1.genblk1.genblk1.genblk1.genblk1.lut1.genblk1.genblk1.genblk1.genblk1.genblk1.genblk1.genblk1.genblk1.genblk1.lut0 (6 -> 0)
  Optimizing lut $abc$18961$auto$blifparse.cc:535:parse_blif$19162.genblk1.genblk1.genblk1.genblk1.genblk1.genblk1.genblk1.genblk1.genblk1.genblk1.lut0.genblk1.genblk1.genblk1.genblk1.genblk1.genblk1.genblk1.genblk1.genblk1.lut0 (6 -> 0)
  Optimizing lut $abc$18961$auto$blifparse.cc:535:parse_blif$19162.genblk1.genblk1.genblk1.genblk1.genblk1.genblk1.genblk1.genblk1.genblk1.genblk1.lut1.genblk1.genblk1.genblk1.genblk1.genblk1.genblk1.genblk1.genblk1.genblk1.lut0 (6 -> 0)
  Optimizing lut $abc$18961$auto$blifparse.cc:535:parse_blif$19166.genblk1.genblk1.genblk1.genblk1.genblk1.genblk1.genblk1.genblk1.genblk1.genblk1.lut0.genblk1.genblk1.genblk1.genblk1.genblk1.genblk1.genblk1.genblk1.genblk1.lut0 (6 -> 0)
  Optimizing lut $abc$18961$auto$blifparse.cc:535:parse_blif$19166.genblk1.genblk1.genblk1.genblk1.genblk1.genblk1.genblk1.genblk1.genblk1.genblk1.lut1.genblk1.genblk1.genblk1.genblk1.genblk1.genblk1.genblk1.genblk1.genblk1.lut0 (6 -> 0)
  Optimizing lut $abc$18961$auto$blifparse.cc:535:parse_blif$19173.genblk1.genblk1.genblk1.genblk1.genblk1.genblk1.genblk1.genblk1.genblk1.genblk1.lut0.genblk1.genblk1.genblk1.genblk1.genblk1.genblk1.genblk1.genblk1.genblk1.lut0 (6 -> 0)
  Optimizing lut $abc$18961$auto$blifparse.cc:535:parse_blif$19173.genblk1.genblk1.genblk1.genblk1.genblk1.genblk1.genblk1.genblk1.genblk1.genblk1.lut1.genblk1.genblk1.genblk1.genblk1.genblk1.genblk1.genblk1.genblk1.genblk1.lut0 (6 -> 0)
  Optimizing lut $abc$18961$auto$blifparse.cc:535:parse_blif$19168.genblk1.genblk1.genblk1.genblk1.genblk1.genblk1.genblk1.genblk1.genblk1.genblk1.lut0.genblk1.genblk1.genblk1.genblk1.genblk1.genblk1.genblk1.genblk1.genblk1.lut0 (6 -> 0)
  Optimizing lut $abc$18961$auto$blifparse.cc:535:parse_blif$19168.genblk1.genblk1.genblk1.genblk1.genblk1.genblk1.genblk1.genblk1.genblk1.genblk1.lut1.genblk1.genblk1.genblk1.genblk1.genblk1.genblk1.genblk1.genblk1.genblk1.lut0 (6 -> 0)
  Optimizing lut $abc$18961$auto$blifparse.cc:535:parse_blif$19175.genblk1.genblk1.genblk1.genblk1.genblk1.genblk1.genblk1.genblk1.genblk1.genblk1.lut0.genblk1.genblk1.genblk1.genblk1.genblk1.genblk1.genblk1.genblk1.genblk1.lut0 (6 -> 0)
  Optimizing lut $abc$18961$auto$blifparse.cc:535:parse_blif$19175.genblk1.genblk1.genblk1.genblk1.genblk1.genblk1.genblk1.genblk1.genblk1.genblk1.lut1.genblk1.genblk1.genblk1.genblk1.genblk1.genblk1.genblk1.genblk1.genblk1.lut0 (6 -> 0)
  Optimizing lut $abc$18961$auto$blifparse.cc:535:parse_blif$19169.genblk1.genblk1.genblk1.genblk1.genblk1.genblk1.genblk1.genblk1.genblk1.genblk1.lut0.genblk1.genblk1.genblk1.genblk1.genblk1.genblk1.genblk1.genblk1.genblk1.lut0 (6 -> 0)
  Optimizing lut $abc$18961$auto$blifparse.cc:535:parse_blif$19169.genblk1.genblk1.genblk1.genblk1.genblk1.genblk1.genblk1.genblk1.genblk1.genblk1.lut1.genblk1.genblk1.genblk1.genblk1.genblk1.genblk1.genblk1.genblk1.genblk1.lut0 (6 -> 0)
  Optimizing lut $abc$18961$auto$blifparse.cc:535:parse_blif$19176.genblk1.genblk1.genblk1.genblk1.genblk1.genblk1.genblk1.genblk1.genblk1.genblk1.lut0.genblk1.genblk1.genblk1.genblk1.genblk1.genblk1.genblk1.genblk1.genblk1.lut0 (6 -> 0)
  Optimizing lut $abc$18961$auto$blifparse.cc:535:parse_blif$19176.genblk1.genblk1.genblk1.genblk1.genblk1.genblk1.genblk1.genblk1.genblk1.genblk1.lut1.genblk1.genblk1.genblk1.genblk1.genblk1.genblk1.genblk1.genblk1.genblk1.lut0 (6 -> 0)
  Optimizing lut $abc$18961$auto$blifparse.cc:535:parse_blif$19154.genblk1.genblk1.genblk1.genblk1.genblk1.genblk1.genblk1.genblk1.genblk1.genblk1.lut0.genblk1.genblk1.genblk1.genblk1.genblk1.genblk1.genblk1.genblk1.genblk1.lut0 (6 -> 0)
  Optimizing lut $abc$18961$auto$blifparse.cc:535:parse_blif$19158.genblk1.genblk1.genblk1.genblk1.genblk1.genblk1.genblk1.genblk1.genblk1.genblk1.lut0.genblk1.genblk1.genblk1.genblk1.genblk1.genblk1.genblk1.genblk1.genblk1.lut0 (6 -> 0)
  Optimizing lut $abc$18961$auto$blifparse.cc:535:parse_blif$19158.genblk1.genblk1.genblk1.genblk1.genblk1.genblk1.genblk1.genblk1.genblk1.genblk1.lut1.genblk1.genblk1.genblk1.genblk1.genblk1.genblk1.genblk1.genblk1.genblk1.lut0 (6 -> 0)
  Optimizing lut $abc$18961$auto$blifparse.cc:535:parse_blif$20156.genblk1.genblk1.genblk1.genblk1.genblk1.genblk1.genblk1.genblk1.genblk1.genblk1.lut0.genblk1.genblk1.genblk1.genblk1.genblk1.genblk1.genblk1.genblk1.genblk1.lut0 (6 -> 0)
  Optimizing lut $abc$18961$auto$blifparse.cc:535:parse_blif$20178.genblk1.genblk1.genblk1.genblk1.genblk1.genblk1.genblk1.genblk1.genblk1.genblk1.lut0.genblk1.genblk1.genblk1.genblk1.genblk1.genblk1.genblk1.genblk1.genblk1.lut0 (6 -> 0)
  Optimizing lut $abc$18961$auto$blifparse.cc:535:parse_blif$20306.genblk1.genblk1.genblk1.genblk1.genblk1.genblk1.genblk1.genblk1.genblk1.genblk1.lut1.genblk1.genblk1.genblk1.genblk1.genblk1.genblk1.genblk1.genblk1.genblk1.lut0 (6 -> 0)
  Optimizing lut $abc$18961$auto$blifparse.cc:535:parse_blif$20181.genblk1.genblk1.genblk1.genblk1.genblk1.genblk1.genblk1.genblk1.genblk1.genblk1.lut1.genblk1.genblk1.genblk1.genblk1.genblk1.genblk1.genblk1.genblk1.genblk1.lut0 (6 -> 0)
  Optimizing lut $abc$18961$auto$blifparse.cc:535:parse_blif$20182.genblk1.genblk1.genblk1.genblk1.genblk1.genblk1.genblk1.genblk1.genblk1.genblk1.lut0.genblk1.genblk1.genblk1.genblk1.genblk1.genblk1.genblk1.genblk1.genblk1.lut0 (6 -> 0)
  Optimizing lut $abc$18961$auto$blifparse.cc:535:parse_blif$20308.genblk1.genblk1.genblk1.genblk1.genblk1.genblk1.genblk1.genblk1.genblk1.genblk1.lut1.genblk1.genblk1.genblk1.genblk1.genblk1.genblk1.genblk1.genblk1.genblk1.lut0 (6 -> 0)
  Optimizing lut $abc$18961$auto$blifparse.cc:535:parse_blif$20185.genblk1.genblk1.genblk1.genblk1.genblk1.genblk1.genblk1.genblk1.genblk1.genblk1.lut1.genblk1.genblk1.genblk1.genblk1.genblk1.genblk1.genblk1.genblk1.genblk1.lut0 (6 -> 0)
  Optimizing lut $abc$18961$auto$blifparse.cc:535:parse_blif$20186.genblk1.genblk1.genblk1.genblk1.genblk1.genblk1.genblk1.genblk1.genblk1.genblk1.lut0.genblk1.genblk1.genblk1.genblk1.genblk1.genblk1.genblk1.genblk1.genblk1.lut0 (6 -> 0)
  Optimizing lut $abc$18961$auto$blifparse.cc:535:parse_blif$20310.genblk1.genblk1.genblk1.genblk1.genblk1.genblk1.genblk1.genblk1.genblk1.genblk1.lut1.genblk1.genblk1.genblk1.genblk1.genblk1.genblk1.genblk1.genblk1.genblk1.lut0 (6 -> 0)
  Optimizing lut $abc$18961$auto$blifparse.cc:535:parse_blif$20189.genblk1.genblk1.genblk1.genblk1.genblk1.genblk1.genblk1.genblk1.genblk1.genblk1.lut1.genblk1.genblk1.genblk1.genblk1.genblk1.genblk1.genblk1.genblk1.genblk1.lut0 (6 -> 0)
  Optimizing lut $abc$18961$auto$blifparse.cc:535:parse_blif$20190.genblk1.genblk1.genblk1.genblk1.genblk1.genblk1.genblk1.genblk1.genblk1.genblk1.lut0.genblk1.genblk1.genblk1.genblk1.genblk1.genblk1.genblk1.genblk1.genblk1.lut0 (6 -> 0)
  Optimizing lut $abc$18961$auto$blifparse.cc:535:parse_blif$20312.genblk1.genblk1.genblk1.genblk1.genblk1.genblk1.genblk1.genblk1.genblk1.genblk1.lut1.genblk1.genblk1.genblk1.genblk1.genblk1.genblk1.genblk1.genblk1.genblk1.lut0 (6 -> 0)
  Optimizing lut $abc$18961$auto$blifparse.cc:535:parse_blif$20193.genblk1.genblk1.genblk1.genblk1.genblk1.genblk1.genblk1.genblk1.genblk1.genblk1.lut1.genblk1.genblk1.genblk1.genblk1.genblk1.genblk1.genblk1.genblk1.genblk1.lut0 (6 -> 0)
  Optimizing lut $abc$18961$auto$blifparse.cc:535:parse_blif$20194.genblk1.genblk1.genblk1.genblk1.genblk1.genblk1.genblk1.genblk1.genblk1.genblk1.lut0.genblk1.genblk1.genblk1.genblk1.genblk1.genblk1.genblk1.genblk1.genblk1.lut0 (6 -> 0)
  Optimizing lut $abc$18961$auto$blifparse.cc:535:parse_blif$20314.genblk1.genblk1.genblk1.genblk1.genblk1.genblk1.genblk1.genblk1.genblk1.genblk1.lut1.genblk1.genblk1.genblk1.genblk1.genblk1.genblk1.genblk1.genblk1.genblk1.lut0 (6 -> 0)
  Optimizing lut $abc$18961$auto$blifparse.cc:535:parse_blif$20197.genblk1.genblk1.genblk1.genblk1.genblk1.genblk1.genblk1.genblk1.genblk1.genblk1.lut1.genblk1.genblk1.genblk1.genblk1.genblk1.genblk1.genblk1.genblk1.genblk1.lut0 (6 -> 0)
  Optimizing lut $abc$18961$auto$blifparse.cc:535:parse_blif$20198.genblk1.genblk1.genblk1.genblk1.genblk1.genblk1.genblk1.genblk1.genblk1.genblk1.lut0.genblk1.genblk1.genblk1.genblk1.genblk1.genblk1.genblk1.genblk1.genblk1.lut0 (6 -> 0)
  Optimizing lut $abc$18961$auto$blifparse.cc:535:parse_blif$20316.genblk1.genblk1.genblk1.genblk1.genblk1.genblk1.genblk1.genblk1.genblk1.genblk1.lut1.genblk1.genblk1.genblk1.genblk1.genblk1.genblk1.genblk1.genblk1.genblk1.lut0 (6 -> 0)
  Optimizing lut $abc$18961$auto$blifparse.cc:535:parse_blif$20201.genblk1.genblk1.genblk1.genblk1.genblk1.genblk1.genblk1.genblk1.genblk1.genblk1.lut1.genblk1.genblk1.genblk1.genblk1.genblk1.genblk1.genblk1.genblk1.genblk1.lut0 (6 -> 0)
  Optimizing lut $abc$18961$auto$blifparse.cc:535:parse_blif$20202.genblk1.genblk1.genblk1.genblk1.genblk1.genblk1.genblk1.genblk1.genblk1.genblk1.lut0.genblk1.genblk1.genblk1.genblk1.genblk1.genblk1.genblk1.genblk1.genblk1.lut0 (6 -> 0)
  Optimizing lut $abc$18961$auto$blifparse.cc:535:parse_blif$20318.genblk1.genblk1.genblk1.genblk1.genblk1.genblk1.genblk1.genblk1.genblk1.genblk1.lut1.genblk1.genblk1.genblk1.genblk1.genblk1.genblk1.genblk1.genblk1.genblk1.lut0 (6 -> 0)
  Optimizing lut $abc$18961$auto$blifparse.cc:535:parse_blif$20205.genblk1.genblk1.genblk1.genblk1.genblk1.genblk1.genblk1.genblk1.genblk1.genblk1.lut1.genblk1.genblk1.genblk1.genblk1.genblk1.genblk1.genblk1.genblk1.genblk1.lut0 (6 -> 0)
  Optimizing lut $abc$18961$auto$blifparse.cc:535:parse_blif$20206.genblk1.genblk1.genblk1.genblk1.genblk1.genblk1.genblk1.genblk1.genblk1.genblk1.lut0.genblk1.genblk1.genblk1.genblk1.genblk1.genblk1.genblk1.genblk1.genblk1.lut0 (6 -> 0)
  Optimizing lut $abc$18961$auto$blifparse.cc:535:parse_blif$20320.genblk1.genblk1.genblk1.genblk1.genblk1.genblk1.genblk1.genblk1.genblk1.genblk1.lut1.genblk1.genblk1.genblk1.genblk1.genblk1.genblk1.genblk1.genblk1.genblk1.lut0 (6 -> 0)
  Optimizing lut $abc$18961$auto$blifparse.cc:535:parse_blif$20209.genblk1.genblk1.genblk1.genblk1.genblk1.genblk1.genblk1.genblk1.genblk1.genblk1.lut1.genblk1.genblk1.genblk1.genblk1.genblk1.genblk1.genblk1.genblk1.genblk1.lut0 (6 -> 0)
  Optimizing lut $abc$18961$auto$blifparse.cc:535:parse_blif$20210.genblk1.genblk1.genblk1.genblk1.genblk1.genblk1.genblk1.genblk1.genblk1.genblk1.lut0.genblk1.genblk1.genblk1.genblk1.genblk1.genblk1.genblk1.genblk1.genblk1.lut0 (6 -> 0)
  Optimizing lut $abc$18961$auto$blifparse.cc:535:parse_blif$20322.genblk1.genblk1.genblk1.genblk1.genblk1.genblk1.genblk1.genblk1.genblk1.genblk1.lut1.genblk1.genblk1.genblk1.genblk1.genblk1.genblk1.genblk1.genblk1.genblk1.lut0 (6 -> 0)
  Optimizing lut $abc$18961$auto$blifparse.cc:535:parse_blif$20213.genblk1.genblk1.genblk1.genblk1.genblk1.genblk1.genblk1.genblk1.genblk1.genblk1.lut1.genblk1.genblk1.genblk1.genblk1.genblk1.genblk1.genblk1.genblk1.genblk1.lut0 (6 -> 0)
  Optimizing lut $abc$18961$auto$blifparse.cc:535:parse_blif$20214.genblk1.genblk1.genblk1.genblk1.genblk1.genblk1.genblk1.genblk1.genblk1.genblk1.lut0.genblk1.genblk1.genblk1.genblk1.genblk1.genblk1.genblk1.genblk1.genblk1.lut0 (6 -> 0)
  Optimizing lut $abc$18961$auto$blifparse.cc:535:parse_blif$20324.genblk1.genblk1.genblk1.genblk1.genblk1.genblk1.genblk1.genblk1.genblk1.genblk1.lut1.genblk1.genblk1.genblk1.genblk1.genblk1.genblk1.genblk1.genblk1.genblk1.lut0 (6 -> 0)
  Optimizing lut $abc$18961$auto$blifparse.cc:535:parse_blif$20217.genblk1.genblk1.genblk1.genblk1.genblk1.genblk1.genblk1.genblk1.genblk1.genblk1.lut1.genblk1.genblk1.genblk1.genblk1.genblk1.genblk1.genblk1.genblk1.genblk1.lut0 (6 -> 0)
  Optimizing lut $abc$18961$auto$blifparse.cc:535:parse_blif$20218.genblk1.genblk1.genblk1.genblk1.genblk1.genblk1.genblk1.genblk1.genblk1.genblk1.lut0.genblk1.genblk1.genblk1.genblk1.genblk1.genblk1.genblk1.genblk1.genblk1.lut0 (6 -> 0)
  Optimizing lut $abc$18961$auto$blifparse.cc:535:parse_blif$20326.genblk1.genblk1.genblk1.genblk1.genblk1.genblk1.genblk1.genblk1.genblk1.genblk1.lut1.genblk1.genblk1.genblk1.genblk1.genblk1.genblk1.genblk1.genblk1.genblk1.lut0 (6 -> 0)
  Optimizing lut $abc$18961$auto$blifparse.cc:535:parse_blif$20221.genblk1.genblk1.genblk1.genblk1.genblk1.genblk1.genblk1.genblk1.genblk1.genblk1.lut1.genblk1.genblk1.genblk1.genblk1.genblk1.genblk1.genblk1.genblk1.genblk1.lut0 (6 -> 0)
  Optimizing lut $abc$18961$auto$blifparse.cc:535:parse_blif$20222.genblk1.genblk1.genblk1.genblk1.genblk1.genblk1.genblk1.genblk1.genblk1.genblk1.lut0.genblk1.genblk1.genblk1.genblk1.genblk1.genblk1.genblk1.genblk1.genblk1.lut0 (6 -> 0)
  Optimizing lut $abc$18961$auto$blifparse.cc:535:parse_blif$20328.genblk1.genblk1.genblk1.genblk1.genblk1.genblk1.genblk1.genblk1.genblk1.genblk1.lut1.genblk1.genblk1.genblk1.genblk1.genblk1.genblk1.genblk1.genblk1.genblk1.lut0 (6 -> 0)
  Optimizing lut $abc$18961$auto$blifparse.cc:535:parse_blif$20225.genblk1.genblk1.genblk1.genblk1.genblk1.genblk1.genblk1.genblk1.genblk1.genblk1.lut1.genblk1.genblk1.genblk1.genblk1.genblk1.genblk1.genblk1.genblk1.genblk1.lut0 (6 -> 0)
  Optimizing lut $abc$18961$auto$blifparse.cc:535:parse_blif$20226.genblk1.genblk1.genblk1.genblk1.genblk1.genblk1.genblk1.genblk1.genblk1.genblk1.lut0.genblk1.genblk1.genblk1.genblk1.genblk1.genblk1.genblk1.genblk1.genblk1.lut0 (6 -> 0)
  Optimizing lut $abc$18961$auto$blifparse.cc:535:parse_blif$20330.genblk1.genblk1.genblk1.genblk1.genblk1.genblk1.genblk1.genblk1.genblk1.genblk1.lut1.genblk1.genblk1.genblk1.genblk1.genblk1.genblk1.genblk1.genblk1.genblk1.lut0 (6 -> 0)
  Optimizing lut $abc$18961$auto$blifparse.cc:535:parse_blif$20229.genblk1.genblk1.genblk1.genblk1.genblk1.genblk1.genblk1.genblk1.genblk1.genblk1.lut1.genblk1.genblk1.genblk1.genblk1.genblk1.genblk1.genblk1.genblk1.genblk1.lut0 (6 -> 0)
  Optimizing lut $abc$18961$auto$blifparse.cc:535:parse_blif$20230.genblk1.genblk1.genblk1.genblk1.genblk1.genblk1.genblk1.genblk1.genblk1.genblk1.lut0.genblk1.genblk1.genblk1.genblk1.genblk1.genblk1.genblk1.genblk1.genblk1.lut0 (6 -> 0)
  Optimizing lut $abc$18961$auto$blifparse.cc:535:parse_blif$19337.genblk1.genblk1.genblk1.genblk1.genblk1.genblk1.genblk1.genblk1.genblk1.genblk1.lut0.genblk1.genblk1.genblk1.genblk1.genblk1.genblk1.genblk1.genblk1.genblk1.lut0 (6 -> 3)
  Optimizing lut $abc$18961$auto$blifparse.cc:535:parse_blif$19340.genblk1.genblk1.genblk1.genblk1.genblk1.genblk1.genblk1.genblk1.genblk1.lut0 (6 -> 4)
  Optimizing lut $abc$18961$auto$blifparse.cc:535:parse_blif$20332.genblk1.genblk1.genblk1.genblk1.genblk1.genblk1.genblk1.genblk1.genblk1.genblk1.lut1.genblk1.genblk1.genblk1.genblk1.genblk1.genblk1.genblk1.genblk1.genblk1.lut0 (6 -> 0)
  Optimizing lut $abc$18961$auto$blifparse.cc:535:parse_blif$20233.genblk1.genblk1.genblk1.genblk1.genblk1.genblk1.genblk1.genblk1.genblk1.genblk1.lut1.genblk1.genblk1.genblk1.genblk1.genblk1.genblk1.genblk1.genblk1.genblk1.lut0 (6 -> 0)
  Optimizing lut $abc$18961$auto$blifparse.cc:535:parse_blif$20234.genblk1.genblk1.genblk1.genblk1.genblk1.genblk1.genblk1.genblk1.genblk1.genblk1.lut0.genblk1.genblk1.genblk1.genblk1.genblk1.genblk1.genblk1.genblk1.genblk1.lut0 (6 -> 0)
  Optimizing lut $abc$18961$auto$blifparse.cc:535:parse_blif$20334.genblk1.genblk1.genblk1.genblk1.genblk1.genblk1.genblk1.genblk1.genblk1.genblk1.lut1.genblk1.genblk1.genblk1.genblk1.genblk1.genblk1.genblk1.genblk1.genblk1.lut0 (6 -> 0)
  Optimizing lut $abc$18961$auto$blifparse.cc:535:parse_blif$20237.genblk1.genblk1.genblk1.genblk1.genblk1.genblk1.genblk1.genblk1.genblk1.genblk1.lut1.genblk1.genblk1.genblk1.genblk1.genblk1.genblk1.genblk1.genblk1.genblk1.lut0 (6 -> 0)
  Optimizing lut $abc$18961$auto$blifparse.cc:535:parse_blif$20238.genblk1.genblk1.genblk1.genblk1.genblk1.genblk1.genblk1.genblk1.genblk1.genblk1.lut0.genblk1.genblk1.genblk1.genblk1.genblk1.genblk1.genblk1.genblk1.genblk1.lut0 (6 -> 0)
  Optimizing lut $abc$18961$auto$blifparse.cc:535:parse_blif$20336.genblk1.genblk1.genblk1.genblk1.genblk1.genblk1.genblk1.genblk1.genblk1.genblk1.lut1.genblk1.genblk1.genblk1.genblk1.genblk1.genblk1.genblk1.genblk1.genblk1.lut0 (6 -> 0)
  Optimizing lut $abc$18961$auto$blifparse.cc:535:parse_blif$20241.genblk1.genblk1.genblk1.genblk1.genblk1.genblk1.genblk1.genblk1.genblk1.genblk1.lut1.genblk1.genblk1.genblk1.genblk1.genblk1.genblk1.genblk1.genblk1.genblk1.lut0 (6 -> 0)
  Optimizing lut $abc$18961$auto$blifparse.cc:535:parse_blif$20242.genblk1.genblk1.genblk1.genblk1.genblk1.genblk1.genblk1.genblk1.genblk1.genblk1.lut0.genblk1.genblk1.genblk1.genblk1.genblk1.genblk1.genblk1.genblk1.genblk1.lut0 (6 -> 0)
  Optimizing lut $abc$18961$auto$blifparse.cc:535:parse_blif$20338.genblk1.genblk1.genblk1.genblk1.genblk1.genblk1.genblk1.genblk1.genblk1.genblk1.lut1.genblk1.genblk1.genblk1.genblk1.genblk1.genblk1.genblk1.genblk1.genblk1.lut0 (6 -> 0)
  Optimizing lut $abc$18961$auto$blifparse.cc:535:parse_blif$20245.genblk1.genblk1.genblk1.genblk1.genblk1.genblk1.genblk1.genblk1.genblk1.genblk1.lut1.genblk1.genblk1.genblk1.genblk1.genblk1.genblk1.genblk1.genblk1.genblk1.lut0 (6 -> 0)
  Optimizing lut $abc$18961$auto$blifparse.cc:535:parse_blif$20246.genblk1.genblk1.genblk1.genblk1.genblk1.genblk1.genblk1.genblk1.genblk1.genblk1.lut0.genblk1.genblk1.genblk1.genblk1.genblk1.genblk1.genblk1.genblk1.genblk1.lut0 (6 -> 0)
  Optimizing lut $abc$18961$auto$blifparse.cc:535:parse_blif$20249.genblk1.genblk1.genblk1.genblk1.genblk1.genblk1.genblk1.genblk1.genblk1.genblk1.lut1.genblk1.genblk1.genblk1.genblk1.genblk1.genblk1.genblk1.genblk1.genblk1.lut0 (6 -> 0)
  Optimizing lut $abc$18961$auto$blifparse.cc:535:parse_blif$20250.genblk1.genblk1.genblk1.genblk1.genblk1.genblk1.genblk1.genblk1.genblk1.genblk1.lut0.genblk1.genblk1.genblk1.genblk1.genblk1.genblk1.genblk1.genblk1.genblk1.lut0 (6 -> 0)
  Optimizing lut $abc$18961$auto$blifparse.cc:535:parse_blif$20342.genblk1.genblk1.genblk1.genblk1.genblk1.genblk1.genblk1.genblk1.genblk1.genblk1.lut1.genblk1.genblk1.genblk1.genblk1.genblk1.genblk1.genblk1.genblk1.genblk1.lut0 (6 -> 0)
  Optimizing lut $abc$18961$auto$blifparse.cc:535:parse_blif$20340.genblk1.genblk1.genblk1.genblk1.genblk1.genblk1.genblk1.genblk1.genblk1.genblk1.lut1.genblk1.genblk1.genblk1.genblk1.genblk1.genblk1.genblk1.genblk1.genblk1.lut0 (6 -> 0)
  Optimizing lut $abc$18961$auto$blifparse.cc:535:parse_blif$20261.genblk1.genblk1.genblk1.genblk1.genblk1.genblk1.genblk1.genblk1.genblk1.genblk1.lut1.genblk1.genblk1.genblk1.genblk1.genblk1.genblk1.genblk1.genblk1.genblk1.lut0 (6 -> 0)
  Optimizing lut $abc$18961$auto$blifparse.cc:535:parse_blif$20262.genblk1.genblk1.genblk1.genblk1.genblk1.genblk1.genblk1.genblk1.genblk1.genblk1.lut0.genblk1.genblk1.genblk1.genblk1.genblk1.genblk1.genblk1.genblk1.genblk1.lut0 (6 -> 0)
  Optimizing lut $abc$18961$auto$blifparse.cc:535:parse_blif$20269.genblk1.genblk1.genblk1.genblk1.genblk1.genblk1.genblk1.genblk1.genblk1.genblk1.lut1.genblk1.genblk1.genblk1.genblk1.genblk1.genblk1.genblk1.genblk1.genblk1.lut0 (6 -> 0)
  Optimizing lut $abc$18961$auto$blifparse.cc:535:parse_blif$20270.genblk1.genblk1.genblk1.genblk1.genblk1.genblk1.genblk1.genblk1.genblk1.genblk1.lut0.genblk1.genblk1.genblk1.genblk1.genblk1.genblk1.genblk1.genblk1.genblk1.lut0 (6 -> 0)
  Optimizing lut $abc$18961$auto$blifparse.cc:535:parse_blif$20352.genblk1.genblk1.genblk1.genblk1.genblk1.genblk1.genblk1.genblk1.genblk1.genblk1.lut1.genblk1.genblk1.genblk1.genblk1.genblk1.genblk1.genblk1.genblk1.genblk1.lut0 (6 -> 0)
  Optimizing lut $abc$18961$auto$blifparse.cc:535:parse_blif$19341.genblk1.genblk1.genblk1.genblk1.genblk1.genblk1.genblk1.genblk1.genblk1.lut0 (6 -> 0)
  Optimizing lut $abc$18961$auto$blifparse.cc:535:parse_blif$20258.genblk1.genblk1.genblk1.genblk1.genblk1.genblk1.genblk1.genblk1.genblk1.genblk1.lut0.genblk1.genblk1.genblk1.genblk1.genblk1.genblk1.genblk1.genblk1.genblk1.lut0 (6 -> 0)
  Optimizing lut $abc$18961$auto$blifparse.cc:535:parse_blif$20346.genblk1.genblk1.genblk1.genblk1.genblk1.genblk1.genblk1.genblk1.genblk1.genblk1.lut1.genblk1.genblk1.genblk1.genblk1.genblk1.genblk1.genblk1.genblk1.genblk1.lut0 (6 -> 0)
  Optimizing lut $abc$18961$auto$blifparse.cc:535:parse_blif$20265.genblk1.genblk1.genblk1.genblk1.genblk1.genblk1.genblk1.genblk1.genblk1.genblk1.lut1.genblk1.genblk1.genblk1.genblk1.genblk1.genblk1.genblk1.genblk1.genblk1.lut0 (6 -> 0)
  Optimizing lut $abc$18961$auto$blifparse.cc:535:parse_blif$20266.genblk1.genblk1.genblk1.genblk1.genblk1.genblk1.genblk1.genblk1.genblk1.genblk1.lut0.genblk1.genblk1.genblk1.genblk1.genblk1.genblk1.genblk1.genblk1.genblk1.lut0 (6 -> 0)
  Optimizing lut $abc$18961$auto$blifparse.cc:535:parse_blif$20350.genblk1.genblk1.genblk1.genblk1.genblk1.genblk1.genblk1.genblk1.genblk1.genblk1.lut1.genblk1.genblk1.genblk1.genblk1.genblk1.genblk1.genblk1.genblk1.genblk1.lut0 (6 -> 0)
  Optimizing lut $abc$18961$auto$blifparse.cc:535:parse_blif$20348.genblk1.genblk1.genblk1.genblk1.genblk1.genblk1.genblk1.genblk1.genblk1.genblk1.lut1.genblk1.genblk1.genblk1.genblk1.genblk1.genblk1.genblk1.genblk1.genblk1.lut0 (6 -> 0)
  Optimizing lut $abc$18961$auto$blifparse.cc:535:parse_blif$20253.genblk1.genblk1.genblk1.genblk1.genblk1.genblk1.genblk1.genblk1.genblk1.genblk1.lut1.genblk1.genblk1.genblk1.genblk1.genblk1.genblk1.genblk1.genblk1.genblk1.lut0 (6 -> 0)
  Optimizing lut $abc$18961$auto$blifparse.cc:535:parse_blif$20254.genblk1.genblk1.genblk1.genblk1.genblk1.genblk1.genblk1.genblk1.genblk1.genblk1.lut0.genblk1.genblk1.genblk1.genblk1.genblk1.genblk1.genblk1.genblk1.genblk1.lut0 (6 -> 0)
  Optimizing lut $abc$18961$auto$blifparse.cc:535:parse_blif$20344.genblk1.genblk1.genblk1.genblk1.genblk1.genblk1.genblk1.genblk1.genblk1.genblk1.lut1.genblk1.genblk1.genblk1.genblk1.genblk1.genblk1.genblk1.genblk1.genblk1.lut0 (6 -> 0)
  Optimizing lut $abc$18961$auto$blifparse.cc:535:parse_blif$20285.genblk1.genblk1.genblk1.genblk1.genblk1.genblk1.genblk1.genblk1.genblk1.genblk1.lut1.genblk1.genblk1.genblk1.genblk1.genblk1.genblk1.genblk1.genblk1.genblk1.lut0 (6 -> 0)
  Optimizing lut $abc$18961$auto$blifparse.cc:535:parse_blif$20286.genblk1.genblk1.genblk1.genblk1.genblk1.genblk1.genblk1.genblk1.genblk1.genblk1.lut0.genblk1.genblk1.genblk1.genblk1.genblk1.genblk1.genblk1.genblk1.genblk1.lut0 (6 -> 0)
  Optimizing lut $abc$18961$auto$blifparse.cc:535:parse_blif$20297.genblk1.genblk1.genblk1.genblk1.genblk1.genblk1.genblk1.genblk1.genblk1.genblk1.lut1.genblk1.genblk1.genblk1.genblk1.genblk1.genblk1.genblk1.genblk1.genblk1.lut0 (6 -> 0)
  Optimizing lut $abc$18961$auto$blifparse.cc:535:parse_blif$20298.genblk1.genblk1.genblk1.genblk1.genblk1.genblk1.genblk1.genblk1.genblk1.genblk1.lut0.genblk1.genblk1.genblk1.genblk1.genblk1.genblk1.genblk1.genblk1.genblk1.lut0 (6 -> 0)
  Optimizing lut $abc$18961$auto$blifparse.cc:535:parse_blif$19585.genblk1.genblk1.genblk1.genblk1.genblk1.genblk1.genblk1.genblk1.genblk1.lut0 (6 -> 0)
  Optimizing lut $abc$18961$auto$blifparse.cc:535:parse_blif$20366.genblk1.genblk1.genblk1.genblk1.genblk1.genblk1.genblk1.genblk1.genblk1.genblk1.lut1.genblk1.genblk1.genblk1.genblk1.genblk1.genblk1.genblk1.genblk1.genblk1.lut0 (6 -> 0)
  Optimizing lut $abc$18961$auto$blifparse.cc:535:parse_blif$20281.genblk1.genblk1.genblk1.genblk1.genblk1.genblk1.genblk1.genblk1.genblk1.genblk1.lut1.genblk1.genblk1.genblk1.genblk1.genblk1.genblk1.genblk1.genblk1.genblk1.lut0 (6 -> 0)
  Optimizing lut $abc$18961$auto$blifparse.cc:535:parse_blif$20282.genblk1.genblk1.genblk1.genblk1.genblk1.genblk1.genblk1.genblk1.genblk1.genblk1.lut0.genblk1.genblk1.genblk1.genblk1.genblk1.genblk1.genblk1.genblk1.genblk1.lut0 (6 -> 0)
  Optimizing lut $abc$18961$auto$blifparse.cc:535:parse_blif$19590.genblk1.genblk1.genblk1.genblk1.genblk1.genblk1.genblk1.genblk1.genblk1.lut0 (6 -> 0)
  Optimizing lut $abc$18961$auto$blifparse.cc:535:parse_blif$20358.genblk1.genblk1.genblk1.genblk1.genblk1.genblk1.genblk1.genblk1.genblk1.genblk1.lut1.genblk1.genblk1.genblk1.genblk1.genblk1.genblk1.genblk1.genblk1.genblk1.lut0 (6 -> 0)
  Optimizing lut $abc$18961$auto$blifparse.cc:535:parse_blif$20293.genblk1.genblk1.genblk1.genblk1.genblk1.genblk1.genblk1.genblk1.genblk1.genblk1.lut1.genblk1.genblk1.genblk1.genblk1.genblk1.genblk1.genblk1.genblk1.genblk1.lut0 (6 -> 0)
  Optimizing lut $abc$18961$auto$blifparse.cc:535:parse_blif$20294.genblk1.genblk1.genblk1.genblk1.genblk1.genblk1.genblk1.genblk1.genblk1.genblk1.lut0.genblk1.genblk1.genblk1.genblk1.genblk1.genblk1.genblk1.genblk1.genblk1.lut0 (6 -> 0)
  Optimizing lut $abc$18961$auto$blifparse.cc:535:parse_blif$20364.genblk1.genblk1.genblk1.genblk1.genblk1.genblk1.genblk1.genblk1.genblk1.genblk1.lut1.genblk1.genblk1.genblk1.genblk1.genblk1.genblk1.genblk1.genblk1.genblk1.lut0 (6 -> 0)
  Optimizing lut $abc$18961$auto$blifparse.cc:535:parse_blif$19376.genblk1.genblk1.genblk1.genblk1.genblk1.genblk1.genblk1.genblk1.genblk1.lut0 (6 -> 4)
  Optimizing lut $abc$18961$auto$blifparse.cc:535:parse_blif$20278.genblk1.genblk1.genblk1.genblk1.genblk1.genblk1.genblk1.genblk1.genblk1.genblk1.lut0.genblk1.genblk1.genblk1.genblk1.genblk1.genblk1.genblk1.genblk1.genblk1.lut0 (6 -> 0)
  Optimizing lut $abc$18961$auto$blifparse.cc:535:parse_blif$20356.genblk1.genblk1.genblk1.genblk1.genblk1.genblk1.genblk1.genblk1.genblk1.genblk1.lut1.genblk1.genblk1.genblk1.genblk1.genblk1.genblk1.genblk1.genblk1.genblk1.lut0 (6 -> 0)
  Optimizing lut $abc$18961$auto$blifparse.cc:535:parse_blif$20289.genblk1.genblk1.genblk1.genblk1.genblk1.genblk1.genblk1.genblk1.genblk1.genblk1.lut1.genblk1.genblk1.genblk1.genblk1.genblk1.genblk1.genblk1.genblk1.genblk1.lut0 (6 -> 0)
  Optimizing lut $abc$18961$auto$blifparse.cc:535:parse_blif$20290.genblk1.genblk1.genblk1.genblk1.genblk1.genblk1.genblk1.genblk1.genblk1.genblk1.lut0.genblk1.genblk1.genblk1.genblk1.genblk1.genblk1.genblk1.genblk1.genblk1.lut0 (6 -> 0)
  Optimizing lut $abc$18961$auto$blifparse.cc:535:parse_blif$19606.genblk1.genblk1.genblk1.genblk1.genblk1.genblk1.genblk1.genblk1.genblk1.lut0 (6 -> 0)
  Optimizing lut $abc$18961$auto$blifparse.cc:535:parse_blif$20362.genblk1.genblk1.genblk1.genblk1.genblk1.genblk1.genblk1.genblk1.genblk1.genblk1.lut1.genblk1.genblk1.genblk1.genblk1.genblk1.genblk1.genblk1.genblk1.genblk1.lut0 (6 -> 0)
  Optimizing lut $abc$18961$auto$blifparse.cc:535:parse_blif$20273.genblk1.genblk1.genblk1.genblk1.genblk1.genblk1.genblk1.genblk1.genblk1.genblk1.lut1.genblk1.genblk1.genblk1.genblk1.genblk1.genblk1.genblk1.genblk1.genblk1.lut0 (6 -> 0)
  Optimizing lut $abc$18961$auto$blifparse.cc:535:parse_blif$20274.genblk1.genblk1.genblk1.genblk1.genblk1.genblk1.genblk1.genblk1.genblk1.genblk1.lut0.genblk1.genblk1.genblk1.genblk1.genblk1.genblk1.genblk1.genblk1.genblk1.lut0 (6 -> 0)
  Optimizing lut $abc$18961$auto$blifparse.cc:535:parse_blif$20354.genblk1.genblk1.genblk1.genblk1.genblk1.genblk1.genblk1.genblk1.genblk1.genblk1.lut1.genblk1.genblk1.genblk1.genblk1.genblk1.genblk1.genblk1.genblk1.genblk1.lut0 (6 -> 0)
  Optimizing lut $abc$18961$auto$blifparse.cc:535:parse_blif$19390.genblk1.genblk1.genblk1.genblk1.genblk1.genblk1.genblk1.genblk1.genblk1.lut1 (6 -> 4)
  Optimizing lut $abc$18961$auto$blifparse.cc:535:parse_blif$20302.genblk1.genblk1.genblk1.genblk1.genblk1.genblk1.genblk1.genblk1.genblk1.genblk1.lut0.genblk1.genblk1.genblk1.genblk1.genblk1.genblk1.genblk1.genblk1.genblk1.lut0 (6 -> 0)
  Optimizing lut $abc$18961$auto$blifparse.cc:535:parse_blif$19620.genblk1.genblk1.genblk1.genblk1.genblk1.genblk1.genblk1.genblk1.genblk1.lut0 (6 -> 0)
  Optimizing lut $abc$18961$auto$blifparse.cc:535:parse_blif$20159.genblk1.genblk1.genblk1.genblk1.genblk1.genblk1.genblk1.genblk1.genblk1.genblk1.lut0.genblk1.genblk1.genblk1.genblk1.genblk1.genblk1.genblk1.genblk1.genblk1.lut0 (6 -> 0)
  Optimizing lut $abc$18961$auto$blifparse.cc:535:parse_blif$20159.genblk1.genblk1.genblk1.genblk1.genblk1.genblk1.genblk1.genblk1.genblk1.genblk1.lut1.genblk1.genblk1.genblk1.genblk1.genblk1.genblk1.genblk1.genblk1.genblk1.lut0 (6 -> 0)
  Optimizing lut $abc$18961$auto$blifparse.cc:535:parse_blif$20168.genblk1.genblk1.genblk1.genblk1.genblk1.genblk1.genblk1.genblk1.genblk1.genblk1.lut0.genblk1.genblk1.genblk1.genblk1.genblk1.genblk1.genblk1.genblk1.genblk1.lut0 (6 -> 5)
  Optimizing lut $abc$18961$auto$blifparse.cc:535:parse_blif$20168.genblk1.genblk1.genblk1.genblk1.genblk1.genblk1.genblk1.genblk1.genblk1.genblk1.lut1.genblk1.genblk1.genblk1.genblk1.genblk1.genblk1.genblk1.genblk1.genblk1.lut0 (6 -> 5)
  Optimizing lut $abc$18961$auto$blifparse.cc:535:parse_blif$20176.genblk1.genblk1.genblk1.genblk1.genblk1.genblk1.genblk1.genblk1.genblk1.lut0 (6 -> 0)
  Optimizing lut $abc$18961$auto$blifparse.cc:535:parse_blif$19444.genblk1.genblk1.genblk1.genblk1.genblk1.genblk1.genblk1.genblk1.genblk1.genblk1.lut0.genblk1.genblk1.genblk1.genblk1.genblk1.genblk1.genblk1.genblk1.genblk1.lut0 (6 -> 3)
  Optimizing lut $abc$18961$auto$blifparse.cc:535:parse_blif$19626.genblk1.genblk1.genblk1.genblk1.genblk1.genblk1.genblk1.genblk1.genblk1.lut0 (6 -> 1)
  Optimizing lut $abc$18961$auto$blifparse.cc:535:parse_blif$19262.genblk1.genblk1.genblk1.genblk1.genblk1.genblk1.genblk1.genblk1.genblk1.genblk1.lut0.genblk1.genblk1.genblk1.genblk1.genblk1.genblk1.genblk1.genblk1.genblk1.lut0 (6 -> 0)
  Optimizing lut $abc$18961$auto$blifparse.cc:535:parse_blif$19262.genblk1.genblk1.genblk1.genblk1.genblk1.genblk1.genblk1.genblk1.genblk1.genblk1.lut1.genblk1.genblk1.genblk1.genblk1.genblk1.genblk1.genblk1.genblk1.genblk1.lut0 (6 -> 3)
  Optimizing lut $abc$18961$auto$blifparse.cc:535:parse_blif$19440.genblk1.genblk1.genblk1.genblk1.genblk1.genblk1.genblk1.genblk1.genblk1.genblk1.lut0.genblk1.genblk1.genblk1.genblk1.genblk1.genblk1.genblk1.genblk1.genblk1.lut0 (6 -> 4)
  Optimizing lut $abc$18961$auto$blifparse.cc:535:parse_blif$19440.genblk1.genblk1.genblk1.genblk1.genblk1.genblk1.genblk1.genblk1.genblk1.genblk1.lut1.genblk1.genblk1.genblk1.genblk1.genblk1.genblk1.genblk1.genblk1.genblk1.lut0 (6 -> 0)
  Optimizing lut $abc$18961$auto$blifparse.cc:535:parse_blif$19452.genblk1.genblk1.genblk1.genblk1.genblk1.genblk1.genblk1.genblk1.genblk1.genblk1.lut0.genblk1.genblk1.genblk1.genblk1.genblk1.genblk1.genblk1.genblk1.genblk1.lut0 (6 -> 3)
  Optimizing lut $abc$18961$auto$blifparse.cc:535:parse_blif$19472.genblk1.genblk1.genblk1.genblk1.genblk1.genblk1.genblk1.genblk1.genblk1.genblk1.lut1.genblk1.genblk1.genblk1.genblk1.genblk1.genblk1.genblk1.genblk1.genblk1.lut0 (6 -> 0)
  Optimizing lut $abc$18961$auto$blifparse.cc:535:parse_blif$19648.genblk1.genblk1.genblk1.genblk1.genblk1.genblk1.genblk1.genblk1.genblk1.lut0 (6 -> 0)
  Optimizing lut $abc$18961$auto$blifparse.cc:535:parse_blif$19473.genblk1.genblk1.genblk1.genblk1.genblk1.genblk1.genblk1.genblk1.genblk1.lut0 (6 -> 5)
  Optimizing lut $abc$18961$auto$blifparse.cc:535:parse_blif$19127.genblk1.genblk1.genblk1.genblk1.genblk1.genblk1.genblk1.genblk1.genblk1.lut1 (6 -> 5)
  Optimizing lut $abc$18961$auto$blifparse.cc:535:parse_blif$19466.genblk1.genblk1.genblk1.genblk1.genblk1.genblk1.genblk1.genblk1.genblk1.genblk1.lut0.genblk1.genblk1.genblk1.genblk1.genblk1.genblk1.genblk1.genblk1.genblk1.lut0 (6 -> 3)
  Optimizing lut $abc$18961$auto$blifparse.cc:535:parse_blif$19674.genblk1.genblk1.genblk1.genblk1.genblk1.genblk1.genblk1.genblk1.genblk1.lut0 (6 -> 0)
  Optimizing lut $abc$18961$auto$blifparse.cc:535:parse_blif$19466.genblk1.genblk1.genblk1.genblk1.genblk1.genblk1.genblk1.genblk1.genblk1.genblk1.lut1.genblk1.genblk1.genblk1.genblk1.genblk1.genblk1.genblk1.genblk1.genblk1.lut0 (6 -> 3)
  Optimizing lut $abc$18961$auto$blifparse.cc:535:parse_blif$19196.genblk1.genblk1.genblk1.genblk1.genblk1.genblk1.genblk1.genblk1.genblk1.lut0 (6 -> 2)
  Optimizing lut $abc$18961$auto$blifparse.cc:535:parse_blif$19139.genblk1.genblk1.genblk1.genblk1.genblk1.genblk1.genblk1.genblk1.genblk1.lut0 (6 -> 5)
  Optimizing lut $abc$18961$auto$blifparse.cc:535:parse_blif$19686.genblk1.genblk1.genblk1.genblk1.genblk1.genblk1.genblk1.genblk1.genblk1.genblk1.lut0.genblk1.genblk1.genblk1.genblk1.genblk1.genblk1.genblk1.genblk1.genblk1.lut0 (6 -> 5)
  Optimizing lut $abc$18961$auto$blifparse.cc:535:parse_blif$19114.genblk1.genblk1.genblk1.genblk1.genblk1.genblk1.genblk1.genblk1.genblk1.genblk1.lut0.genblk1.genblk1.genblk1.genblk1.genblk1.genblk1.genblk1.genblk1.genblk1.lut0 (6 -> 1)
  Optimizing lut $abc$18961$auto$blifparse.cc:535:parse_blif$19503.genblk1.genblk1.genblk1.genblk1.genblk1.genblk1.genblk1.genblk1.genblk1.lut0 (6 -> 0)
  Optimizing lut $abc$18961$auto$blifparse.cc:535:parse_blif$19115.genblk1.genblk1.genblk1.genblk1.genblk1.genblk1.genblk1.genblk1.genblk1.genblk1.lut0.genblk1.genblk1.genblk1.genblk1.genblk1.genblk1.genblk1.genblk1.genblk1.lut0 (6 -> 0)
  Optimizing lut $abc$18961$auto$blifparse.cc:535:parse_blif$19115.genblk1.genblk1.genblk1.genblk1.genblk1.genblk1.genblk1.genblk1.genblk1.genblk1.lut1.genblk1.genblk1.genblk1.genblk1.genblk1.genblk1.genblk1.genblk1.genblk1.lut0 (6 -> 0)
  Optimizing lut $abc$18961$auto$blifparse.cc:535:parse_blif$19116.genblk1.genblk1.genblk1.genblk1.genblk1.genblk1.genblk1.genblk1.genblk1.genblk1.lut0.genblk1.genblk1.genblk1.genblk1.genblk1.genblk1.genblk1.genblk1.genblk1.lut0 (6 -> 0)
  Optimizing lut $abc$18961$auto$blifparse.cc:535:parse_blif$19116.genblk1.genblk1.genblk1.genblk1.genblk1.genblk1.genblk1.genblk1.genblk1.genblk1.lut1.genblk1.genblk1.genblk1.genblk1.genblk1.genblk1.genblk1.genblk1.genblk1.lut0 (6 -> 0)
  Optimizing lut $abc$18961$auto$blifparse.cc:535:parse_blif$19692.genblk1.genblk1.genblk1.genblk1.genblk1.genblk1.genblk1.genblk1.genblk1.genblk1.lut0.genblk1.genblk1.genblk1.genblk1.genblk1.genblk1.genblk1.genblk1.genblk1.lut0 (6 -> 0)
  Optimizing lut $abc$18961$auto$blifparse.cc:535:parse_blif$19472.genblk1.genblk1.genblk1.genblk1.genblk1.genblk1.genblk1.genblk1.genblk1.genblk1.lut0.genblk1.genblk1.genblk1.genblk1.genblk1.genblk1.genblk1.genblk1.genblk1.lut0 (6 -> 4)
  Optimizing lut $abc$18961$auto$blifparse.cc:535:parse_blif$19705.genblk1.genblk1.genblk1.genblk1.genblk1.genblk1.genblk1.genblk1.genblk1.lut0 (6 -> 4)
  Optimizing lut $abc$18961$auto$blifparse.cc:535:parse_blif$19312.genblk1.genblk1.genblk1.genblk1.genblk1.genblk1.genblk1.genblk1.genblk1.genblk1.lut0.genblk1.genblk1.genblk1.genblk1.genblk1.genblk1.genblk1.genblk1.genblk1.lut0 (6 -> 3)
  Optimizing lut $abc$18961$auto$blifparse.cc:535:parse_blif$19167.genblk1.genblk1.genblk1.genblk1.genblk1.genblk1.genblk1.genblk1.genblk1.genblk1.lut1.genblk1.genblk1.genblk1.genblk1.genblk1.genblk1.genblk1.genblk1.genblk1.lut0 (6 -> 5)
  Optimizing lut $abc$18961$auto$blifparse.cc:535:parse_blif$19649.genblk1.genblk1.genblk1.genblk1.genblk1.genblk1.genblk1.genblk1.genblk1.lut1 (6 -> 4)
  Optimizing lut $abc$18961$auto$blifparse.cc:535:parse_blif$19264.genblk1.genblk1.genblk1.genblk1.genblk1.genblk1.genblk1.genblk1.genblk1.genblk1.lut0.genblk1.genblk1.genblk1.genblk1.genblk1.genblk1.genblk1.genblk1.genblk1.lut0 (6 -> 0)
  Optimizing lut $abc$18961$auto$blifparse.cc:535:parse_blif$19260.genblk1.genblk1.genblk1.genblk1.genblk1.genblk1.genblk1.genblk1.genblk1.genblk1.lut1.genblk1.genblk1.genblk1.genblk1.genblk1.genblk1.genblk1.genblk1.genblk1.lut0 (6 -> 1)
  Optimizing lut $abc$18961$auto$blifparse.cc:535:parse_blif$19320.genblk1.genblk1.genblk1.genblk1.genblk1.genblk1.genblk1.genblk1.genblk1.lut0 (6 -> 4)
  Optimizing lut $abc$18961$auto$blifparse.cc:535:parse_blif$19345.genblk1.genblk1.genblk1.genblk1.genblk1.genblk1.genblk1.genblk1.genblk1.lut0 (6 -> 0)
  Optimizing lut $abc$18961$auto$blifparse.cc:535:parse_blif$19353.genblk1.genblk1.genblk1.genblk1.genblk1.genblk1.genblk1.genblk1.genblk1.lut0 (6 -> 4)
  Optimizing lut $abc$18961$auto$blifparse.cc:535:parse_blif$19427.genblk1.genblk1.genblk1.genblk1.genblk1.genblk1.genblk1.genblk1.genblk1.lut0 (6 -> 4)
  Optimizing lut $abc$18961$auto$blifparse.cc:535:parse_blif$19428.genblk1.genblk1.genblk1.genblk1.genblk1.genblk1.genblk1.genblk1.genblk1.lut0 (6 -> 0)
  Optimizing lut $abc$18961$auto$blifparse.cc:535:parse_blif$19457.genblk1.genblk1.genblk1.genblk1.genblk1.genblk1.genblk1.genblk1.genblk1.lut0 (6 -> 4)
  Optimizing lut $abc$18961$auto$blifparse.cc:535:parse_blif$19469.genblk1.genblk1.genblk1.genblk1.genblk1.genblk1.genblk1.genblk1.genblk1.lut0 (6 -> 1)
  Optimizing lut $abc$18961$auto$blifparse.cc:535:parse_blif$19471.genblk1.genblk1.genblk1.genblk1.genblk1.genblk1.genblk1.genblk1.genblk1.lut0 (6 -> 4)
  Optimizing lut $abc$18961$auto$blifparse.cc:535:parse_blif$19488.genblk1.genblk1.genblk1.genblk1.genblk1.genblk1.genblk1.genblk1.genblk1.lut0 (6 -> 4)
  Optimizing lut $abc$18961$auto$blifparse.cc:535:parse_blif$19337.genblk1.genblk1.genblk1.genblk1.genblk1.genblk1.genblk1.genblk1.genblk1.genblk1.lut1.genblk1.genblk1.genblk1.genblk1.genblk1.genblk1.genblk1.genblk1.genblk1.lut0 (6 -> 5)
  Optimizing lut $abc$18961$auto$blifparse.cc:535:parse_blif$20257.genblk1.genblk1.genblk1.genblk1.genblk1.genblk1.genblk1.genblk1.genblk1.genblk1.lut1.genblk1.genblk1.genblk1.genblk1.genblk1.genblk1.genblk1.genblk1.genblk1.lut0 (6 -> 0)
  Optimizing lut $abc$18961$auto$blifparse.cc:535:parse_blif$19616.genblk1.genblk1.genblk1.genblk1.genblk1.genblk1.genblk1.genblk1.genblk1.lut0 (6 -> 1)
  Optimizing lut $abc$18961$auto$blifparse.cc:535:parse_blif$19425.genblk1.genblk1.genblk1.genblk1.genblk1.genblk1.genblk1.genblk1.genblk1.genblk1.lut1.genblk1.genblk1.genblk1.genblk1.genblk1.genblk1.genblk1.genblk1.genblk1.lut1 (6 -> 0)
  Optimizing lut $abc$18961$auto$blifparse.cc:535:parse_blif$19637.genblk1.genblk1.genblk1.genblk1.genblk1.genblk1.genblk1.genblk1.genblk1.lut0 (6 -> 0)
  Optimizing lut $abc$18961$auto$blifparse.cc:535:parse_blif$19444.genblk1.genblk1.genblk1.genblk1.genblk1.genblk1.genblk1.genblk1.genblk1.genblk1.lut1.genblk1.genblk1.genblk1.genblk1.genblk1.genblk1.genblk1.genblk1.genblk1.lut1 (6 -> 1)
  Optimizing lut $abc$18961$auto$blifparse.cc:535:parse_blif$19262.genblk1.genblk1.genblk1.genblk1.genblk1.genblk1.genblk1.genblk1.genblk1.genblk1.lut1.genblk1.genblk1.genblk1.genblk1.genblk1.genblk1.genblk1.genblk1.genblk1.lut1 (6 -> 3)
  Optimizing lut $abc$18961$auto$blifparse.cc:535:parse_blif$19452.genblk1.genblk1.genblk1.genblk1.genblk1.genblk1.genblk1.genblk1.genblk1.genblk1.lut1.genblk1.genblk1.genblk1.genblk1.genblk1.genblk1.genblk1.genblk1.genblk1.lut1 (6 -> 0)
  Optimizing lut $abc$18961$auto$blifparse.cc:535:parse_blif$19649.genblk1.genblk1.genblk1.genblk1.genblk1.genblk1.genblk1.genblk1.genblk1.lut0 (6 -> 4)
  Optimizing lut $abc$18961$auto$blifparse.cc:535:parse_blif$19360.genblk1.genblk1.genblk1.genblk1.genblk1.genblk1.genblk1.genblk1.genblk1.genblk1.lut0.genblk1.genblk1.genblk1.genblk1.genblk1.genblk1.genblk1.genblk1.genblk1.lut0 (6 -> 0)
  Optimizing lut $abc$18961$auto$blifparse.cc:535:parse_blif$19264.genblk1.genblk1.genblk1.genblk1.genblk1.genblk1.genblk1.genblk1.genblk1.genblk1.lut1.genblk1.genblk1.genblk1.genblk1.genblk1.genblk1.genblk1.genblk1.genblk1.lut0 (6 -> 0)
  Optimizing lut $abc$18961$auto$blifparse.cc:535:parse_blif$19692.genblk1.genblk1.genblk1.genblk1.genblk1.genblk1.genblk1.genblk1.genblk1.genblk1.lut1.genblk1.genblk1.genblk1.genblk1.genblk1.genblk1.genblk1.genblk1.genblk1.lut0 (6 -> 4)
  Optimizing lut $abc$18961$auto$blifparse.cc:535:parse_blif$20360.genblk1.genblk1.genblk1.genblk1.genblk1.genblk1.genblk1.genblk1.genblk1.genblk1.lut1.genblk1.genblk1.genblk1.genblk1.genblk1.genblk1.genblk1.genblk1.genblk1.lut0 (6 -> 0)
  Optimizing lut $abc$18961$auto$blifparse.cc:535:parse_blif$19121.genblk1.genblk1.genblk1.genblk1.genblk1.genblk1.genblk1.genblk1.genblk1.lut0 (6 -> 0)
  Optimizing lut $abc$18961$auto$blifparse.cc:535:parse_blif$19681.genblk1.genblk1.genblk1.genblk1.genblk1.genblk1.genblk1.genblk1.genblk1.genblk1.lut0.genblk1.genblk1.genblk1.genblk1.genblk1.genblk1.genblk1.genblk1.genblk1.lut0 (6 -> 0)
  Optimizing lut $abc$18961$auto$blifparse.cc:535:parse_blif$19682.genblk1.genblk1.genblk1.genblk1.genblk1.genblk1.genblk1.genblk1.genblk1.lut0 (6 -> 4)
  Optimizing lut $abc$18961$auto$blifparse.cc:535:parse_blif$20306.genblk1.genblk1.genblk1.genblk1.genblk1.genblk1.genblk1.genblk1.genblk1.genblk1.lut1.genblk1.genblk1.genblk1.genblk1.genblk1.genblk1.genblk1.genblk1.genblk1.lut1 (6 -> 0)
  Optimizing lut $abc$18961$auto$blifparse.cc:535:parse_blif$20182.genblk1.genblk1.genblk1.genblk1.genblk1.genblk1.genblk1.genblk1.genblk1.genblk1.lut1.genblk1.genblk1.genblk1.genblk1.genblk1.genblk1.genblk1.genblk1.genblk1.lut1 (6 -> 0)
  Optimizing lut $abc$18961$auto$blifparse.cc:535:parse_blif$20186.genblk1.genblk1.genblk1.genblk1.genblk1.genblk1.genblk1.genblk1.genblk1.genblk1.lut1.genblk1.genblk1.genblk1.genblk1.genblk1.genblk1.genblk1.genblk1.genblk1.lut1 (6 -> 0)
  Optimizing lut $abc$18961$auto$blifparse.cc:535:parse_blif$20190.genblk1.genblk1.genblk1.genblk1.genblk1.genblk1.genblk1.genblk1.genblk1.genblk1.lut1.genblk1.genblk1.genblk1.genblk1.genblk1.genblk1.genblk1.genblk1.genblk1.lut1 (6 -> 0)
  Optimizing lut $abc$18961$auto$blifparse.cc:535:parse_blif$20194.genblk1.genblk1.genblk1.genblk1.genblk1.genblk1.genblk1.genblk1.genblk1.genblk1.lut1.genblk1.genblk1.genblk1.genblk1.genblk1.genblk1.genblk1.genblk1.genblk1.lut1 (6 -> 0)
  Optimizing lut $abc$18961$auto$blifparse.cc:535:parse_blif$20198.genblk1.genblk1.genblk1.genblk1.genblk1.genblk1.genblk1.genblk1.genblk1.genblk1.lut1.genblk1.genblk1.genblk1.genblk1.genblk1.genblk1.genblk1.genblk1.genblk1.lut1 (6 -> 0)
  Optimizing lut $abc$18961$auto$blifparse.cc:535:parse_blif$20202.genblk1.genblk1.genblk1.genblk1.genblk1.genblk1.genblk1.genblk1.genblk1.genblk1.lut1.genblk1.genblk1.genblk1.genblk1.genblk1.genblk1.genblk1.genblk1.genblk1.lut1 (6 -> 0)
  Optimizing lut $abc$18961$auto$blifparse.cc:535:parse_blif$20206.genblk1.genblk1.genblk1.genblk1.genblk1.genblk1.genblk1.genblk1.genblk1.genblk1.lut1.genblk1.genblk1.genblk1.genblk1.genblk1.genblk1.genblk1.genblk1.genblk1.lut1 (6 -> 0)
  Optimizing lut $abc$18961$auto$blifparse.cc:535:parse_blif$20210.genblk1.genblk1.genblk1.genblk1.genblk1.genblk1.genblk1.genblk1.genblk1.genblk1.lut1.genblk1.genblk1.genblk1.genblk1.genblk1.genblk1.genblk1.genblk1.genblk1.lut1 (6 -> 0)
  Optimizing lut $abc$18961$auto$blifparse.cc:535:parse_blif$20214.genblk1.genblk1.genblk1.genblk1.genblk1.genblk1.genblk1.genblk1.genblk1.genblk1.lut1.genblk1.genblk1.genblk1.genblk1.genblk1.genblk1.genblk1.genblk1.genblk1.lut1 (6 -> 0)
  Optimizing lut $abc$18961$auto$blifparse.cc:535:parse_blif$20218.genblk1.genblk1.genblk1.genblk1.genblk1.genblk1.genblk1.genblk1.genblk1.genblk1.lut1.genblk1.genblk1.genblk1.genblk1.genblk1.genblk1.genblk1.genblk1.genblk1.lut1 (6 -> 0)
  Optimizing lut $abc$18961$auto$blifparse.cc:535:parse_blif$20222.genblk1.genblk1.genblk1.genblk1.genblk1.genblk1.genblk1.genblk1.genblk1.genblk1.lut1.genblk1.genblk1.genblk1.genblk1.genblk1.genblk1.genblk1.genblk1.genblk1.lut1 (6 -> 0)
  Optimizing lut $abc$18961$auto$blifparse.cc:535:parse_blif$20226.genblk1.genblk1.genblk1.genblk1.genblk1.genblk1.genblk1.genblk1.genblk1.genblk1.lut1.genblk1.genblk1.genblk1.genblk1.genblk1.genblk1.genblk1.genblk1.genblk1.lut1 (6 -> 0)
  Optimizing lut $abc$18961$auto$blifparse.cc:535:parse_blif$20230.genblk1.genblk1.genblk1.genblk1.genblk1.genblk1.genblk1.genblk1.genblk1.genblk1.lut1.genblk1.genblk1.genblk1.genblk1.genblk1.genblk1.genblk1.genblk1.genblk1.lut1 (6 -> 0)
  Optimizing lut $abc$18961$auto$blifparse.cc:535:parse_blif$20234.genblk1.genblk1.genblk1.genblk1.genblk1.genblk1.genblk1.genblk1.genblk1.genblk1.lut1.genblk1.genblk1.genblk1.genblk1.genblk1.genblk1.genblk1.genblk1.genblk1.lut1 (6 -> 0)
  Optimizing lut $abc$18961$auto$blifparse.cc:535:parse_blif$20238.genblk1.genblk1.genblk1.genblk1.genblk1.genblk1.genblk1.genblk1.genblk1.genblk1.lut1.genblk1.genblk1.genblk1.genblk1.genblk1.genblk1.genblk1.genblk1.genblk1.lut1 (6 -> 0)
  Optimizing lut $abc$18961$auto$blifparse.cc:535:parse_blif$20242.genblk1.genblk1.genblk1.genblk1.genblk1.genblk1.genblk1.genblk1.genblk1.genblk1.lut1.genblk1.genblk1.genblk1.genblk1.genblk1.genblk1.genblk1.genblk1.genblk1.lut1 (6 -> 0)
  Optimizing lut $abc$18961$auto$blifparse.cc:535:parse_blif$20246.genblk1.genblk1.genblk1.genblk1.genblk1.genblk1.genblk1.genblk1.genblk1.genblk1.lut1.genblk1.genblk1.genblk1.genblk1.genblk1.genblk1.genblk1.genblk1.genblk1.lut1 (6 -> 0)
  Optimizing lut $abc$18961$auto$blifparse.cc:535:parse_blif$20250.genblk1.genblk1.genblk1.genblk1.genblk1.genblk1.genblk1.genblk1.genblk1.genblk1.lut1.genblk1.genblk1.genblk1.genblk1.genblk1.genblk1.genblk1.genblk1.genblk1.lut1 (6 -> 0)
  Optimizing lut $abc$18961$auto$blifparse.cc:535:parse_blif$20340.genblk1.genblk1.genblk1.genblk1.genblk1.genblk1.genblk1.genblk1.genblk1.genblk1.lut1.genblk1.genblk1.genblk1.genblk1.genblk1.genblk1.genblk1.genblk1.genblk1.lut1 (6 -> 0)
  Optimizing lut $abc$18961$auto$blifparse.cc:535:parse_blif$20262.genblk1.genblk1.genblk1.genblk1.genblk1.genblk1.genblk1.genblk1.genblk1.genblk1.lut1.genblk1.genblk1.genblk1.genblk1.genblk1.genblk1.genblk1.genblk1.genblk1.lut1 (6 -> 0)
  Optimizing lut $abc$18961$auto$blifparse.cc:535:parse_blif$20270.genblk1.genblk1.genblk1.genblk1.genblk1.genblk1.genblk1.genblk1.genblk1.genblk1.lut1.genblk1.genblk1.genblk1.genblk1.genblk1.genblk1.genblk1.genblk1.genblk1.lut1 (6 -> 0)
  Optimizing lut $abc$18961$auto$blifparse.cc:535:parse_blif$20258.genblk1.genblk1.genblk1.genblk1.genblk1.genblk1.genblk1.genblk1.genblk1.genblk1.lut1.genblk1.genblk1.genblk1.genblk1.genblk1.genblk1.genblk1.genblk1.genblk1.lut1 (6 -> 0)
  Optimizing lut $abc$18961$auto$blifparse.cc:535:parse_blif$20266.genblk1.genblk1.genblk1.genblk1.genblk1.genblk1.genblk1.genblk1.genblk1.genblk1.lut1.genblk1.genblk1.genblk1.genblk1.genblk1.genblk1.genblk1.genblk1.genblk1.lut1 (6 -> 0)
  Optimizing lut $abc$18961$auto$blifparse.cc:535:parse_blif$20348.genblk1.genblk1.genblk1.genblk1.genblk1.genblk1.genblk1.genblk1.genblk1.genblk1.lut1.genblk1.genblk1.genblk1.genblk1.genblk1.genblk1.genblk1.genblk1.genblk1.lut1 (6 -> 0)
  Optimizing lut $abc$18961$auto$blifparse.cc:535:parse_blif$20254.genblk1.genblk1.genblk1.genblk1.genblk1.genblk1.genblk1.genblk1.genblk1.genblk1.lut1.genblk1.genblk1.genblk1.genblk1.genblk1.genblk1.genblk1.genblk1.genblk1.lut1 (6 -> 0)
  Optimizing lut $abc$18961$auto$blifparse.cc:535:parse_blif$20286.genblk1.genblk1.genblk1.genblk1.genblk1.genblk1.genblk1.genblk1.genblk1.genblk1.lut1.genblk1.genblk1.genblk1.genblk1.genblk1.genblk1.genblk1.genblk1.genblk1.lut1 (6 -> 0)
  Optimizing lut $abc$18961$auto$blifparse.cc:535:parse_blif$20298.genblk1.genblk1.genblk1.genblk1.genblk1.genblk1.genblk1.genblk1.genblk1.genblk1.lut1.genblk1.genblk1.genblk1.genblk1.genblk1.genblk1.genblk1.genblk1.genblk1.lut1 (6 -> 0)
  Optimizing lut $abc$18961$auto$blifparse.cc:535:parse_blif$20282.genblk1.genblk1.genblk1.genblk1.genblk1.genblk1.genblk1.genblk1.genblk1.genblk1.lut1.genblk1.genblk1.genblk1.genblk1.genblk1.genblk1.genblk1.genblk1.genblk1.lut1 (6 -> 0)
  Optimizing lut $abc$18961$auto$blifparse.cc:535:parse_blif$20294.genblk1.genblk1.genblk1.genblk1.genblk1.genblk1.genblk1.genblk1.genblk1.genblk1.lut1.genblk1.genblk1.genblk1.genblk1.genblk1.genblk1.genblk1.genblk1.genblk1.lut1 (6 -> 0)
  Optimizing lut $abc$18961$auto$blifparse.cc:535:parse_blif$20278.genblk1.genblk1.genblk1.genblk1.genblk1.genblk1.genblk1.genblk1.genblk1.genblk1.lut1.genblk1.genblk1.genblk1.genblk1.genblk1.genblk1.genblk1.genblk1.genblk1.lut1 (6 -> 0)
  Optimizing lut $abc$18961$auto$blifparse.cc:535:parse_blif$20290.genblk1.genblk1.genblk1.genblk1.genblk1.genblk1.genblk1.genblk1.genblk1.genblk1.lut1.genblk1.genblk1.genblk1.genblk1.genblk1.genblk1.genblk1.genblk1.genblk1.lut1 (6 -> 0)
  Optimizing lut $abc$18961$auto$blifparse.cc:535:parse_blif$20274.genblk1.genblk1.genblk1.genblk1.genblk1.genblk1.genblk1.genblk1.genblk1.genblk1.lut1.genblk1.genblk1.genblk1.genblk1.genblk1.genblk1.genblk1.genblk1.genblk1.lut1 (6 -> 0)
  Optimizing lut $abc$18961$auto$blifparse.cc:535:parse_blif$20302.genblk1.genblk1.genblk1.genblk1.genblk1.genblk1.genblk1.genblk1.genblk1.genblk1.lut1.genblk1.genblk1.genblk1.genblk1.genblk1.genblk1.genblk1.genblk1.genblk1.lut1 (6 -> 0)
  Optimizing lut $abc$18961$auto$blifparse.cc:535:parse_blif$19174.genblk1.genblk1.genblk1.genblk1.genblk1.genblk1.genblk1.genblk1.genblk1.genblk1.lut1.genblk1.genblk1.genblk1.genblk1.genblk1.genblk1.genblk1.genblk1.genblk1.lut1 (6 -> 5)
  Optimizing lut $abc$18961$auto$blifparse.cc:535:parse_blif$19357.genblk1.genblk1.genblk1.genblk1.genblk1.genblk1.genblk1.genblk1.genblk1.lut1 (6 -> 4)
  Optimizing lut $abc$18961$auto$blifparse.cc:535:parse_blif$19184.genblk1.genblk1.genblk1.genblk1.genblk1.genblk1.genblk1.genblk1.genblk1.genblk1.lut1.genblk1.genblk1.genblk1.genblk1.genblk1.genblk1.genblk1.genblk1.genblk1.lut1 (6 -> 5)
  Optimizing lut $abc$18961$auto$blifparse.cc:535:parse_blif$19670.genblk1.genblk1.genblk1.genblk1.genblk1.genblk1.genblk1.genblk1.genblk1.lut0 (6 -> 0)
  Optimizing lut $abc$18961$auto$blifparse.cc:535:parse_blif$19360.genblk1.genblk1.genblk1.genblk1.genblk1.genblk1.genblk1.genblk1.genblk1.genblk1.lut1.genblk1.genblk1.genblk1.genblk1.genblk1.genblk1.genblk1.genblk1.genblk1.lut0 (6 -> 3)
  Optimizing lut $abc$18961$auto$blifparse.cc:535:parse_blif$19114.genblk1.genblk1.genblk1.genblk1.genblk1.genblk1.genblk1.genblk1.genblk1.genblk1.lut0.genblk1.genblk1.genblk1.genblk1.genblk1.genblk1.genblk1.genblk1.genblk1.lut1 (6 -> 1)
  Optimizing lut $abc$18961$auto$blifparse.cc:535:parse_blif$19115.genblk1.genblk1.genblk1.genblk1.genblk1.genblk1.genblk1.genblk1.genblk1.genblk1.lut0.genblk1.genblk1.genblk1.genblk1.genblk1.genblk1.genblk1.genblk1.genblk1.lut1 (6 -> 0)
  Optimizing lut $abc$18961$auto$blifparse.cc:535:parse_blif$19116.genblk1.genblk1.genblk1.genblk1.genblk1.genblk1.genblk1.genblk1.genblk1.genblk1.lut0.genblk1.genblk1.genblk1.genblk1.genblk1.genblk1.genblk1.genblk1.genblk1.lut1 (6 -> 0)
  Optimizing lut $abc$18961$auto$blifparse.cc:535:parse_blif$19120.genblk1.genblk1.genblk1.genblk1.genblk1.genblk1.genblk1.genblk1.genblk1.lut1 (6 -> 5)
  Optimizing lut $abc$18961$auto$blifparse.cc:535:parse_blif$19660.genblk1.genblk1.genblk1.genblk1.genblk1.genblk1.genblk1.genblk1.genblk1.lut0 (6 -> 4)
  Optimizing lut $abc$18961$auto$blifparse.cc:535:parse_blif$19124.genblk1.genblk1.genblk1.genblk1.genblk1.genblk1.genblk1.genblk1.genblk1.lut1 (6 -> 1)
  Optimizing lut $abc$18961$auto$blifparse.cc:535:parse_blif$19174.genblk1.genblk1.genblk1.genblk1.genblk1.genblk1.genblk1.genblk1.genblk1.genblk1.lut1.genblk1.genblk1.genblk1.genblk1.genblk1.genblk1.genblk1.genblk1.genblk1.lut0 (6 -> 5)
  Optimizing lut $abc$18961$auto$blifparse.cc:535:parse_blif$19130.genblk1.genblk1.genblk1.genblk1.genblk1.genblk1.genblk1.genblk1.genblk1.lut0 (6 -> 5)
  Optimizing lut $abc$18961$auto$blifparse.cc:535:parse_blif$19133.genblk1.genblk1.genblk1.genblk1.genblk1.genblk1.genblk1.genblk1.genblk1.lut0 (6 -> 5)
  Optimizing lut $abc$18961$auto$blifparse.cc:535:parse_blif$19130.genblk1.genblk1.genblk1.genblk1.genblk1.genblk1.genblk1.genblk1.genblk1.lut1 (6 -> 5)
  Optimizing lut $abc$18961$auto$blifparse.cc:535:parse_blif$19133.genblk1.genblk1.genblk1.genblk1.genblk1.genblk1.genblk1.genblk1.genblk1.lut1 (6 -> 5)
  Optimizing lut $abc$18961$auto$blifparse.cc:535:parse_blif$19142.genblk1.genblk1.genblk1.genblk1.genblk1.genblk1.genblk1.genblk1.genblk1.lut0 (6 -> 5)
  Optimizing lut $abc$18961$auto$blifparse.cc:535:parse_blif$19136.genblk1.genblk1.genblk1.genblk1.genblk1.genblk1.genblk1.genblk1.genblk1.lut1 (6 -> 5)
  Optimizing lut $abc$18961$auto$blifparse.cc:535:parse_blif$19681.genblk1.genblk1.genblk1.genblk1.genblk1.genblk1.genblk1.genblk1.genblk1.genblk1.lut1.genblk1.genblk1.genblk1.genblk1.genblk1.genblk1.genblk1.genblk1.genblk1.lut0 (6 -> 4)
  Optimizing lut $abc$18961$auto$blifparse.cc:535:parse_blif$19139.genblk1.genblk1.genblk1.genblk1.genblk1.genblk1.genblk1.genblk1.genblk1.lut1 (6 -> 5)
  Optimizing lut $abc$18961$auto$blifparse.cc:535:parse_blif$19704.genblk1.genblk1.genblk1.genblk1.genblk1.genblk1.genblk1.genblk1.genblk1.lut0 (6 -> 0)
  Optimizing lut $abc$18961$auto$blifparse.cc:535:parse_blif$19142.genblk1.genblk1.genblk1.genblk1.genblk1.genblk1.genblk1.genblk1.genblk1.lut1 (6 -> 5)
  Optimizing lut $abc$18961$auto$blifparse.cc:535:parse_blif$19168.genblk1.genblk1.genblk1.genblk1.genblk1.genblk1.genblk1.genblk1.genblk1.genblk1.lut0.genblk1.genblk1.genblk1.genblk1.genblk1.genblk1.genblk1.genblk1.genblk1.lut1 (6 -> 0)
  Optimizing lut $abc$18961$auto$blifparse.cc:535:parse_blif$19175.genblk1.genblk1.genblk1.genblk1.genblk1.genblk1.genblk1.genblk1.genblk1.genblk1.lut0.genblk1.genblk1.genblk1.genblk1.genblk1.genblk1.genblk1.genblk1.genblk1.lut1 (6 -> 0)
  Optimizing lut $abc$18961$auto$blifparse.cc:535:parse_blif$19178.genblk1.genblk1.genblk1.genblk1.genblk1.genblk1.genblk1.genblk1.genblk1.genblk1.lut0.genblk1.genblk1.genblk1.genblk1.genblk1.genblk1.genblk1.genblk1.genblk1.lut1 (6 -> 0)
  Optimizing lut $abc$18961$auto$blifparse.cc:535:parse_blif$19185.genblk1.genblk1.genblk1.genblk1.genblk1.genblk1.genblk1.genblk1.genblk1.genblk1.lut0.genblk1.genblk1.genblk1.genblk1.genblk1.genblk1.genblk1.genblk1.genblk1.lut1 (6 -> 0)
  Optimizing lut $abc$18961$auto$blifparse.cc:535:parse_blif$19357.genblk1.genblk1.genblk1.genblk1.genblk1.genblk1.genblk1.genblk1.genblk1.lut0 (6 -> 4)
  Optimizing lut $abc$18961$auto$blifparse.cc:535:parse_blif$19196.genblk1.genblk1.genblk1.genblk1.genblk1.genblk1.genblk1.genblk1.genblk1.lut1 (6 -> 5)
  Optimizing lut $abc$18961$auto$blifparse.cc:535:parse_blif$19200.genblk1.genblk1.genblk1.genblk1.genblk1.genblk1.genblk1.genblk1.genblk1.lut0 (6 -> 0)
  Optimizing lut $abc$18961$auto$blifparse.cc:535:parse_blif$19199.genblk1.genblk1.genblk1.genblk1.genblk1.genblk1.genblk1.genblk1.genblk1.lut1 (6 -> 5)
  Optimizing lut $abc$18961$auto$blifparse.cc:535:parse_blif$19358.genblk1.genblk1.genblk1.genblk1.genblk1.genblk1.genblk1.genblk1.genblk1.lut0 (6 -> 4)
  Optimizing lut $abc$18961$auto$blifparse.cc:535:parse_blif$19260.genblk1.genblk1.genblk1.genblk1.genblk1.genblk1.genblk1.genblk1.genblk1.genblk1.lut0.genblk1.genblk1.genblk1.genblk1.genblk1.genblk1.genblk1.genblk1.genblk1.lut1 (6 -> 0)
  Optimizing lut $abc$18961$auto$blifparse.cc:535:parse_blif$19277.genblk1.genblk1.genblk1.genblk1.genblk1.genblk1.genblk1.genblk1.genblk1.genblk1.lut1.genblk1.genblk1.genblk1.genblk1.genblk1.genblk1.genblk1.genblk1.genblk1.lut1 (6 -> 2)
  Optimizing lut $abc$18961$auto$blifparse.cc:535:parse_blif$19262.genblk1.genblk1.genblk1.genblk1.genblk1.genblk1.genblk1.genblk1.genblk1.genblk1.lut0.genblk1.genblk1.genblk1.genblk1.genblk1.genblk1.genblk1.genblk1.genblk1.lut1 (6 -> 0)
  Optimizing lut $abc$18961$auto$blifparse.cc:535:parse_blif$19264.genblk1.genblk1.genblk1.genblk1.genblk1.genblk1.genblk1.genblk1.genblk1.genblk1.lut0.genblk1.genblk1.genblk1.genblk1.genblk1.genblk1.genblk1.genblk1.genblk1.lut1 (6 -> 0)
  Optimizing lut $abc$18961$auto$blifparse.cc:535:parse_blif$19266.genblk1.genblk1.genblk1.genblk1.genblk1.genblk1.genblk1.genblk1.genblk1.lut1 (6 -> 4)
  Optimizing lut $abc$18961$auto$blifparse.cc:535:parse_blif$19559.genblk1.genblk1.genblk1.genblk1.genblk1.genblk1.genblk1.genblk1.genblk1.lut0 (6 -> 0)
  Optimizing lut $abc$18961$auto$blifparse.cc:535:parse_blif$19343.genblk1.genblk1.genblk1.genblk1.genblk1.genblk1.genblk1.genblk1.genblk1.lut0 (6 -> 1)
  Optimizing lut $abc$18961$auto$blifparse.cc:535:parse_blif$19659.genblk1.genblk1.genblk1.genblk1.genblk1.genblk1.genblk1.genblk1.genblk1.lut0 (6 -> 0)
  Optimizing lut $abc$18961$auto$blifparse.cc:535:parse_blif$19277.genblk1.genblk1.genblk1.genblk1.genblk1.genblk1.genblk1.genblk1.genblk1.genblk1.lut0.genblk1.genblk1.genblk1.genblk1.genblk1.genblk1.genblk1.genblk1.genblk1.lut1 (6 -> 2)
  Optimizing lut $abc$18961$auto$blifparse.cc:535:parse_blif$19350.genblk1.genblk1.genblk1.genblk1.genblk1.genblk1.genblk1.genblk1.genblk1.genblk1.lut1.genblk1.genblk1.genblk1.genblk1.genblk1.genblk1.genblk1.genblk1.genblk1.lut0 (6 -> 4)
  Optimizing lut $abc$18961$auto$blifparse.cc:535:parse_blif$19302.genblk1.genblk1.genblk1.genblk1.genblk1.genblk1.genblk1.genblk1.genblk1.genblk1.lut1.genblk1.genblk1.genblk1.genblk1.genblk1.genblk1.genblk1.genblk1.genblk1.lut0 (6 -> 4)
  Optimizing lut $abc$18961$auto$blifparse.cc:535:parse_blif$19303.genblk1.genblk1.genblk1.genblk1.genblk1.genblk1.genblk1.genblk1.genblk1.lut1 (6 -> 4)
  Optimizing lut $abc$18961$auto$blifparse.cc:535:parse_blif$19304.genblk1.genblk1.genblk1.genblk1.genblk1.genblk1.genblk1.genblk1.genblk1.lut1 (6 -> 4)
  Optimizing lut $abc$18961$auto$blifparse.cc:535:parse_blif$19563.genblk1.genblk1.genblk1.genblk1.genblk1.genblk1.genblk1.genblk1.genblk1.lut0 (6 -> 0)
  Optimizing lut $abc$18961$auto$blifparse.cc:535:parse_blif$19309.genblk1.genblk1.genblk1.genblk1.genblk1.genblk1.genblk1.genblk1.genblk1.lut1 (6 -> 0)
  Optimizing lut $abc$18961$auto$blifparse.cc:535:parse_blif$19312.genblk1.genblk1.genblk1.genblk1.genblk1.genblk1.genblk1.genblk1.genblk1.genblk1.lut0.genblk1.genblk1.genblk1.genblk1.genblk1.genblk1.genblk1.genblk1.genblk1.lut1 (6 -> 2)
  Optimizing lut $abc$18961$auto$blifparse.cc:535:parse_blif$19314.genblk1.genblk1.genblk1.genblk1.genblk1.genblk1.genblk1.genblk1.genblk1.genblk1.lut0.genblk1.genblk1.genblk1.genblk1.genblk1.genblk1.genblk1.genblk1.genblk1.lut1 (6 -> 1)
  Optimizing lut $abc$18961$auto$blifparse.cc:535:parse_blif$19322.genblk1.genblk1.genblk1.genblk1.genblk1.genblk1.genblk1.genblk1.genblk1.lut0 (6 -> 4)
  Optimizing lut $abc$18961$auto$blifparse.cc:535:parse_blif$19320.genblk1.genblk1.genblk1.genblk1.genblk1.genblk1.genblk1.genblk1.genblk1.lut1 (6 -> 4)
  Optimizing lut $abc$18961$auto$blifparse.cc:535:parse_blif$19322.genblk1.genblk1.genblk1.genblk1.genblk1.genblk1.genblk1.genblk1.genblk1.lut1 (6 -> 4)
  Optimizing lut $abc$18961$auto$blifparse.cc:535:parse_blif$19686.genblk1.genblk1.genblk1.genblk1.genblk1.genblk1.genblk1.genblk1.genblk1.genblk1.lut1.genblk1.genblk1.genblk1.genblk1.genblk1.genblk1.genblk1.genblk1.genblk1.lut1 (6 -> 0)
  Optimizing lut $abc$18961$auto$blifparse.cc:535:parse_blif$19339.genblk1.genblk1.genblk1.genblk1.genblk1.genblk1.genblk1.genblk1.genblk1.lut0 (6 -> 0)
  Optimizing lut $abc$18961$auto$blifparse.cc:535:parse_blif$19337.genblk1.genblk1.genblk1.genblk1.genblk1.genblk1.genblk1.genblk1.genblk1.genblk1.lut0.genblk1.genblk1.genblk1.genblk1.genblk1.genblk1.genblk1.genblk1.genblk1.lut1 (6 -> 2)
  Optimizing lut $abc$18961$auto$blifparse.cc:535:parse_blif$19344.genblk1.genblk1.genblk1.genblk1.genblk1.genblk1.genblk1.genblk1.genblk1.lut0 (6 -> 4)
  Optimizing lut $abc$18961$auto$blifparse.cc:535:parse_blif$19340.genblk1.genblk1.genblk1.genblk1.genblk1.genblk1.genblk1.genblk1.genblk1.lut1 (6 -> 4)
  Optimizing lut $abc$18961$auto$blifparse.cc:535:parse_blif$19344.genblk1.genblk1.genblk1.genblk1.genblk1.genblk1.genblk1.genblk1.genblk1.lut1 (6 -> 4)
  Optimizing lut $abc$18961$auto$blifparse.cc:535:parse_blif$19351.genblk1.genblk1.genblk1.genblk1.genblk1.genblk1.genblk1.genblk1.genblk1.lut1 (6 -> 4)
  Optimizing lut $abc$18961$auto$blifparse.cc:535:parse_blif$19353.genblk1.genblk1.genblk1.genblk1.genblk1.genblk1.genblk1.genblk1.genblk1.lut1 (6 -> 4)
  Optimizing lut $abc$18961$auto$blifparse.cc:535:parse_blif$19354.genblk1.genblk1.genblk1.genblk1.genblk1.genblk1.genblk1.genblk1.genblk1.lut1 (6 -> 4)
  Optimizing lut $abc$18961$auto$blifparse.cc:535:parse_blif$19358.genblk1.genblk1.genblk1.genblk1.genblk1.genblk1.genblk1.genblk1.genblk1.lut1 (6 -> 4)
  Optimizing lut $abc$18961$auto$blifparse.cc:535:parse_blif$19360.genblk1.genblk1.genblk1.genblk1.genblk1.genblk1.genblk1.genblk1.genblk1.genblk1.lut0.genblk1.genblk1.genblk1.genblk1.genblk1.genblk1.genblk1.genblk1.genblk1.lut1 (6 -> 0)
  Optimizing lut $abc$18961$auto$blifparse.cc:535:parse_blif$19598.genblk1.genblk1.genblk1.genblk1.genblk1.genblk1.genblk1.genblk1.genblk1.lut0 (6 -> 0)
  Optimizing lut $abc$18961$auto$blifparse.cc:535:parse_blif$19376.genblk1.genblk1.genblk1.genblk1.genblk1.genblk1.genblk1.genblk1.genblk1.lut1 (6 -> 4)
  Optimizing lut $abc$18961$auto$blifparse.cc:535:parse_blif$19381.genblk1.genblk1.genblk1.genblk1.genblk1.genblk1.genblk1.genblk1.genblk1.lut1 (6 -> 4)
  Optimizing lut $abc$18961$auto$blifparse.cc:535:parse_blif$19388.genblk1.genblk1.genblk1.genblk1.genblk1.genblk1.genblk1.genblk1.genblk1.genblk1.lut1.genblk1.genblk1.genblk1.genblk1.genblk1.genblk1.genblk1.genblk1.genblk1.lut1 (6 -> 4)
  Optimizing lut $abc$18961$auto$blifparse.cc:535:parse_blif$19388.genblk1.genblk1.genblk1.genblk1.genblk1.genblk1.genblk1.genblk1.genblk1.genblk1.lut0.genblk1.genblk1.genblk1.genblk1.genblk1.genblk1.genblk1.genblk1.genblk1.lut1 (6 -> 4)
  Optimizing lut $abc$18961$auto$blifparse.cc:535:parse_blif$19420.genblk1.genblk1.genblk1.genblk1.genblk1.genblk1.genblk1.genblk1.genblk1.lut0 (6 -> 1)
  Optimizing lut $abc$18961$auto$blifparse.cc:535:parse_blif$19406.genblk1.genblk1.genblk1.genblk1.genblk1.genblk1.genblk1.genblk1.genblk1.lut1 (6 -> 4)
  Optimizing lut $abc$18961$auto$blifparse.cc:535:parse_blif$19337.genblk1.genblk1.genblk1.genblk1.genblk1.genblk1.genblk1.genblk1.genblk1.genblk1.lut1.genblk1.genblk1.genblk1.genblk1.genblk1.genblk1.genblk1.genblk1.genblk1.lut1 (6 -> 5)
  Optimizing lut $abc$18961$auto$blifparse.cc:535:parse_blif$19421.genblk1.genblk1.genblk1.genblk1.genblk1.genblk1.genblk1.genblk1.genblk1.lut0 (6 -> 0)
  Optimizing lut $abc$18961$auto$blifparse.cc:535:parse_blif$19420.genblk1.genblk1.genblk1.genblk1.genblk1.genblk1.genblk1.genblk1.genblk1.lut1 (6 -> 5)
  Optimizing lut $abc$18961$auto$blifparse.cc:535:parse_blif$19422.genblk1.genblk1.genblk1.genblk1.genblk1.genblk1.genblk1.genblk1.genblk1.lut1 (6 -> 0)
  Optimizing lut $abc$18961$auto$blifparse.cc:535:parse_blif$19423.genblk1.genblk1.genblk1.genblk1.genblk1.genblk1.genblk1.genblk1.genblk1.lut1 (6 -> 4)
  Optimizing lut $abc$18961$auto$blifparse.cc:535:parse_blif$19424.genblk1.genblk1.genblk1.genblk1.genblk1.genblk1.genblk1.genblk1.genblk1.lut1 (6 -> 4)
  Optimizing lut $abc$18961$auto$blifparse.cc:535:parse_blif$19425.genblk1.genblk1.genblk1.genblk1.genblk1.genblk1.genblk1.genblk1.genblk1.genblk1.lut0.genblk1.genblk1.genblk1.genblk1.genblk1.genblk1.genblk1.genblk1.genblk1.lut1 (6 -> 0)
  Optimizing lut $abc$18961$auto$blifparse.cc:535:parse_blif$19426.genblk1.genblk1.genblk1.genblk1.genblk1.genblk1.genblk1.genblk1.genblk1.genblk1.lut0.genblk1.genblk1.genblk1.genblk1.genblk1.genblk1.genblk1.genblk1.genblk1.lut1 (6 -> 0)
  Optimizing lut $abc$18961$auto$blifparse.cc:535:parse_blif$19427.genblk1.genblk1.genblk1.genblk1.genblk1.genblk1.genblk1.genblk1.genblk1.lut1 (6 -> 4)
  Optimizing lut $abc$18961$auto$blifparse.cc:535:parse_blif$19455.genblk1.genblk1.genblk1.genblk1.genblk1.genblk1.genblk1.genblk1.genblk1.lut0 (6 -> 1)
  Optimizing lut $abc$18961$auto$blifparse.cc:535:parse_blif$19440.genblk1.genblk1.genblk1.genblk1.genblk1.genblk1.genblk1.genblk1.genblk1.genblk1.lut0.genblk1.genblk1.genblk1.genblk1.genblk1.genblk1.genblk1.genblk1.genblk1.lut1 (6 -> 4)
  Optimizing lut $abc$18961$auto$blifparse.cc:535:parse_blif$19444.genblk1.genblk1.genblk1.genblk1.genblk1.genblk1.genblk1.genblk1.genblk1.genblk1.lut0.genblk1.genblk1.genblk1.genblk1.genblk1.genblk1.genblk1.genblk1.genblk1.lut1 (6 -> 3)
  Optimizing lut $abc$18961$auto$blifparse.cc:535:parse_blif$19452.genblk1.genblk1.genblk1.genblk1.genblk1.genblk1.genblk1.genblk1.genblk1.genblk1.lut0.genblk1.genblk1.genblk1.genblk1.genblk1.genblk1.genblk1.genblk1.genblk1.lut1 (6 -> 3)
  Optimizing lut $abc$18961$auto$blifparse.cc:535:parse_blif$19456.genblk1.genblk1.genblk1.genblk1.genblk1.genblk1.genblk1.genblk1.genblk1.lut0 (6 -> 0)
  Optimizing lut $abc$18961$auto$blifparse.cc:535:parse_blif$19457.genblk1.genblk1.genblk1.genblk1.genblk1.genblk1.genblk1.genblk1.genblk1.lut1 (6 -> 4)
  Optimizing lut $abc$18961$auto$blifparse.cc:535:parse_blif$19458.genblk1.genblk1.genblk1.genblk1.genblk1.genblk1.genblk1.genblk1.genblk1.lut1 (6 -> 0)
  Optimizing lut $abc$18961$auto$blifparse.cc:535:parse_blif$19459.genblk1.genblk1.genblk1.genblk1.genblk1.genblk1.genblk1.genblk1.genblk1.lut1 (6 -> 0)
  Optimizing lut $abc$18961$auto$blifparse.cc:535:parse_blif$19466.genblk1.genblk1.genblk1.genblk1.genblk1.genblk1.genblk1.genblk1.genblk1.genblk1.lut0.genblk1.genblk1.genblk1.genblk1.genblk1.genblk1.genblk1.genblk1.genblk1.lut1 (6 -> 1)
  Optimizing lut $abc$18961$auto$blifparse.cc:535:parse_blif$19470.genblk1.genblk1.genblk1.genblk1.genblk1.genblk1.genblk1.genblk1.genblk1.lut0 (6 -> 0)
  Optimizing lut $abc$18961$auto$blifparse.cc:535:parse_blif$19471.genblk1.genblk1.genblk1.genblk1.genblk1.genblk1.genblk1.genblk1.genblk1.lut1 (6 -> 4)
  Optimizing lut $abc$18961$auto$blifparse.cc:535:parse_blif$19472.genblk1.genblk1.genblk1.genblk1.genblk1.genblk1.genblk1.genblk1.genblk1.genblk1.lut0.genblk1.genblk1.genblk1.genblk1.genblk1.genblk1.genblk1.genblk1.genblk1.lut1 (6 -> 4)
  Optimizing lut $abc$18961$auto$blifparse.cc:535:parse_blif$19473.genblk1.genblk1.genblk1.genblk1.genblk1.genblk1.genblk1.genblk1.genblk1.lut1 (6 -> 4)
  Optimizing lut $abc$18961$auto$blifparse.cc:535:parse_blif$19489.genblk1.genblk1.genblk1.genblk1.genblk1.genblk1.genblk1.genblk1.genblk1.lut0 (6 -> 0)
  Optimizing lut $abc$18961$auto$blifparse.cc:535:parse_blif$19360.genblk1.genblk1.genblk1.genblk1.genblk1.genblk1.genblk1.genblk1.genblk1.genblk1.lut1.genblk1.genblk1.genblk1.genblk1.genblk1.genblk1.genblk1.genblk1.genblk1.lut1 (6 -> 3)
  Optimizing lut $abc$18961$auto$blifparse.cc:535:parse_blif$19488.genblk1.genblk1.genblk1.genblk1.genblk1.genblk1.genblk1.genblk1.genblk1.lut1 (6 -> 4)
  Optimizing lut $abc$18961$auto$blifparse.cc:535:parse_blif$19521.genblk1.genblk1.genblk1.genblk1.genblk1.genblk1.genblk1.genblk1.genblk1.lut0 (6 -> 1)
  Optimizing lut $abc$18961$auto$blifparse.cc:535:parse_blif$19516.genblk1.genblk1.genblk1.genblk1.genblk1.genblk1.genblk1.genblk1.genblk1.lut1 (6 -> 5)
  Optimizing lut $abc$18961$auto$blifparse.cc:535:parse_blif$19526.genblk1.genblk1.genblk1.genblk1.genblk1.genblk1.genblk1.genblk1.genblk1.lut0 (6 -> 1)
  Optimizing lut $abc$18961$auto$blifparse.cc:535:parse_blif$19521.genblk1.genblk1.genblk1.genblk1.genblk1.genblk1.genblk1.genblk1.genblk1.lut1 (6 -> 5)
  Optimizing lut $abc$18961$auto$blifparse.cc:535:parse_blif$19529.genblk1.genblk1.genblk1.genblk1.genblk1.genblk1.genblk1.genblk1.genblk1.lut0 (6 -> 4)
  Optimizing lut $abc$18961$auto$blifparse.cc:535:parse_blif$19530.genblk1.genblk1.genblk1.genblk1.genblk1.genblk1.genblk1.genblk1.genblk1.lut0 (6 -> 0)
  Optimizing lut $abc$18961$auto$blifparse.cc:535:parse_blif$19529.genblk1.genblk1.genblk1.genblk1.genblk1.genblk1.genblk1.genblk1.genblk1.lut1 (6 -> 4)
  Optimizing lut $abc$18961$auto$blifparse.cc:535:parse_blif$19266.genblk1.genblk1.genblk1.genblk1.genblk1.genblk1.genblk1.genblk1.genblk1.lut0 (6 -> 4)
  Optimizing lut $abc$18961$auto$blifparse.cc:535:parse_blif$19272.genblk1.genblk1.genblk1.genblk1.genblk1.genblk1.genblk1.genblk1.genblk1.lut0 (6 -> 0)
  Optimizing lut $abc$18961$auto$blifparse.cc:535:parse_blif$19304.genblk1.genblk1.genblk1.genblk1.genblk1.genblk1.genblk1.genblk1.genblk1.lut0 (6 -> 4)
  Optimizing lut $abc$18961$auto$blifparse.cc:535:parse_blif$19573.genblk1.genblk1.genblk1.genblk1.genblk1.genblk1.genblk1.genblk1.genblk1.lut0 (6 -> 0)
  Optimizing lut $abc$18961$auto$blifparse.cc:535:parse_blif$19705.genblk1.genblk1.genblk1.genblk1.genblk1.genblk1.genblk1.genblk1.genblk1.lut1 (6 -> 4)
  Optimizing lut $abc$18961$auto$blifparse.cc:535:parse_blif$19354.genblk1.genblk1.genblk1.genblk1.genblk1.genblk1.genblk1.genblk1.genblk1.lut0 (6 -> 4)
  Optimizing lut $abc$18961$auto$blifparse.cc:535:parse_blif$19596.genblk1.genblk1.genblk1.genblk1.genblk1.genblk1.genblk1.genblk1.genblk1.genblk1.lut0.genblk1.genblk1.genblk1.genblk1.genblk1.genblk1.genblk1.genblk1.genblk1.lut1 (6 -> 0)
  Optimizing lut $abc$18961$auto$blifparse.cc:535:parse_blif$20277.genblk1.genblk1.genblk1.genblk1.genblk1.genblk1.genblk1.genblk1.genblk1.genblk1.lut1.genblk1.genblk1.genblk1.genblk1.genblk1.genblk1.genblk1.genblk1.genblk1.lut0 (6 -> 0)
  Optimizing lut $abc$18961$auto$blifparse.cc:535:parse_blif$19686.genblk1.genblk1.genblk1.genblk1.genblk1.genblk1.genblk1.genblk1.genblk1.genblk1.lut1.genblk1.genblk1.genblk1.genblk1.genblk1.genblk1.genblk1.genblk1.genblk1.lut0 (6 -> 0)
  Optimizing lut $abc$18961$auto$blifparse.cc:535:parse_blif$19610.genblk1.genblk1.genblk1.genblk1.genblk1.genblk1.genblk1.genblk1.genblk1.lut0 (6 -> 0)
  Optimizing lut $abc$18961$auto$blifparse.cc:535:parse_blif$19390.genblk1.genblk1.genblk1.genblk1.genblk1.genblk1.genblk1.genblk1.genblk1.lut0 (6 -> 4)
  Optimizing lut $abc$18961$auto$blifparse.cc:535:parse_blif$20301.genblk1.genblk1.genblk1.genblk1.genblk1.genblk1.genblk1.genblk1.genblk1.genblk1.lut1.genblk1.genblk1.genblk1.genblk1.genblk1.genblk1.genblk1.genblk1.genblk1.lut0 (6 -> 0)
  Optimizing lut $abc$18961$auto$blifparse.cc:535:parse_blif$19314.genblk1.genblk1.genblk1.genblk1.genblk1.genblk1.genblk1.genblk1.genblk1.genblk1.lut1.genblk1.genblk1.genblk1.genblk1.genblk1.genblk1.genblk1.genblk1.genblk1.lut0 (6 -> 5)
  Optimizing lut $abc$18961$auto$blifparse.cc:535:parse_blif$19406.genblk1.genblk1.genblk1.genblk1.genblk1.genblk1.genblk1.genblk1.genblk1.lut0 (6 -> 4)
  Optimizing lut $abc$18961$auto$blifparse.cc:535:parse_blif$19630.genblk1.genblk1.genblk1.genblk1.genblk1.genblk1.genblk1.genblk1.genblk1.lut0 (6 -> 0)
  Optimizing lut $abc$18961$auto$blifparse.cc:535:parse_blif$19423.genblk1.genblk1.genblk1.genblk1.genblk1.genblk1.genblk1.genblk1.genblk1.lut0 (6 -> 4)
  Optimizing lut $abc$18961$auto$blifparse.cc:535:parse_blif$19424.genblk1.genblk1.genblk1.genblk1.genblk1.genblk1.genblk1.genblk1.genblk1.lut0 (6 -> 4)
  Optimizing lut $abc$18961$auto$blifparse.cc:535:parse_blif$19444.genblk1.genblk1.genblk1.genblk1.genblk1.genblk1.genblk1.genblk1.genblk1.genblk1.lut1.genblk1.genblk1.genblk1.genblk1.genblk1.genblk1.genblk1.genblk1.genblk1.lut0 (6 -> 1)
  Optimizing lut $abc$18961$auto$blifparse.cc:535:parse_blif$19440.genblk1.genblk1.genblk1.genblk1.genblk1.genblk1.genblk1.genblk1.genblk1.genblk1.lut1.genblk1.genblk1.genblk1.genblk1.genblk1.genblk1.genblk1.genblk1.genblk1.lut1 (6 -> 0)
  Optimizing lut $abc$18961$auto$blifparse.cc:535:parse_blif$19452.genblk1.genblk1.genblk1.genblk1.genblk1.genblk1.genblk1.genblk1.genblk1.genblk1.lut1.genblk1.genblk1.genblk1.genblk1.genblk1.genblk1.genblk1.genblk1.genblk1.lut0 (6 -> 2)
  Optimizing lut $abc$18961$auto$blifparse.cc:535:parse_blif$19647.genblk1.genblk1.genblk1.genblk1.genblk1.genblk1.genblk1.genblk1.genblk1.lut1 (6 -> 0)
  Optimizing lut $abc$18961$auto$blifparse.cc:535:parse_blif$19466.genblk1.genblk1.genblk1.genblk1.genblk1.genblk1.genblk1.genblk1.genblk1.genblk1.lut1.genblk1.genblk1.genblk1.genblk1.genblk1.genblk1.genblk1.genblk1.genblk1.lut1 (6 -> 0)
  Optimizing lut $abc$18961$auto$blifparse.cc:535:parse_blif$19114.genblk1.genblk1.genblk1.genblk1.genblk1.genblk1.genblk1.genblk1.genblk1.genblk1.lut1.genblk1.genblk1.genblk1.genblk1.genblk1.genblk1.genblk1.genblk1.genblk1.lut0 (6 -> 1)
  Optimizing lut $abc$18961$auto$blifparse.cc:535:parse_blif$19660.genblk1.genblk1.genblk1.genblk1.genblk1.genblk1.genblk1.genblk1.genblk1.lut1 (6 -> 4)
  Optimizing lut $abc$18961$auto$blifparse.cc:535:parse_blif$19472.genblk1.genblk1.genblk1.genblk1.genblk1.genblk1.genblk1.genblk1.genblk1.genblk1.lut1.genblk1.genblk1.genblk1.genblk1.genblk1.genblk1.genblk1.genblk1.genblk1.lut1 (6 -> 0)
  Optimizing lut $abc$18961$auto$blifparse.cc:535:parse_blif$19077.genblk1.genblk1.genblk1.genblk1.genblk1.genblk1.genblk1.genblk1.genblk1.lut0 (6 -> 0)
  Optimizing lut $abc$18961$auto$blifparse.cc:535:parse_blif$19177.genblk1.genblk1.genblk1.genblk1.genblk1.genblk1.genblk1.genblk1.genblk1.genblk1.lut1.genblk1.genblk1.genblk1.genblk1.genblk1.genblk1.genblk1.genblk1.genblk1.lut0 (6 -> 5)
  Optimizing lut $abc$18961$auto$blifparse.cc:535:parse_blif$19681.genblk1.genblk1.genblk1.genblk1.genblk1.genblk1.genblk1.genblk1.genblk1.genblk1.lut1.genblk1.genblk1.genblk1.genblk1.genblk1.genblk1.genblk1.genblk1.genblk1.lut1 (6 -> 4)
  Optimizing lut $abc$18961$auto$blifparse.cc:535:parse_blif$19681.genblk1.genblk1.genblk1.genblk1.genblk1.genblk1.genblk1.genblk1.genblk1.genblk1.lut0.genblk1.genblk1.genblk1.genblk1.genblk1.genblk1.genblk1.genblk1.genblk1.lut1 (6 -> 0)
  Optimizing lut $abc$18961$auto$blifparse.cc:535:parse_blif$19682.genblk1.genblk1.genblk1.genblk1.genblk1.genblk1.genblk1.genblk1.genblk1.lut1 (6 -> 4)
  Optimizing lut $abc$18961$auto$blifparse.cc:535:parse_blif$19706.genblk1.genblk1.genblk1.genblk1.genblk1.genblk1.genblk1.genblk1.genblk1.lut0 (6 -> 4)
  Optimizing lut $abc$18961$auto$blifparse.cc:535:parse_blif$19686.genblk1.genblk1.genblk1.genblk1.genblk1.genblk1.genblk1.genblk1.genblk1.genblk1.lut0.genblk1.genblk1.genblk1.genblk1.genblk1.genblk1.genblk1.genblk1.genblk1.lut1 (6 -> 5)
  Optimizing lut $abc$18961$auto$blifparse.cc:535:parse_blif$19692.genblk1.genblk1.genblk1.genblk1.genblk1.genblk1.genblk1.genblk1.genblk1.genblk1.lut1.genblk1.genblk1.genblk1.genblk1.genblk1.genblk1.genblk1.genblk1.genblk1.lut1 (6 -> 4)
  Optimizing lut $abc$18961$auto$blifparse.cc:535:parse_blif$19692.genblk1.genblk1.genblk1.genblk1.genblk1.genblk1.genblk1.genblk1.genblk1.genblk1.lut0.genblk1.genblk1.genblk1.genblk1.genblk1.genblk1.genblk1.genblk1.genblk1.lut1 (6 -> 0)
  Optimizing lut $abc$18961$auto$blifparse.cc:535:parse_blif$19312.genblk1.genblk1.genblk1.genblk1.genblk1.genblk1.genblk1.genblk1.genblk1.genblk1.lut1.genblk1.genblk1.genblk1.genblk1.genblk1.genblk1.genblk1.genblk1.genblk1.lut1 (6 -> 5)
  Optimizing lut $abc$18961$auto$blifparse.cc:535:parse_blif$19314.genblk1.genblk1.genblk1.genblk1.genblk1.genblk1.genblk1.genblk1.genblk1.genblk1.lut1.genblk1.genblk1.genblk1.genblk1.genblk1.genblk1.genblk1.genblk1.genblk1.lut1 (6 -> 5)
  Optimizing lut $abc$18961$auto$blifparse.cc:535:parse_blif$19136.genblk1.genblk1.genblk1.genblk1.genblk1.genblk1.genblk1.genblk1.genblk1.lut0 (6 -> 5)
  Optimizing lut $abc$18961$auto$blifparse.cc:535:parse_blif$19715.genblk1.genblk1.genblk1.genblk1.genblk1.genblk1.genblk1.genblk1.genblk1.genblk1.lut0.genblk1.genblk1.genblk1.genblk1.genblk1.genblk1.genblk1.genblk1.genblk1.lut0 (6 -> 0)
  Optimizing lut $abc$18961$auto$blifparse.cc:535:parse_blif$19312.genblk1.genblk1.genblk1.genblk1.genblk1.genblk1.genblk1.genblk1.genblk1.genblk1.lut1.genblk1.genblk1.genblk1.genblk1.genblk1.genblk1.genblk1.genblk1.genblk1.lut0 (6 -> 5)
  Optimizing lut $abc$18961$auto$blifparse.cc:535:parse_blif$19178.genblk1.genblk1.genblk1.genblk1.genblk1.genblk1.genblk1.genblk1.genblk1.genblk1.lut1.genblk1.genblk1.genblk1.genblk1.genblk1.genblk1.genblk1.genblk1.genblk1.lut0 (6 -> 0)
  Optimizing lut $abc$18961$auto$blifparse.cc:535:parse_blif$19183.genblk1.genblk1.genblk1.genblk1.genblk1.genblk1.genblk1.genblk1.genblk1.genblk1.lut1.genblk1.genblk1.genblk1.genblk1.genblk1.genblk1.genblk1.genblk1.genblk1.lut0 (6 -> 0)
  Optimizing lut $abc$18961$auto$blifparse.cc:535:parse_blif$19715.genblk1.genblk1.genblk1.genblk1.genblk1.genblk1.genblk1.genblk1.genblk1.genblk1.lut1.genblk1.genblk1.genblk1.genblk1.genblk1.genblk1.genblk1.genblk1.genblk1.lut1 (6 -> 4)
  Optimizing lut $abc$18961$auto$blifparse.cc:535:parse_blif$19715.genblk1.genblk1.genblk1.genblk1.genblk1.genblk1.genblk1.genblk1.genblk1.genblk1.lut0.genblk1.genblk1.genblk1.genblk1.genblk1.genblk1.genblk1.genblk1.genblk1.lut1 (6 -> 0)
  Optimizing lut $abc$18961$auto$blifparse.cc:535:parse_blif$19426.genblk1.genblk1.genblk1.genblk1.genblk1.genblk1.genblk1.genblk1.genblk1.genblk1.lut0.genblk1.genblk1.genblk1.genblk1.genblk1.genblk1.genblk1.genblk1.genblk1.lut0 (6 -> 0)
  Optimizing lut $abc$18961$auto$blifparse.cc:535:parse_blif$19426.genblk1.genblk1.genblk1.genblk1.genblk1.genblk1.genblk1.genblk1.genblk1.genblk1.lut1.genblk1.genblk1.genblk1.genblk1.genblk1.genblk1.genblk1.genblk1.genblk1.lut0 (6 -> 3)
  Optimizing lut $abc$18961$auto$blifparse.cc:535:parse_blif$19426.genblk1.genblk1.genblk1.genblk1.genblk1.genblk1.genblk1.genblk1.genblk1.genblk1.lut1.genblk1.genblk1.genblk1.genblk1.genblk1.genblk1.genblk1.genblk1.genblk1.lut1 (6 -> 3)
  Optimizing lut $abc$18961$auto$blifparse.cc:535:parse_blif$20156.genblk1.genblk1.genblk1.genblk1.genblk1.genblk1.genblk1.genblk1.genblk1.genblk1.lut0.genblk1.genblk1.genblk1.genblk1.genblk1.genblk1.genblk1.genblk1.genblk1.lut1 (6 -> 0)
  Optimizing lut $abc$18961$auto$blifparse.cc:535:parse_blif$20159.genblk1.genblk1.genblk1.genblk1.genblk1.genblk1.genblk1.genblk1.genblk1.genblk1.lut0.genblk1.genblk1.genblk1.genblk1.genblk1.genblk1.genblk1.genblk1.genblk1.lut1 (6 -> 0)
  Optimizing lut $abc$18961$auto$blifparse.cc:535:parse_blif$20162.genblk1.genblk1.genblk1.genblk1.genblk1.genblk1.genblk1.genblk1.genblk1.genblk1.lut1.genblk1.genblk1.genblk1.genblk1.genblk1.genblk1.genblk1.genblk1.genblk1.lut0 (6 -> 0)
  Optimizing lut $abc$18961$auto$blifparse.cc:535:parse_blif$20162.genblk1.genblk1.genblk1.genblk1.genblk1.genblk1.genblk1.genblk1.genblk1.genblk1.lut0.genblk1.genblk1.genblk1.genblk1.genblk1.genblk1.genblk1.genblk1.genblk1.lut1 (6 -> 0)
  Optimizing lut $abc$18961$auto$blifparse.cc:535:parse_blif$20168.genblk1.genblk1.genblk1.genblk1.genblk1.genblk1.genblk1.genblk1.genblk1.genblk1.lut1.genblk1.genblk1.genblk1.genblk1.genblk1.genblk1.genblk1.genblk1.genblk1.lut1 (6 -> 5)
  Optimizing lut $abc$18961$auto$blifparse.cc:535:parse_blif$20168.genblk1.genblk1.genblk1.genblk1.genblk1.genblk1.genblk1.genblk1.genblk1.genblk1.lut0.genblk1.genblk1.genblk1.genblk1.genblk1.genblk1.genblk1.genblk1.genblk1.lut1 (6 -> 5)
  Optimizing lut $abc$18961$auto$blifparse.cc:535:parse_blif$20368.genblk1.genblk1.genblk1.genblk1.genblk1.genblk1.genblk1.genblk1.genblk1.genblk1.lut1.genblk1.genblk1.genblk1.genblk1.genblk1.genblk1.genblk1.genblk1.genblk1.lut0 (6 -> 0)
  Optimizing lut $abc$18961$auto$blifparse.cc:535:parse_blif$20178.genblk1.genblk1.genblk1.genblk1.genblk1.genblk1.genblk1.genblk1.genblk1.genblk1.lut1.genblk1.genblk1.genblk1.genblk1.genblk1.genblk1.genblk1.genblk1.genblk1.lut1 (6 -> 1)
  Optimizing lut $abc$18961$auto$blifparse.cc:535:parse_blif$20178.genblk1.genblk1.genblk1.genblk1.genblk1.genblk1.genblk1.genblk1.genblk1.genblk1.lut0.genblk1.genblk1.genblk1.genblk1.genblk1.genblk1.genblk1.genblk1.genblk1.lut1 (6 -> 0)
  Optimizing lut $abc$18961$auto$blifparse.cc:535:parse_blif$20181.genblk1.genblk1.genblk1.genblk1.genblk1.genblk1.genblk1.genblk1.genblk1.genblk1.lut0.genblk1.genblk1.genblk1.genblk1.genblk1.genblk1.genblk1.genblk1.genblk1.lut1 (6 -> 1)
  Optimizing lut $abc$18961$auto$blifparse.cc:535:parse_blif$20182.genblk1.genblk1.genblk1.genblk1.genblk1.genblk1.genblk1.genblk1.genblk1.genblk1.lut0.genblk1.genblk1.genblk1.genblk1.genblk1.genblk1.genblk1.genblk1.genblk1.lut1 (6 -> 0)
  Optimizing lut $abc$18961$auto$blifparse.cc:535:parse_blif$20308.genblk1.genblk1.genblk1.genblk1.genblk1.genblk1.genblk1.genblk1.genblk1.genblk1.lut1.genblk1.genblk1.genblk1.genblk1.genblk1.genblk1.genblk1.genblk1.genblk1.lut1 (6 -> 0)
  Optimizing lut $abc$18961$auto$blifparse.cc:535:parse_blif$20185.genblk1.genblk1.genblk1.genblk1.genblk1.genblk1.genblk1.genblk1.genblk1.genblk1.lut0.genblk1.genblk1.genblk1.genblk1.genblk1.genblk1.genblk1.genblk1.genblk1.lut1 (6 -> 1)
  Optimizing lut $abc$18961$auto$blifparse.cc:535:parse_blif$20186.genblk1.genblk1.genblk1.genblk1.genblk1.genblk1.genblk1.genblk1.genblk1.genblk1.lut0.genblk1.genblk1.genblk1.genblk1.genblk1.genblk1.genblk1.genblk1.genblk1.lut1 (6 -> 0)
  Optimizing lut $abc$18961$auto$blifparse.cc:535:parse_blif$20310.genblk1.genblk1.genblk1.genblk1.genblk1.genblk1.genblk1.genblk1.genblk1.genblk1.lut1.genblk1.genblk1.genblk1.genblk1.genblk1.genblk1.genblk1.genblk1.genblk1.lut1 (6 -> 0)
  Optimizing lut $abc$18961$auto$blifparse.cc:535:parse_blif$20189.genblk1.genblk1.genblk1.genblk1.genblk1.genblk1.genblk1.genblk1.genblk1.genblk1.lut0.genblk1.genblk1.genblk1.genblk1.genblk1.genblk1.genblk1.genblk1.genblk1.lut1 (6 -> 1)
  Optimizing lut $abc$18961$auto$blifparse.cc:535:parse_blif$20190.genblk1.genblk1.genblk1.genblk1.genblk1.genblk1.genblk1.genblk1.genblk1.genblk1.lut0.genblk1.genblk1.genblk1.genblk1.genblk1.genblk1.genblk1.genblk1.genblk1.lut1 (6 -> 0)
  Optimizing lut $abc$18961$auto$blifparse.cc:535:parse_blif$20312.genblk1.genblk1.genblk1.genblk1.genblk1.genblk1.genblk1.genblk1.genblk1.genblk1.lut1.genblk1.genblk1.genblk1.genblk1.genblk1.genblk1.genblk1.genblk1.genblk1.lut1 (6 -> 0)
  Optimizing lut $abc$18961$auto$blifparse.cc:535:parse_blif$20193.genblk1.genblk1.genblk1.genblk1.genblk1.genblk1.genblk1.genblk1.genblk1.genblk1.lut0.genblk1.genblk1.genblk1.genblk1.genblk1.genblk1.genblk1.genblk1.genblk1.lut1 (6 -> 1)
  Optimizing lut $abc$18961$auto$blifparse.cc:535:parse_blif$20194.genblk1.genblk1.genblk1.genblk1.genblk1.genblk1.genblk1.genblk1.genblk1.genblk1.lut0.genblk1.genblk1.genblk1.genblk1.genblk1.genblk1.genblk1.genblk1.genblk1.lut1 (6 -> 0)
  Optimizing lut $abc$18961$auto$blifparse.cc:535:parse_blif$20314.genblk1.genblk1.genblk1.genblk1.genblk1.genblk1.genblk1.genblk1.genblk1.genblk1.lut1.genblk1.genblk1.genblk1.genblk1.genblk1.genblk1.genblk1.genblk1.genblk1.lut1 (6 -> 0)
  Optimizing lut $abc$18961$auto$blifparse.cc:535:parse_blif$20197.genblk1.genblk1.genblk1.genblk1.genblk1.genblk1.genblk1.genblk1.genblk1.genblk1.lut0.genblk1.genblk1.genblk1.genblk1.genblk1.genblk1.genblk1.genblk1.genblk1.lut1 (6 -> 1)
  Optimizing lut $abc$18961$auto$blifparse.cc:535:parse_blif$20198.genblk1.genblk1.genblk1.genblk1.genblk1.genblk1.genblk1.genblk1.genblk1.genblk1.lut0.genblk1.genblk1.genblk1.genblk1.genblk1.genblk1.genblk1.genblk1.genblk1.lut1 (6 -> 0)
  Optimizing lut $abc$18961$auto$blifparse.cc:535:parse_blif$20316.genblk1.genblk1.genblk1.genblk1.genblk1.genblk1.genblk1.genblk1.genblk1.genblk1.lut1.genblk1.genblk1.genblk1.genblk1.genblk1.genblk1.genblk1.genblk1.genblk1.lut1 (6 -> 0)
  Optimizing lut $abc$18961$auto$blifparse.cc:535:parse_blif$20201.genblk1.genblk1.genblk1.genblk1.genblk1.genblk1.genblk1.genblk1.genblk1.genblk1.lut0.genblk1.genblk1.genblk1.genblk1.genblk1.genblk1.genblk1.genblk1.genblk1.lut1 (6 -> 1)
  Optimizing lut $abc$18961$auto$blifparse.cc:535:parse_blif$20202.genblk1.genblk1.genblk1.genblk1.genblk1.genblk1.genblk1.genblk1.genblk1.genblk1.lut0.genblk1.genblk1.genblk1.genblk1.genblk1.genblk1.genblk1.genblk1.genblk1.lut1 (6 -> 0)
  Optimizing lut $abc$18961$auto$blifparse.cc:535:parse_blif$20318.genblk1.genblk1.genblk1.genblk1.genblk1.genblk1.genblk1.genblk1.genblk1.genblk1.lut1.genblk1.genblk1.genblk1.genblk1.genblk1.genblk1.genblk1.genblk1.genblk1.lut1 (6 -> 0)
  Optimizing lut $abc$18961$auto$blifparse.cc:535:parse_blif$20205.genblk1.genblk1.genblk1.genblk1.genblk1.genblk1.genblk1.genblk1.genblk1.genblk1.lut0.genblk1.genblk1.genblk1.genblk1.genblk1.genblk1.genblk1.genblk1.genblk1.lut1 (6 -> 1)
  Optimizing lut $abc$18961$auto$blifparse.cc:535:parse_blif$20206.genblk1.genblk1.genblk1.genblk1.genblk1.genblk1.genblk1.genblk1.genblk1.genblk1.lut0.genblk1.genblk1.genblk1.genblk1.genblk1.genblk1.genblk1.genblk1.genblk1.lut1 (6 -> 0)
  Optimizing lut $abc$18961$auto$blifparse.cc:535:parse_blif$20320.genblk1.genblk1.genblk1.genblk1.genblk1.genblk1.genblk1.genblk1.genblk1.genblk1.lut1.genblk1.genblk1.genblk1.genblk1.genblk1.genblk1.genblk1.genblk1.genblk1.lut1 (6 -> 0)
  Optimizing lut $abc$18961$auto$blifparse.cc:535:parse_blif$20209.genblk1.genblk1.genblk1.genblk1.genblk1.genblk1.genblk1.genblk1.genblk1.genblk1.lut0.genblk1.genblk1.genblk1.genblk1.genblk1.genblk1.genblk1.genblk1.genblk1.lut1 (6 -> 1)
  Optimizing lut $abc$18961$auto$blifparse.cc:535:parse_blif$20210.genblk1.genblk1.genblk1.genblk1.genblk1.genblk1.genblk1.genblk1.genblk1.genblk1.lut0.genblk1.genblk1.genblk1.genblk1.genblk1.genblk1.genblk1.genblk1.genblk1.lut1 (6 -> 0)
  Optimizing lut $abc$18961$auto$blifparse.cc:535:parse_blif$20322.genblk1.genblk1.genblk1.genblk1.genblk1.genblk1.genblk1.genblk1.genblk1.genblk1.lut1.genblk1.genblk1.genblk1.genblk1.genblk1.genblk1.genblk1.genblk1.genblk1.lut1 (6 -> 0)
  Optimizing lut $abc$18961$auto$blifparse.cc:535:parse_blif$20213.genblk1.genblk1.genblk1.genblk1.genblk1.genblk1.genblk1.genblk1.genblk1.genblk1.lut0.genblk1.genblk1.genblk1.genblk1.genblk1.genblk1.genblk1.genblk1.genblk1.lut1 (6 -> 1)
  Optimizing lut $abc$18961$auto$blifparse.cc:535:parse_blif$20214.genblk1.genblk1.genblk1.genblk1.genblk1.genblk1.genblk1.genblk1.genblk1.genblk1.lut0.genblk1.genblk1.genblk1.genblk1.genblk1.genblk1.genblk1.genblk1.genblk1.lut1 (6 -> 0)
  Optimizing lut $abc$18961$auto$blifparse.cc:535:parse_blif$20324.genblk1.genblk1.genblk1.genblk1.genblk1.genblk1.genblk1.genblk1.genblk1.genblk1.lut1.genblk1.genblk1.genblk1.genblk1.genblk1.genblk1.genblk1.genblk1.genblk1.lut1 (6 -> 0)
  Optimizing lut $abc$18961$auto$blifparse.cc:535:parse_blif$20217.genblk1.genblk1.genblk1.genblk1.genblk1.genblk1.genblk1.genblk1.genblk1.genblk1.lut0.genblk1.genblk1.genblk1.genblk1.genblk1.genblk1.genblk1.genblk1.genblk1.lut1 (6 -> 1)
  Optimizing lut $abc$18961$auto$blifparse.cc:535:parse_blif$20218.genblk1.genblk1.genblk1.genblk1.genblk1.genblk1.genblk1.genblk1.genblk1.genblk1.lut0.genblk1.genblk1.genblk1.genblk1.genblk1.genblk1.genblk1.genblk1.genblk1.lut1 (6 -> 0)
  Optimizing lut $abc$18961$auto$blifparse.cc:535:parse_blif$20326.genblk1.genblk1.genblk1.genblk1.genblk1.genblk1.genblk1.genblk1.genblk1.genblk1.lut1.genblk1.genblk1.genblk1.genblk1.genblk1.genblk1.genblk1.genblk1.genblk1.lut1 (6 -> 0)
  Optimizing lut $abc$18961$auto$blifparse.cc:535:parse_blif$20221.genblk1.genblk1.genblk1.genblk1.genblk1.genblk1.genblk1.genblk1.genblk1.genblk1.lut0.genblk1.genblk1.genblk1.genblk1.genblk1.genblk1.genblk1.genblk1.genblk1.lut1 (6 -> 1)
  Optimizing lut $abc$18961$auto$blifparse.cc:535:parse_blif$20222.genblk1.genblk1.genblk1.genblk1.genblk1.genblk1.genblk1.genblk1.genblk1.genblk1.lut0.genblk1.genblk1.genblk1.genblk1.genblk1.genblk1.genblk1.genblk1.genblk1.lut1 (6 -> 0)
  Optimizing lut $abc$18961$auto$blifparse.cc:535:parse_blif$20328.genblk1.genblk1.genblk1.genblk1.genblk1.genblk1.genblk1.genblk1.genblk1.genblk1.lut1.genblk1.genblk1.genblk1.genblk1.genblk1.genblk1.genblk1.genblk1.genblk1.lut1 (6 -> 0)
  Optimizing lut $abc$18961$auto$blifparse.cc:535:parse_blif$20225.genblk1.genblk1.genblk1.genblk1.genblk1.genblk1.genblk1.genblk1.genblk1.genblk1.lut0.genblk1.genblk1.genblk1.genblk1.genblk1.genblk1.genblk1.genblk1.genblk1.lut1 (6 -> 1)
  Optimizing lut $abc$18961$auto$blifparse.cc:535:parse_blif$20226.genblk1.genblk1.genblk1.genblk1.genblk1.genblk1.genblk1.genblk1.genblk1.genblk1.lut0.genblk1.genblk1.genblk1.genblk1.genblk1.genblk1.genblk1.genblk1.genblk1.lut1 (6 -> 0)
  Optimizing lut $abc$18961$auto$blifparse.cc:535:parse_blif$20330.genblk1.genblk1.genblk1.genblk1.genblk1.genblk1.genblk1.genblk1.genblk1.genblk1.lut1.genblk1.genblk1.genblk1.genblk1.genblk1.genblk1.genblk1.genblk1.genblk1.lut1 (6 -> 0)
  Optimizing lut $abc$18961$auto$blifparse.cc:535:parse_blif$20229.genblk1.genblk1.genblk1.genblk1.genblk1.genblk1.genblk1.genblk1.genblk1.genblk1.lut0.genblk1.genblk1.genblk1.genblk1.genblk1.genblk1.genblk1.genblk1.genblk1.lut1 (6 -> 1)
  Optimizing lut $abc$18961$auto$blifparse.cc:535:parse_blif$20230.genblk1.genblk1.genblk1.genblk1.genblk1.genblk1.genblk1.genblk1.genblk1.genblk1.lut0.genblk1.genblk1.genblk1.genblk1.genblk1.genblk1.genblk1.genblk1.genblk1.lut1 (6 -> 0)
  Optimizing lut $abc$18961$auto$blifparse.cc:535:parse_blif$20332.genblk1.genblk1.genblk1.genblk1.genblk1.genblk1.genblk1.genblk1.genblk1.genblk1.lut1.genblk1.genblk1.genblk1.genblk1.genblk1.genblk1.genblk1.genblk1.genblk1.lut1 (6 -> 0)
  Optimizing lut $abc$18961$auto$blifparse.cc:535:parse_blif$20233.genblk1.genblk1.genblk1.genblk1.genblk1.genblk1.genblk1.genblk1.genblk1.genblk1.lut0.genblk1.genblk1.genblk1.genblk1.genblk1.genblk1.genblk1.genblk1.genblk1.lut1 (6 -> 1)
  Optimizing lut $abc$18961$auto$blifparse.cc:535:parse_blif$20234.genblk1.genblk1.genblk1.genblk1.genblk1.genblk1.genblk1.genblk1.genblk1.genblk1.lut0.genblk1.genblk1.genblk1.genblk1.genblk1.genblk1.genblk1.genblk1.genblk1.lut1 (6 -> 0)
  Optimizing lut $abc$18961$auto$blifparse.cc:535:parse_blif$20334.genblk1.genblk1.genblk1.genblk1.genblk1.genblk1.genblk1.genblk1.genblk1.genblk1.lut1.genblk1.genblk1.genblk1.genblk1.genblk1.genblk1.genblk1.genblk1.genblk1.lut1 (6 -> 0)
  Optimizing lut $abc$18961$auto$blifparse.cc:535:parse_blif$20237.genblk1.genblk1.genblk1.genblk1.genblk1.genblk1.genblk1.genblk1.genblk1.genblk1.lut0.genblk1.genblk1.genblk1.genblk1.genblk1.genblk1.genblk1.genblk1.genblk1.lut1 (6 -> 1)
  Optimizing lut $abc$18961$auto$blifparse.cc:535:parse_blif$20238.genblk1.genblk1.genblk1.genblk1.genblk1.genblk1.genblk1.genblk1.genblk1.genblk1.lut0.genblk1.genblk1.genblk1.genblk1.genblk1.genblk1.genblk1.genblk1.genblk1.lut1 (6 -> 0)
  Optimizing lut $abc$18961$auto$blifparse.cc:535:parse_blif$20336.genblk1.genblk1.genblk1.genblk1.genblk1.genblk1.genblk1.genblk1.genblk1.genblk1.lut1.genblk1.genblk1.genblk1.genblk1.genblk1.genblk1.genblk1.genblk1.genblk1.lut1 (6 -> 0)
  Optimizing lut $abc$18961$auto$blifparse.cc:535:parse_blif$20241.genblk1.genblk1.genblk1.genblk1.genblk1.genblk1.genblk1.genblk1.genblk1.genblk1.lut0.genblk1.genblk1.genblk1.genblk1.genblk1.genblk1.genblk1.genblk1.genblk1.lut1 (6 -> 1)
  Optimizing lut $abc$18961$auto$blifparse.cc:535:parse_blif$20242.genblk1.genblk1.genblk1.genblk1.genblk1.genblk1.genblk1.genblk1.genblk1.genblk1.lut0.genblk1.genblk1.genblk1.genblk1.genblk1.genblk1.genblk1.genblk1.genblk1.lut1 (6 -> 0)
  Optimizing lut $abc$18961$auto$blifparse.cc:535:parse_blif$20338.genblk1.genblk1.genblk1.genblk1.genblk1.genblk1.genblk1.genblk1.genblk1.genblk1.lut1.genblk1.genblk1.genblk1.genblk1.genblk1.genblk1.genblk1.genblk1.genblk1.lut1 (6 -> 0)
  Optimizing lut $abc$18961$auto$blifparse.cc:535:parse_blif$20245.genblk1.genblk1.genblk1.genblk1.genblk1.genblk1.genblk1.genblk1.genblk1.genblk1.lut0.genblk1.genblk1.genblk1.genblk1.genblk1.genblk1.genblk1.genblk1.genblk1.lut1 (6 -> 1)
  Optimizing lut $abc$18961$auto$blifparse.cc:535:parse_blif$20246.genblk1.genblk1.genblk1.genblk1.genblk1.genblk1.genblk1.genblk1.genblk1.genblk1.lut0.genblk1.genblk1.genblk1.genblk1.genblk1.genblk1.genblk1.genblk1.genblk1.lut1 (6 -> 0)
  Optimizing lut $abc$18961$auto$blifparse.cc:535:parse_blif$20249.genblk1.genblk1.genblk1.genblk1.genblk1.genblk1.genblk1.genblk1.genblk1.genblk1.lut0.genblk1.genblk1.genblk1.genblk1.genblk1.genblk1.genblk1.genblk1.genblk1.lut1 (6 -> 1)
  Optimizing lut $abc$18961$auto$blifparse.cc:535:parse_blif$20250.genblk1.genblk1.genblk1.genblk1.genblk1.genblk1.genblk1.genblk1.genblk1.genblk1.lut0.genblk1.genblk1.genblk1.genblk1.genblk1.genblk1.genblk1.genblk1.genblk1.lut1 (6 -> 0)
  Optimizing lut $abc$18961$auto$blifparse.cc:535:parse_blif$20342.genblk1.genblk1.genblk1.genblk1.genblk1.genblk1.genblk1.genblk1.genblk1.genblk1.lut1.genblk1.genblk1.genblk1.genblk1.genblk1.genblk1.genblk1.genblk1.genblk1.lut1 (6 -> 0)
  Optimizing lut $abc$18961$auto$blifparse.cc:535:parse_blif$20253.genblk1.genblk1.genblk1.genblk1.genblk1.genblk1.genblk1.genblk1.genblk1.genblk1.lut0.genblk1.genblk1.genblk1.genblk1.genblk1.genblk1.genblk1.genblk1.genblk1.lut1 (6 -> 1)
  Optimizing lut $abc$18961$auto$blifparse.cc:535:parse_blif$20254.genblk1.genblk1.genblk1.genblk1.genblk1.genblk1.genblk1.genblk1.genblk1.genblk1.lut0.genblk1.genblk1.genblk1.genblk1.genblk1.genblk1.genblk1.genblk1.genblk1.lut1 (6 -> 0)
  Optimizing lut $abc$18961$auto$blifparse.cc:535:parse_blif$20344.genblk1.genblk1.genblk1.genblk1.genblk1.genblk1.genblk1.genblk1.genblk1.genblk1.lut1.genblk1.genblk1.genblk1.genblk1.genblk1.genblk1.genblk1.genblk1.genblk1.lut1 (6 -> 0)
  Optimizing lut $abc$18961$auto$blifparse.cc:535:parse_blif$20257.genblk1.genblk1.genblk1.genblk1.genblk1.genblk1.genblk1.genblk1.genblk1.genblk1.lut0.genblk1.genblk1.genblk1.genblk1.genblk1.genblk1.genblk1.genblk1.genblk1.lut1 (6 -> 1)
  Optimizing lut $abc$18961$auto$blifparse.cc:535:parse_blif$20258.genblk1.genblk1.genblk1.genblk1.genblk1.genblk1.genblk1.genblk1.genblk1.genblk1.lut0.genblk1.genblk1.genblk1.genblk1.genblk1.genblk1.genblk1.genblk1.genblk1.lut1 (6 -> 0)
  Optimizing lut $abc$18961$auto$blifparse.cc:535:parse_blif$20346.genblk1.genblk1.genblk1.genblk1.genblk1.genblk1.genblk1.genblk1.genblk1.genblk1.lut1.genblk1.genblk1.genblk1.genblk1.genblk1.genblk1.genblk1.genblk1.genblk1.lut1 (6 -> 0)
  Optimizing lut $abc$18961$auto$blifparse.cc:535:parse_blif$20261.genblk1.genblk1.genblk1.genblk1.genblk1.genblk1.genblk1.genblk1.genblk1.genblk1.lut0.genblk1.genblk1.genblk1.genblk1.genblk1.genblk1.genblk1.genblk1.genblk1.lut1 (6 -> 1)
  Optimizing lut $abc$18961$auto$blifparse.cc:535:parse_blif$20262.genblk1.genblk1.genblk1.genblk1.genblk1.genblk1.genblk1.genblk1.genblk1.genblk1.lut0.genblk1.genblk1.genblk1.genblk1.genblk1.genblk1.genblk1.genblk1.genblk1.lut1 (6 -> 0)
  Optimizing lut $abc$18961$auto$blifparse.cc:535:parse_blif$20265.genblk1.genblk1.genblk1.genblk1.genblk1.genblk1.genblk1.genblk1.genblk1.genblk1.lut0.genblk1.genblk1.genblk1.genblk1.genblk1.genblk1.genblk1.genblk1.genblk1.lut1 (6 -> 1)
  Optimizing lut $abc$18961$auto$blifparse.cc:535:parse_blif$20266.genblk1.genblk1.genblk1.genblk1.genblk1.genblk1.genblk1.genblk1.genblk1.genblk1.lut0.genblk1.genblk1.genblk1.genblk1.genblk1.genblk1.genblk1.genblk1.genblk1.lut1 (6 -> 0)
  Optimizing lut $abc$18961$auto$blifparse.cc:535:parse_blif$20350.genblk1.genblk1.genblk1.genblk1.genblk1.genblk1.genblk1.genblk1.genblk1.genblk1.lut1.genblk1.genblk1.genblk1.genblk1.genblk1.genblk1.genblk1.genblk1.genblk1.lut1 (6 -> 0)
  Optimizing lut $abc$18961$auto$blifparse.cc:535:parse_blif$20269.genblk1.genblk1.genblk1.genblk1.genblk1.genblk1.genblk1.genblk1.genblk1.genblk1.lut0.genblk1.genblk1.genblk1.genblk1.genblk1.genblk1.genblk1.genblk1.genblk1.lut1 (6 -> 1)
  Optimizing lut $abc$18961$auto$blifparse.cc:535:parse_blif$20270.genblk1.genblk1.genblk1.genblk1.genblk1.genblk1.genblk1.genblk1.genblk1.genblk1.lut0.genblk1.genblk1.genblk1.genblk1.genblk1.genblk1.genblk1.genblk1.genblk1.lut1 (6 -> 0)
  Optimizing lut $abc$18961$auto$blifparse.cc:535:parse_blif$20352.genblk1.genblk1.genblk1.genblk1.genblk1.genblk1.genblk1.genblk1.genblk1.genblk1.lut1.genblk1.genblk1.genblk1.genblk1.genblk1.genblk1.genblk1.genblk1.genblk1.lut1 (6 -> 0)
  Optimizing lut $abc$18961$auto$blifparse.cc:535:parse_blif$20273.genblk1.genblk1.genblk1.genblk1.genblk1.genblk1.genblk1.genblk1.genblk1.genblk1.lut0.genblk1.genblk1.genblk1.genblk1.genblk1.genblk1.genblk1.genblk1.genblk1.lut1 (6 -> 1)
  Optimizing lut $abc$18961$auto$blifparse.cc:535:parse_blif$20274.genblk1.genblk1.genblk1.genblk1.genblk1.genblk1.genblk1.genblk1.genblk1.genblk1.lut0.genblk1.genblk1.genblk1.genblk1.genblk1.genblk1.genblk1.genblk1.genblk1.lut1 (6 -> 0)
  Optimizing lut $abc$18961$auto$blifparse.cc:535:parse_blif$20354.genblk1.genblk1.genblk1.genblk1.genblk1.genblk1.genblk1.genblk1.genblk1.genblk1.lut1.genblk1.genblk1.genblk1.genblk1.genblk1.genblk1.genblk1.genblk1.genblk1.lut1 (6 -> 0)
  Optimizing lut $abc$18961$auto$blifparse.cc:535:parse_blif$20277.genblk1.genblk1.genblk1.genblk1.genblk1.genblk1.genblk1.genblk1.genblk1.genblk1.lut0.genblk1.genblk1.genblk1.genblk1.genblk1.genblk1.genblk1.genblk1.genblk1.lut1 (6 -> 1)
  Optimizing lut $abc$18961$auto$blifparse.cc:535:parse_blif$20278.genblk1.genblk1.genblk1.genblk1.genblk1.genblk1.genblk1.genblk1.genblk1.genblk1.lut0.genblk1.genblk1.genblk1.genblk1.genblk1.genblk1.genblk1.genblk1.genblk1.lut1 (6 -> 0)
  Optimizing lut $abc$18961$auto$blifparse.cc:535:parse_blif$20356.genblk1.genblk1.genblk1.genblk1.genblk1.genblk1.genblk1.genblk1.genblk1.genblk1.lut1.genblk1.genblk1.genblk1.genblk1.genblk1.genblk1.genblk1.genblk1.genblk1.lut1 (6 -> 0)
  Optimizing lut $abc$18961$auto$blifparse.cc:535:parse_blif$20281.genblk1.genblk1.genblk1.genblk1.genblk1.genblk1.genblk1.genblk1.genblk1.genblk1.lut0.genblk1.genblk1.genblk1.genblk1.genblk1.genblk1.genblk1.genblk1.genblk1.lut1 (6 -> 1)
  Optimizing lut $abc$18961$auto$blifparse.cc:535:parse_blif$20282.genblk1.genblk1.genblk1.genblk1.genblk1.genblk1.genblk1.genblk1.genblk1.genblk1.lut0.genblk1.genblk1.genblk1.genblk1.genblk1.genblk1.genblk1.genblk1.genblk1.lut1 (6 -> 0)
  Optimizing lut $abc$18961$auto$blifparse.cc:535:parse_blif$20358.genblk1.genblk1.genblk1.genblk1.genblk1.genblk1.genblk1.genblk1.genblk1.genblk1.lut1.genblk1.genblk1.genblk1.genblk1.genblk1.genblk1.genblk1.genblk1.genblk1.lut1 (6 -> 0)
  Optimizing lut $abc$18961$auto$blifparse.cc:535:parse_blif$20285.genblk1.genblk1.genblk1.genblk1.genblk1.genblk1.genblk1.genblk1.genblk1.genblk1.lut0.genblk1.genblk1.genblk1.genblk1.genblk1.genblk1.genblk1.genblk1.genblk1.lut1 (6 -> 1)
  Optimizing lut $abc$18961$auto$blifparse.cc:535:parse_blif$20286.genblk1.genblk1.genblk1.genblk1.genblk1.genblk1.genblk1.genblk1.genblk1.genblk1.lut0.genblk1.genblk1.genblk1.genblk1.genblk1.genblk1.genblk1.genblk1.genblk1.lut1 (6 -> 0)
  Optimizing lut $abc$18961$auto$blifparse.cc:535:parse_blif$20289.genblk1.genblk1.genblk1.genblk1.genblk1.genblk1.genblk1.genblk1.genblk1.genblk1.lut0.genblk1.genblk1.genblk1.genblk1.genblk1.genblk1.genblk1.genblk1.genblk1.lut1 (6 -> 1)
  Optimizing lut $abc$18961$auto$blifparse.cc:535:parse_blif$20290.genblk1.genblk1.genblk1.genblk1.genblk1.genblk1.genblk1.genblk1.genblk1.genblk1.lut0.genblk1.genblk1.genblk1.genblk1.genblk1.genblk1.genblk1.genblk1.genblk1.lut1 (6 -> 0)
  Optimizing lut $abc$18961$auto$blifparse.cc:535:parse_blif$20362.genblk1.genblk1.genblk1.genblk1.genblk1.genblk1.genblk1.genblk1.genblk1.genblk1.lut1.genblk1.genblk1.genblk1.genblk1.genblk1.genblk1.genblk1.genblk1.genblk1.lut1 (6 -> 0)
  Optimizing lut $abc$18961$auto$blifparse.cc:535:parse_blif$20293.genblk1.genblk1.genblk1.genblk1.genblk1.genblk1.genblk1.genblk1.genblk1.genblk1.lut0.genblk1.genblk1.genblk1.genblk1.genblk1.genblk1.genblk1.genblk1.genblk1.lut1 (6 -> 1)
  Optimizing lut $abc$18961$auto$blifparse.cc:535:parse_blif$20294.genblk1.genblk1.genblk1.genblk1.genblk1.genblk1.genblk1.genblk1.genblk1.genblk1.lut0.genblk1.genblk1.genblk1.genblk1.genblk1.genblk1.genblk1.genblk1.genblk1.lut1 (6 -> 0)
  Optimizing lut $abc$18961$auto$blifparse.cc:535:parse_blif$20364.genblk1.genblk1.genblk1.genblk1.genblk1.genblk1.genblk1.genblk1.genblk1.genblk1.lut1.genblk1.genblk1.genblk1.genblk1.genblk1.genblk1.genblk1.genblk1.genblk1.lut1 (6 -> 0)
  Optimizing lut $abc$18961$auto$blifparse.cc:535:parse_blif$20297.genblk1.genblk1.genblk1.genblk1.genblk1.genblk1.genblk1.genblk1.genblk1.genblk1.lut0.genblk1.genblk1.genblk1.genblk1.genblk1.genblk1.genblk1.genblk1.genblk1.lut1 (6 -> 1)
  Optimizing lut $abc$18961$auto$blifparse.cc:535:parse_blif$20298.genblk1.genblk1.genblk1.genblk1.genblk1.genblk1.genblk1.genblk1.genblk1.genblk1.lut0.genblk1.genblk1.genblk1.genblk1.genblk1.genblk1.genblk1.genblk1.genblk1.lut1 (6 -> 0)
  Optimizing lut $abc$18961$auto$blifparse.cc:535:parse_blif$20366.genblk1.genblk1.genblk1.genblk1.genblk1.genblk1.genblk1.genblk1.genblk1.genblk1.lut1.genblk1.genblk1.genblk1.genblk1.genblk1.genblk1.genblk1.genblk1.genblk1.lut1 (6 -> 0)
  Optimizing lut $abc$18961$auto$blifparse.cc:535:parse_blif$20301.genblk1.genblk1.genblk1.genblk1.genblk1.genblk1.genblk1.genblk1.genblk1.genblk1.lut0.genblk1.genblk1.genblk1.genblk1.genblk1.genblk1.genblk1.genblk1.genblk1.lut1 (6 -> 1)
  Optimizing lut $abc$18961$auto$blifparse.cc:535:parse_blif$20302.genblk1.genblk1.genblk1.genblk1.genblk1.genblk1.genblk1.genblk1.genblk1.genblk1.lut0.genblk1.genblk1.genblk1.genblk1.genblk1.genblk1.genblk1.genblk1.genblk1.lut1 (6 -> 0)
  Optimizing lut $abc$18961$auto$blifparse.cc:535:parse_blif$20156.genblk1.genblk1.genblk1.genblk1.genblk1.genblk1.genblk1.genblk1.genblk1.genblk1.lut1.genblk1.genblk1.genblk1.genblk1.genblk1.genblk1.genblk1.genblk1.genblk1.lut1 (6 -> 0)
  Optimizing lut $abc$18961$auto$blifparse.cc:535:parse_blif$20306.genblk1.genblk1.genblk1.genblk1.genblk1.genblk1.genblk1.genblk1.genblk1.genblk1.lut0.genblk1.genblk1.genblk1.genblk1.genblk1.genblk1.genblk1.genblk1.genblk1.lut1 (6 -> 1)
  Optimizing lut $abc$18961$auto$blifparse.cc:535:parse_blif$20181.genblk1.genblk1.genblk1.genblk1.genblk1.genblk1.genblk1.genblk1.genblk1.genblk1.lut1.genblk1.genblk1.genblk1.genblk1.genblk1.genblk1.genblk1.genblk1.genblk1.lut1 (6 -> 0)
  Optimizing lut $abc$18961$auto$blifparse.cc:535:parse_blif$20308.genblk1.genblk1.genblk1.genblk1.genblk1.genblk1.genblk1.genblk1.genblk1.genblk1.lut0.genblk1.genblk1.genblk1.genblk1.genblk1.genblk1.genblk1.genblk1.genblk1.lut1 (6 -> 1)
  Optimizing lut $abc$18961$auto$blifparse.cc:535:parse_blif$20185.genblk1.genblk1.genblk1.genblk1.genblk1.genblk1.genblk1.genblk1.genblk1.genblk1.lut1.genblk1.genblk1.genblk1.genblk1.genblk1.genblk1.genblk1.genblk1.genblk1.lut1 (6 -> 0)
  Optimizing lut $abc$18961$auto$blifparse.cc:535:parse_blif$20310.genblk1.genblk1.genblk1.genblk1.genblk1.genblk1.genblk1.genblk1.genblk1.genblk1.lut0.genblk1.genblk1.genblk1.genblk1.genblk1.genblk1.genblk1.genblk1.genblk1.lut1 (6 -> 1)
  Optimizing lut $abc$18961$auto$blifparse.cc:535:parse_blif$20189.genblk1.genblk1.genblk1.genblk1.genblk1.genblk1.genblk1.genblk1.genblk1.genblk1.lut1.genblk1.genblk1.genblk1.genblk1.genblk1.genblk1.genblk1.genblk1.genblk1.lut1 (6 -> 0)
  Optimizing lut $abc$18961$auto$blifparse.cc:535:parse_blif$20312.genblk1.genblk1.genblk1.genblk1.genblk1.genblk1.genblk1.genblk1.genblk1.genblk1.lut0.genblk1.genblk1.genblk1.genblk1.genblk1.genblk1.genblk1.genblk1.genblk1.lut1 (6 -> 1)
  Optimizing lut $abc$18961$auto$blifparse.cc:535:parse_blif$20193.genblk1.genblk1.genblk1.genblk1.genblk1.genblk1.genblk1.genblk1.genblk1.genblk1.lut1.genblk1.genblk1.genblk1.genblk1.genblk1.genblk1.genblk1.genblk1.genblk1.lut1 (6 -> 0)
  Optimizing lut $abc$18961$auto$blifparse.cc:535:parse_blif$20314.genblk1.genblk1.genblk1.genblk1.genblk1.genblk1.genblk1.genblk1.genblk1.genblk1.lut0.genblk1.genblk1.genblk1.genblk1.genblk1.genblk1.genblk1.genblk1.genblk1.lut1 (6 -> 1)
  Optimizing lut $abc$18961$auto$blifparse.cc:535:parse_blif$20197.genblk1.genblk1.genblk1.genblk1.genblk1.genblk1.genblk1.genblk1.genblk1.genblk1.lut1.genblk1.genblk1.genblk1.genblk1.genblk1.genblk1.genblk1.genblk1.genblk1.lut1 (6 -> 0)
  Optimizing lut $abc$18961$auto$blifparse.cc:535:parse_blif$20316.genblk1.genblk1.genblk1.genblk1.genblk1.genblk1.genblk1.genblk1.genblk1.genblk1.lut0.genblk1.genblk1.genblk1.genblk1.genblk1.genblk1.genblk1.genblk1.genblk1.lut1 (6 -> 1)
  Optimizing lut $abc$18961$auto$blifparse.cc:535:parse_blif$20201.genblk1.genblk1.genblk1.genblk1.genblk1.genblk1.genblk1.genblk1.genblk1.genblk1.lut1.genblk1.genblk1.genblk1.genblk1.genblk1.genblk1.genblk1.genblk1.genblk1.lut1 (6 -> 0)
  Optimizing lut $abc$18961$auto$blifparse.cc:535:parse_blif$20318.genblk1.genblk1.genblk1.genblk1.genblk1.genblk1.genblk1.genblk1.genblk1.genblk1.lut0.genblk1.genblk1.genblk1.genblk1.genblk1.genblk1.genblk1.genblk1.genblk1.lut1 (6 -> 1)
  Optimizing lut $abc$18961$auto$blifparse.cc:535:parse_blif$20205.genblk1.genblk1.genblk1.genblk1.genblk1.genblk1.genblk1.genblk1.genblk1.genblk1.lut1.genblk1.genblk1.genblk1.genblk1.genblk1.genblk1.genblk1.genblk1.genblk1.lut1 (6 -> 0)
  Optimizing lut $abc$18961$auto$blifparse.cc:535:parse_blif$20320.genblk1.genblk1.genblk1.genblk1.genblk1.genblk1.genblk1.genblk1.genblk1.genblk1.lut0.genblk1.genblk1.genblk1.genblk1.genblk1.genblk1.genblk1.genblk1.genblk1.lut1 (6 -> 1)
  Optimizing lut $abc$18961$auto$blifparse.cc:535:parse_blif$20209.genblk1.genblk1.genblk1.genblk1.genblk1.genblk1.genblk1.genblk1.genblk1.genblk1.lut1.genblk1.genblk1.genblk1.genblk1.genblk1.genblk1.genblk1.genblk1.genblk1.lut1 (6 -> 0)
  Optimizing lut $abc$18961$auto$blifparse.cc:535:parse_blif$20322.genblk1.genblk1.genblk1.genblk1.genblk1.genblk1.genblk1.genblk1.genblk1.genblk1.lut0.genblk1.genblk1.genblk1.genblk1.genblk1.genblk1.genblk1.genblk1.genblk1.lut1 (6 -> 1)
  Optimizing lut $abc$18961$auto$blifparse.cc:535:parse_blif$20213.genblk1.genblk1.genblk1.genblk1.genblk1.genblk1.genblk1.genblk1.genblk1.genblk1.lut1.genblk1.genblk1.genblk1.genblk1.genblk1.genblk1.genblk1.genblk1.genblk1.lut1 (6 -> 0)
  Optimizing lut $abc$18961$auto$blifparse.cc:535:parse_blif$20324.genblk1.genblk1.genblk1.genblk1.genblk1.genblk1.genblk1.genblk1.genblk1.genblk1.lut0.genblk1.genblk1.genblk1.genblk1.genblk1.genblk1.genblk1.genblk1.genblk1.lut1 (6 -> 1)
  Optimizing lut $abc$18961$auto$blifparse.cc:535:parse_blif$20217.genblk1.genblk1.genblk1.genblk1.genblk1.genblk1.genblk1.genblk1.genblk1.genblk1.lut1.genblk1.genblk1.genblk1.genblk1.genblk1.genblk1.genblk1.genblk1.genblk1.lut1 (6 -> 0)
  Optimizing lut $abc$18961$auto$blifparse.cc:535:parse_blif$20326.genblk1.genblk1.genblk1.genblk1.genblk1.genblk1.genblk1.genblk1.genblk1.genblk1.lut0.genblk1.genblk1.genblk1.genblk1.genblk1.genblk1.genblk1.genblk1.genblk1.lut1 (6 -> 1)
  Optimizing lut $abc$18961$auto$blifparse.cc:535:parse_blif$20221.genblk1.genblk1.genblk1.genblk1.genblk1.genblk1.genblk1.genblk1.genblk1.genblk1.lut1.genblk1.genblk1.genblk1.genblk1.genblk1.genblk1.genblk1.genblk1.genblk1.lut1 (6 -> 0)
  Optimizing lut $abc$18961$auto$blifparse.cc:535:parse_blif$20328.genblk1.genblk1.genblk1.genblk1.genblk1.genblk1.genblk1.genblk1.genblk1.genblk1.lut0.genblk1.genblk1.genblk1.genblk1.genblk1.genblk1.genblk1.genblk1.genblk1.lut1 (6 -> 1)
  Optimizing lut $abc$18961$auto$blifparse.cc:535:parse_blif$20225.genblk1.genblk1.genblk1.genblk1.genblk1.genblk1.genblk1.genblk1.genblk1.genblk1.lut1.genblk1.genblk1.genblk1.genblk1.genblk1.genblk1.genblk1.genblk1.genblk1.lut1 (6 -> 0)
  Optimizing lut $abc$18961$auto$blifparse.cc:535:parse_blif$20330.genblk1.genblk1.genblk1.genblk1.genblk1.genblk1.genblk1.genblk1.genblk1.genblk1.lut0.genblk1.genblk1.genblk1.genblk1.genblk1.genblk1.genblk1.genblk1.genblk1.lut1 (6 -> 1)
  Optimizing lut $abc$18961$auto$blifparse.cc:535:parse_blif$20229.genblk1.genblk1.genblk1.genblk1.genblk1.genblk1.genblk1.genblk1.genblk1.genblk1.lut1.genblk1.genblk1.genblk1.genblk1.genblk1.genblk1.genblk1.genblk1.genblk1.lut1 (6 -> 0)
  Optimizing lut $abc$18961$auto$blifparse.cc:535:parse_blif$20332.genblk1.genblk1.genblk1.genblk1.genblk1.genblk1.genblk1.genblk1.genblk1.genblk1.lut0.genblk1.genblk1.genblk1.genblk1.genblk1.genblk1.genblk1.genblk1.genblk1.lut1 (6 -> 1)
  Optimizing lut $abc$18961$auto$blifparse.cc:535:parse_blif$20233.genblk1.genblk1.genblk1.genblk1.genblk1.genblk1.genblk1.genblk1.genblk1.genblk1.lut1.genblk1.genblk1.genblk1.genblk1.genblk1.genblk1.genblk1.genblk1.genblk1.lut1 (6 -> 0)
  Optimizing lut $abc$18961$auto$blifparse.cc:535:parse_blif$20334.genblk1.genblk1.genblk1.genblk1.genblk1.genblk1.genblk1.genblk1.genblk1.genblk1.lut0.genblk1.genblk1.genblk1.genblk1.genblk1.genblk1.genblk1.genblk1.genblk1.lut1 (6 -> 1)
  Optimizing lut $abc$18961$auto$blifparse.cc:535:parse_blif$20237.genblk1.genblk1.genblk1.genblk1.genblk1.genblk1.genblk1.genblk1.genblk1.genblk1.lut1.genblk1.genblk1.genblk1.genblk1.genblk1.genblk1.genblk1.genblk1.genblk1.lut1 (6 -> 0)
  Optimizing lut $abc$18961$auto$blifparse.cc:535:parse_blif$20336.genblk1.genblk1.genblk1.genblk1.genblk1.genblk1.genblk1.genblk1.genblk1.genblk1.lut0.genblk1.genblk1.genblk1.genblk1.genblk1.genblk1.genblk1.genblk1.genblk1.lut1 (6 -> 1)
  Optimizing lut $abc$18961$auto$blifparse.cc:535:parse_blif$20241.genblk1.genblk1.genblk1.genblk1.genblk1.genblk1.genblk1.genblk1.genblk1.genblk1.lut1.genblk1.genblk1.genblk1.genblk1.genblk1.genblk1.genblk1.genblk1.genblk1.lut1 (6 -> 0)
  Optimizing lut $abc$18961$auto$blifparse.cc:535:parse_blif$20338.genblk1.genblk1.genblk1.genblk1.genblk1.genblk1.genblk1.genblk1.genblk1.genblk1.lut0.genblk1.genblk1.genblk1.genblk1.genblk1.genblk1.genblk1.genblk1.genblk1.lut1 (6 -> 1)
  Optimizing lut $abc$18961$auto$blifparse.cc:535:parse_blif$20245.genblk1.genblk1.genblk1.genblk1.genblk1.genblk1.genblk1.genblk1.genblk1.genblk1.lut1.genblk1.genblk1.genblk1.genblk1.genblk1.genblk1.genblk1.genblk1.genblk1.lut1 (6 -> 0)
  Optimizing lut $abc$18961$auto$blifparse.cc:535:parse_blif$20340.genblk1.genblk1.genblk1.genblk1.genblk1.genblk1.genblk1.genblk1.genblk1.genblk1.lut0.genblk1.genblk1.genblk1.genblk1.genblk1.genblk1.genblk1.genblk1.genblk1.lut1 (6 -> 1)
  Optimizing lut $abc$18961$auto$blifparse.cc:535:parse_blif$20249.genblk1.genblk1.genblk1.genblk1.genblk1.genblk1.genblk1.genblk1.genblk1.genblk1.lut1.genblk1.genblk1.genblk1.genblk1.genblk1.genblk1.genblk1.genblk1.genblk1.lut1 (6 -> 0)
  Optimizing lut $abc$18961$auto$blifparse.cc:535:parse_blif$20342.genblk1.genblk1.genblk1.genblk1.genblk1.genblk1.genblk1.genblk1.genblk1.genblk1.lut0.genblk1.genblk1.genblk1.genblk1.genblk1.genblk1.genblk1.genblk1.genblk1.lut1 (6 -> 1)
  Optimizing lut $abc$18961$auto$blifparse.cc:535:parse_blif$20253.genblk1.genblk1.genblk1.genblk1.genblk1.genblk1.genblk1.genblk1.genblk1.genblk1.lut1.genblk1.genblk1.genblk1.genblk1.genblk1.genblk1.genblk1.genblk1.genblk1.lut1 (6 -> 0)
  Optimizing lut $abc$18961$auto$blifparse.cc:535:parse_blif$20344.genblk1.genblk1.genblk1.genblk1.genblk1.genblk1.genblk1.genblk1.genblk1.genblk1.lut0.genblk1.genblk1.genblk1.genblk1.genblk1.genblk1.genblk1.genblk1.genblk1.lut1 (6 -> 1)
  Optimizing lut $abc$18961$auto$blifparse.cc:535:parse_blif$20257.genblk1.genblk1.genblk1.genblk1.genblk1.genblk1.genblk1.genblk1.genblk1.genblk1.lut1.genblk1.genblk1.genblk1.genblk1.genblk1.genblk1.genblk1.genblk1.genblk1.lut1 (6 -> 0)
  Optimizing lut $abc$18961$auto$blifparse.cc:535:parse_blif$20346.genblk1.genblk1.genblk1.genblk1.genblk1.genblk1.genblk1.genblk1.genblk1.genblk1.lut0.genblk1.genblk1.genblk1.genblk1.genblk1.genblk1.genblk1.genblk1.genblk1.lut1 (6 -> 1)
  Optimizing lut $abc$18961$auto$blifparse.cc:535:parse_blif$20261.genblk1.genblk1.genblk1.genblk1.genblk1.genblk1.genblk1.genblk1.genblk1.genblk1.lut1.genblk1.genblk1.genblk1.genblk1.genblk1.genblk1.genblk1.genblk1.genblk1.lut1 (6 -> 0)
  Optimizing lut $abc$18961$auto$blifparse.cc:535:parse_blif$20348.genblk1.genblk1.genblk1.genblk1.genblk1.genblk1.genblk1.genblk1.genblk1.genblk1.lut0.genblk1.genblk1.genblk1.genblk1.genblk1.genblk1.genblk1.genblk1.genblk1.lut1 (6 -> 1)
  Optimizing lut $abc$18961$auto$blifparse.cc:535:parse_blif$20265.genblk1.genblk1.genblk1.genblk1.genblk1.genblk1.genblk1.genblk1.genblk1.genblk1.lut1.genblk1.genblk1.genblk1.genblk1.genblk1.genblk1.genblk1.genblk1.genblk1.lut1 (6 -> 0)
  Optimizing lut $abc$18961$auto$blifparse.cc:535:parse_blif$20350.genblk1.genblk1.genblk1.genblk1.genblk1.genblk1.genblk1.genblk1.genblk1.genblk1.lut0.genblk1.genblk1.genblk1.genblk1.genblk1.genblk1.genblk1.genblk1.genblk1.lut1 (6 -> 1)
  Optimizing lut $abc$18961$auto$blifparse.cc:535:parse_blif$20269.genblk1.genblk1.genblk1.genblk1.genblk1.genblk1.genblk1.genblk1.genblk1.genblk1.lut1.genblk1.genblk1.genblk1.genblk1.genblk1.genblk1.genblk1.genblk1.genblk1.lut1 (6 -> 0)
  Optimizing lut $abc$18961$auto$blifparse.cc:535:parse_blif$20352.genblk1.genblk1.genblk1.genblk1.genblk1.genblk1.genblk1.genblk1.genblk1.genblk1.lut0.genblk1.genblk1.genblk1.genblk1.genblk1.genblk1.genblk1.genblk1.genblk1.lut1 (6 -> 1)
  Optimizing lut $abc$18961$auto$blifparse.cc:535:parse_blif$20273.genblk1.genblk1.genblk1.genblk1.genblk1.genblk1.genblk1.genblk1.genblk1.genblk1.lut1.genblk1.genblk1.genblk1.genblk1.genblk1.genblk1.genblk1.genblk1.genblk1.lut1 (6 -> 0)
  Optimizing lut $abc$18961$auto$blifparse.cc:535:parse_blif$20354.genblk1.genblk1.genblk1.genblk1.genblk1.genblk1.genblk1.genblk1.genblk1.genblk1.lut0.genblk1.genblk1.genblk1.genblk1.genblk1.genblk1.genblk1.genblk1.genblk1.lut1 (6 -> 1)
  Optimizing lut $abc$18961$auto$blifparse.cc:535:parse_blif$20277.genblk1.genblk1.genblk1.genblk1.genblk1.genblk1.genblk1.genblk1.genblk1.genblk1.lut1.genblk1.genblk1.genblk1.genblk1.genblk1.genblk1.genblk1.genblk1.genblk1.lut1 (6 -> 0)
  Optimizing lut $abc$18961$auto$blifparse.cc:535:parse_blif$20356.genblk1.genblk1.genblk1.genblk1.genblk1.genblk1.genblk1.genblk1.genblk1.genblk1.lut0.genblk1.genblk1.genblk1.genblk1.genblk1.genblk1.genblk1.genblk1.genblk1.lut1 (6 -> 1)
  Optimizing lut $abc$18961$auto$blifparse.cc:535:parse_blif$20281.genblk1.genblk1.genblk1.genblk1.genblk1.genblk1.genblk1.genblk1.genblk1.genblk1.lut1.genblk1.genblk1.genblk1.genblk1.genblk1.genblk1.genblk1.genblk1.genblk1.lut1 (6 -> 0)
  Optimizing lut $abc$18961$auto$blifparse.cc:535:parse_blif$20358.genblk1.genblk1.genblk1.genblk1.genblk1.genblk1.genblk1.genblk1.genblk1.genblk1.lut0.genblk1.genblk1.genblk1.genblk1.genblk1.genblk1.genblk1.genblk1.genblk1.lut1 (6 -> 1)
  Optimizing lut $abc$18961$auto$blifparse.cc:535:parse_blif$20285.genblk1.genblk1.genblk1.genblk1.genblk1.genblk1.genblk1.genblk1.genblk1.genblk1.lut1.genblk1.genblk1.genblk1.genblk1.genblk1.genblk1.genblk1.genblk1.genblk1.lut1 (6 -> 0)
  Optimizing lut $abc$18961$auto$blifparse.cc:535:parse_blif$20360.genblk1.genblk1.genblk1.genblk1.genblk1.genblk1.genblk1.genblk1.genblk1.genblk1.lut0.genblk1.genblk1.genblk1.genblk1.genblk1.genblk1.genblk1.genblk1.genblk1.lut1 (6 -> 1)
  Optimizing lut $abc$18961$auto$blifparse.cc:535:parse_blif$20289.genblk1.genblk1.genblk1.genblk1.genblk1.genblk1.genblk1.genblk1.genblk1.genblk1.lut1.genblk1.genblk1.genblk1.genblk1.genblk1.genblk1.genblk1.genblk1.genblk1.lut1 (6 -> 0)
  Optimizing lut $abc$18961$auto$blifparse.cc:535:parse_blif$20362.genblk1.genblk1.genblk1.genblk1.genblk1.genblk1.genblk1.genblk1.genblk1.genblk1.lut0.genblk1.genblk1.genblk1.genblk1.genblk1.genblk1.genblk1.genblk1.genblk1.lut1 (6 -> 1)
  Optimizing lut $abc$18961$auto$blifparse.cc:535:parse_blif$20293.genblk1.genblk1.genblk1.genblk1.genblk1.genblk1.genblk1.genblk1.genblk1.genblk1.lut1.genblk1.genblk1.genblk1.genblk1.genblk1.genblk1.genblk1.genblk1.genblk1.lut1 (6 -> 0)
  Optimizing lut $abc$18961$auto$blifparse.cc:535:parse_blif$20364.genblk1.genblk1.genblk1.genblk1.genblk1.genblk1.genblk1.genblk1.genblk1.genblk1.lut0.genblk1.genblk1.genblk1.genblk1.genblk1.genblk1.genblk1.genblk1.genblk1.lut1 (6 -> 1)
  Optimizing lut $abc$18961$auto$blifparse.cc:535:parse_blif$20297.genblk1.genblk1.genblk1.genblk1.genblk1.genblk1.genblk1.genblk1.genblk1.genblk1.lut1.genblk1.genblk1.genblk1.genblk1.genblk1.genblk1.genblk1.genblk1.genblk1.lut1 (6 -> 0)
  Optimizing lut $abc$18961$auto$blifparse.cc:535:parse_blif$20366.genblk1.genblk1.genblk1.genblk1.genblk1.genblk1.genblk1.genblk1.genblk1.genblk1.lut0.genblk1.genblk1.genblk1.genblk1.genblk1.genblk1.genblk1.genblk1.genblk1.lut1 (6 -> 1)
  Optimizing lut $abc$18961$auto$blifparse.cc:535:parse_blif$20301.genblk1.genblk1.genblk1.genblk1.genblk1.genblk1.genblk1.genblk1.genblk1.genblk1.lut1.genblk1.genblk1.genblk1.genblk1.genblk1.genblk1.genblk1.genblk1.genblk1.lut1 (6 -> 0)
  Optimizing lut $abc$18961$auto$blifparse.cc:535:parse_blif$20368.genblk1.genblk1.genblk1.genblk1.genblk1.genblk1.genblk1.genblk1.genblk1.genblk1.lut0.genblk1.genblk1.genblk1.genblk1.genblk1.genblk1.genblk1.genblk1.genblk1.lut1 (6 -> 1)
  Optimizing lut $abc$18961$auto$blifparse.cc:535:parse_blif$20368.genblk1.genblk1.genblk1.genblk1.genblk1.genblk1.genblk1.genblk1.genblk1.genblk1.lut1.genblk1.genblk1.genblk1.genblk1.genblk1.genblk1.genblk1.genblk1.genblk1.lut1 (6 -> 0)
  Optimizing lut $abc$18961$auto$blifparse.cc:535:parse_blif$20360.genblk1.genblk1.genblk1.genblk1.genblk1.genblk1.genblk1.genblk1.genblk1.genblk1.lut1.genblk1.genblk1.genblk1.genblk1.genblk1.genblk1.genblk1.genblk1.genblk1.lut1 (6 -> 0)
  Optimizing lut $abc$18961$auto$blifparse.cc:535:parse_blif$19154.genblk1.genblk1.genblk1.genblk1.genblk1.genblk1.genblk1.genblk1.genblk1.genblk1.lut1.genblk1.genblk1.genblk1.genblk1.genblk1.genblk1.genblk1.genblk1.genblk1.lut0 (6 -> 0)
  Optimizing lut $abc$18961$auto$blifparse.cc:535:parse_blif$19177.genblk1.genblk1.genblk1.genblk1.genblk1.genblk1.genblk1.genblk1.genblk1.genblk1.lut1.genblk1.genblk1.genblk1.genblk1.genblk1.genblk1.genblk1.genblk1.genblk1.lut1 (6 -> 5)
  Optimizing lut $abc$18961$auto$blifparse.cc:535:parse_blif$19167.genblk1.genblk1.genblk1.genblk1.genblk1.genblk1.genblk1.genblk1.genblk1.genblk1.lut1.genblk1.genblk1.genblk1.genblk1.genblk1.genblk1.genblk1.genblk1.genblk1.lut1 (6 -> 5)

16.47. Executing CLKBUFMAP pass (inserting clock buffers).
Inserting BUFG on soc_multi.u_core.clk[0].
Removed 86 unused cells and 12857 unused wires.

16.48. Executing HIERARCHY pass (managing design hierarchy).
Attribute `top' found on module `soc_multi'. Setting top module to soc_multi.

16.48.1. Analyzing design hierarchy..
Top module:  \soc_multi

16.48.2. Analyzing design hierarchy..
Top module:  \soc_multi
Removed 0 unused modules.

16.49. Printing statistics.

=== soc_multi ===

   Number of wires:               2538
   Number of wire bits:           9786
   Number of public wires:         139
   Number of public wire bits:    2409
   Number of ports:                  8
   Number of port bits:            101
   Number of memories:               0
   Number of memory bits:            0
   Number of processes:              0
   Number of cells:               4362
     $scopeinfo                     10
     BUFG                            1
     CARRY4                         80
     DSP48E1                        15
     FDCE                          722
     FDPE                           47
     IBUF                            3
     INV                           807
     LUT1                           83
     LUT2                          251
     LUT3                          551
     LUT4                          158
     LUT5                          292
     LUT6                          690
     MUXF7                         393
     MUXF8                         147
     OBUF                           98
     RAM32M                         12
     dmem                            1
     imem                            1

   Estimated number of LCs:       1691

16.50. Executing CHECK pass (checking for obvious problems).
Checking module soc_multi...
Found and reported 0 problems.

17. Printing statistics.

=== soc_multi ===

   Number of wires:               2538
   Number of wire bits:           9786
   Number of public wires:         139
   Number of public wire bits:    2409
   Number of ports:                  8
   Number of port bits:            101
   Number of memories:               0
   Number of memory bits:            0
   Number of processes:              0
   Number of cells:               4362
     $scopeinfo                     10
     BUFG                            1
     CARRY4                         80
     DSP48E1                        15
     FDCE                          722
     FDPE                           47
     IBUF                            3
     INV                           807
     LUT1                           83
     LUT2                          251
     LUT3                          551
     LUT4                          158
     LUT5                          292
     LUT6                          690
     MUXF7                         393
     MUXF8                         147
     OBUF                           98
     RAM32M                         12
     dmem                            1
     imem                            1

Warnings: 2 unique messages, 2 total
End of script. Logfile hash: e0881477e7, CPU: user 4.37s system 0.09s, MEM: 196.21 MB peak
Yosys 0.52 (git sha1 fee39a3284c90249e1d9684cf6944ffbbcbb8f90)
Time spent: 24% 1x abc (1 sec), 20% 31x read_verilog (1 sec), ...
