
 /----------------------------------------------------------------------------\
 |  yosys -- Yosys Open SYnthesis Suite                                       |
 |  Copyright (C) 2012 - 2025  Claire Xenia Wolf <claire@yosyshq.com>         |
 |  Distributed under an ISC-like license, type "license" to see terms        |
 \----------------------------------------------------------------------------/
 Yosys 0.52 (git sha1 fee39a3284c90249e1d9684cf6944ffbbcbb8f90)

-- Executing script file `/dev/stdin' --

1. Executing Verilog-2005 frontend: rtl/core/alu.sv
Parsing SystemVerilog input from `rtl/core/alu.sv' to AST representation.
Generating RTLIL representation for module `\alu'.
Successfully finished Verilog frontend.

2. Executing Verilog-2005 frontend: rtl/core/regfile.sv
Parsing SystemVerilog input from `rtl/core/regfile.sv' to AST representation.
Generating RTLIL representation for module `\regfile'.
Successfully finished Verilog frontend.

3. Executing Verilog-2005 frontend: rtl/core/imm_gen.sv
Parsing SystemVerilog input from `rtl/core/imm_gen.sv' to AST representation.
Generating RTLIL representation for module `\imm_gen'.
Successfully finished Verilog frontend.

4. Executing Verilog-2005 frontend: rtl/core/decoder.sv
Parsing SystemVerilog input from `rtl/core/decoder.sv' to AST representation.
Generating RTLIL representation for module `\decoder'.
Successfully finished Verilog frontend.

5. Executing Verilog-2005 frontend: rtl/mem/imem.sv
Parsing SystemVerilog input from `rtl/mem/imem.sv' to AST representation.
Generating RTLIL representation for module `\imem'.
Successfully finished Verilog frontend.

6. Executing Verilog-2005 frontend: rtl/mem/dmem.sv
Parsing SystemVerilog input from `rtl/mem/dmem.sv' to AST representation.
Generating RTLIL representation for module `\dmem'.
Successfully finished Verilog frontend.

7. Executing Verilog-2005 frontend: rtl/periph/uart_tx.sv
Parsing SystemVerilog input from `rtl/periph/uart_tx.sv' to AST representation.
Generating RTLIL representation for module `\uart_tx'.
Successfully finished Verilog frontend.

8. Executing Verilog-2005 frontend: rtl/periph/uart_rx.sv
Parsing SystemVerilog input from `rtl/periph/uart_rx.sv' to AST representation.
Generating RTLIL representation for module `\uart_rx'.
Successfully finished Verilog frontend.

9. Executing Verilog-2005 frontend: rtl/periph/uart.sv
Parsing SystemVerilog input from `rtl/periph/uart.sv' to AST representation.
Generating RTLIL representation for module `\uart'.
Successfully finished Verilog frontend.

10. Executing Verilog-2005 frontend: rtl/periph/timer.sv
Parsing SystemVerilog input from `rtl/periph/timer.sv' to AST representation.
Generating RTLIL representation for module `\timer'.
Successfully finished Verilog frontend.

11. Executing Verilog-2005 frontend: rtl/custom/dotp.sv
Parsing SystemVerilog input from `rtl/custom/dotp.sv' to AST representation.
Generating RTLIL representation for module `\dotp'.
Warning: Replacing memory \b with list of registers. See rtl/custom/dotp.sv:63
Warning: Replacing memory \a with list of registers. See rtl/custom/dotp.sv:62
Successfully finished Verilog frontend.

12. Executing Verilog-2005 frontend: rtl/core/core_pipe.sv
Parsing SystemVerilog input from `rtl/core/core_pipe.sv' to AST representation.
Generating RTLIL representation for module `\core_pipe'.
Successfully finished Verilog frontend.

13. Executing Verilog-2005 frontend: rtl/soc/soc_pipe.sv
Parsing SystemVerilog input from `rtl/soc/soc_pipe.sv' to AST representation.
Generating RTLIL representation for module `\soc_pipe'.
Successfully finished Verilog frontend.

14. Executing HIERARCHY pass (managing design hierarchy).

14.1. Analyzing design hierarchy..
Top module:  \soc_pipe
Used module:     \dotp
Used module:     \timer
Used module:     \uart
Used module:         \uart_rx
Used module:         \uart_tx
Used module:     \core_pipe
Used module:         \alu
Used module:         \regfile
Used module:         \imm_gen
Used module:         \decoder
Parameter \DIV = 868

14.2. Executing AST frontend in derive mode using pre-parsed AST for module `\uart_rx'.
Parameter \DIV = 868
Generating RTLIL representation for module `$paramod\uart_rx\DIV=s32'00000000000000000000001101100100'.
Parameter \DIV = 868

14.3. Executing AST frontend in derive mode using pre-parsed AST for module `\uart_tx'.
Parameter \DIV = 868
Generating RTLIL representation for module `$paramod\uart_tx\DIV=s32'00000000000000000000001101100100'.
Parameter \BYPASS = 1'1

14.4. Executing AST frontend in derive mode using pre-parsed AST for module `\regfile'.
Parameter \BYPASS = 1'1
Generating RTLIL representation for module `$paramod\regfile\BYPASS=1'1'.
Parameter \DIV = 868

14.5. Executing AST frontend in derive mode using pre-parsed AST for module `\uart'.
Parameter \DIV = 868
Generating RTLIL representation for module `$paramod\uart\DIV=s32'00000000000000000000001101100100'.
Parameter \RESET_ADDR = 0
Parameter \IRQ_ADDR = 4

14.6. Executing AST frontend in derive mode using pre-parsed AST for module `\core_pipe'.
Parameter \RESET_ADDR = 0
Parameter \IRQ_ADDR = 4
Generating RTLIL representation for module `$paramod$5d5effb5ec0b6f8601d0119f1bfc6235e3bdaddf\core_pipe'.

14.7. Analyzing design hierarchy..
Top module:  \soc_pipe
Used module:     \dotp
Used module:     \timer
Used module:     $paramod\uart\DIV=s32'00000000000000000000001101100100
Used module:         \uart_rx
Used module:         \uart_tx
Used module:     $paramod$5d5effb5ec0b6f8601d0119f1bfc6235e3bdaddf\core_pipe
Used module:         \alu
Used module:         \regfile
Used module:         \imm_gen
Used module:         \decoder
Parameter \DIV = 868
Found cached RTLIL representation for module `$paramod\uart_rx\DIV=s32'00000000000000000000001101100100'.
Parameter \DIV = 868
Found cached RTLIL representation for module `$paramod\uart_tx\DIV=s32'00000000000000000000001101100100'.
Parameter \BYPASS = 1'1
Found cached RTLIL representation for module `$paramod\regfile\BYPASS=1'1'.

14.8. Analyzing design hierarchy..
Top module:  \soc_pipe
Used module:     \dotp
Used module:     \timer
Used module:     $paramod\uart\DIV=s32'00000000000000000000001101100100
Used module:         $paramod\uart_rx\DIV=s32'00000000000000000000001101100100
Used module:         $paramod\uart_tx\DIV=s32'00000000000000000000001101100100
Used module:     $paramod$5d5effb5ec0b6f8601d0119f1bfc6235e3bdaddf\core_pipe
Used module:         \alu
Used module:         $paramod\regfile\BYPASS=1'1
Used module:         \imm_gen
Used module:         \decoder

14.9. Analyzing design hierarchy..
Top module:  \soc_pipe
Used module:     \dotp
Used module:     \timer
Used module:     $paramod\uart\DIV=s32'00000000000000000000001101100100
Used module:         $paramod\uart_rx\DIV=s32'00000000000000000000001101100100
Used module:         $paramod\uart_tx\DIV=s32'00000000000000000000001101100100
Used module:     $paramod$5d5effb5ec0b6f8601d0119f1bfc6235e3bdaddf\core_pipe
Used module:         \alu
Used module:         $paramod\regfile\BYPASS=1'1
Used module:         \imm_gen
Used module:         \decoder
Removing unused module `\core_pipe'.
Removing unused module `\uart'.
Removing unused module `\uart_rx'.
Removing unused module `\uart_tx'.
Removing unused module `\regfile'.
Removed 5 unused modules.

15. Executing FLATTEN pass (flatten design).
Deleting now unused module $paramod$5d5effb5ec0b6f8601d0119f1bfc6235e3bdaddf\core_pipe.
Deleting now unused module dotp.
Deleting now unused module timer.
Deleting now unused module $paramod\uart\DIV=s32'00000000000000000000001101100100.
Deleting now unused module $paramod\regfile\BYPASS=1'1.
Deleting now unused module $paramod\uart_tx\DIV=s32'00000000000000000000001101100100.
Deleting now unused module decoder.
Deleting now unused module imm_gen.
Deleting now unused module $paramod\uart_rx\DIV=s32'00000000000000000000001101100100.
Deleting now unused module alu.
<suppressed ~10 debug messages>

16. Executing SYNTH_XILINX pass.

16.1. Executing Verilog-2005 frontend: /usr/bin/../share/yosys/xilinx/cells_sim.v
Parsing Verilog input from `/usr/bin/../share/yosys/xilinx/cells_sim.v' to AST representation.
Generating RTLIL representation for module `\VCC'.
Generating RTLIL representation for module `\GND'.
Generating RTLIL representation for module `\IBUF'.
Generating RTLIL representation for module `\IBUFG'.
Generating RTLIL representation for module `\OBUF'.
Generating RTLIL representation for module `\IOBUF'.
Generating RTLIL representation for module `\OBUFT'.
Generating RTLIL representation for module `\BUFG'.
Generating RTLIL representation for module `\BUFGCTRL'.
Generating RTLIL representation for module `\BUFHCE'.
Generating RTLIL representation for module `\INV'.
Generating RTLIL representation for module `\LUT1'.
Generating RTLIL representation for module `\LUT2'.
Generating RTLIL representation for module `\LUT3'.
Generating RTLIL representation for module `\LUT4'.
Generating RTLIL representation for module `\LUT5'.
Generating RTLIL representation for module `\LUT6'.
Generating RTLIL representation for module `\LUT6_2'.
Generating RTLIL representation for module `\$__ABC9_LUT7'.
Generating RTLIL representation for module `\$__ABC9_LUT8'.
Generating RTLIL representation for module `\MUXCY'.
Generating RTLIL representation for module `\MUXF5'.
Generating RTLIL representation for module `\MUXF6'.
Generating RTLIL representation for module `\MUXF7'.
Generating RTLIL representation for module `\MUXF8'.
Generating RTLIL representation for module `\MUXF9'.
Generating RTLIL representation for module `\XORCY'.
Generating RTLIL representation for module `\CARRY4'.
Generating RTLIL representation for module `\CARRY8'.
Generating RTLIL representation for module `\ORCY'.
Generating RTLIL representation for module `\MULT_AND'.
Generating RTLIL representation for module `\FDRE'.
Generating RTLIL representation for module `\FDRE_1'.
Generating RTLIL representation for module `\FDSE'.
Generating RTLIL representation for module `\FDSE_1'.
Generating RTLIL representation for module `\FDRSE'.
Generating RTLIL representation for module `\FDRSE_1'.
Generating RTLIL representation for module `\FDCE'.
Generating RTLIL representation for module `\FDCE_1'.
Generating RTLIL representation for module `\FDPE'.
Generating RTLIL representation for module `\FDPE_1'.
Generating RTLIL representation for module `\FDCPE'.
Generating RTLIL representation for module `\FDCPE_1'.
Generating RTLIL representation for module `\LDCE'.
Generating RTLIL representation for module `\LDPE'.
Generating RTLIL representation for module `\LDCPE'.
Generating RTLIL representation for module `\AND2B1L'.
Generating RTLIL representation for module `\OR2L'.
Generating RTLIL representation for module `\RAM16X1S'.
Generating RTLIL representation for module `\RAM16X1S_1'.
Generating RTLIL representation for module `\RAM32X1S'.
Generating RTLIL representation for module `\RAM32X1S_1'.
Generating RTLIL representation for module `\RAM64X1S'.
Generating RTLIL representation for module `\RAM64X1S_1'.
Generating RTLIL representation for module `\RAM128X1S'.
Generating RTLIL representation for module `\RAM128X1S_1'.
Generating RTLIL representation for module `\RAM256X1S'.
Generating RTLIL representation for module `\RAM512X1S'.
Generating RTLIL representation for module `\RAM16X2S'.
Generating RTLIL representation for module `\RAM32X2S'.
Generating RTLIL representation for module `\RAM64X2S'.
Generating RTLIL representation for module `\RAM16X4S'.
Generating RTLIL representation for module `\RAM32X4S'.
Generating RTLIL representation for module `\RAM16X8S'.
Generating RTLIL representation for module `\RAM32X8S'.
Generating RTLIL representation for module `\RAM16X1D'.
Generating RTLIL representation for module `\RAM16X1D_1'.
Generating RTLIL representation for module `\RAM32X1D'.
Generating RTLIL representation for module `\RAM32X1D_1'.
Generating RTLIL representation for module `\RAM64X1D'.
Generating RTLIL representation for module `\RAM64X1D_1'.
Generating RTLIL representation for module `\RAM128X1D'.
Generating RTLIL representation for module `\RAM256X1D'.
Generating RTLIL representation for module `\RAM32M'.
Generating RTLIL representation for module `\RAM32M16'.
Generating RTLIL representation for module `\RAM64M'.
Generating RTLIL representation for module `\RAM64M8'.
Generating RTLIL representation for module `\RAM32X16DR8'.
Generating RTLIL representation for module `\RAM64X8SW'.
Generating RTLIL representation for module `\ROM16X1'.
Generating RTLIL representation for module `\ROM32X1'.
Generating RTLIL representation for module `\ROM64X1'.
Generating RTLIL representation for module `\ROM128X1'.
Generating RTLIL representation for module `\ROM256X1'.
Generating RTLIL representation for module `\SRL16'.
Generating RTLIL representation for module `\SRL16E'.
Generating RTLIL representation for module `\SRLC16'.
Generating RTLIL representation for module `\SRLC16E'.
Generating RTLIL representation for module `\SRLC32E'.
Generating RTLIL representation for module `\CFGLUT5'.
Generating RTLIL representation for module `\MULT18X18'.
Generating RTLIL representation for module `\MULT18X18S'.
Generating RTLIL representation for module `\MULT18X18SIO'.
Generating RTLIL representation for module `\DSP48A'.
Generating RTLIL representation for module `\DSP48A1'.
Generating RTLIL representation for module `\DSP48'.
Generating RTLIL representation for module `\DSP48E1'.
Generating RTLIL representation for module `\RAMB18E1'.
Generating RTLIL representation for module `\RAMB36E1'.
Successfully finished Verilog frontend.

16.2. Executing Verilog-2005 frontend: /usr/bin/../share/yosys/xilinx/cells_xtra.v
Parsing Verilog input from `/usr/bin/../share/yosys/xilinx/cells_xtra.v' to AST representation.
Generating RTLIL representation for module `\RAMB4_S1'.
Generating RTLIL representation for module `\RAMB4_S2'.
Generating RTLIL representation for module `\RAMB4_S4'.
Generating RTLIL representation for module `\RAMB4_S8'.
Generating RTLIL representation for module `\RAMB4_S16'.
Generating RTLIL representation for module `\RAMB4_S1_S1'.
Generating RTLIL representation for module `\RAMB4_S1_S2'.
Generating RTLIL representation for module `\RAMB4_S1_S4'.
Generating RTLIL representation for module `\RAMB4_S1_S8'.
Generating RTLIL representation for module `\RAMB4_S1_S16'.
Generating RTLIL representation for module `\RAMB4_S2_S2'.
Generating RTLIL representation for module `\RAMB4_S2_S4'.
Generating RTLIL representation for module `\RAMB4_S2_S8'.
Generating RTLIL representation for module `\RAMB4_S2_S16'.
Generating RTLIL representation for module `\RAMB4_S4_S4'.
Generating RTLIL representation for module `\RAMB4_S4_S8'.
Generating RTLIL representation for module `\RAMB4_S4_S16'.
Generating RTLIL representation for module `\RAMB4_S8_S8'.
Generating RTLIL representation for module `\RAMB4_S8_S16'.
Generating RTLIL representation for module `\RAMB4_S16_S16'.
Generating RTLIL representation for module `\RAMB16_S1'.
Generating RTLIL representation for module `\RAMB16_S2'.
Generating RTLIL representation for module `\RAMB16_S4'.
Generating RTLIL representation for module `\RAMB16_S9'.
Generating RTLIL representation for module `\RAMB16_S18'.
Generating RTLIL representation for module `\RAMB16_S36'.
Generating RTLIL representation for module `\RAMB16_S1_S1'.
Generating RTLIL representation for module `\RAMB16_S1_S2'.
Generating RTLIL representation for module `\RAMB16_S1_S4'.
Generating RTLIL representation for module `\RAMB16_S1_S9'.
Generating RTLIL representation for module `\RAMB16_S1_S18'.
Generating RTLIL representation for module `\RAMB16_S1_S36'.
Generating RTLIL representation for module `\RAMB16_S2_S2'.
Generating RTLIL representation for module `\RAMB16_S2_S4'.
Generating RTLIL representation for module `\RAMB16_S2_S9'.
Generating RTLIL representation for module `\RAMB16_S2_S18'.
Generating RTLIL representation for module `\RAMB16_S2_S36'.
Generating RTLIL representation for module `\RAMB16_S4_S4'.
Generating RTLIL representation for module `\RAMB16_S4_S9'.
Generating RTLIL representation for module `\RAMB16_S4_S18'.
Generating RTLIL representation for module `\RAMB16_S4_S36'.
Generating RTLIL representation for module `\RAMB16_S9_S9'.
Generating RTLIL representation for module `\RAMB16_S9_S18'.
Generating RTLIL representation for module `\RAMB16_S9_S36'.
Generating RTLIL representation for module `\RAMB16_S18_S18'.
Generating RTLIL representation for module `\RAMB16_S18_S36'.
Generating RTLIL representation for module `\RAMB16_S36_S36'.
Generating RTLIL representation for module `\RAMB16BWE_S18'.
Generating RTLIL representation for module `\RAMB16BWE_S36'.
Generating RTLIL representation for module `\RAMB16BWE_S18_S9'.
Generating RTLIL representation for module `\RAMB16BWE_S18_S18'.
Generating RTLIL representation for module `\RAMB16BWE_S36_S9'.
Generating RTLIL representation for module `\RAMB16BWE_S36_S18'.
Generating RTLIL representation for module `\RAMB16BWE_S36_S36'.
Generating RTLIL representation for module `\RAMB16BWER'.
Generating RTLIL representation for module `\RAMB8BWER'.
Generating RTLIL representation for module `\FIFO16'.
Generating RTLIL representation for module `\RAMB16'.
Generating RTLIL representation for module `\RAMB32_S64_ECC'.
Generating RTLIL representation for module `\FIFO18'.
Generating RTLIL representation for module `\FIFO18_36'.
Generating RTLIL representation for module `\FIFO36'.
Generating RTLIL representation for module `\FIFO36_72'.
Generating RTLIL representation for module `\RAMB18'.
Generating RTLIL representation for module `\RAMB36'.
Generating RTLIL representation for module `\RAMB18SDP'.
Generating RTLIL representation for module `\RAMB36SDP'.
Generating RTLIL representation for module `\FIFO18E1'.
Generating RTLIL representation for module `\FIFO36E1'.
Generating RTLIL representation for module `\FIFO18E2'.
Generating RTLIL representation for module `\FIFO36E2'.
Generating RTLIL representation for module `\RAMB18E2'.
Generating RTLIL representation for module `\RAMB36E2'.
Generating RTLIL representation for module `\URAM288'.
Generating RTLIL representation for module `\URAM288_BASE'.
Generating RTLIL representation for module `\DSP48E'.
Generating RTLIL representation for module `\DSP48E2'.
Generating RTLIL representation for module `\FDDRCPE'.
Generating RTLIL representation for module `\FDDRRSE'.
Generating RTLIL representation for module `\IFDDRCPE'.
Generating RTLIL representation for module `\IFDDRRSE'.
Generating RTLIL representation for module `\OFDDRCPE'.
Generating RTLIL representation for module `\OFDDRRSE'.
Generating RTLIL representation for module `\OFDDRTCPE'.
Generating RTLIL representation for module `\OFDDRTRSE'.
Generating RTLIL representation for module `\IDDR2'.
Generating RTLIL representation for module `\ODDR2'.
Generating RTLIL representation for module `\IDDR'.
Generating RTLIL representation for module `\IDDR_2CLK'.
Generating RTLIL representation for module `\ODDR'.
Generating RTLIL representation for module `\IDELAYCTRL'.
Generating RTLIL representation for module `\IDELAY'.
Generating RTLIL representation for module `\ISERDES'.
Generating RTLIL representation for module `\OSERDES'.
Generating RTLIL representation for module `\IODELAY'.
Generating RTLIL representation for module `\ISERDES_NODELAY'.
Generating RTLIL representation for module `\IODELAYE1'.
Generating RTLIL representation for module `\ISERDESE1'.
Generating RTLIL representation for module `\OSERDESE1'.
Generating RTLIL representation for module `\IDELAYE2'.
Generating RTLIL representation for module `\ODELAYE2'.
Generating RTLIL representation for module `\ISERDESE2'.
Generating RTLIL representation for module `\OSERDESE2'.
Generating RTLIL representation for module `\PHASER_IN'.
Generating RTLIL representation for module `\PHASER_IN_PHY'.
Generating RTLIL representation for module `\PHASER_OUT'.
Generating RTLIL representation for module `\PHASER_OUT_PHY'.
Generating RTLIL representation for module `\PHASER_REF'.
Generating RTLIL representation for module `\PHY_CONTROL'.
Generating RTLIL representation for module `\IDDRE1'.
Generating RTLIL representation for module `\ODDRE1'.
Generating RTLIL representation for module `\IDELAYE3'.
Generating RTLIL representation for module `\ODELAYE3'.
Generating RTLIL representation for module `\ISERDESE3'.
Generating RTLIL representation for module `\OSERDESE3'.
Generating RTLIL representation for module `\BITSLICE_CONTROL'.
Generating RTLIL representation for module `\RIU_OR'.
Generating RTLIL representation for module `\RX_BITSLICE'.
Generating RTLIL representation for module `\RXTX_BITSLICE'.
Generating RTLIL representation for module `\TX_BITSLICE'.
Generating RTLIL representation for module `\TX_BITSLICE_TRI'.
Generating RTLIL representation for module `\IODELAY2'.
Generating RTLIL representation for module `\IODRP2'.
Generating RTLIL representation for module `\IODRP2_MCB'.
Generating RTLIL representation for module `\ISERDES2'.
Generating RTLIL representation for module `\OSERDES2'.
Generating RTLIL representation for module `\IBUF_DLY_ADJ'.
Generating RTLIL representation for module `\IBUF_IBUFDISABLE'.
Generating RTLIL representation for module `\IBUF_INTERMDISABLE'.
Generating RTLIL representation for module `\IBUF_ANALOG'.
Generating RTLIL representation for module `\IBUFE3'.
Generating RTLIL representation for module `\IBUFDS'.
Generating RTLIL representation for module `\IBUFDS_DLY_ADJ'.
Generating RTLIL representation for module `\IBUFDS_IBUFDISABLE'.
Generating RTLIL representation for module `\IBUFDS_INTERMDISABLE'.
Generating RTLIL representation for module `\IBUFDS_DIFF_OUT'.
Generating RTLIL representation for module `\IBUFDS_DIFF_OUT_IBUFDISABLE'.
Generating RTLIL representation for module `\IBUFDS_DIFF_OUT_INTERMDISABLE'.
Generating RTLIL representation for module `\IBUFDSE3'.
Generating RTLIL representation for module `\IBUFDS_DPHY'.
Generating RTLIL representation for module `\IBUFGDS'.
Generating RTLIL representation for module `\IBUFGDS_DIFF_OUT'.
Generating RTLIL representation for module `\IOBUF_DCIEN'.
Generating RTLIL representation for module `\IOBUF_INTERMDISABLE'.
Generating RTLIL representation for module `\IOBUFE3'.
Generating RTLIL representation for module `\IOBUFDS'.
Generating RTLIL representation for module `\IOBUFDS_DCIEN'.
Generating RTLIL representation for module `\IOBUFDS_INTERMDISABLE'.
Generating RTLIL representation for module `\IOBUFDS_DIFF_OUT'.
Generating RTLIL representation for module `\IOBUFDS_DIFF_OUT_DCIEN'.
Generating RTLIL representation for module `\IOBUFDS_DIFF_OUT_INTERMDISABLE'.
Generating RTLIL representation for module `\IOBUFDSE3'.
Generating RTLIL representation for module `\OBUFDS'.
Generating RTLIL representation for module `\OBUFDS_DPHY'.
Generating RTLIL representation for module `\OBUFTDS'.
Generating RTLIL representation for module `\KEEPER'.
Generating RTLIL representation for module `\PULLDOWN'.
Generating RTLIL representation for module `\PULLUP'.
Generating RTLIL representation for module `\DCIRESET'.
Generating RTLIL representation for module `\HPIO_VREF'.
Generating RTLIL representation for module `\BUFGCE'.
Generating RTLIL representation for module `\BUFGCE_1'.
Generating RTLIL representation for module `\BUFGMUX'.
Generating RTLIL representation for module `\BUFGMUX_1'.
Generating RTLIL representation for module `\BUFGMUX_CTRL'.
Generating RTLIL representation for module `\BUFGMUX_VIRTEX4'.
Generating RTLIL representation for module `\BUFG_GT'.
Generating RTLIL representation for module `\BUFG_GT_SYNC'.
Generating RTLIL representation for module `\BUFG_PS'.
Generating RTLIL representation for module `\BUFGCE_DIV'.
Generating RTLIL representation for module `\BUFH'.
Generating RTLIL representation for module `\BUFIO2'.
Generating RTLIL representation for module `\BUFIO2_2CLK'.
Generating RTLIL representation for module `\BUFIO2FB'.
Generating RTLIL representation for module `\BUFPLL'.
Generating RTLIL representation for module `\BUFPLL_MCB'.
Generating RTLIL representation for module `\BUFIO'.
Generating RTLIL representation for module `\BUFIODQS'.
Generating RTLIL representation for module `\BUFR'.
Generating RTLIL representation for module `\BUFMR'.
Generating RTLIL representation for module `\BUFMRCE'.
Generating RTLIL representation for module `\DCM'.
Generating RTLIL representation for module `\DCM_SP'.
Generating RTLIL representation for module `\DCM_CLKGEN'.
Generating RTLIL representation for module `\DCM_ADV'.
Generating RTLIL representation for module `\DCM_BASE'.
Generating RTLIL representation for module `\DCM_PS'.
Generating RTLIL representation for module `\PMCD'.
Generating RTLIL representation for module `\PLL_ADV'.
Generating RTLIL representation for module `\PLL_BASE'.
Generating RTLIL representation for module `\MMCM_ADV'.
Generating RTLIL representation for module `\MMCM_BASE'.
Generating RTLIL representation for module `\MMCME2_ADV'.
Generating RTLIL representation for module `\MMCME2_BASE'.
Generating RTLIL representation for module `\PLLE2_ADV'.
Generating RTLIL representation for module `\PLLE2_BASE'.
Generating RTLIL representation for module `\MMCME3_ADV'.
Generating RTLIL representation for module `\MMCME3_BASE'.
Generating RTLIL representation for module `\PLLE3_ADV'.
Generating RTLIL representation for module `\PLLE3_BASE'.
Generating RTLIL representation for module `\MMCME4_ADV'.
Generating RTLIL representation for module `\MMCME4_BASE'.
Generating RTLIL representation for module `\PLLE4_ADV'.
Generating RTLIL representation for module `\PLLE4_BASE'.
Generating RTLIL representation for module `\BUFT'.
Generating RTLIL representation for module `\IN_FIFO'.
Generating RTLIL representation for module `\OUT_FIFO'.
Generating RTLIL representation for module `\HARD_SYNC'.
Generating RTLIL representation for module `\STARTUP_SPARTAN3'.
Generating RTLIL representation for module `\STARTUP_SPARTAN3E'.
Generating RTLIL representation for module `\STARTUP_SPARTAN3A'.
Generating RTLIL representation for module `\STARTUP_SPARTAN6'.
Generating RTLIL representation for module `\STARTUP_VIRTEX4'.
Generating RTLIL representation for module `\STARTUP_VIRTEX5'.
Generating RTLIL representation for module `\STARTUP_VIRTEX6'.
Generating RTLIL representation for module `\STARTUPE2'.
Generating RTLIL representation for module `\STARTUPE3'.
Generating RTLIL representation for module `\CAPTURE_SPARTAN3'.
Generating RTLIL representation for module `\CAPTURE_SPARTAN3A'.
Generating RTLIL representation for module `\CAPTURE_VIRTEX4'.
Generating RTLIL representation for module `\CAPTURE_VIRTEX5'.
Generating RTLIL representation for module `\CAPTURE_VIRTEX6'.
Generating RTLIL representation for module `\CAPTUREE2'.
Generating RTLIL representation for module `\ICAP_SPARTAN3A'.
Generating RTLIL representation for module `\ICAP_SPARTAN6'.
Generating RTLIL representation for module `\ICAP_VIRTEX4'.
Generating RTLIL representation for module `\ICAP_VIRTEX5'.
Generating RTLIL representation for module `\ICAP_VIRTEX6'.
Generating RTLIL representation for module `\ICAPE2'.
Generating RTLIL representation for module `\ICAPE3'.
Generating RTLIL representation for module `\BSCAN_SPARTAN3'.
Generating RTLIL representation for module `\BSCAN_SPARTAN3A'.
Generating RTLIL representation for module `\BSCAN_SPARTAN6'.
Generating RTLIL representation for module `\BSCAN_VIRTEX4'.
Generating RTLIL representation for module `\BSCAN_VIRTEX5'.
Generating RTLIL representation for module `\BSCAN_VIRTEX6'.
Generating RTLIL representation for module `\BSCANE2'.
Generating RTLIL representation for module `\DNA_PORT'.
Generating RTLIL representation for module `\DNA_PORTE2'.
Generating RTLIL representation for module `\FRAME_ECC_VIRTEX4'.
Generating RTLIL representation for module `\FRAME_ECC_VIRTEX5'.
Generating RTLIL representation for module `\FRAME_ECC_VIRTEX6'.
Generating RTLIL representation for module `\FRAME_ECCE2'.
Generating RTLIL representation for module `\FRAME_ECCE3'.
Generating RTLIL representation for module `\FRAME_ECCE4'.
Generating RTLIL representation for module `\USR_ACCESS_VIRTEX4'.
Generating RTLIL representation for module `\USR_ACCESS_VIRTEX5'.
Generating RTLIL representation for module `\USR_ACCESS_VIRTEX6'.
Generating RTLIL representation for module `\USR_ACCESSE2'.
Generating RTLIL representation for module `\POST_CRC_INTERNAL'.
Generating RTLIL representation for module `\SUSPEND_SYNC'.
Generating RTLIL representation for module `\KEY_CLEAR'.
Generating RTLIL representation for module `\MASTER_JTAG'.
Generating RTLIL representation for module `\SPI_ACCESS'.
Generating RTLIL representation for module `\EFUSE_USR'.
Generating RTLIL representation for module `\SYSMON'.
Generating RTLIL representation for module `\XADC'.
Generating RTLIL representation for module `\SYSMONE1'.
Generating RTLIL representation for module `\SYSMONE4'.
Generating RTLIL representation for module `\GTPA1_DUAL'.
Generating RTLIL representation for module `\GT11_CUSTOM'.
Generating RTLIL representation for module `\GT11_DUAL'.
Generating RTLIL representation for module `\GT11CLK'.
Generating RTLIL representation for module `\GT11CLK_MGT'.
Generating RTLIL representation for module `\GTP_DUAL'.
Generating RTLIL representation for module `\GTX_DUAL'.
Generating RTLIL representation for module `\CRC32'.
Generating RTLIL representation for module `\CRC64'.
Generating RTLIL representation for module `\GTHE1_QUAD'.
Generating RTLIL representation for module `\GTXE1'.
Generating RTLIL representation for module `\IBUFDS_GTXE1'.
Generating RTLIL representation for module `\IBUFDS_GTHE1'.
Generating RTLIL representation for module `\GTHE2_CHANNEL'.
Generating RTLIL representation for module `\GTHE2_COMMON'.
Generating RTLIL representation for module `\GTPE2_CHANNEL'.
Generating RTLIL representation for module `\GTPE2_COMMON'.
Generating RTLIL representation for module `\GTXE2_CHANNEL'.
Generating RTLIL representation for module `\GTXE2_COMMON'.
Generating RTLIL representation for module `\IBUFDS_GTE2'.
Generating RTLIL representation for module `\GTHE3_CHANNEL'.
Generating RTLIL representation for module `\GTHE3_COMMON'.
Generating RTLIL representation for module `\GTYE3_CHANNEL'.
Generating RTLIL representation for module `\GTYE3_COMMON'.
Generating RTLIL representation for module `\IBUFDS_GTE3'.
Generating RTLIL representation for module `\OBUFDS_GTE3'.
Generating RTLIL representation for module `\OBUFDS_GTE3_ADV'.
Generating RTLIL representation for module `\GTHE4_CHANNEL'.
Generating RTLIL representation for module `\GTHE4_COMMON'.
Generating RTLIL representation for module `\GTYE4_CHANNEL'.
Generating RTLIL representation for module `\GTYE4_COMMON'.
Generating RTLIL representation for module `\IBUFDS_GTE4'.
Generating RTLIL representation for module `\OBUFDS_GTE4'.
Generating RTLIL representation for module `\OBUFDS_GTE4_ADV'.
Generating RTLIL representation for module `\GTM_DUAL'.
Generating RTLIL representation for module `\IBUFDS_GTM'.
Generating RTLIL representation for module `\OBUFDS_GTM'.
Generating RTLIL representation for module `\OBUFDS_GTM_ADV'.
Generating RTLIL representation for module `\HSDAC'.
Generating RTLIL representation for module `\HSADC'.
Generating RTLIL representation for module `\RFDAC'.
Generating RTLIL representation for module `\RFADC'.
Generating RTLIL representation for module `\PCIE_A1'.
Generating RTLIL representation for module `\PCIE_EP'.
Generating RTLIL representation for module `\PCIE_2_0'.
Generating RTLIL representation for module `\PCIE_2_1'.
Generating RTLIL representation for module `\PCIE_3_0'.
Generating RTLIL representation for module `\PCIE_3_1'.
Generating RTLIL representation for module `\PCIE40E4'.
Generating RTLIL representation for module `\PCIE4CE4'.
Generating RTLIL representation for module `\EMAC'.
Generating RTLIL representation for module `\TEMAC'.
Generating RTLIL representation for module `\TEMAC_SINGLE'.
Generating RTLIL representation for module `\CMAC'.
Generating RTLIL representation for module `\CMACE4'.
Generating RTLIL representation for module `\MCB'.
Generating RTLIL representation for module `\HBM_REF_CLK'.
Generating RTLIL representation for module `\HBM_SNGLBLI_INTF_APB'.
Generating RTLIL representation for module `\HBM_SNGLBLI_INTF_AXI'.
Generating RTLIL representation for module `\HBM_ONE_STACK_INTF'.
Generating RTLIL representation for module `\HBM_TWO_STACK_INTF'.
Generating RTLIL representation for module `\PPC405_ADV'.
Generating RTLIL representation for module `\PPC440'.
Generating RTLIL representation for module `\PS7'.
Generating RTLIL representation for module `\PS8'.
Generating RTLIL representation for module `\ILKN'.
Generating RTLIL representation for module `\ILKNE4'.
Generating RTLIL representation for module `\VCU'.
Generating RTLIL representation for module `\FE'.
Successfully finished Verilog frontend.

16.3. Executing HIERARCHY pass (managing design hierarchy).

16.3.1. Analyzing design hierarchy..
Top module:  \soc_pipe

16.3.2. Analyzing design hierarchy..
Top module:  \soc_pipe
Removed 0 unused modules.

16.4. Executing PROC pass (convert processes to netlists).

16.4.1. Executing PROC_CLEAN pass (remove empty switches from decision trees).
Cleaned up 0 empty switches.

16.4.2. Executing PROC_RMDEAD pass (remove dead branches from decision trees).
Marked 1 switch rules as full_case in process $proc$/usr/bin/../share/yosys/xilinx/cells_sim.v:1986$1301 in module RAM64M.
Marked 1 switch rules as full_case in process $proc$/usr/bin/../share/yosys/xilinx/cells_sim.v:1812$1181 in module RAM32M.
Marked 1 switch rules as full_case in process $proc$/usr/bin/../share/yosys/xilinx/cells_sim.v:1716$1128 in module RAM128X1D.
Marked 1 switch rules as full_case in process $proc$/usr/bin/../share/yosys/xilinx/cells_sim.v:1611$1091 in module RAM64X1D.
Marked 1 switch rules as full_case in process $proc$/usr/bin/../share/yosys/xilinx/cells_sim.v:1565$1073 in module RAM32X1D_1.
Marked 1 switch rules as full_case in process $proc$/usr/bin/../share/yosys/xilinx/cells_sim.v:1506$1043 in module RAM32X1D.
Marked 1 switch rules as full_case in process $proc$/usr/bin/../share/yosys/xilinx/cells_sim.v:815$992 in module FDPE_1.
Marked 1 switch rules as full_case in process $proc$/usr/bin/../share/yosys/xilinx/cells_sim.v:774$989 in module FDPE.
Marked 1 switch rules as full_case in process $proc$/usr/bin/../share/yosys/xilinx/cells_sim.v:736$974 in module FDCE_1.
Marked 1 switch rules as full_case in process $proc$/usr/bin/../share/yosys/xilinx/cells_sim.v:695$971 in module FDCE.
Marked 1 switch rules as full_case in process $proc$/usr/bin/../share/yosys/xilinx/cells_sim.v:592$956 in module FDSE_1.
Marked 1 switch rules as full_case in process $proc$/usr/bin/../share/yosys/xilinx/cells_sim.v:559$952 in module FDSE.
Marked 1 switch rules as full_case in process $proc$/usr/bin/../share/yosys/xilinx/cells_sim.v:527$934 in module FDRE_1.
Marked 1 switch rules as full_case in process $proc$/usr/bin/../share/yosys/xilinx/cells_sim.v:494$930 in module FDRE.
Marked 1 switch rules as full_case in process $flatten\u_dotp.$proc$rtl/custom/dotp.sv:60$158 in module soc_pipe.
Marked 1 switch rules as full_case in process $flatten\u_dotp.$proc$rtl/custom/dotp.sv:0$161 in module soc_pipe.
Marked 1 switch rules as full_case in process $flatten\u_timer.$proc$rtl/periph/timer.sv:28$113 in module soc_pipe.
Marked 1 switch rules as full_case in process $flatten\u_timer.$proc$rtl/periph/timer.sv:0$118 in module soc_pipe.
Marked 1 switch rules as full_case in process $flatten\u_uart.$proc$rtl/periph/uart.sv:47$292 in module soc_pipe.
Marked 1 switch rules as full_case in process $flatten\u_uart.$proc$rtl/periph/uart.sv:68$307 in module soc_pipe.
Marked 1 switch rules as full_case in process $flatten\u_uart.$proc$rtl/periph/uart.sv:0$309 in module soc_pipe.
Marked 4 switch rules as full_case in process $flatten\u_uart.\u_tx.$proc$rtl/periph/uart_tx.sv:21$258 in module soc_pipe.
Marked 7 switch rules as full_case in process $flatten\u_uart.\u_rx.$proc$rtl/periph/uart_rx.sv:30$245 in module soc_pipe.
Marked 1 switch rules as full_case in process $flatten\u_uart.\u_rx.$proc$rtl/periph/uart_rx.sv:13$243 in module soc_pipe.
Marked 4 switch rules as full_case in process $flatten\u_core.$proc$rtl/core/core_pipe.sv:0$310 in module soc_pipe.
Marked 1 switch rules as full_case in process $flatten\u_core.$proc$rtl/core/core_pipe.sv:0$331 in module soc_pipe.
Marked 1 switch rules as full_case in process $flatten\u_core.$proc$rtl/core/core_pipe.sv:0$333 in module soc_pipe.
Marked 3 switch rules as full_case in process $flatten\u_core.$proc$rtl/core/core_pipe.sv:0$371 in module soc_pipe.
Marked 4 switch rules as full_case in process $flatten\u_core.$proc$rtl/core/core_pipe.sv:249$374 in module soc_pipe.
Removed 2 dead cases from process $flatten\u_core.\u_dec.$proc$rtl/core/decoder.sv:0$40 in module soc_pipe.
Marked 24 switch rules as full_case in process $flatten\u_core.\u_dec.$proc$rtl/core/decoder.sv:0$40 in module soc_pipe.
Marked 1 switch rules as full_case in process $flatten\u_core.\u_imm.$proc$rtl/core/imm_gen.sv:0$39 in module soc_pipe.
Marked 4 switch rules as full_case in process $flatten\u_core.\u_rf.$proc$rtl/core/regfile.sv:0$285 in module soc_pipe.
Marked 1 switch rules as full_case in process $flatten\u_core.\u_rf.$proc$rtl/core/regfile.sv:32$266 in module soc_pipe.
Marked 1 switch rules as full_case in process $flatten\u_core.\u_alu.$proc$rtl/core/alu.sv:0$4 in module soc_pipe.
Marked 1 switch rules as full_case in process $proc$rtl/soc/soc_pipe.sv:138$240 in module soc_pipe.
Marked 1 switch rules as full_case in process $proc$rtl/soc/soc_pipe.sv:0$239 in module soc_pipe.
Removed a total of 2 dead cases.

16.4.3. Executing PROC_PRUNE pass (remove redundant assignments in processes).
Removed 25 redundant assignments.
Promoted 91 assignments to connections.

16.4.4. Executing PROC_INIT pass (extract init attributes).
Found init rule in `\SRLC32E.$proc$/usr/bin/../share/yosys/xilinx/cells_sim.v:2405$1430'.
  Set init value: \r = 0
Found init rule in `\SRLC16E.$proc$/usr/bin/../share/yosys/xilinx/cells_sim.v:2361$1423'.
  Set init value: \r = 16'0000000000000000
Found init rule in `\SRLC16.$proc$/usr/bin/../share/yosys/xilinx/cells_sim.v:2329$1416'.
  Set init value: \r = 16'0000000000000000
Found init rule in `\SRL16E.$proc$/usr/bin/../share/yosys/xilinx/cells_sim.v:2292$1413'.
  Set init value: \r = 16'0000000000000000
Found init rule in `\SRL16.$proc$/usr/bin/../share/yosys/xilinx/cells_sim.v:2264$1406'.
  Set init value: \r = 16'0000000000000000
Found init rule in `\RAM64M.$proc$/usr/bin/../share/yosys/xilinx/cells_sim.v:1980$1379'.
  Set init value: \mem_d = 64'0000000000000000000000000000000000000000000000000000000000000000
Found init rule in `\RAM64M.$proc$/usr/bin/../share/yosys/xilinx/cells_sim.v:1979$1378'.
  Set init value: \mem_c = 64'0000000000000000000000000000000000000000000000000000000000000000
Found init rule in `\RAM64M.$proc$/usr/bin/../share/yosys/xilinx/cells_sim.v:1978$1377'.
  Set init value: \mem_b = 64'0000000000000000000000000000000000000000000000000000000000000000
Found init rule in `\RAM64M.$proc$/usr/bin/../share/yosys/xilinx/cells_sim.v:1977$1376'.
  Set init value: \mem_a = 64'0000000000000000000000000000000000000000000000000000000000000000
Found init rule in `\RAM32M.$proc$/usr/bin/../share/yosys/xilinx/cells_sim.v:1806$1279'.
  Set init value: \mem_d = 64'0000000000000000000000000000000000000000000000000000000000000000
Found init rule in `\RAM32M.$proc$/usr/bin/../share/yosys/xilinx/cells_sim.v:1805$1278'.
  Set init value: \mem_c = 64'0000000000000000000000000000000000000000000000000000000000000000
Found init rule in `\RAM32M.$proc$/usr/bin/../share/yosys/xilinx/cells_sim.v:1804$1277'.
  Set init value: \mem_b = 64'0000000000000000000000000000000000000000000000000000000000000000
Found init rule in `\RAM32M.$proc$/usr/bin/../share/yosys/xilinx/cells_sim.v:1803$1276'.
  Set init value: \mem_a = 64'0000000000000000000000000000000000000000000000000000000000000000
Found init rule in `\RAM128X1D.$proc$/usr/bin/../share/yosys/xilinx/cells_sim.v:1712$1158'.
  Set init value: \mem = 128'00000000000000000000000000000000000000000000000000000000000000000000000000000000000000000000000000000000000000000000000000000000
Found init rule in `\RAM64X1D.$proc$/usr/bin/../share/yosys/xilinx/cells_sim.v:1607$1121'.
  Set init value: \mem = 64'0000000000000000000000000000000000000000000000000000000000000000
Found init rule in `\RAM32X1D_1.$proc$/usr/bin/../share/yosys/xilinx/cells_sim.v:1561$1085'.
  Set init value: \mem = 0
Found init rule in `\RAM32X1D.$proc$/usr/bin/../share/yosys/xilinx/cells_sim.v:1502$1067'.
  Set init value: \mem = 0
Found init rule in `\FDPE_1.$proc$/usr/bin/../share/yosys/xilinx/cells_sim.v:0$995'.
  Set init value: \Q = 1'1
Found init rule in `\FDPE.$proc$/usr/bin/../share/yosys/xilinx/cells_sim.v:0$991'.
  Set init value: \Q = 1'1
Found init rule in `\FDCE_1.$proc$/usr/bin/../share/yosys/xilinx/cells_sim.v:0$977'.
  Set init value: \Q = 1'0
Found init rule in `\FDCE.$proc$/usr/bin/../share/yosys/xilinx/cells_sim.v:0$973'.
  Set init value: \Q = 1'0
Found init rule in `\FDSE_1.$proc$/usr/bin/../share/yosys/xilinx/cells_sim.v:0$959'.
  Set init value: \Q = 1'1
Found init rule in `\FDSE.$proc$/usr/bin/../share/yosys/xilinx/cells_sim.v:0$955'.
  Set init value: \Q = 1'1
Found init rule in `\FDRE_1.$proc$/usr/bin/../share/yosys/xilinx/cells_sim.v:0$937'.
  Set init value: \Q = 1'0
Found init rule in `\FDRE.$proc$/usr/bin/../share/yosys/xilinx/cells_sim.v:0$933'.
  Set init value: \Q = 1'0

16.4.5. Executing PROC_ARST pass (detect async resets in processes).
Found async reset \PRE in `\FDPE_1.$proc$/usr/bin/../share/yosys/xilinx/cells_sim.v:815$992'.
Found async reset \PRE in `\FDPE.$proc$/usr/bin/../share/yosys/xilinx/cells_sim.v:774$989'.
Found async reset \CLR in `\FDCE_1.$proc$/usr/bin/../share/yosys/xilinx/cells_sim.v:736$974'.
Found async reset \CLR in `\FDCE.$proc$/usr/bin/../share/yosys/xilinx/cells_sim.v:695$971'.
Found async reset \u_dotp.rst_n in `\soc_pipe.$flatten\u_dotp.$proc$rtl/custom/dotp.sv:60$158'.
Found async reset \u_timer.rst_n in `\soc_pipe.$flatten\u_timer.$proc$rtl/periph/timer.sv:28$113'.
Found async reset \u_uart.rst_n in `\soc_pipe.$flatten\u_uart.$proc$rtl/periph/uart.sv:47$292'.
Found async reset \u_uart.rst_n in `\soc_pipe.$flatten\u_uart.$proc$rtl/periph/uart.sv:68$307'.
Found async reset \u_uart.u_tx.rst_n in `\soc_pipe.$flatten\u_uart.\u_tx.$proc$rtl/periph/uart_tx.sv:21$258'.
Found async reset \u_uart.u_rx.rst_n in `\soc_pipe.$flatten\u_uart.\u_rx.$proc$rtl/periph/uart_rx.sv:30$245'.
Found async reset \u_uart.u_rx.rst_n in `\soc_pipe.$flatten\u_uart.\u_rx.$proc$rtl/periph/uart_rx.sv:13$243'.
Found async reset \u_core.rst_n in `\soc_pipe.$flatten\u_core.$proc$rtl/core/core_pipe.sv:249$374'.
Found async reset \rst_n in `\soc_pipe.$proc$rtl/soc/soc_pipe.sv:138$240'.

16.4.6. Executing PROC_ROM pass (convert switches to ROMs).
Converted 0 switches.
<suppressed ~95 debug messages>

16.4.7. Executing PROC_MUX pass (convert decision trees to multiplexers).
Creating decoders for process `\SRLC32E.$proc$/usr/bin/../share/yosys/xilinx/cells_sim.v:2405$1430'.
Creating decoders for process `\SRLC32E.$proc$/usr/bin/../share/yosys/xilinx/cells_sim.v:2413$1429'.
     1/1: $0\r[31:0]
Creating decoders for process `\SRLC16E.$proc$/usr/bin/../share/yosys/xilinx/cells_sim.v:2361$1423'.
Creating decoders for process `\SRLC16E.$proc$/usr/bin/../share/yosys/xilinx/cells_sim.v:2369$1422'.
     1/1: $0\r[15:0]
Creating decoders for process `\SRLC16.$proc$/usr/bin/../share/yosys/xilinx/cells_sim.v:2329$1416'.
Creating decoders for process `\SRLC16.$proc$/usr/bin/../share/yosys/xilinx/cells_sim.v:2332$1415'.
Creating decoders for process `\SRL16E.$proc$/usr/bin/../share/yosys/xilinx/cells_sim.v:2292$1413'.
Creating decoders for process `\SRL16E.$proc$/usr/bin/../share/yosys/xilinx/cells_sim.v:2299$1412'.
     1/1: $0\r[15:0]
Creating decoders for process `\SRL16.$proc$/usr/bin/../share/yosys/xilinx/cells_sim.v:2264$1406'.
Creating decoders for process `\SRL16.$proc$/usr/bin/../share/yosys/xilinx/cells_sim.v:2266$1405'.
Creating decoders for process `\RAM64M.$proc$/usr/bin/../share/yosys/xilinx/cells_sim.v:1980$1379'.
Creating decoders for process `\RAM64M.$proc$/usr/bin/../share/yosys/xilinx/cells_sim.v:1979$1378'.
Creating decoders for process `\RAM64M.$proc$/usr/bin/../share/yosys/xilinx/cells_sim.v:1978$1377'.
Creating decoders for process `\RAM64M.$proc$/usr/bin/../share/yosys/xilinx/cells_sim.v:1977$1376'.
Creating decoders for process `\RAM64M.$proc$/usr/bin/../share/yosys/xilinx/cells_sim.v:1986$1301'.
     1/8: $1$lookahead\mem_d$1300[63:0]$1317
     2/8: $1$bitselwrite$pos$/usr/bin/../share/yosys/xilinx/cells_sim.v:1991$1291[5:0]$1313
     3/8: $1$lookahead\mem_c$1299[63:0]$1316
     4/8: $1$bitselwrite$pos$/usr/bin/../share/yosys/xilinx/cells_sim.v:1990$1290[5:0]$1312
     5/8: $1$lookahead\mem_b$1298[63:0]$1315
     6/8: $1$bitselwrite$pos$/usr/bin/../share/yosys/xilinx/cells_sim.v:1989$1289[5:0]$1311
     7/8: $1$lookahead\mem_a$1297[63:0]$1314
     8/8: $1$bitselwrite$pos$/usr/bin/../share/yosys/xilinx/cells_sim.v:1988$1288[5:0]$1310
Creating decoders for process `\RAM32M.$proc$/usr/bin/../share/yosys/xilinx/cells_sim.v:1806$1279'.
Creating decoders for process `\RAM32M.$proc$/usr/bin/../share/yosys/xilinx/cells_sim.v:1805$1278'.
Creating decoders for process `\RAM32M.$proc$/usr/bin/../share/yosys/xilinx/cells_sim.v:1804$1277'.
Creating decoders for process `\RAM32M.$proc$/usr/bin/../share/yosys/xilinx/cells_sim.v:1803$1276'.
Creating decoders for process `\RAM32M.$proc$/usr/bin/../share/yosys/xilinx/cells_sim.v:1812$1181'.
     1/8: $1$lookahead\mem_d$1180[63:0]$1190
     2/8: $1$bitselwrite$pos$/usr/bin/../share/yosys/xilinx/cells_sim.v:1817$1163[31:0]$1195
     3/8: $1$lookahead\mem_c$1179[63:0]$1191
     4/8: $1$bitselwrite$pos$/usr/bin/../share/yosys/xilinx/cells_sim.v:1816$1162[31:0]$1194
     5/8: $1$lookahead\mem_b$1178[63:0]$1192
     6/8: $1$bitselwrite$pos$/usr/bin/../share/yosys/xilinx/cells_sim.v:1815$1161[31:0]$1196
     7/8: $1$lookahead\mem_a$1177[63:0]$1193
     8/8: $1$bitselwrite$pos$/usr/bin/../share/yosys/xilinx/cells_sim.v:1814$1160[31:0]$1197
Creating decoders for process `\RAM128X1D.$proc$/usr/bin/../share/yosys/xilinx/cells_sim.v:1712$1158'.
Creating decoders for process `\RAM128X1D.$proc$/usr/bin/../share/yosys/xilinx/cells_sim.v:1716$1128'.
     1/2: $1$lookahead\mem$1127[127:0]$1131
     2/2: $1$bitselwrite$pos$/usr/bin/../share/yosys/xilinx/cells_sim.v:1716$1123[6:0]$1132
Creating decoders for process `\RAM64X1D.$proc$/usr/bin/../share/yosys/xilinx/cells_sim.v:1607$1121'.
Creating decoders for process `\RAM64X1D.$proc$/usr/bin/../share/yosys/xilinx/cells_sim.v:1611$1091'.
     1/2: $1$lookahead\mem$1090[63:0]$1095
     2/2: $1$bitselwrite$pos$/usr/bin/../share/yosys/xilinx/cells_sim.v:1611$1086[5:0]$1094
Creating decoders for process `\RAM32X1D_1.$proc$/usr/bin/../share/yosys/xilinx/cells_sim.v:1561$1085'.
Creating decoders for process `\RAM32X1D_1.$proc$/usr/bin/../share/yosys/xilinx/cells_sim.v:1565$1073'.
     1/2: $1$lookahead\mem$1072[31:0]$1077
     2/2: $1$bitselwrite$pos$/usr/bin/../share/yosys/xilinx/cells_sim.v:1565$1068[4:0]$1076
Creating decoders for process `\RAM32X1D.$proc$/usr/bin/../share/yosys/xilinx/cells_sim.v:1502$1067'.
Creating decoders for process `\RAM32X1D.$proc$/usr/bin/../share/yosys/xilinx/cells_sim.v:1506$1043'.
     1/2: $1$lookahead\mem$1042[31:0]$1046
     2/2: $1$bitselwrite$pos$/usr/bin/../share/yosys/xilinx/cells_sim.v:1506$1038[4:0]$1047
Creating decoders for process `\FDPE_1.$proc$/usr/bin/../share/yosys/xilinx/cells_sim.v:0$995'.
Creating decoders for process `\FDPE_1.$proc$/usr/bin/../share/yosys/xilinx/cells_sim.v:815$992'.
     1/1: $0\Q[0:0]
Creating decoders for process `\FDPE.$proc$/usr/bin/../share/yosys/xilinx/cells_sim.v:0$991'.
Creating decoders for process `\FDPE.$proc$/usr/bin/../share/yosys/xilinx/cells_sim.v:774$989'.
     1/1: $0\Q[0:0]
Creating decoders for process `\FDCE_1.$proc$/usr/bin/../share/yosys/xilinx/cells_sim.v:0$977'.
Creating decoders for process `\FDCE_1.$proc$/usr/bin/../share/yosys/xilinx/cells_sim.v:736$974'.
     1/1: $0\Q[0:0]
Creating decoders for process `\FDCE.$proc$/usr/bin/../share/yosys/xilinx/cells_sim.v:0$973'.
Creating decoders for process `\FDCE.$proc$/usr/bin/../share/yosys/xilinx/cells_sim.v:695$971'.
     1/1: $0\Q[0:0]
Creating decoders for process `\FDSE_1.$proc$/usr/bin/../share/yosys/xilinx/cells_sim.v:0$959'.
Creating decoders for process `\FDSE_1.$proc$/usr/bin/../share/yosys/xilinx/cells_sim.v:592$956'.
     1/1: $0\Q[0:0]
Creating decoders for process `\FDSE.$proc$/usr/bin/../share/yosys/xilinx/cells_sim.v:0$955'.
Creating decoders for process `\FDSE.$proc$/usr/bin/../share/yosys/xilinx/cells_sim.v:559$952'.
     1/1: $0\Q[0:0]
Creating decoders for process `\FDRE_1.$proc$/usr/bin/../share/yosys/xilinx/cells_sim.v:0$937'.
Creating decoders for process `\FDRE_1.$proc$/usr/bin/../share/yosys/xilinx/cells_sim.v:527$934'.
     1/1: $0\Q[0:0]
Creating decoders for process `\FDRE.$proc$/usr/bin/../share/yosys/xilinx/cells_sim.v:0$933'.
Creating decoders for process `\FDRE.$proc$/usr/bin/../share/yosys/xilinx/cells_sim.v:494$930'.
     1/1: $0\Q[0:0]
Creating decoders for process `\soc_pipe.$flatten\u_dotp.$proc$rtl/custom/dotp.sv:60$158'.
     1/9: $flatten\u_dotp.$0\b[3][31:0]
     2/9: $flatten\u_dotp.$0\b[2][31:0]
     3/9: $flatten\u_dotp.$0\b[1][31:0]
     4/9: $flatten\u_dotp.$0\b[0][31:0]
     5/9: $flatten\u_dotp.$0\a[3][31:0]
     6/9: $flatten\u_dotp.$0\a[2][31:0]
     7/9: $flatten\u_dotp.$0\a[1][31:0]
     8/9: $flatten\u_dotp.$0\a[0][31:0]
     9/9: $flatten\u_dotp.$0\result[31:0]
Creating decoders for process `\soc_pipe.$flatten\u_dotp.$proc$rtl/custom/dotp.sv:0$161'.
     1/1: $flatten\u_dotp.$1\rdata[31:0]
Creating decoders for process `\soc_pipe.$flatten\u_timer.$proc$rtl/periph/timer.sv:28$113'.
     1/4: $flatten\u_timer.$0\cnt[31:0]
     2/4: $flatten\u_timer.$0\pending[0:0]
     3/4: $flatten\u_timer.$0\ie[0:0]
     4/4: $flatten\u_timer.$0\cmp[31:0]
Creating decoders for process `\soc_pipe.$flatten\u_timer.$proc$rtl/periph/timer.sv:0$118'.
     1/1: $flatten\u_timer.$1\rdata[31:0]
Creating decoders for process `\soc_pipe.$flatten\u_uart.$proc$rtl/periph/uart.sv:47$292'.
     1/3: $flatten\u_uart.$0\tx_pending[0:0]
     2/3: $flatten\u_uart.$0\tx_hold[7:0]
     3/3: $flatten\u_uart.$0\rx_avail[0:0]
Creating decoders for process `\soc_pipe.$flatten\u_uart.$proc$rtl/periph/uart.sv:68$307'.
     1/1: $flatten\u_uart.$0\rx_hold[7:0]
Creating decoders for process `\soc_pipe.$flatten\u_uart.$proc$rtl/periph/uart.sv:0$309'.
     1/1: $flatten\u_uart.$1\rdata[31:0]
Creating decoders for process `\soc_pipe.$flatten\u_uart.\u_tx.$proc$rtl/periph/uart_tx.sv:21$258'.
     1/4: $flatten\u_uart.\u_tx.$0\baud_cnt[31:0]
     2/4: $flatten\u_uart.\u_tx.$0\active[0:0]
     3/4: $flatten\u_uart.\u_tx.$0\bitpos[3:0]
     4/4: $flatten\u_uart.\u_tx.$0\frame[9:0]
Creating decoders for process `\soc_pipe.$flatten\u_uart.\u_rx.$proc$rtl/periph/uart_rx.sv:30$245'.
     1/6: $flatten\u_uart.\u_rx.$0\ready[0:0]
     2/6: $flatten\u_uart.\u_rx.$0\shreg[7:0]
     3/6: $flatten\u_uart.\u_rx.$0\state[1:0]
     4/6: $flatten\u_uart.\u_rx.$0\baud_cnt[31:0]
     5/6: $flatten\u_uart.\u_rx.$0\bitpos[2:0]
     6/6: $flatten\u_uart.\u_rx.$0\data[7:0]
Creating decoders for process `\soc_pipe.$flatten\u_uart.\u_rx.$proc$rtl/periph/uart_rx.sv:13$243'.
     1/2: $flatten\u_uart.\u_rx.$0\rx_sync[0:0]
     2/2: $flatten\u_uart.\u_rx.$0\rx_meta[0:0]
Creating decoders for process `\soc_pipe.$flatten\u_core.$proc$rtl/core/core_pipe.sv:0$310'.
     1/4: $flatten\u_core.$2\fwd_b[31:0]
     2/4: $flatten\u_core.$2\fwd_a[31:0]
     3/4: $flatten\u_core.$1\fwd_b[31:0]
     4/4: $flatten\u_core.$1\fwd_a[31:0]
Creating decoders for process `\soc_pipe.$flatten\u_core.$proc$rtl/core/core_pipe.sv:0$331'.
     1/1: $flatten\u_core.$1\alu_a[31:0]
Creating decoders for process `\soc_pipe.$flatten\u_core.$proc$rtl/core/core_pipe.sv:0$333'.
     1/1: $flatten\u_core.$1\br_cond[0:0]
Creating decoders for process `\soc_pipe.$flatten\u_core.$proc$rtl/core/core_pipe.sv:0$371'.
     1/3: $flatten\u_core.$3\pc_next[31:0]
     2/3: $flatten\u_core.$2\pc_next[31:0]
     3/3: $flatten\u_core.$1\pc_next[31:0]
Creating decoders for process `\soc_pipe.$flatten\u_core.$proc$rtl/core/core_pipe.sv:249$374'.
     1/40: $flatten\u_core.$0\idex_valid[0:0]
     2/40: $flatten\u_core.$0\ifid_instr[31:0]
     3/40: $flatten\u_core.$0\ifid_pc[31:0]
     4/40: $flatten\u_core.$0\ifid_valid[0:0]
     5/40: $flatten\u_core.$0\memwb_is_mret[0:0]
     6/40: $flatten\u_core.$0\memwb_wb_sel[1:0]
     7/40: $flatten\u_core.$0\memwb_reg_we[0:0]
     8/40: $flatten\u_core.$0\memwb_rd[4:0]
     9/40: $flatten\u_core.$0\memwb_mem_data[31:0]
    10/40: $flatten\u_core.$0\memwb_result[31:0]
    11/40: $flatten\u_core.$0\memwb_valid[0:0]
    12/40: $flatten\u_core.$0\exmem_is_mret[0:0]
    13/40: $flatten\u_core.$0\exmem_wb_sel[1:0]
    14/40: $flatten\u_core.$0\exmem_mem_we[0:0]
    15/40: $flatten\u_core.$0\exmem_reg_we[0:0]
    16/40: $flatten\u_core.$0\exmem_rd[4:0]
    17/40: $flatten\u_core.$0\exmem_store_data[31:0]
    18/40: $flatten\u_core.$0\exmem_result[31:0]
    19/40: $flatten\u_core.$0\exmem_valid[0:0]
    20/40: $flatten\u_core.$0\pc[31:0]
    21/40: $flatten\u_core.$0\idex_br_type[2:0]
    22/40: $flatten\u_core.$0\idex_alu_op[3:0]
    23/40: $flatten\u_core.$0\idex_alu_a_sel[1:0]
    24/40: $flatten\u_core.$0\idex_wb_sel[1:0]
    25/40: $flatten\u_core.$0\idex_is_cus[0:0]
    26/40: $flatten\u_core.$0\idex_is_mret[0:0]
    27/40: $flatten\u_core.$0\idex_jalr[0:0]
    28/40: $flatten\u_core.$0\idex_alu_b_imm[0:0]
    29/40: $flatten\u_core.$0\idex_mem_we[0:0]
    30/40: $flatten\u_core.$0\idex_reg_we[0:0]
    31/40: $flatten\u_core.$0\idex_rs2[4:0]
    32/40: $flatten\u_core.$0\idex_rs1[4:0]
    33/40: $flatten\u_core.$0\idex_rd[4:0]
    34/40: $flatten\u_core.$0\idex_imm[31:0]
    35/40: $flatten\u_core.$0\idex_rs2_val[31:0]
    36/40: $flatten\u_core.$0\idex_rs1_val[31:0]
    37/40: $flatten\u_core.$0\idex_pc[31:0]
    38/40: $flatten\u_core.$0\in_handler[0:0]
    39/40: $flatten\u_core.$0\drain[0:0]
    40/40: $flatten\u_core.$0\epc[31:0]
Creating decoders for process `\soc_pipe.$flatten\u_core.\u_dec.$proc$rtl/core/decoder.sv:0$40'.
     1/67: $flatten\u_core.\u_dec.$3\is_cus[0:0]
     2/67: $flatten\u_core.\u_dec.$3\is_mret[0:0]
     3/67: $flatten\u_core.\u_dec.$4\br_type[2:0]
     4/67: $flatten\u_core.\u_dec.$3\mem_we[0:0]
     5/67: $flatten\u_core.\u_dec.$5\reg_we[0:0]
     6/67: $flatten\u_core.\u_dec.$2\is_cus[0:0]
     7/67: $flatten\u_core.\u_dec.$4\wb_sel[1:0]
     8/67: $flatten\u_core.\u_dec.$4\reg_we[0:0]
     9/67: $flatten\u_core.\u_dec.$23\illegal[0:0]
    10/67: $flatten\u_core.\u_dec.$2\is_mret[0:0]
    11/67: $flatten\u_core.\u_dec.$22\illegal[0:0]
    12/67: $flatten\u_core.\u_dec.$21\illegal[0:0]
    13/67: $flatten\u_core.\u_dec.$20\illegal[0:0]
    14/67: $flatten\u_core.\u_dec.$12\alu_op[3:0]
    15/67: $flatten\u_core.\u_dec.$19\illegal[0:0]
    16/67: $flatten\u_core.\u_dec.$11\alu_op[3:0]
    17/67: $flatten\u_core.\u_dec.$18\illegal[0:0]
    18/67: $flatten\u_core.\u_dec.$17\illegal[0:0]
    19/67: $flatten\u_core.\u_dec.$16\illegal[0:0]
    20/67: $flatten\u_core.\u_dec.$15\illegal[0:0]
    21/67: $flatten\u_core.\u_dec.$14\illegal[0:0]
    22/67: $flatten\u_core.\u_dec.$10\alu_op[3:0]
    23/67: $flatten\u_core.\u_dec.$13\illegal[0:0]
    24/67: $flatten\u_core.\u_dec.$9\alu_op[3:0]
    25/67: $flatten\u_core.\u_dec.$12\illegal[0:0]
    26/67: $flatten\u_core.\u_dec.$8\alu_op[3:0]
    27/67: $flatten\u_core.\u_dec.$11\illegal[0:0]
    28/67: $flatten\u_core.\u_dec.$10\illegal[0:0]
    29/67: $flatten\u_core.\u_dec.$7\alu_op[3:0]
    30/67: $flatten\u_core.\u_dec.$6\alu_op[3:0]
    31/67: $flatten\u_core.\u_dec.$9\illegal[0:0]
    32/67: $flatten\u_core.\u_dec.$5\alu_op[3:0]
    33/67: $flatten\u_core.\u_dec.$8\illegal[0:0]
    34/67: $flatten\u_core.\u_dec.$7\illegal[0:0]
    35/67: $flatten\u_core.\u_dec.$4\alu_op[3:0]
    36/67: $flatten\u_core.\u_dec.$6\illegal[0:0]
    37/67: $flatten\u_core.\u_dec.$4\imm_type[2:0]
    38/67: $flatten\u_core.\u_dec.$3\alu_op[3:0]
    39/67: $flatten\u_core.\u_dec.$3\alu_b_imm[0:0]
    40/67: $flatten\u_core.\u_dec.$2\mem_we[0:0]
    41/67: $flatten\u_core.\u_dec.$5\illegal[0:0]
    42/67: $flatten\u_core.\u_dec.$3\imm_type[2:0]
    43/67: $flatten\u_core.\u_dec.$2\alu_op[3:0]
    44/67: $flatten\u_core.\u_dec.$2\alu_b_imm[0:0]
    45/67: $flatten\u_core.\u_dec.$3\wb_sel[1:0]
    46/67: $flatten\u_core.\u_dec.$3\reg_we[0:0]
    47/67: $flatten\u_core.\u_dec.$4\illegal[0:0]
    48/67: $flatten\u_core.\u_dec.$3\br_type[2:0]
    49/67: $flatten\u_core.\u_dec.$3\illegal[0:0]
    50/67: $flatten\u_core.\u_dec.$2\imm_type[2:0]
    51/67: $flatten\u_core.\u_dec.$2\jalr[0:0]
    52/67: $flatten\u_core.\u_dec.$2\br_type[2:0]
    53/67: $flatten\u_core.\u_dec.$2\wb_sel[1:0]
    54/67: $flatten\u_core.\u_dec.$2\reg_we[0:0]
    55/67: $flatten\u_core.\u_dec.$2\illegal[0:0]
    56/67: $flatten\u_core.\u_dec.$1\imm_type[2:0]
    57/67: $flatten\u_core.\u_dec.$1\alu_op[3:0]
    58/67: $flatten\u_core.\u_dec.$1\alu_b_imm[0:0]
    59/67: $flatten\u_core.\u_dec.$1\alu_a_sel[1:0]
    60/67: $flatten\u_core.\u_dec.$1\reg_we[0:0]
    61/67: $flatten\u_core.\u_dec.$1\illegal[0:0]
    62/67: $flatten\u_core.\u_dec.$1\is_cus[0:0]
    63/67: $flatten\u_core.\u_dec.$1\is_mret[0:0]
    64/67: $flatten\u_core.\u_dec.$1\jalr[0:0]
    65/67: $flatten\u_core.\u_dec.$1\br_type[2:0]
    66/67: $flatten\u_core.\u_dec.$1\mem_we[0:0]
    67/67: $flatten\u_core.\u_dec.$1\wb_sel[1:0]
Creating decoders for process `\soc_pipe.$flatten\u_core.\u_imm.$proc$rtl/core/imm_gen.sv:0$39'.
     1/1: $flatten\u_core.\u_imm.$1\imm[31:0]
Creating decoders for process `\soc_pipe.$flatten\u_core.\u_rf.$proc$rtl/core/regfile.sv:0$285'.
     1/4: $flatten\u_core.\u_rf.$2\rdata2[31:0]
     2/4: $flatten\u_core.\u_rf.$1\rdata2[31:0]
     3/4: $flatten\u_core.\u_rf.$2\rdata1[31:0]
     4/4: $flatten\u_core.\u_rf.$1\rdata1[31:0]
Creating decoders for process `\soc_pipe.$flatten\u_core.\u_rf.$proc$rtl/core/regfile.sv:32$266'.
     1/3: $flatten\u_core.\u_rf.$1$memwr$\regs$rtl/core/regfile.sv:34$265_EN[31:0]$274
     2/3: $flatten\u_core.\u_rf.$1$memwr$\regs$rtl/core/regfile.sv:34$265_DATA[31:0]$273
     3/3: $flatten\u_core.\u_rf.$1$memwr$\regs$rtl/core/regfile.sv:34$265_ADDR[4:0]$272
Creating decoders for process `\soc_pipe.$flatten\u_core.\u_alu.$proc$rtl/core/alu.sv:0$4'.
     1/1: $flatten\u_core.\u_alu.$1\y[31:0]
Creating decoders for process `\soc_pipe.$proc$rtl/soc/soc_pipe.sv:138$240'.
     1/2: $0\exit_code[31:0]
     2/2: $0\exit_valid[0:0]
Creating decoders for process `\soc_pipe.$proc$rtl/soc/soc_pipe.sv:0$239'.
     1/1: $1\dmem_rdata[31:0]

16.4.8. Executing PROC_DLATCH pass (convert process syncs to latches).
No latch inferred for signal `\soc_pipe.\u_dotp.rdata' from process `\soc_pipe.$flatten\u_dotp.$proc$rtl/custom/dotp.sv:0$161'.
No latch inferred for signal `\soc_pipe.\u_timer.rdata' from process `\soc_pipe.$flatten\u_timer.$proc$rtl/periph/timer.sv:0$118'.
No latch inferred for signal `\soc_pipe.\u_uart.rdata' from process `\soc_pipe.$flatten\u_uart.$proc$rtl/periph/uart.sv:0$309'.
No latch inferred for signal `\soc_pipe.\u_core.fwd_a' from process `\soc_pipe.$flatten\u_core.$proc$rtl/core/core_pipe.sv:0$310'.
No latch inferred for signal `\soc_pipe.\u_core.fwd_b' from process `\soc_pipe.$flatten\u_core.$proc$rtl/core/core_pipe.sv:0$310'.
No latch inferred for signal `\soc_pipe.\u_core.alu_a' from process `\soc_pipe.$flatten\u_core.$proc$rtl/core/core_pipe.sv:0$331'.
No latch inferred for signal `\soc_pipe.\u_core.br_cond' from process `\soc_pipe.$flatten\u_core.$proc$rtl/core/core_pipe.sv:0$333'.
No latch inferred for signal `\soc_pipe.\u_core.pc_next' from process `\soc_pipe.$flatten\u_core.$proc$rtl/core/core_pipe.sv:0$371'.
No latch inferred for signal `\soc_pipe.\u_core.u_dec.imm_type' from process `\soc_pipe.$flatten\u_core.\u_dec.$proc$rtl/core/decoder.sv:0$40'.
No latch inferred for signal `\soc_pipe.\u_core.u_dec.reg_we' from process `\soc_pipe.$flatten\u_core.\u_dec.$proc$rtl/core/decoder.sv:0$40'.
No latch inferred for signal `\soc_pipe.\u_core.u_dec.wb_sel' from process `\soc_pipe.$flatten\u_core.\u_dec.$proc$rtl/core/decoder.sv:0$40'.
No latch inferred for signal `\soc_pipe.\u_core.u_dec.mem_we' from process `\soc_pipe.$flatten\u_core.\u_dec.$proc$rtl/core/decoder.sv:0$40'.
No latch inferred for signal `\soc_pipe.\u_core.u_dec.alu_a_sel' from process `\soc_pipe.$flatten\u_core.\u_dec.$proc$rtl/core/decoder.sv:0$40'.
No latch inferred for signal `\soc_pipe.\u_core.u_dec.alu_b_imm' from process `\soc_pipe.$flatten\u_core.\u_dec.$proc$rtl/core/decoder.sv:0$40'.
No latch inferred for signal `\soc_pipe.\u_core.u_dec.alu_op' from process `\soc_pipe.$flatten\u_core.\u_dec.$proc$rtl/core/decoder.sv:0$40'.
No latch inferred for signal `\soc_pipe.\u_core.u_dec.br_type' from process `\soc_pipe.$flatten\u_core.\u_dec.$proc$rtl/core/decoder.sv:0$40'.
No latch inferred for signal `\soc_pipe.\u_core.u_dec.jalr' from process `\soc_pipe.$flatten\u_core.\u_dec.$proc$rtl/core/decoder.sv:0$40'.
No latch inferred for signal `\soc_pipe.\u_core.u_dec.is_mret' from process `\soc_pipe.$flatten\u_core.\u_dec.$proc$rtl/core/decoder.sv:0$40'.
No latch inferred for signal `\soc_pipe.\u_core.u_dec.is_cus' from process `\soc_pipe.$flatten\u_core.\u_dec.$proc$rtl/core/decoder.sv:0$40'.
No latch inferred for signal `\soc_pipe.\u_core.u_dec.illegal' from process `\soc_pipe.$flatten\u_core.\u_dec.$proc$rtl/core/decoder.sv:0$40'.
No latch inferred for signal `\soc_pipe.\u_core.u_imm.imm' from process `\soc_pipe.$flatten\u_core.\u_imm.$proc$rtl/core/imm_gen.sv:0$39'.
No latch inferred for signal `\soc_pipe.\u_core.u_rf.rdata1' from process `\soc_pipe.$flatten\u_core.\u_rf.$proc$rtl/core/regfile.sv:0$285'.
No latch inferred for signal `\soc_pipe.\u_core.u_rf.rdata2' from process `\soc_pipe.$flatten\u_core.\u_rf.$proc$rtl/core/regfile.sv:0$285'.
No latch inferred for signal `\soc_pipe.\u_core.u_alu.y' from process `\soc_pipe.$flatten\u_core.\u_alu.$proc$rtl/core/alu.sv:0$4'.
No latch inferred for signal `\soc_pipe.\dmem_rdata' from process `\soc_pipe.$proc$rtl/soc/soc_pipe.sv:0$239'.

16.4.9. Executing PROC_DFF pass (convert process syncs to FFs).
Creating register for signal `\SRLC32E.\r' using process `\SRLC32E.$proc$/usr/bin/../share/yosys/xilinx/cells_sim.v:2413$1429'.
  created $dff cell `$procdff$2759' with positive edge clock.
Creating register for signal `\SRLC16E.\r' using process `\SRLC16E.$proc$/usr/bin/../share/yosys/xilinx/cells_sim.v:2369$1422'.
  created $dff cell `$procdff$2760' with positive edge clock.
Creating register for signal `\SRLC16.\r' using process `\SRLC16.$proc$/usr/bin/../share/yosys/xilinx/cells_sim.v:2332$1415'.
  created $dff cell `$procdff$2761' with positive edge clock.
Creating register for signal `\SRL16E.\r' using process `\SRL16E.$proc$/usr/bin/../share/yosys/xilinx/cells_sim.v:2299$1412'.
  created $dff cell `$procdff$2762' with positive edge clock.
Creating register for signal `\SRL16.\r' using process `\SRL16.$proc$/usr/bin/../share/yosys/xilinx/cells_sim.v:2266$1405'.
  created $dff cell `$procdff$2763' with positive edge clock.
Creating register for signal `\RAM64M.\mem_a' using process `\RAM64M.$proc$/usr/bin/../share/yosys/xilinx/cells_sim.v:1986$1301'.
  created $dff cell `$procdff$2764' with positive edge clock.
Creating register for signal `\RAM64M.\mem_d' using process `\RAM64M.$proc$/usr/bin/../share/yosys/xilinx/cells_sim.v:1986$1301'.
  created $dff cell `$procdff$2765' with positive edge clock.
Creating register for signal `\RAM64M.\mem_c' using process `\RAM64M.$proc$/usr/bin/../share/yosys/xilinx/cells_sim.v:1986$1301'.
  created $dff cell `$procdff$2766' with positive edge clock.
Creating register for signal `\RAM64M.\mem_b' using process `\RAM64M.$proc$/usr/bin/../share/yosys/xilinx/cells_sim.v:1986$1301'.
  created $dff cell `$procdff$2767' with positive edge clock.
Creating register for signal `\RAM64M.$bitselwrite$pos$/usr/bin/../share/yosys/xilinx/cells_sim.v:1988$1288' using process `\RAM64M.$proc$/usr/bin/../share/yosys/xilinx/cells_sim.v:1986$1301'.
  created $dff cell `$procdff$2768' with positive edge clock.
Creating register for signal `\RAM64M.$bitselwrite$pos$/usr/bin/../share/yosys/xilinx/cells_sim.v:1989$1289' using process `\RAM64M.$proc$/usr/bin/../share/yosys/xilinx/cells_sim.v:1986$1301'.
  created $dff cell `$procdff$2769' with positive edge clock.
Creating register for signal `\RAM64M.$bitselwrite$pos$/usr/bin/../share/yosys/xilinx/cells_sim.v:1990$1290' using process `\RAM64M.$proc$/usr/bin/../share/yosys/xilinx/cells_sim.v:1986$1301'.
  created $dff cell `$procdff$2770' with positive edge clock.
Creating register for signal `\RAM64M.$bitselwrite$pos$/usr/bin/../share/yosys/xilinx/cells_sim.v:1991$1291' using process `\RAM64M.$proc$/usr/bin/../share/yosys/xilinx/cells_sim.v:1986$1301'.
  created $dff cell `$procdff$2771' with positive edge clock.
Creating register for signal `\RAM64M.$lookahead\mem_a$1297' using process `\RAM64M.$proc$/usr/bin/../share/yosys/xilinx/cells_sim.v:1986$1301'.
  created $dff cell `$procdff$2772' with positive edge clock.
Creating register for signal `\RAM64M.$lookahead\mem_b$1298' using process `\RAM64M.$proc$/usr/bin/../share/yosys/xilinx/cells_sim.v:1986$1301'.
  created $dff cell `$procdff$2773' with positive edge clock.
Creating register for signal `\RAM64M.$lookahead\mem_c$1299' using process `\RAM64M.$proc$/usr/bin/../share/yosys/xilinx/cells_sim.v:1986$1301'.
  created $dff cell `$procdff$2774' with positive edge clock.
Creating register for signal `\RAM64M.$lookahead\mem_d$1300' using process `\RAM64M.$proc$/usr/bin/../share/yosys/xilinx/cells_sim.v:1986$1301'.
  created $dff cell `$procdff$2775' with positive edge clock.
Creating register for signal `\RAM32M.$lookahead\mem_d$1180' using process `\RAM32M.$proc$/usr/bin/../share/yosys/xilinx/cells_sim.v:1812$1181'.
  created $dff cell `$procdff$2776' with positive edge clock.
Creating register for signal `\RAM32M.$lookahead\mem_c$1179' using process `\RAM32M.$proc$/usr/bin/../share/yosys/xilinx/cells_sim.v:1812$1181'.
  created $dff cell `$procdff$2777' with positive edge clock.
Creating register for signal `\RAM32M.$lookahead\mem_b$1178' using process `\RAM32M.$proc$/usr/bin/../share/yosys/xilinx/cells_sim.v:1812$1181'.
  created $dff cell `$procdff$2778' with positive edge clock.
Creating register for signal `\RAM32M.$lookahead\mem_a$1177' using process `\RAM32M.$proc$/usr/bin/../share/yosys/xilinx/cells_sim.v:1812$1181'.
  created $dff cell `$procdff$2779' with positive edge clock.
Creating register for signal `\RAM32M.$bitselwrite$pos$/usr/bin/../share/yosys/xilinx/cells_sim.v:1816$1162' using process `\RAM32M.$proc$/usr/bin/../share/yosys/xilinx/cells_sim.v:1812$1181'.
  created $dff cell `$procdff$2780' with positive edge clock.
Creating register for signal `\RAM32M.\mem_a' using process `\RAM32M.$proc$/usr/bin/../share/yosys/xilinx/cells_sim.v:1812$1181'.
  created $dff cell `$procdff$2781' with positive edge clock.
Creating register for signal `\RAM32M.$bitselwrite$pos$/usr/bin/../share/yosys/xilinx/cells_sim.v:1817$1163' using process `\RAM32M.$proc$/usr/bin/../share/yosys/xilinx/cells_sim.v:1812$1181'.
  created $dff cell `$procdff$2782' with positive edge clock.
Creating register for signal `\RAM32M.$bitselwrite$pos$/usr/bin/../share/yosys/xilinx/cells_sim.v:1815$1161' using process `\RAM32M.$proc$/usr/bin/../share/yosys/xilinx/cells_sim.v:1812$1181'.
  created $dff cell `$procdff$2783' with positive edge clock.
Creating register for signal `\RAM32M.$bitselwrite$pos$/usr/bin/../share/yosys/xilinx/cells_sim.v:1814$1160' using process `\RAM32M.$proc$/usr/bin/../share/yosys/xilinx/cells_sim.v:1812$1181'.
  created $dff cell `$procdff$2784' with positive edge clock.
Creating register for signal `\RAM32M.\mem_d' using process `\RAM32M.$proc$/usr/bin/../share/yosys/xilinx/cells_sim.v:1812$1181'.
  created $dff cell `$procdff$2785' with positive edge clock.
Creating register for signal `\RAM32M.\mem_c' using process `\RAM32M.$proc$/usr/bin/../share/yosys/xilinx/cells_sim.v:1812$1181'.
  created $dff cell `$procdff$2786' with positive edge clock.
Creating register for signal `\RAM32M.\mem_b' using process `\RAM32M.$proc$/usr/bin/../share/yosys/xilinx/cells_sim.v:1812$1181'.
  created $dff cell `$procdff$2787' with positive edge clock.
Creating register for signal `\RAM128X1D.$lookahead\mem$1127' using process `\RAM128X1D.$proc$/usr/bin/../share/yosys/xilinx/cells_sim.v:1716$1128'.
  created $dff cell `$procdff$2788' with positive edge clock.
Creating register for signal `\RAM128X1D.$bitselwrite$pos$/usr/bin/../share/yosys/xilinx/cells_sim.v:1716$1123' using process `\RAM128X1D.$proc$/usr/bin/../share/yosys/xilinx/cells_sim.v:1716$1128'.
  created $dff cell `$procdff$2789' with positive edge clock.
Creating register for signal `\RAM128X1D.\mem' using process `\RAM128X1D.$proc$/usr/bin/../share/yosys/xilinx/cells_sim.v:1716$1128'.
  created $dff cell `$procdff$2790' with positive edge clock.
Creating register for signal `\RAM64X1D.\mem' using process `\RAM64X1D.$proc$/usr/bin/../share/yosys/xilinx/cells_sim.v:1611$1091'.
  created $dff cell `$procdff$2791' with positive edge clock.
Creating register for signal `\RAM64X1D.$bitselwrite$pos$/usr/bin/../share/yosys/xilinx/cells_sim.v:1611$1086' using process `\RAM64X1D.$proc$/usr/bin/../share/yosys/xilinx/cells_sim.v:1611$1091'.
  created $dff cell `$procdff$2792' with positive edge clock.
Creating register for signal `\RAM64X1D.$lookahead\mem$1090' using process `\RAM64X1D.$proc$/usr/bin/../share/yosys/xilinx/cells_sim.v:1611$1091'.
  created $dff cell `$procdff$2793' with positive edge clock.
Creating register for signal `\RAM32X1D_1.$bitselwrite$pos$/usr/bin/../share/yosys/xilinx/cells_sim.v:1565$1068' using process `\RAM32X1D_1.$proc$/usr/bin/../share/yosys/xilinx/cells_sim.v:1565$1073'.
  created $dff cell `$procdff$2794' with negative edge clock.
Creating register for signal `\RAM32X1D_1.\mem' using process `\RAM32X1D_1.$proc$/usr/bin/../share/yosys/xilinx/cells_sim.v:1565$1073'.
  created $dff cell `$procdff$2795' with negative edge clock.
Creating register for signal `\RAM32X1D_1.$lookahead\mem$1072' using process `\RAM32X1D_1.$proc$/usr/bin/../share/yosys/xilinx/cells_sim.v:1565$1073'.
  created $dff cell `$procdff$2796' with negative edge clock.
Creating register for signal `\RAM32X1D.$lookahead\mem$1042' using process `\RAM32X1D.$proc$/usr/bin/../share/yosys/xilinx/cells_sim.v:1506$1043'.
  created $dff cell `$procdff$2797' with positive edge clock.
Creating register for signal `\RAM32X1D.$bitselwrite$pos$/usr/bin/../share/yosys/xilinx/cells_sim.v:1506$1038' using process `\RAM32X1D.$proc$/usr/bin/../share/yosys/xilinx/cells_sim.v:1506$1043'.
  created $dff cell `$procdff$2798' with positive edge clock.
Creating register for signal `\RAM32X1D.\mem' using process `\RAM32X1D.$proc$/usr/bin/../share/yosys/xilinx/cells_sim.v:1506$1043'.
  created $dff cell `$procdff$2799' with positive edge clock.
Creating register for signal `\FDPE_1.\Q' using process `\FDPE_1.$proc$/usr/bin/../share/yosys/xilinx/cells_sim.v:815$992'.
  created $adff cell `$procdff$2802' with negative edge clock and positive level reset.
Creating register for signal `\FDPE.\Q' using process `\FDPE.$proc$/usr/bin/../share/yosys/xilinx/cells_sim.v:774$989'.
  created $adff cell `$procdff$2805' with positive edge clock and positive level reset.
Creating register for signal `\FDCE_1.\Q' using process `\FDCE_1.$proc$/usr/bin/../share/yosys/xilinx/cells_sim.v:736$974'.
  created $adff cell `$procdff$2808' with negative edge clock and positive level reset.
Creating register for signal `\FDCE.\Q' using process `\FDCE.$proc$/usr/bin/../share/yosys/xilinx/cells_sim.v:695$971'.
  created $adff cell `$procdff$2811' with positive edge clock and positive level reset.
Creating register for signal `\FDSE_1.\Q' using process `\FDSE_1.$proc$/usr/bin/../share/yosys/xilinx/cells_sim.v:592$956'.
  created $dff cell `$procdff$2812' with negative edge clock.
Creating register for signal `\FDSE.\Q' using process `\FDSE.$proc$/usr/bin/../share/yosys/xilinx/cells_sim.v:559$952'.
  created $dff cell `$procdff$2813' with positive edge clock.
Creating register for signal `\FDRE_1.\Q' using process `\FDRE_1.$proc$/usr/bin/../share/yosys/xilinx/cells_sim.v:527$934'.
  created $dff cell `$procdff$2814' with negative edge clock.
Creating register for signal `\FDRE.\Q' using process `\FDRE.$proc$/usr/bin/../share/yosys/xilinx/cells_sim.v:494$930'.
  created $dff cell `$procdff$2815' with positive edge clock.
Creating register for signal `\soc_pipe.\u_dotp.result' using process `\soc_pipe.$flatten\u_dotp.$proc$rtl/custom/dotp.sv:60$158'.
  created $adff cell `$procdff$2820' with positive edge clock and positive level reset.
Creating register for signal `\soc_pipe.\u_dotp.a[0]' using process `\soc_pipe.$flatten\u_dotp.$proc$rtl/custom/dotp.sv:60$158'.
  created $adff cell `$procdff$2825' with positive edge clock and positive level reset.
Creating register for signal `\soc_pipe.\u_dotp.a[1]' using process `\soc_pipe.$flatten\u_dotp.$proc$rtl/custom/dotp.sv:60$158'.
  created $adff cell `$procdff$2830' with positive edge clock and positive level reset.
Creating register for signal `\soc_pipe.\u_dotp.a[2]' using process `\soc_pipe.$flatten\u_dotp.$proc$rtl/custom/dotp.sv:60$158'.
  created $adff cell `$procdff$2835' with positive edge clock and positive level reset.
Creating register for signal `\soc_pipe.\u_dotp.a[3]' using process `\soc_pipe.$flatten\u_dotp.$proc$rtl/custom/dotp.sv:60$158'.
  created $adff cell `$procdff$2840' with positive edge clock and positive level reset.
Creating register for signal `\soc_pipe.\u_dotp.b[0]' using process `\soc_pipe.$flatten\u_dotp.$proc$rtl/custom/dotp.sv:60$158'.
  created $adff cell `$procdff$2845' with positive edge clock and positive level reset.
Creating register for signal `\soc_pipe.\u_dotp.b[1]' using process `\soc_pipe.$flatten\u_dotp.$proc$rtl/custom/dotp.sv:60$158'.
  created $adff cell `$procdff$2850' with positive edge clock and positive level reset.
Creating register for signal `\soc_pipe.\u_dotp.b[2]' using process `\soc_pipe.$flatten\u_dotp.$proc$rtl/custom/dotp.sv:60$158'.
  created $adff cell `$procdff$2855' with positive edge clock and positive level reset.
Creating register for signal `\soc_pipe.\u_dotp.b[3]' using process `\soc_pipe.$flatten\u_dotp.$proc$rtl/custom/dotp.sv:60$158'.
  created $adff cell `$procdff$2860' with positive edge clock and positive level reset.
Creating register for signal `\soc_pipe.\u_timer.cnt' using process `\soc_pipe.$flatten\u_timer.$proc$rtl/periph/timer.sv:28$113'.
  created $adff cell `$procdff$2865' with positive edge clock and positive level reset.
Creating register for signal `\soc_pipe.\u_timer.cmp' using process `\soc_pipe.$flatten\u_timer.$proc$rtl/periph/timer.sv:28$113'.
  created $adff cell `$procdff$2870' with positive edge clock and positive level reset.
Creating register for signal `\soc_pipe.\u_timer.ie' using process `\soc_pipe.$flatten\u_timer.$proc$rtl/periph/timer.sv:28$113'.
  created $adff cell `$procdff$2875' with positive edge clock and positive level reset.
Creating register for signal `\soc_pipe.\u_timer.pending' using process `\soc_pipe.$flatten\u_timer.$proc$rtl/periph/timer.sv:28$113'.
  created $adff cell `$procdff$2880' with positive edge clock and positive level reset.
Creating register for signal `\soc_pipe.\u_uart.rx_avail' using process `\soc_pipe.$flatten\u_uart.$proc$rtl/periph/uart.sv:47$292'.
  created $adff cell `$procdff$2885' with positive edge clock and positive level reset.
Creating register for signal `\soc_pipe.\u_uart.tx_hold' using process `\soc_pipe.$flatten\u_uart.$proc$rtl/periph/uart.sv:47$292'.
  created $adff cell `$procdff$2890' with positive edge clock and positive level reset.
Creating register for signal `\soc_pipe.\u_uart.tx_pending' using process `\soc_pipe.$flatten\u_uart.$proc$rtl/periph/uart.sv:47$292'.
  created $adff cell `$procdff$2895' with positive edge clock and positive level reset.
Creating register for signal `\soc_pipe.\u_uart.rx_hold' using process `\soc_pipe.$flatten\u_uart.$proc$rtl/periph/uart.sv:68$307'.
  created $adff cell `$procdff$2900' with positive edge clock and positive level reset.
Creating register for signal `\soc_pipe.\u_uart.u_tx.frame' using process `\soc_pipe.$flatten\u_uart.\u_tx.$proc$rtl/periph/uart_tx.sv:21$258'.
  created $adff cell `$procdff$2905' with positive edge clock and positive level reset.
Creating register for signal `\soc_pipe.\u_uart.u_tx.bitpos' using process `\soc_pipe.$flatten\u_uart.\u_tx.$proc$rtl/periph/uart_tx.sv:21$258'.
  created $adff cell `$procdff$2910' with positive edge clock and positive level reset.
Creating register for signal `\soc_pipe.\u_uart.u_tx.baud_cnt' using process `\soc_pipe.$flatten\u_uart.\u_tx.$proc$rtl/periph/uart_tx.sv:21$258'.
  created $adff cell `$procdff$2915' with positive edge clock and positive level reset.
Creating register for signal `\soc_pipe.\u_uart.u_tx.active' using process `\soc_pipe.$flatten\u_uart.\u_tx.$proc$rtl/periph/uart_tx.sv:21$258'.
  created $adff cell `$procdff$2920' with positive edge clock and positive level reset.
Creating register for signal `\soc_pipe.\u_uart.u_rx.data' using process `\soc_pipe.$flatten\u_uart.\u_rx.$proc$rtl/periph/uart_rx.sv:30$245'.
  created $adff cell `$procdff$2925' with positive edge clock and positive level reset.
Creating register for signal `\soc_pipe.\u_uart.u_rx.bitpos' using process `\soc_pipe.$flatten\u_uart.\u_rx.$proc$rtl/periph/uart_rx.sv:30$245'.
  created $adff cell `$procdff$2930' with positive edge clock and positive level reset.
Creating register for signal `\soc_pipe.\u_uart.u_rx.baud_cnt' using process `\soc_pipe.$flatten\u_uart.\u_rx.$proc$rtl/periph/uart_rx.sv:30$245'.
  created $adff cell `$procdff$2935' with positive edge clock and positive level reset.
Creating register for signal `\soc_pipe.\u_uart.u_rx.ready' using process `\soc_pipe.$flatten\u_uart.\u_rx.$proc$rtl/periph/uart_rx.sv:30$245'.
  created $adff cell `$procdff$2940' with positive edge clock and positive level reset.
Creating register for signal `\soc_pipe.\u_uart.u_rx.state' using process `\soc_pipe.$flatten\u_uart.\u_rx.$proc$rtl/periph/uart_rx.sv:30$245'.
  created $adff cell `$procdff$2945' with positive edge clock and positive level reset.
Creating register for signal `\soc_pipe.\u_uart.u_rx.shreg' using process `\soc_pipe.$flatten\u_uart.\u_rx.$proc$rtl/periph/uart_rx.sv:30$245'.
  created $adff cell `$procdff$2950' with positive edge clock and positive level reset.
Creating register for signal `\soc_pipe.\u_uart.u_rx.rx_meta' using process `\soc_pipe.$flatten\u_uart.\u_rx.$proc$rtl/periph/uart_rx.sv:13$243'.
  created $adff cell `$procdff$2955' with positive edge clock and positive level reset.
Creating register for signal `\soc_pipe.\u_uart.u_rx.rx_sync' using process `\soc_pipe.$flatten\u_uart.\u_rx.$proc$rtl/periph/uart_rx.sv:13$243'.
  created $adff cell `$procdff$2960' with positive edge clock and positive level reset.
Creating register for signal `\soc_pipe.\u_core.pc' using process `\soc_pipe.$flatten\u_core.$proc$rtl/core/core_pipe.sv:249$374'.
  created $adff cell `$procdff$2965' with positive edge clock and positive level reset.
Creating register for signal `\soc_pipe.\u_core.epc' using process `\soc_pipe.$flatten\u_core.$proc$rtl/core/core_pipe.sv:249$374'.
  created $adff cell `$procdff$2970' with positive edge clock and positive level reset.
Creating register for signal `\soc_pipe.\u_core.drain' using process `\soc_pipe.$flatten\u_core.$proc$rtl/core/core_pipe.sv:249$374'.
  created $adff cell `$procdff$2975' with positive edge clock and positive level reset.
Creating register for signal `\soc_pipe.\u_core.in_handler' using process `\soc_pipe.$flatten\u_core.$proc$rtl/core/core_pipe.sv:249$374'.
  created $adff cell `$procdff$2980' with positive edge clock and positive level reset.
Creating register for signal `\soc_pipe.\u_core.ifid_valid' using process `\soc_pipe.$flatten\u_core.$proc$rtl/core/core_pipe.sv:249$374'.
  created $adff cell `$procdff$2985' with positive edge clock and positive level reset.
Creating register for signal `\soc_pipe.\u_core.ifid_pc' using process `\soc_pipe.$flatten\u_core.$proc$rtl/core/core_pipe.sv:249$374'.
  created $adff cell `$procdff$2990' with positive edge clock and positive level reset.
Creating register for signal `\soc_pipe.\u_core.ifid_instr' using process `\soc_pipe.$flatten\u_core.$proc$rtl/core/core_pipe.sv:249$374'.
  created $adff cell `$procdff$2995' with positive edge clock and positive level reset.
Creating register for signal `\soc_pipe.\u_core.idex_valid' using process `\soc_pipe.$flatten\u_core.$proc$rtl/core/core_pipe.sv:249$374'.
  created $adff cell `$procdff$3000' with positive edge clock and positive level reset.
Creating register for signal `\soc_pipe.\u_core.idex_pc' using process `\soc_pipe.$flatten\u_core.$proc$rtl/core/core_pipe.sv:249$374'.
  created $adff cell `$procdff$3005' with positive edge clock and positive level reset.
Creating register for signal `\soc_pipe.\u_core.idex_rs1_val' using process `\soc_pipe.$flatten\u_core.$proc$rtl/core/core_pipe.sv:249$374'.
  created $adff cell `$procdff$3010' with positive edge clock and positive level reset.
Creating register for signal `\soc_pipe.\u_core.idex_rs2_val' using process `\soc_pipe.$flatten\u_core.$proc$rtl/core/core_pipe.sv:249$374'.
  created $adff cell `$procdff$3015' with positive edge clock and positive level reset.
Creating register for signal `\soc_pipe.\u_core.idex_imm' using process `\soc_pipe.$flatten\u_core.$proc$rtl/core/core_pipe.sv:249$374'.
  created $adff cell `$procdff$3020' with positive edge clock and positive level reset.
Creating register for signal `\soc_pipe.\u_core.idex_rd' using process `\soc_pipe.$flatten\u_core.$proc$rtl/core/core_pipe.sv:249$374'.
  created $adff cell `$procdff$3025' with positive edge clock and positive level reset.
Creating register for signal `\soc_pipe.\u_core.idex_rs1' using process `\soc_pipe.$flatten\u_core.$proc$rtl/core/core_pipe.sv:249$374'.
  created $adff cell `$procdff$3030' with positive edge clock and positive level reset.
Creating register for signal `\soc_pipe.\u_core.idex_rs2' using process `\soc_pipe.$flatten\u_core.$proc$rtl/core/core_pipe.sv:249$374'.
  created $adff cell `$procdff$3035' with positive edge clock and positive level reset.
Creating register for signal `\soc_pipe.\u_core.idex_reg_we' using process `\soc_pipe.$flatten\u_core.$proc$rtl/core/core_pipe.sv:249$374'.
  created $adff cell `$procdff$3040' with positive edge clock and positive level reset.
Creating register for signal `\soc_pipe.\u_core.idex_mem_we' using process `\soc_pipe.$flatten\u_core.$proc$rtl/core/core_pipe.sv:249$374'.
  created $adff cell `$procdff$3045' with positive edge clock and positive level reset.
Creating register for signal `\soc_pipe.\u_core.idex_alu_b_imm' using process `\soc_pipe.$flatten\u_core.$proc$rtl/core/core_pipe.sv:249$374'.
  created $adff cell `$procdff$3050' with positive edge clock and positive level reset.
Creating register for signal `\soc_pipe.\u_core.idex_jalr' using process `\soc_pipe.$flatten\u_core.$proc$rtl/core/core_pipe.sv:249$374'.
  created $adff cell `$procdff$3055' with positive edge clock and positive level reset.
Creating register for signal `\soc_pipe.\u_core.idex_is_mret' using process `\soc_pipe.$flatten\u_core.$proc$rtl/core/core_pipe.sv:249$374'.
  created $adff cell `$procdff$3060' with positive edge clock and positive level reset.
Creating register for signal `\soc_pipe.\u_core.idex_is_cus' using process `\soc_pipe.$flatten\u_core.$proc$rtl/core/core_pipe.sv:249$374'.
  created $adff cell `$procdff$3065' with positive edge clock and positive level reset.
Creating register for signal `\soc_pipe.\u_core.idex_wb_sel' using process `\soc_pipe.$flatten\u_core.$proc$rtl/core/core_pipe.sv:249$374'.
  created $adff cell `$procdff$3070' with positive edge clock and positive level reset.
Creating register for signal `\soc_pipe.\u_core.idex_alu_a_sel' using process `\soc_pipe.$flatten\u_core.$proc$rtl/core/core_pipe.sv:249$374'.
  created $adff cell `$procdff$3075' with positive edge clock and positive level reset.
Creating register for signal `\soc_pipe.\u_core.idex_alu_op' using process `\soc_pipe.$flatten\u_core.$proc$rtl/core/core_pipe.sv:249$374'.
  created $adff cell `$procdff$3080' with positive edge clock and positive level reset.
Creating register for signal `\soc_pipe.\u_core.idex_br_type' using process `\soc_pipe.$flatten\u_core.$proc$rtl/core/core_pipe.sv:249$374'.
  created $adff cell `$procdff$3085' with positive edge clock and positive level reset.
Creating register for signal `\soc_pipe.\u_core.exmem_valid' using process `\soc_pipe.$flatten\u_core.$proc$rtl/core/core_pipe.sv:249$374'.
  created $adff cell `$procdff$3090' with positive edge clock and positive level reset.
Creating register for signal `\soc_pipe.\u_core.exmem_result' using process `\soc_pipe.$flatten\u_core.$proc$rtl/core/core_pipe.sv:249$374'.
  created $adff cell `$procdff$3095' with positive edge clock and positive level reset.
Creating register for signal `\soc_pipe.\u_core.exmem_store_data' using process `\soc_pipe.$flatten\u_core.$proc$rtl/core/core_pipe.sv:249$374'.
  created $adff cell `$procdff$3100' with positive edge clock and positive level reset.
Creating register for signal `\soc_pipe.\u_core.exmem_rd' using process `\soc_pipe.$flatten\u_core.$proc$rtl/core/core_pipe.sv:249$374'.
  created $adff cell `$procdff$3105' with positive edge clock and positive level reset.
Creating register for signal `\soc_pipe.\u_core.exmem_reg_we' using process `\soc_pipe.$flatten\u_core.$proc$rtl/core/core_pipe.sv:249$374'.
  created $adff cell `$procdff$3110' with positive edge clock and positive level reset.
Creating register for signal `\soc_pipe.\u_core.exmem_mem_we' using process `\soc_pipe.$flatten\u_core.$proc$rtl/core/core_pipe.sv:249$374'.
  created $adff cell `$procdff$3115' with positive edge clock and positive level reset.
Creating register for signal `\soc_pipe.\u_core.exmem_is_mret' using process `\soc_pipe.$flatten\u_core.$proc$rtl/core/core_pipe.sv:249$374'.
  created $adff cell `$procdff$3120' with positive edge clock and positive level reset.
Creating register for signal `\soc_pipe.\u_core.exmem_wb_sel' using process `\soc_pipe.$flatten\u_core.$proc$rtl/core/core_pipe.sv:249$374'.
  created $adff cell `$procdff$3125' with positive edge clock and positive level reset.
Creating register for signal `\soc_pipe.\u_core.memwb_valid' using process `\soc_pipe.$flatten\u_core.$proc$rtl/core/core_pipe.sv:249$374'.
  created $adff cell `$procdff$3130' with positive edge clock and positive level reset.
Creating register for signal `\soc_pipe.\u_core.memwb_result' using process `\soc_pipe.$flatten\u_core.$proc$rtl/core/core_pipe.sv:249$374'.
  created $adff cell `$procdff$3135' with positive edge clock and positive level reset.
Creating register for signal `\soc_pipe.\u_core.memwb_mem_data' using process `\soc_pipe.$flatten\u_core.$proc$rtl/core/core_pipe.sv:249$374'.
  created $adff cell `$procdff$3140' with positive edge clock and positive level reset.
Creating register for signal `\soc_pipe.\u_core.memwb_rd' using process `\soc_pipe.$flatten\u_core.$proc$rtl/core/core_pipe.sv:249$374'.
  created $adff cell `$procdff$3145' with positive edge clock and positive level reset.
Creating register for signal `\soc_pipe.\u_core.memwb_reg_we' using process `\soc_pipe.$flatten\u_core.$proc$rtl/core/core_pipe.sv:249$374'.
  created $adff cell `$procdff$3150' with positive edge clock and positive level reset.
Creating register for signal `\soc_pipe.\u_core.memwb_is_mret' using process `\soc_pipe.$flatten\u_core.$proc$rtl/core/core_pipe.sv:249$374'.
  created $adff cell `$procdff$3155' with positive edge clock and positive level reset.
Creating register for signal `\soc_pipe.\u_core.memwb_wb_sel' using process `\soc_pipe.$flatten\u_core.$proc$rtl/core/core_pipe.sv:249$374'.
  created $adff cell `$procdff$3160' with positive edge clock and positive level reset.
Creating register for signal `\soc_pipe.$flatten\u_core.\u_rf.$memwr$\regs$rtl/core/regfile.sv:34$265_ADDR' using process `\soc_pipe.$flatten\u_core.\u_rf.$proc$rtl/core/regfile.sv:32$266'.
  created $dff cell `$procdff$3161' with positive edge clock.
Creating register for signal `\soc_pipe.$flatten\u_core.\u_rf.$memwr$\regs$rtl/core/regfile.sv:34$265_DATA' using process `\soc_pipe.$flatten\u_core.\u_rf.$proc$rtl/core/regfile.sv:32$266'.
  created $dff cell `$procdff$3162' with positive edge clock.
Creating register for signal `\soc_pipe.$flatten\u_core.\u_rf.$memwr$\regs$rtl/core/regfile.sv:34$265_EN' using process `\soc_pipe.$flatten\u_core.\u_rf.$proc$rtl/core/regfile.sv:32$266'.
  created $dff cell `$procdff$3163' with positive edge clock.
Creating register for signal `\soc_pipe.\exit_valid' using process `\soc_pipe.$proc$rtl/soc/soc_pipe.sv:138$240'.
  created $adff cell `$procdff$3168' with positive edge clock and positive level reset.
Creating register for signal `\soc_pipe.\exit_code' using process `\soc_pipe.$proc$rtl/soc/soc_pipe.sv:138$240'.
  created $adff cell `$procdff$3173' with positive edge clock and positive level reset.

16.4.10. Executing PROC_MEMWR pass (convert process memory writes to cells).

16.4.11. Executing PROC_CLEAN pass (remove empty switches from decision trees).
Removing empty process `SRLC32E.$proc$/usr/bin/../share/yosys/xilinx/cells_sim.v:2405$1430'.
Found and cleaned up 1 empty switch in `\SRLC32E.$proc$/usr/bin/../share/yosys/xilinx/cells_sim.v:2413$1429'.
Removing empty process `SRLC32E.$proc$/usr/bin/../share/yosys/xilinx/cells_sim.v:2413$1429'.
Removing empty process `SRLC16E.$proc$/usr/bin/../share/yosys/xilinx/cells_sim.v:2361$1423'.
Found and cleaned up 1 empty switch in `\SRLC16E.$proc$/usr/bin/../share/yosys/xilinx/cells_sim.v:2369$1422'.
Removing empty process `SRLC16E.$proc$/usr/bin/../share/yosys/xilinx/cells_sim.v:2369$1422'.
Removing empty process `SRLC16.$proc$/usr/bin/../share/yosys/xilinx/cells_sim.v:2329$1416'.
Removing empty process `SRLC16.$proc$/usr/bin/../share/yosys/xilinx/cells_sim.v:2332$1415'.
Removing empty process `SRL16E.$proc$/usr/bin/../share/yosys/xilinx/cells_sim.v:2292$1413'.
Found and cleaned up 1 empty switch in `\SRL16E.$proc$/usr/bin/../share/yosys/xilinx/cells_sim.v:2299$1412'.
Removing empty process `SRL16E.$proc$/usr/bin/../share/yosys/xilinx/cells_sim.v:2299$1412'.
Removing empty process `SRL16.$proc$/usr/bin/../share/yosys/xilinx/cells_sim.v:2264$1406'.
Removing empty process `SRL16.$proc$/usr/bin/../share/yosys/xilinx/cells_sim.v:2266$1405'.
Removing empty process `RAM64M.$proc$/usr/bin/../share/yosys/xilinx/cells_sim.v:1980$1379'.
Removing empty process `RAM64M.$proc$/usr/bin/../share/yosys/xilinx/cells_sim.v:1979$1378'.
Removing empty process `RAM64M.$proc$/usr/bin/../share/yosys/xilinx/cells_sim.v:1978$1377'.
Removing empty process `RAM64M.$proc$/usr/bin/../share/yosys/xilinx/cells_sim.v:1977$1376'.
Found and cleaned up 1 empty switch in `\RAM64M.$proc$/usr/bin/../share/yosys/xilinx/cells_sim.v:1986$1301'.
Removing empty process `RAM64M.$proc$/usr/bin/../share/yosys/xilinx/cells_sim.v:1986$1301'.
Removing empty process `RAM32M.$proc$/usr/bin/../share/yosys/xilinx/cells_sim.v:1806$1279'.
Removing empty process `RAM32M.$proc$/usr/bin/../share/yosys/xilinx/cells_sim.v:1805$1278'.
Removing empty process `RAM32M.$proc$/usr/bin/../share/yosys/xilinx/cells_sim.v:1804$1277'.
Removing empty process `RAM32M.$proc$/usr/bin/../share/yosys/xilinx/cells_sim.v:1803$1276'.
Found and cleaned up 1 empty switch in `\RAM32M.$proc$/usr/bin/../share/yosys/xilinx/cells_sim.v:1812$1181'.
Removing empty process `RAM32M.$proc$/usr/bin/../share/yosys/xilinx/cells_sim.v:1812$1181'.
Removing empty process `RAM128X1D.$proc$/usr/bin/../share/yosys/xilinx/cells_sim.v:1712$1158'.
Found and cleaned up 1 empty switch in `\RAM128X1D.$proc$/usr/bin/../share/yosys/xilinx/cells_sim.v:1716$1128'.
Removing empty process `RAM128X1D.$proc$/usr/bin/../share/yosys/xilinx/cells_sim.v:1716$1128'.
Removing empty process `RAM64X1D.$proc$/usr/bin/../share/yosys/xilinx/cells_sim.v:1607$1121'.
Found and cleaned up 1 empty switch in `\RAM64X1D.$proc$/usr/bin/../share/yosys/xilinx/cells_sim.v:1611$1091'.
Removing empty process `RAM64X1D.$proc$/usr/bin/../share/yosys/xilinx/cells_sim.v:1611$1091'.
Removing empty process `RAM32X1D_1.$proc$/usr/bin/../share/yosys/xilinx/cells_sim.v:1561$1085'.
Found and cleaned up 1 empty switch in `\RAM32X1D_1.$proc$/usr/bin/../share/yosys/xilinx/cells_sim.v:1565$1073'.
Removing empty process `RAM32X1D_1.$proc$/usr/bin/../share/yosys/xilinx/cells_sim.v:1565$1073'.
Removing empty process `RAM32X1D.$proc$/usr/bin/../share/yosys/xilinx/cells_sim.v:1502$1067'.
Found and cleaned up 1 empty switch in `\RAM32X1D.$proc$/usr/bin/../share/yosys/xilinx/cells_sim.v:1506$1043'.
Removing empty process `RAM32X1D.$proc$/usr/bin/../share/yosys/xilinx/cells_sim.v:1506$1043'.
Removing empty process `FDPE_1.$proc$/usr/bin/../share/yosys/xilinx/cells_sim.v:0$995'.
Found and cleaned up 1 empty switch in `\FDPE_1.$proc$/usr/bin/../share/yosys/xilinx/cells_sim.v:815$992'.
Removing empty process `FDPE_1.$proc$/usr/bin/../share/yosys/xilinx/cells_sim.v:815$992'.
Removing empty process `FDPE.$proc$/usr/bin/../share/yosys/xilinx/cells_sim.v:0$991'.
Found and cleaned up 1 empty switch in `\FDPE.$proc$/usr/bin/../share/yosys/xilinx/cells_sim.v:774$989'.
Removing empty process `FDPE.$proc$/usr/bin/../share/yosys/xilinx/cells_sim.v:774$989'.
Removing empty process `FDCE_1.$proc$/usr/bin/../share/yosys/xilinx/cells_sim.v:0$977'.
Found and cleaned up 1 empty switch in `\FDCE_1.$proc$/usr/bin/../share/yosys/xilinx/cells_sim.v:736$974'.
Removing empty process `FDCE_1.$proc$/usr/bin/../share/yosys/xilinx/cells_sim.v:736$974'.
Removing empty process `FDCE.$proc$/usr/bin/../share/yosys/xilinx/cells_sim.v:0$973'.
Found and cleaned up 1 empty switch in `\FDCE.$proc$/usr/bin/../share/yosys/xilinx/cells_sim.v:695$971'.
Removing empty process `FDCE.$proc$/usr/bin/../share/yosys/xilinx/cells_sim.v:695$971'.
Removing empty process `FDSE_1.$proc$/usr/bin/../share/yosys/xilinx/cells_sim.v:0$959'.
Found and cleaned up 2 empty switches in `\FDSE_1.$proc$/usr/bin/../share/yosys/xilinx/cells_sim.v:592$956'.
Removing empty process `FDSE_1.$proc$/usr/bin/../share/yosys/xilinx/cells_sim.v:592$956'.
Removing empty process `FDSE.$proc$/usr/bin/../share/yosys/xilinx/cells_sim.v:0$955'.
Found and cleaned up 2 empty switches in `\FDSE.$proc$/usr/bin/../share/yosys/xilinx/cells_sim.v:559$952'.
Removing empty process `FDSE.$proc$/usr/bin/../share/yosys/xilinx/cells_sim.v:559$952'.
Removing empty process `FDRE_1.$proc$/usr/bin/../share/yosys/xilinx/cells_sim.v:0$937'.
Found and cleaned up 2 empty switches in `\FDRE_1.$proc$/usr/bin/../share/yosys/xilinx/cells_sim.v:527$934'.
Removing empty process `FDRE_1.$proc$/usr/bin/../share/yosys/xilinx/cells_sim.v:527$934'.
Removing empty process `FDRE.$proc$/usr/bin/../share/yosys/xilinx/cells_sim.v:0$933'.
Found and cleaned up 2 empty switches in `\FDRE.$proc$/usr/bin/../share/yosys/xilinx/cells_sim.v:494$930'.
Removing empty process `FDRE.$proc$/usr/bin/../share/yosys/xilinx/cells_sim.v:494$930'.
Found and cleaned up 3 empty switches in `\soc_pipe.$flatten\u_dotp.$proc$rtl/custom/dotp.sv:60$158'.
Removing empty process `soc_pipe.$flatten\u_dotp.$proc$rtl/custom/dotp.sv:60$158'.
Found and cleaned up 1 empty switch in `\soc_pipe.$flatten\u_dotp.$proc$rtl/custom/dotp.sv:0$161'.
Removing empty process `soc_pipe.$flatten\u_dotp.$proc$rtl/custom/dotp.sv:0$161'.
Found and cleaned up 4 empty switches in `\soc_pipe.$flatten\u_timer.$proc$rtl/periph/timer.sv:28$113'.
Removing empty process `soc_pipe.$flatten\u_timer.$proc$rtl/periph/timer.sv:28$113'.
Found and cleaned up 1 empty switch in `\soc_pipe.$flatten\u_timer.$proc$rtl/periph/timer.sv:0$118'.
Removing empty process `soc_pipe.$flatten\u_timer.$proc$rtl/periph/timer.sv:0$118'.
Found and cleaned up 4 empty switches in `\soc_pipe.$flatten\u_uart.$proc$rtl/periph/uart.sv:47$292'.
Removing empty process `soc_pipe.$flatten\u_uart.$proc$rtl/periph/uart.sv:47$292'.
Found and cleaned up 1 empty switch in `\soc_pipe.$flatten\u_uart.$proc$rtl/periph/uart.sv:68$307'.
Removing empty process `soc_pipe.$flatten\u_uart.$proc$rtl/periph/uart.sv:68$307'.
Found and cleaned up 1 empty switch in `\soc_pipe.$flatten\u_uart.$proc$rtl/periph/uart.sv:0$309'.
Removing empty process `soc_pipe.$flatten\u_uart.$proc$rtl/periph/uart.sv:0$309'.
Found and cleaned up 4 empty switches in `\soc_pipe.$flatten\u_uart.\u_tx.$proc$rtl/periph/uart_tx.sv:21$258'.
Removing empty process `soc_pipe.$flatten\u_uart.\u_tx.$proc$rtl/periph/uart_tx.sv:21$258'.
Found and cleaned up 8 empty switches in `\soc_pipe.$flatten\u_uart.\u_rx.$proc$rtl/periph/uart_rx.sv:30$245'.
Removing empty process `soc_pipe.$flatten\u_uart.\u_rx.$proc$rtl/periph/uart_rx.sv:30$245'.
Removing empty process `soc_pipe.$flatten\u_uart.\u_rx.$proc$rtl/periph/uart_rx.sv:13$243'.
Found and cleaned up 4 empty switches in `\soc_pipe.$flatten\u_core.$proc$rtl/core/core_pipe.sv:0$310'.
Removing empty process `soc_pipe.$flatten\u_core.$proc$rtl/core/core_pipe.sv:0$310'.
Found and cleaned up 1 empty switch in `\soc_pipe.$flatten\u_core.$proc$rtl/core/core_pipe.sv:0$331'.
Removing empty process `soc_pipe.$flatten\u_core.$proc$rtl/core/core_pipe.sv:0$331'.
Found and cleaned up 1 empty switch in `\soc_pipe.$flatten\u_core.$proc$rtl/core/core_pipe.sv:0$333'.
Removing empty process `soc_pipe.$flatten\u_core.$proc$rtl/core/core_pipe.sv:0$333'.
Found and cleaned up 3 empty switches in `\soc_pipe.$flatten\u_core.$proc$rtl/core/core_pipe.sv:0$371'.
Removing empty process `soc_pipe.$flatten\u_core.$proc$rtl/core/core_pipe.sv:0$371'.
Found and cleaned up 5 empty switches in `\soc_pipe.$flatten\u_core.$proc$rtl/core/core_pipe.sv:249$374'.
Removing empty process `soc_pipe.$flatten\u_core.$proc$rtl/core/core_pipe.sv:249$374'.
Found and cleaned up 24 empty switches in `\soc_pipe.$flatten\u_core.\u_dec.$proc$rtl/core/decoder.sv:0$40'.
Removing empty process `soc_pipe.$flatten\u_core.\u_dec.$proc$rtl/core/decoder.sv:0$40'.
Found and cleaned up 1 empty switch in `\soc_pipe.$flatten\u_core.\u_imm.$proc$rtl/core/imm_gen.sv:0$39'.
Removing empty process `soc_pipe.$flatten\u_core.\u_imm.$proc$rtl/core/imm_gen.sv:0$39'.
Found and cleaned up 4 empty switches in `\soc_pipe.$flatten\u_core.\u_rf.$proc$rtl/core/regfile.sv:0$285'.
Removing empty process `soc_pipe.$flatten\u_core.\u_rf.$proc$rtl/core/regfile.sv:0$285'.
Found and cleaned up 1 empty switch in `\soc_pipe.$flatten\u_core.\u_rf.$proc$rtl/core/regfile.sv:32$266'.
Removing empty process `soc_pipe.$flatten\u_core.\u_rf.$proc$rtl/core/regfile.sv:32$266'.
Found and cleaned up 1 empty switch in `\soc_pipe.$flatten\u_core.\u_alu.$proc$rtl/core/alu.sv:0$4'.
Removing empty process `soc_pipe.$flatten\u_core.\u_alu.$proc$rtl/core/alu.sv:0$4'.
Found and cleaned up 1 empty switch in `\soc_pipe.$proc$rtl/soc/soc_pipe.sv:138$240'.
Removing empty process `soc_pipe.$proc$rtl/soc/soc_pipe.sv:138$240'.
Found and cleaned up 1 empty switch in `\soc_pipe.$proc$rtl/soc/soc_pipe.sv:0$239'.
Removing empty process `soc_pipe.$proc$rtl/soc/soc_pipe.sv:0$239'.
Cleaned up 95 empty switches.

16.4.12. Executing OPT_EXPR pass (perform const folding).
Optimizing module soc_pipe.
<suppressed ~197 debug messages>

16.5. Executing TRIBUF pass.

16.6. Executing DEMINOUT pass (demote inout ports to input or output).

16.7. Executing OPT_EXPR pass (perform const folding).
Optimizing module soc_pipe.

16.8. Executing OPT_CLEAN pass (remove unused cells and wires).
Finding unused cells or wires in module \soc_pipe..
Removed 86 unused cells and 571 unused wires.
<suppressed ~87 debug messages>

16.9. Executing CHECK pass (checking for obvious problems).
Checking module soc_pipe...
Found and reported 0 problems.

16.10. Executing OPT pass (performing simple optimizations).

16.10.1. Executing OPT_EXPR pass (perform const folding).
Optimizing module soc_pipe.

16.10.2. Executing OPT_MERGE pass (detect identical cells).
Finding identical cells in module `\soc_pipe'.
<suppressed ~660 debug messages>
Removed a total of 220 cells.

16.10.3. Executing OPT_MUXTREE pass (detect dead branches in mux trees).
Running muxtree optimizer on module \soc_pipe..
  Creating internal representation of mux trees.
  Evaluating internal representation of mux trees.
      Replacing known input bits on port A of cell $procmux$1729: \u_uart.u_tx.active -> 1'1
      Replacing known input bits on port A of cell $procmux$1727: \u_uart.u_tx.active -> 1'1
      Replacing known input bits on port A of cell $procmux$1732: \u_uart.u_tx.active -> 1'0
  Analyzing evaluation results.
    dead port 1/2 on $mux $procmux$1856.
    dead port 1/2 on $mux $procmux$1859.
    dead port 1/2 on $mux $procmux$1865.
    dead port 2/2 on $mux $procmux$1964.
    dead port 2/2 on $mux $procmux$1969.
    dead port 2/2 on $mux $procmux$1975.
    dead port 2/2 on $mux $procmux$1981.
    dead port 2/2 on $mux $procmux$1988.
    dead port 2/2 on $mux $procmux$1995.
    dead port 2/2 on $mux $procmux$2003.
    dead port 2/2 on $mux $procmux$2005.
    dead port 2/2 on $mux $procmux$2014.
    dead port 2/2 on $mux $procmux$2016.
    dead port 1/2 on $mux $procmux$2027.
    dead port 2/2 on $mux $procmux$2029.
    dead port 2/2 on $mux $procmux$2031.
    dead port 1/2 on $mux $procmux$2042.
    dead port 2/2 on $mux $procmux$2044.
    dead port 2/2 on $mux $procmux$2046.
    dead port 2/2 on $mux $procmux$2056.
    dead port 2/2 on $mux $procmux$2058.
    dead port 2/2 on $mux $procmux$2068.
    dead port 2/2 on $mux $procmux$2070.
    dead port 2/2 on $mux $procmux$2081.
    dead port 2/2 on $mux $procmux$2083.
    dead port 2/2 on $mux $procmux$2095.
    dead port 2/2 on $mux $procmux$2097.
    dead port 2/2 on $mux $procmux$2110.
    dead port 2/2 on $mux $procmux$2112.
    dead port 2/2 on $mux $procmux$2126.
    dead port 2/2 on $mux $procmux$2128.
    dead port 1/2 on $mux $procmux$2144.
    dead port 1/2 on $mux $procmux$2147.
    dead port 2/2 on $mux $procmux$2149.
    dead port 2/2 on $mux $procmux$2151.
    dead port 1/2 on $mux $procmux$2167.
    dead port 1/2 on $mux $procmux$2170.
    dead port 2/2 on $mux $procmux$2172.
    dead port 2/2 on $mux $procmux$2174.
    dead port 1/2 on $mux $procmux$2190.
    dead port 2/2 on $mux $procmux$2192.
    dead port 2/2 on $mux $procmux$2194.
    dead port 1/2 on $mux $procmux$2210.
    dead port 2/2 on $mux $procmux$2212.
    dead port 2/2 on $mux $procmux$2214.
    dead port 2/2 on $mux $procmux$2229.
    dead port 2/2 on $mux $procmux$2231.
    dead port 2/2 on $mux $procmux$2246.
    dead port 2/2 on $mux $procmux$2248.
    dead port 2/2 on $mux $procmux$2262.
    dead port 2/2 on $mux $procmux$2276.
    dead port 1/2 on $mux $procmux$2286.
    dead port 2/2 on $mux $procmux$2288.
    dead port 2/2 on $mux $procmux$2290.
    dead port 1/2 on $mux $procmux$2300.
    dead port 2/2 on $mux $procmux$2302.
    dead port 2/2 on $mux $procmux$2304.
    dead port 2/2 on $mux $procmux$2313.
    dead port 2/2 on $mux $procmux$2315.
    dead port 2/2 on $mux $procmux$2324.
    dead port 2/2 on $mux $procmux$2326.
    dead port 2/2 on $mux $procmux$2336.
    dead port 2/2 on $mux $procmux$2338.
    dead port 2/2 on $mux $procmux$2353.
    dead port 2/2 on $mux $procmux$2368.
    dead port 2/2 on $mux $procmux$2378.
    dead port 2/2 on $mux $procmux$2387.
    dead port 2/2 on $mux $procmux$2397.
    dead port 2/2 on $mux $procmux$2407.
    dead port 2/2 on $mux $procmux$2417.
    dead port 2/2 on $mux $procmux$2427.
    dead port 2/2 on $mux $procmux$2437.
    dead port 2/2 on $mux $procmux$2448.
    dead port 2/2 on $mux $procmux$2459.
    dead port 2/2 on $mux $procmux$2470.
    dead port 2/2 on $mux $procmux$2481.
    dead port 2/2 on $mux $procmux$2498.
    dead port 2/2 on $mux $procmux$2515.
    dead port 2/2 on $mux $procmux$2527.
    dead port 2/2 on $mux $procmux$2540.
    dead port 2/2 on $mux $procmux$2553.
    dead port 2/2 on $mux $procmux$2566.
    dead port 2/2 on $mux $procmux$2579.
    dead port 2/2 on $mux $procmux$2592.
    dead port 1/2 on $mux $procmux$2713.
    dead port 1/2 on $mux $procmux$2722.
Removed 86 multiplexer ports.
<suppressed ~77 debug messages>

16.10.4. Executing OPT_REDUCE pass (consolidate $*mux and $reduce_* inputs).
  Optimizing cells in module \soc_pipe.
    New ctrl vector for $pmux cell $procmux$1715: { $procmux$1694_CMP $auto$opt_reduce.cc:137:opt_pmux$3176 }
    New ctrl vector for $pmux cell $procmux$2359: { $auto$opt_reduce.cc:137:opt_pmux$3178 $procmux$2127_CMP $procmux$2030_CMP }
    New ctrl vector for $pmux cell $procmux$2508: $auto$opt_reduce.cc:137:opt_pmux$3180
    New ctrl vector for $pmux cell $procmux$2599: { $auto$opt_reduce.cc:137:opt_pmux$3182 $procmux$2604_CMP $procmux$2499_CMP $procmux$2379_CMP }
    New ctrl vector for $pmux cell $procmux$2610: { $procmux$2291_CMP $procmux$2006_CMP }
    New ctrl vector for $pmux cell $procmux$2619: { $procmux$2428_CMP $procmux$2379_CMP $auto$opt_reduce.cc:137:opt_pmux$3184 }
    New ctrl vector for $pmux cell $procmux$2639: { $procmux$2528_CMP $procmux$2428_CMP $auto$opt_reduce.cc:137:opt_pmux$3186 $procmux$1965_CMP }
    New ctrl vector for $pmux cell $procmux$2649: { $auto$opt_reduce.cc:137:opt_pmux$3188 $procmux$2528_CMP $procmux$2499_CMP $procmux$2428_CMP $procmux$2379_CMP $procmux$2291_CMP $procmux$2006_CMP $procmux$1989_CMP $procmux$1965_CMP }
    New ctrl vector for $pmux cell $procmux$2697: { $procmux$2604_CMP $procmux$2528_CMP $procmux$2428_CMP }
    Consolidated identical input bits for $mux cell $procmux$2728:
      Old ports: A=0, B=32'11111111111111111111111111111111, Y=$flatten\u_core.\u_rf.$0$memwr$\regs$rtl/core/regfile.sv:34$265_EN[31:0]$269
      New ports: A=1'0, B=1'1, Y=$flatten\u_core.\u_rf.$0$memwr$\regs$rtl/core/regfile.sv:34$265_EN[31:0]$269 [0]
      New connections: $flatten\u_core.\u_rf.$0$memwr$\regs$rtl/core/regfile.sv:34$265_EN[31:0]$269 [31:1] = { $flatten\u_core.\u_rf.$0$memwr$\regs$rtl/core/regfile.sv:34$265_EN[31:0]$269 [0] $flatten\u_core.\u_rf.$0$memwr$\regs$rtl/core/regfile.sv:34$265_EN[31:0]$269 [0] $flatten\u_core.\u_rf.$0$memwr$\regs$rtl/core/regfile.sv:34$265_EN[31:0]$269 [0] $flatten\u_core.\u_rf.$0$memwr$\regs$rtl/core/regfile.sv:34$265_EN[31:0]$269 [0] $flatten\u_core.\u_rf.$0$memwr$\regs$rtl/core/regfile.sv:34$265_EN[31:0]$269 [0] $flatten\u_core.\u_rf.$0$memwr$\regs$rtl/core/regfile.sv:34$265_EN[31:0]$269 [0] $flatten\u_core.\u_rf.$0$memwr$\regs$rtl/core/regfile.sv:34$265_EN[31:0]$269 [0] $flatten\u_core.\u_rf.$0$memwr$\regs$rtl/core/regfile.sv:34$265_EN[31:0]$269 [0] $flatten\u_core.\u_rf.$0$memwr$\regs$rtl/core/regfile.sv:34$265_EN[31:0]$269 [0] $flatten\u_core.\u_rf.$0$memwr$\regs$rtl/core/regfile.sv:34$265_EN[31:0]$269 [0] $flatten\u_core.\u_rf.$0$memwr$\regs$rtl/core/regfile.sv:34$265_EN[31:0]$269 [0] $flatten\u_core.\u_rf.$0$memwr$\regs$rtl/core/regfile.sv:34$265_EN[31:0]$269 [0] $flatten\u_core.\u_rf.$0$memwr$\regs$rtl/core/regfile.sv:34$265_EN[31:0]$269 [0] $flatten\u_core.\u_rf.$0$memwr$\regs$rtl/core/regfile.sv:34$265_EN[31:0]$269 [0] $flatten\u_core.\u_rf.$0$memwr$\regs$rtl/core/regfile.sv:34$265_EN[31:0]$269 [0] $flatten\u_core.\u_rf.$0$memwr$\regs$rtl/core/regfile.sv:34$265_EN[31:0]$269 [0] $flatten\u_core.\u_rf.$0$memwr$\regs$rtl/core/regfile.sv:34$265_EN[31:0]$269 [0] $flatten\u_core.\u_rf.$0$memwr$\regs$rtl/core/regfile.sv:34$265_EN[31:0]$269 [0] $flatten\u_core.\u_rf.$0$memwr$\regs$rtl/core/regfile.sv:34$265_EN[31:0]$269 [0] $flatten\u_core.\u_rf.$0$memwr$\regs$rtl/core/regfile.sv:34$265_EN[31:0]$269 [0] $flatten\u_core.\u_rf.$0$memwr$\regs$rtl/core/regfile.sv:34$265_EN[31:0]$269 [0] $flatten\u_core.\u_rf.$0$memwr$\regs$rtl/core/regfile.sv:34$265_EN[31:0]$269 [0] $flatten\u_core.\u_rf.$0$memwr$\regs$rtl/core/regfile.sv:34$265_EN[31:0]$269 [0] $flatten\u_core.\u_rf.$0$memwr$\regs$rtl/core/regfile.sv:34$265_EN[31:0]$269 [0] $flatten\u_core.\u_rf.$0$memwr$\regs$rtl/core/regfile.sv:34$265_EN[31:0]$269 [0] $flatten\u_core.\u_rf.$0$memwr$\regs$rtl/core/regfile.sv:34$265_EN[31:0]$269 [0] $flatten\u_core.\u_rf.$0$memwr$\regs$rtl/core/regfile.sv:34$265_EN[31:0]$269 [0] $flatten\u_core.\u_rf.$0$memwr$\regs$rtl/core/regfile.sv:34$265_EN[31:0]$269 [0] $flatten\u_core.\u_rf.$0$memwr$\regs$rtl/core/regfile.sv:34$265_EN[31:0]$269 [0] $flatten\u_core.\u_rf.$0$memwr$\regs$rtl/core/regfile.sv:34$265_EN[31:0]$269 [0] $flatten\u_core.\u_rf.$0$memwr$\regs$rtl/core/regfile.sv:34$265_EN[31:0]$269 [0] }
  Optimizing cells in module \soc_pipe.
Performed a total of 10 changes.

16.10.5. Executing OPT_MERGE pass (detect identical cells).
Finding identical cells in module `\soc_pipe'.
<suppressed ~57 debug messages>
Removed a total of 19 cells.

16.10.6. Executing OPT_DFF pass (perform DFF optimizations).

16.10.7. Executing OPT_CLEAN pass (remove unused cells and wires).
Finding unused cells or wires in module \soc_pipe..
Removed 0 unused cells and 325 unused wires.
<suppressed ~1 debug messages>

16.10.8. Executing OPT_EXPR pass (perform const folding).
Optimizing module soc_pipe.

16.10.9. Rerunning OPT passes. (Maybe there is more to do..)

16.10.10. Executing OPT_MUXTREE pass (detect dead branches in mux trees).
Running muxtree optimizer on module \soc_pipe..
  Creating internal representation of mux trees.
  Evaluating internal representation of mux trees.
  Analyzing evaluation results.
Removed 0 multiplexer ports.
<suppressed ~82 debug messages>

16.10.11. Executing OPT_REDUCE pass (consolidate $*mux and $reduce_* inputs).
  Optimizing cells in module \soc_pipe.
    New ctrl vector for $pmux cell $procmux$1791: { $procmux$1787_CMP $procmux$1784_CMP $auto$opt_reduce.cc:137:opt_pmux$3190 }
    New ctrl vector for $pmux cell $procmux$2253: { $flatten\u_core.\u_dec.$eq$rtl/core/decoder.sv:168$59_Y $procmux$2030_CMP $auto$opt_reduce.cc:137:opt_pmux$3192 }
    New ctrl vector for $pmux cell $procmux$2619: { $auto$opt_reduce.cc:137:opt_pmux$3194 $auto$opt_reduce.cc:137:opt_pmux$3184 }
    New ctrl vector for $pmux cell $procmux$2639: { $procmux$2428_CMP $auto$opt_reduce.cc:137:opt_pmux$3186 $auto$opt_reduce.cc:137:opt_pmux$3196 }
    New ctrl vector for $pmux cell $procmux$2649: { $auto$opt_reduce.cc:137:opt_pmux$3188 $procmux$2499_CMP $auto$opt_reduce.cc:137:opt_pmux$3200 $procmux$2291_CMP $procmux$2006_CMP $procmux$1989_CMP $auto$opt_reduce.cc:137:opt_pmux$3198 }
  Optimizing cells in module \soc_pipe.
Performed a total of 5 changes.

16.10.12. Executing OPT_MERGE pass (detect identical cells).
Finding identical cells in module `\soc_pipe'.
<suppressed ~6 debug messages>
Removed a total of 2 cells.

16.10.13. Executing OPT_DFF pass (perform DFF optimizations).

16.10.14. Executing OPT_CLEAN pass (remove unused cells and wires).
Finding unused cells or wires in module \soc_pipe..
Removed 0 unused cells and 2 unused wires.
<suppressed ~1 debug messages>

16.10.15. Executing OPT_EXPR pass (perform const folding).
Optimizing module soc_pipe.

16.10.16. Rerunning OPT passes. (Maybe there is more to do..)

16.10.17. Executing OPT_MUXTREE pass (detect dead branches in mux trees).
Running muxtree optimizer on module \soc_pipe..
  Creating internal representation of mux trees.
  Evaluating internal representation of mux trees.
  Analyzing evaluation results.
Removed 0 multiplexer ports.
<suppressed ~82 debug messages>

16.10.18. Executing OPT_REDUCE pass (consolidate $*mux and $reduce_* inputs).
  Optimizing cells in module \soc_pipe.
Performed a total of 0 changes.

16.10.19. Executing OPT_MERGE pass (detect identical cells).
Finding identical cells in module `\soc_pipe'.
Removed a total of 0 cells.

16.10.20. Executing OPT_DFF pass (perform DFF optimizations).

16.10.21. Executing OPT_CLEAN pass (remove unused cells and wires).
Finding unused cells or wires in module \soc_pipe..

16.10.22. Executing OPT_EXPR pass (perform const folding).
Optimizing module soc_pipe.

16.10.23. Finished OPT passes. (There is nothing left to do.)

16.11. Executing FSM pass (extract and optimize FSM).

16.11.1. Executing FSM_DETECT pass (finding FSMs in design).
Found FSM state register soc_pipe.u_core.idex_alu_a_sel.
Found FSM state register soc_pipe.u_core.idex_alu_op.
Found FSM state register soc_pipe.u_core.idex_br_type.
Not marking soc_pipe.u_core.idex_wb_sel as FSM state register:
    Users of register don't seem to benefit from recoding.
Found FSM state register soc_pipe.u_uart.u_rx.state.

16.11.2. Executing FSM_EXTRACT pass (extracting FSM from design).
Extracting FSM `\u_core.idex_alu_a_sel' from module `\soc_pipe'.
  found $adff cell for state register: $procdff$3075
  root of input selection tree: $flatten\u_core.$0\idex_alu_a_sel[1:0]
  found reset state: 2'00 (from async reset)
  found ctrl input: \u_core.ex_redirect
  found ctrl input: $procmux$2605_CMP
  found ctrl input: $procmux$2606_CMP
  found state code: 2'01
  found state code: 2'10
  found ctrl output: $procmux$1841_CMP
  found ctrl output: $procmux$1842_CMP
  ctrl inputs: { $procmux$2606_CMP $procmux$2605_CMP \u_core.ex_redirect }
  ctrl outputs: { $procmux$1842_CMP $procmux$1841_CMP $flatten\u_core.$0\idex_alu_a_sel[1:0] }
  transition:       2'00 3'000 ->       2'00 4'0000
  transition:       2'00 3'1-0 ->       2'10 4'0010
  transition:       2'00 3'-10 ->       2'01 4'0001
  transition:       2'00 3'--1 ->       2'00 4'0000
  transition:       2'10 3'000 ->       2'00 4'0100
  transition:       2'10 3'1-0 ->       2'10 4'0110
  transition:       2'10 3'-10 ->       2'01 4'0101
  transition:       2'10 3'--1 ->       2'10 4'0110
  transition:       2'01 3'000 ->       2'00 4'1000
  transition:       2'01 3'1-0 ->       2'10 4'1010
  transition:       2'01 3'-10 ->       2'01 4'1001
  transition:       2'01 3'--1 ->       2'01 4'1001
Extracting FSM `\u_core.idex_alu_op' from module `\soc_pipe'.
  found $adff cell for state register: $procdff$3080
  root of input selection tree: $flatten\u_core.$0\idex_alu_op[3:0]
  found reset state: 4'0000 (from async reset)
  found ctrl input: \u_core.ex_redirect
  found ctrl input: $procmux$2006_CMP
  found ctrl input: $procmux$2291_CMP
  found ctrl input: $procmux$2004_CMP
  found ctrl input: $procmux$2015_CMP
  found ctrl input: $procmux$2030_CMP
  found ctrl input: $procmux$2082_CMP
  found ctrl input: $procmux$2096_CMP
  found ctrl input: $flatten\u_core.\u_dec.$eq$rtl/core/decoder.sv:105$43_Y
  found ctrl input: $procmux$2127_CMP
  found ctrl input: $flatten\u_core.\u_dec.$eq$rtl/core/decoder.sv:168$59_Y
  found state code: 4'1001
  found state code: 4'1000
  found ctrl input: $flatten\u_core.\u_dec.$eq$rtl/core/decoder.sv:130$45_Y
  found ctrl input: $flatten\u_core.\u_dec.$eq$rtl/core/decoder.sv:131$46_Y
  found state code: 4'0111
  found state code: 4'0110
  found state code: 4'0101
  found state code: 4'0100
  found state code: 4'0011
  found state code: 4'0010
  found ctrl input: $flatten\u_core.\u_dec.$eq$rtl/core/decoder.sv:143$49_Y
  found state code: 4'1010
  found state code: 4'0001
  found ctrl output: $procmux$2738_CMP
  found ctrl output: $procmux$2739_CMP
  found ctrl output: $procmux$2740_CMP
  found ctrl output: $procmux$2741_CMP
  found ctrl output: $procmux$2742_CMP
  found ctrl output: $procmux$2743_CMP
  found ctrl output: $procmux$2744_CMP
  found ctrl output: $procmux$2745_CMP
  found ctrl output: $procmux$2746_CMP
  found ctrl output: $procmux$2747_CMP
  found ctrl output: $procmux$2748_CMP
  ctrl inputs: { $procmux$2291_CMP $procmux$2127_CMP $procmux$2096_CMP $procmux$2082_CMP $procmux$2030_CMP $procmux$2015_CMP $procmux$2006_CMP $procmux$2004_CMP \u_core.ex_redirect $flatten\u_core.\u_dec.$eq$rtl/core/decoder.sv:168$59_Y $flatten\u_core.\u_dec.$eq$rtl/core/decoder.sv:143$49_Y $flatten\u_core.\u_dec.$eq$rtl/core/decoder.sv:131$46_Y $flatten\u_core.\u_dec.$eq$rtl/core/decoder.sv:130$45_Y $flatten\u_core.\u_dec.$eq$rtl/core/decoder.sv:105$43_Y }
  ctrl outputs: { $procmux$2748_CMP $procmux$2747_CMP $procmux$2746_CMP $procmux$2745_CMP $procmux$2744_CMP $procmux$2743_CMP $procmux$2742_CMP $procmux$2741_CMP $procmux$2740_CMP $procmux$2739_CMP $procmux$2738_CMP $flatten\u_core.$0\idex_alu_op[3:0] }
  transition:     4'0000 14'0-----0-0----- ->     4'0000 15'100000000000000
  transition:     4'0000 14'100000-000---0 -> INVALID_STATE(4'x) 15'10000000000xxxx  <ignored invalid transition!>
  transition:     4'0000 14'1-------01---- ->     4'0000 15'100000000000000
  transition:     4'0000 14'1-------0----1 ->     4'0011 15'100000000000011
  transition:     4'0000 14'1-1-----0----- ->     4'0100 15'100000000000100
  transition:     4'0000 14'1--1----0----- ->     4'0101 15'100000000000101
  transition:     4'0000 14'1----1--0----- ->     4'1000 15'100000000001000
  transition:     4'0000 14'1------10----- ->     4'1001 15'100000000001001
  transition:     4'0000 14'11------0----- ->     4'0010 15'100000000000010
  transition:     4'0000 14'1---1---0--00- ->     4'0000 15'100000000000000
  transition:     4'0000 14'1---1---0--10- ->     4'0111 15'100000000000111
  transition:     4'0000 14'1---1---0---1- ->     4'0110 15'100000000000110
  transition:     4'0000 14'-000001000---0 -> INVALID_STATE(4'x) 15'10000000000xxxx  <ignored invalid transition!>
  transition:     4'0000 14'------1-01000- ->     4'0000 15'100000000000000
  transition:     4'0000 14'------1-01100- ->     4'1010 15'100000000001010
  transition:     4'0000 14'------1-01-10- ->     4'0001 15'100000000000001
  transition:     4'0000 14'------1-01--1- ->     4'0000 15'100000000000000
  transition:     4'0000 14'-1----1-0----- ->     4'0010 15'100000000000010
  transition:     4'0000 14'------1-0----1 ->     4'0011 15'100000000000011
  transition:     4'0000 14'--1---1-0----- ->     4'0100 15'100000000000100
  transition:     4'0000 14'---1--1-0----- ->     4'0101 15'100000000000101
  transition:     4'0000 14'----1-1-0--00- ->     4'0000 15'100000000000000
  transition:     4'0000 14'----1-1-0--10- ->     4'0111 15'100000000000111
  transition:     4'0000 14'----1-1-0---1- ->     4'0110 15'100000000000110
  transition:     4'0000 14'-----11-0----- ->     4'1000 15'100000000001000
  transition:     4'0000 14'------110----- ->     4'1001 15'100000000001001
  transition:     4'0000 14'--------1----- ->     4'0000 15'100000000000000
  transition:     4'1000 14'0-----0-0----- ->     4'0000 15'000000001000000
  transition:     4'1000 14'100000-000---0 -> INVALID_STATE(4'x) 15'00000000100xxxx  <ignored invalid transition!>
  transition:     4'1000 14'1-------01---- ->     4'0000 15'000000001000000
  transition:     4'1000 14'1-------0----1 ->     4'0011 15'000000001000011
  transition:     4'1000 14'1-1-----0----- ->     4'0100 15'000000001000100
  transition:     4'1000 14'1--1----0----- ->     4'0101 15'000000001000101
  transition:     4'1000 14'1----1--0----- ->     4'1000 15'000000001001000
  transition:     4'1000 14'1------10----- ->     4'1001 15'000000001001001
  transition:     4'1000 14'11------0----- ->     4'0010 15'000000001000010
  transition:     4'1000 14'1---1---0--00- ->     4'0000 15'000000001000000
  transition:     4'1000 14'1---1---0--10- ->     4'0111 15'000000001000111
  transition:     4'1000 14'1---1---0---1- ->     4'0110 15'000000001000110
  transition:     4'1000 14'-000001000---0 -> INVALID_STATE(4'x) 15'00000000100xxxx  <ignored invalid transition!>
  transition:     4'1000 14'------1-01000- ->     4'0000 15'000000001000000
  transition:     4'1000 14'------1-01100- ->     4'1010 15'000000001001010
  transition:     4'1000 14'------1-01-10- ->     4'0001 15'000000001000001
  transition:     4'1000 14'------1-01--1- ->     4'0000 15'000000001000000
  transition:     4'1000 14'-1----1-0----- ->     4'0010 15'000000001000010
  transition:     4'1000 14'------1-0----1 ->     4'0011 15'000000001000011
  transition:     4'1000 14'--1---1-0----- ->     4'0100 15'000000001000100
  transition:     4'1000 14'---1--1-0----- ->     4'0101 15'000000001000101
  transition:     4'1000 14'----1-1-0--00- ->     4'0000 15'000000001000000
  transition:     4'1000 14'----1-1-0--10- ->     4'0111 15'000000001000111
  transition:     4'1000 14'----1-1-0---1- ->     4'0110 15'000000001000110
  transition:     4'1000 14'-----11-0----- ->     4'1000 15'000000001001000
  transition:     4'1000 14'------110----- ->     4'1001 15'000000001001001
  transition:     4'1000 14'--------1----- ->     4'1000 15'000000001001000
  transition:     4'0100 14'0-----0-0----- ->     4'0000 15'000010000000000
  transition:     4'0100 14'100000-000---0 -> INVALID_STATE(4'x) 15'00001000000xxxx  <ignored invalid transition!>
  transition:     4'0100 14'1-------01---- ->     4'0000 15'000010000000000
  transition:     4'0100 14'1-------0----1 ->     4'0011 15'000010000000011
  transition:     4'0100 14'1-1-----0----- ->     4'0100 15'000010000000100
  transition:     4'0100 14'1--1----0----- ->     4'0101 15'000010000000101
  transition:     4'0100 14'1----1--0----- ->     4'1000 15'000010000001000
  transition:     4'0100 14'1------10----- ->     4'1001 15'000010000001001
  transition:     4'0100 14'11------0----- ->     4'0010 15'000010000000010
  transition:     4'0100 14'1---1---0--00- ->     4'0000 15'000010000000000
  transition:     4'0100 14'1---1---0--10- ->     4'0111 15'000010000000111
  transition:     4'0100 14'1---1---0---1- ->     4'0110 15'000010000000110
  transition:     4'0100 14'-000001000---0 -> INVALID_STATE(4'x) 15'00001000000xxxx  <ignored invalid transition!>
  transition:     4'0100 14'------1-01000- ->     4'0000 15'000010000000000
  transition:     4'0100 14'------1-01100- ->     4'1010 15'000010000001010
  transition:     4'0100 14'------1-01-10- ->     4'0001 15'000010000000001
  transition:     4'0100 14'------1-01--1- ->     4'0000 15'000010000000000
  transition:     4'0100 14'-1----1-0----- ->     4'0010 15'000010000000010
  transition:     4'0100 14'------1-0----1 ->     4'0011 15'000010000000011
  transition:     4'0100 14'--1---1-0----- ->     4'0100 15'000010000000100
  transition:     4'0100 14'---1--1-0----- ->     4'0101 15'000010000000101
  transition:     4'0100 14'----1-1-0--00- ->     4'0000 15'000010000000000
  transition:     4'0100 14'----1-1-0--10- ->     4'0111 15'000010000000111
  transition:     4'0100 14'----1-1-0---1- ->     4'0110 15'000010000000110
  transition:     4'0100 14'-----11-0----- ->     4'1000 15'000010000001000
  transition:     4'0100 14'------110----- ->     4'1001 15'000010000001001
  transition:     4'0100 14'--------1----- ->     4'0100 15'000010000000100
  transition:     4'0010 14'0-----0-0----- ->     4'0000 15'001000000000000
  transition:     4'0010 14'100000-000---0 -> INVALID_STATE(4'x) 15'00100000000xxxx  <ignored invalid transition!>
  transition:     4'0010 14'1-------01---- ->     4'0000 15'001000000000000
  transition:     4'0010 14'1-------0----1 ->     4'0011 15'001000000000011
  transition:     4'0010 14'1-1-----0----- ->     4'0100 15'001000000000100
  transition:     4'0010 14'1--1----0----- ->     4'0101 15'001000000000101
  transition:     4'0010 14'1----1--0----- ->     4'1000 15'001000000001000
  transition:     4'0010 14'1------10----- ->     4'1001 15'001000000001001
  transition:     4'0010 14'11------0----- ->     4'0010 15'001000000000010
  transition:     4'0010 14'1---1---0--00- ->     4'0000 15'001000000000000
  transition:     4'0010 14'1---1---0--10- ->     4'0111 15'001000000000111
  transition:     4'0010 14'1---1---0---1- ->     4'0110 15'001000000000110
  transition:     4'0010 14'-000001000---0 -> INVALID_STATE(4'x) 15'00100000000xxxx  <ignored invalid transition!>
  transition:     4'0010 14'------1-01000- ->     4'0000 15'001000000000000
  transition:     4'0010 14'------1-01100- ->     4'1010 15'001000000001010
  transition:     4'0010 14'------1-01-10- ->     4'0001 15'001000000000001
  transition:     4'0010 14'------1-01--1- ->     4'0000 15'001000000000000
  transition:     4'0010 14'-1----1-0----- ->     4'0010 15'001000000000010
  transition:     4'0010 14'------1-0----1 ->     4'0011 15'001000000000011
  transition:     4'0010 14'--1---1-0----- ->     4'0100 15'001000000000100
  transition:     4'0010 14'---1--1-0----- ->     4'0101 15'001000000000101
  transition:     4'0010 14'----1-1-0--00- ->     4'0000 15'001000000000000
  transition:     4'0010 14'----1-1-0--10- ->     4'0111 15'001000000000111
  transition:     4'0010 14'----1-1-0---1- ->     4'0110 15'001000000000110
  transition:     4'0010 14'-----11-0----- ->     4'1000 15'001000000001000
  transition:     4'0010 14'------110----- ->     4'1001 15'001000000001001
  transition:     4'0010 14'--------1----- ->     4'0010 15'001000000000010
  transition:     4'1010 14'0-----0-0----- ->     4'0000 15'000000000010000
  transition:     4'1010 14'100000-000---0 -> INVALID_STATE(4'x) 15'00000000001xxxx  <ignored invalid transition!>
  transition:     4'1010 14'1-------01---- ->     4'0000 15'000000000010000
  transition:     4'1010 14'1-------0----1 ->     4'0011 15'000000000010011
  transition:     4'1010 14'1-1-----0----- ->     4'0100 15'000000000010100
  transition:     4'1010 14'1--1----0----- ->     4'0101 15'000000000010101
  transition:     4'1010 14'1----1--0----- ->     4'1000 15'000000000011000
  transition:     4'1010 14'1------10----- ->     4'1001 15'000000000011001
  transition:     4'1010 14'11------0----- ->     4'0010 15'000000000010010
  transition:     4'1010 14'1---1---0--00- ->     4'0000 15'000000000010000
  transition:     4'1010 14'1---1---0--10- ->     4'0111 15'000000000010111
  transition:     4'1010 14'1---1---0---1- ->     4'0110 15'000000000010110
  transition:     4'1010 14'-000001000---0 -> INVALID_STATE(4'x) 15'00000000001xxxx  <ignored invalid transition!>
  transition:     4'1010 14'------1-01000- ->     4'0000 15'000000000010000
  transition:     4'1010 14'------1-01100- ->     4'1010 15'000000000011010
  transition:     4'1010 14'------1-01-10- ->     4'0001 15'000000000010001
  transition:     4'1010 14'------1-01--1- ->     4'0000 15'000000000010000
  transition:     4'1010 14'-1----1-0----- ->     4'0010 15'000000000010010
  transition:     4'1010 14'------1-0----1 ->     4'0011 15'000000000010011
  transition:     4'1010 14'--1---1-0----- ->     4'0100 15'000000000010100
  transition:     4'1010 14'---1--1-0----- ->     4'0101 15'000000000010101
  transition:     4'1010 14'----1-1-0--00- ->     4'0000 15'000000000010000
  transition:     4'1010 14'----1-1-0--10- ->     4'0111 15'000000000010111
  transition:     4'1010 14'----1-1-0---1- ->     4'0110 15'000000000010110
  transition:     4'1010 14'-----11-0----- ->     4'1000 15'000000000011000
  transition:     4'1010 14'------110----- ->     4'1001 15'000000000011001
  transition:     4'1010 14'--------1----- ->     4'1010 15'000000000011010
  transition:     4'0110 14'0-----0-0----- ->     4'0000 15'000000100000000
  transition:     4'0110 14'100000-000---0 -> INVALID_STATE(4'x) 15'00000010000xxxx  <ignored invalid transition!>
  transition:     4'0110 14'1-------01---- ->     4'0000 15'000000100000000
  transition:     4'0110 14'1-------0----1 ->     4'0011 15'000000100000011
  transition:     4'0110 14'1-1-----0----- ->     4'0100 15'000000100000100
  transition:     4'0110 14'1--1----0----- ->     4'0101 15'000000100000101
  transition:     4'0110 14'1----1--0----- ->     4'1000 15'000000100001000
  transition:     4'0110 14'1------10----- ->     4'1001 15'000000100001001
  transition:     4'0110 14'11------0----- ->     4'0010 15'000000100000010
  transition:     4'0110 14'1---1---0--00- ->     4'0000 15'000000100000000
  transition:     4'0110 14'1---1---0--10- ->     4'0111 15'000000100000111
  transition:     4'0110 14'1---1---0---1- ->     4'0110 15'000000100000110
  transition:     4'0110 14'-000001000---0 -> INVALID_STATE(4'x) 15'00000010000xxxx  <ignored invalid transition!>
  transition:     4'0110 14'------1-01000- ->     4'0000 15'000000100000000
  transition:     4'0110 14'------1-01100- ->     4'1010 15'000000100001010
  transition:     4'0110 14'------1-01-10- ->     4'0001 15'000000100000001
  transition:     4'0110 14'------1-01--1- ->     4'0000 15'000000100000000
  transition:     4'0110 14'-1----1-0----- ->     4'0010 15'000000100000010
  transition:     4'0110 14'------1-0----1 ->     4'0011 15'000000100000011
  transition:     4'0110 14'--1---1-0----- ->     4'0100 15'000000100000100
  transition:     4'0110 14'---1--1-0----- ->     4'0101 15'000000100000101
  transition:     4'0110 14'----1-1-0--00- ->     4'0000 15'000000100000000
  transition:     4'0110 14'----1-1-0--10- ->     4'0111 15'000000100000111
  transition:     4'0110 14'----1-1-0---1- ->     4'0110 15'000000100000110
  transition:     4'0110 14'-----11-0----- ->     4'1000 15'000000100001000
  transition:     4'0110 14'------110----- ->     4'1001 15'000000100001001
  transition:     4'0110 14'--------1----- ->     4'0110 15'000000100000110
  transition:     4'0001 14'0-----0-0----- ->     4'0000 15'010000000000000
  transition:     4'0001 14'100000-000---0 -> INVALID_STATE(4'x) 15'01000000000xxxx  <ignored invalid transition!>
  transition:     4'0001 14'1-------01---- ->     4'0000 15'010000000000000
  transition:     4'0001 14'1-------0----1 ->     4'0011 15'010000000000011
  transition:     4'0001 14'1-1-----0----- ->     4'0100 15'010000000000100
  transition:     4'0001 14'1--1----0----- ->     4'0101 15'010000000000101
  transition:     4'0001 14'1----1--0----- ->     4'1000 15'010000000001000
  transition:     4'0001 14'1------10----- ->     4'1001 15'010000000001001
  transition:     4'0001 14'11------0----- ->     4'0010 15'010000000000010
  transition:     4'0001 14'1---1---0--00- ->     4'0000 15'010000000000000
  transition:     4'0001 14'1---1---0--10- ->     4'0111 15'010000000000111
  transition:     4'0001 14'1---1---0---1- ->     4'0110 15'010000000000110
  transition:     4'0001 14'-000001000---0 -> INVALID_STATE(4'x) 15'01000000000xxxx  <ignored invalid transition!>
  transition:     4'0001 14'------1-01000- ->     4'0000 15'010000000000000
  transition:     4'0001 14'------1-01100- ->     4'1010 15'010000000001010
  transition:     4'0001 14'------1-01-10- ->     4'0001 15'010000000000001
  transition:     4'0001 14'------1-01--1- ->     4'0000 15'010000000000000
  transition:     4'0001 14'-1----1-0----- ->     4'0010 15'010000000000010
  transition:     4'0001 14'------1-0----1 ->     4'0011 15'010000000000011
  transition:     4'0001 14'--1---1-0----- ->     4'0100 15'010000000000100
  transition:     4'0001 14'---1--1-0----- ->     4'0101 15'010000000000101
  transition:     4'0001 14'----1-1-0--00- ->     4'0000 15'010000000000000
  transition:     4'0001 14'----1-1-0--10- ->     4'0111 15'010000000000111
  transition:     4'0001 14'----1-1-0---1- ->     4'0110 15'010000000000110
  transition:     4'0001 14'-----11-0----- ->     4'1000 15'010000000001000
  transition:     4'0001 14'------110----- ->     4'1001 15'010000000001001
  transition:     4'0001 14'--------1----- ->     4'0001 15'010000000000001
  transition:     4'1001 14'0-----0-0----- ->     4'0000 15'000000000100000
  transition:     4'1001 14'100000-000---0 -> INVALID_STATE(4'x) 15'00000000010xxxx  <ignored invalid transition!>
  transition:     4'1001 14'1-------01---- ->     4'0000 15'000000000100000
  transition:     4'1001 14'1-------0----1 ->     4'0011 15'000000000100011
  transition:     4'1001 14'1-1-----0----- ->     4'0100 15'000000000100100
  transition:     4'1001 14'1--1----0----- ->     4'0101 15'000000000100101
  transition:     4'1001 14'1----1--0----- ->     4'1000 15'000000000101000
  transition:     4'1001 14'1------10----- ->     4'1001 15'000000000101001
  transition:     4'1001 14'11------0----- ->     4'0010 15'000000000100010
  transition:     4'1001 14'1---1---0--00- ->     4'0000 15'000000000100000
  transition:     4'1001 14'1---1---0--10- ->     4'0111 15'000000000100111
  transition:     4'1001 14'1---1---0---1- ->     4'0110 15'000000000100110
  transition:     4'1001 14'-000001000---0 -> INVALID_STATE(4'x) 15'00000000010xxxx  <ignored invalid transition!>
  transition:     4'1001 14'------1-01000- ->     4'0000 15'000000000100000
  transition:     4'1001 14'------1-01100- ->     4'1010 15'000000000101010
  transition:     4'1001 14'------1-01-10- ->     4'0001 15'000000000100001
  transition:     4'1001 14'------1-01--1- ->     4'0000 15'000000000100000
  transition:     4'1001 14'-1----1-0----- ->     4'0010 15'000000000100010
  transition:     4'1001 14'------1-0----1 ->     4'0011 15'000000000100011
  transition:     4'1001 14'--1---1-0----- ->     4'0100 15'000000000100100
  transition:     4'1001 14'---1--1-0----- ->     4'0101 15'000000000100101
  transition:     4'1001 14'----1-1-0--00- ->     4'0000 15'000000000100000
  transition:     4'1001 14'----1-1-0--10- ->     4'0111 15'000000000100111
  transition:     4'1001 14'----1-1-0---1- ->     4'0110 15'000000000100110
  transition:     4'1001 14'-----11-0----- ->     4'1000 15'000000000101000
  transition:     4'1001 14'------110----- ->     4'1001 15'000000000101001
  transition:     4'1001 14'--------1----- ->     4'1001 15'000000000101001
  transition:     4'0101 14'0-----0-0----- ->     4'0000 15'000001000000000
  transition:     4'0101 14'100000-000---0 -> INVALID_STATE(4'x) 15'00000100000xxxx  <ignored invalid transition!>
  transition:     4'0101 14'1-------01---- ->     4'0000 15'000001000000000
  transition:     4'0101 14'1-------0----1 ->     4'0011 15'000001000000011
  transition:     4'0101 14'1-1-----0----- ->     4'0100 15'000001000000100
  transition:     4'0101 14'1--1----0----- ->     4'0101 15'000001000000101
  transition:     4'0101 14'1----1--0----- ->     4'1000 15'000001000001000
  transition:     4'0101 14'1------10----- ->     4'1001 15'000001000001001
  transition:     4'0101 14'11------0----- ->     4'0010 15'000001000000010
  transition:     4'0101 14'1---1---0--00- ->     4'0000 15'000001000000000
  transition:     4'0101 14'1---1---0--10- ->     4'0111 15'000001000000111
  transition:     4'0101 14'1---1---0---1- ->     4'0110 15'000001000000110
  transition:     4'0101 14'-000001000---0 -> INVALID_STATE(4'x) 15'00000100000xxxx  <ignored invalid transition!>
  transition:     4'0101 14'------1-01000- ->     4'0000 15'000001000000000
  transition:     4'0101 14'------1-01100- ->     4'1010 15'000001000001010
  transition:     4'0101 14'------1-01-10- ->     4'0001 15'000001000000001
  transition:     4'0101 14'------1-01--1- ->     4'0000 15'000001000000000
  transition:     4'0101 14'-1----1-0----- ->     4'0010 15'000001000000010
  transition:     4'0101 14'------1-0----1 ->     4'0011 15'000001000000011
  transition:     4'0101 14'--1---1-0----- ->     4'0100 15'000001000000100
  transition:     4'0101 14'---1--1-0----- ->     4'0101 15'000001000000101
  transition:     4'0101 14'----1-1-0--00- ->     4'0000 15'000001000000000
  transition:     4'0101 14'----1-1-0--10- ->     4'0111 15'000001000000111
  transition:     4'0101 14'----1-1-0---1- ->     4'0110 15'000001000000110
  transition:     4'0101 14'-----11-0----- ->     4'1000 15'000001000001000
  transition:     4'0101 14'------110----- ->     4'1001 15'000001000001001
  transition:     4'0101 14'--------1----- ->     4'0101 15'000001000000101
  transition:     4'0011 14'0-----0-0----- ->     4'0000 15'000100000000000
  transition:     4'0011 14'100000-000---0 -> INVALID_STATE(4'x) 15'00010000000xxxx  <ignored invalid transition!>
  transition:     4'0011 14'1-------01---- ->     4'0000 15'000100000000000
  transition:     4'0011 14'1-------0----1 ->     4'0011 15'000100000000011
  transition:     4'0011 14'1-1-----0----- ->     4'0100 15'000100000000100
  transition:     4'0011 14'1--1----0----- ->     4'0101 15'000100000000101
  transition:     4'0011 14'1----1--0----- ->     4'1000 15'000100000001000
  transition:     4'0011 14'1------10----- ->     4'1001 15'000100000001001
  transition:     4'0011 14'11------0----- ->     4'0010 15'000100000000010
  transition:     4'0011 14'1---1---0--00- ->     4'0000 15'000100000000000
  transition:     4'0011 14'1---1---0--10- ->     4'0111 15'000100000000111
  transition:     4'0011 14'1---1---0---1- ->     4'0110 15'000100000000110
  transition:     4'0011 14'-000001000---0 -> INVALID_STATE(4'x) 15'00010000000xxxx  <ignored invalid transition!>
  transition:     4'0011 14'------1-01000- ->     4'0000 15'000100000000000
  transition:     4'0011 14'------1-01100- ->     4'1010 15'000100000001010
  transition:     4'0011 14'------1-01-10- ->     4'0001 15'000100000000001
  transition:     4'0011 14'------1-01--1- ->     4'0000 15'000100000000000
  transition:     4'0011 14'-1----1-0----- ->     4'0010 15'000100000000010
  transition:     4'0011 14'------1-0----1 ->     4'0011 15'000100000000011
  transition:     4'0011 14'--1---1-0----- ->     4'0100 15'000100000000100
  transition:     4'0011 14'---1--1-0----- ->     4'0101 15'000100000000101
  transition:     4'0011 14'----1-1-0--00- ->     4'0000 15'000100000000000
  transition:     4'0011 14'----1-1-0--10- ->     4'0111 15'000100000000111
  transition:     4'0011 14'----1-1-0---1- ->     4'0110 15'000100000000110
  transition:     4'0011 14'-----11-0----- ->     4'1000 15'000100000001000
  transition:     4'0011 14'------110----- ->     4'1001 15'000100000001001
  transition:     4'0011 14'--------1----- ->     4'0011 15'000100000000011
  transition:     4'0111 14'0-----0-0----- ->     4'0000 15'000000010000000
  transition:     4'0111 14'100000-000---0 -> INVALID_STATE(4'x) 15'00000001000xxxx  <ignored invalid transition!>
  transition:     4'0111 14'1-------01---- ->     4'0000 15'000000010000000
  transition:     4'0111 14'1-------0----1 ->     4'0011 15'000000010000011
  transition:     4'0111 14'1-1-----0----- ->     4'0100 15'000000010000100
  transition:     4'0111 14'1--1----0----- ->     4'0101 15'000000010000101
  transition:     4'0111 14'1----1--0----- ->     4'1000 15'000000010001000
  transition:     4'0111 14'1------10----- ->     4'1001 15'000000010001001
  transition:     4'0111 14'11------0----- ->     4'0010 15'000000010000010
  transition:     4'0111 14'1---1---0--00- ->     4'0000 15'000000010000000
  transition:     4'0111 14'1---1---0--10- ->     4'0111 15'000000010000111
  transition:     4'0111 14'1---1---0---1- ->     4'0110 15'000000010000110
  transition:     4'0111 14'-000001000---0 -> INVALID_STATE(4'x) 15'00000001000xxxx  <ignored invalid transition!>
  transition:     4'0111 14'------1-01000- ->     4'0000 15'000000010000000
  transition:     4'0111 14'------1-01100- ->     4'1010 15'000000010001010
  transition:     4'0111 14'------1-01-10- ->     4'0001 15'000000010000001
  transition:     4'0111 14'------1-01--1- ->     4'0000 15'000000010000000
  transition:     4'0111 14'-1----1-0----- ->     4'0010 15'000000010000010
  transition:     4'0111 14'------1-0----1 ->     4'0011 15'000000010000011
  transition:     4'0111 14'--1---1-0----- ->     4'0100 15'000000010000100
  transition:     4'0111 14'---1--1-0----- ->     4'0101 15'000000010000101
  transition:     4'0111 14'----1-1-0--00- ->     4'0000 15'000000010000000
  transition:     4'0111 14'----1-1-0--10- ->     4'0111 15'000000010000111
  transition:     4'0111 14'----1-1-0---1- ->     4'0110 15'000000010000110
  transition:     4'0111 14'-----11-0----- ->     4'1000 15'000000010001000
  transition:     4'0111 14'------110----- ->     4'1001 15'000000010001001
  transition:     4'0111 14'--------1----- ->     4'0111 15'000000010000111
Extracting FSM `\u_core.idex_br_type' from module `\soc_pipe'.
  found $adff cell for state register: $procdff$3085
  root of input selection tree: $flatten\u_core.$0\idex_br_type[2:0]
  found reset state: 3'000 (from async reset)
  found ctrl input: \u_core.ex_redirect
  found ctrl input: \u_core.dec_illegal
  found ctrl input: $procmux$2499_CMP
  found ctrl input: $procmux$2528_CMP
  found ctrl input: $procmux$2604_CMP
  found ctrl input: $procmux$2004_CMP
  found ctrl input: $procmux$2015_CMP
  found ctrl input: $procmux$2030_CMP
  found ctrl input: $procmux$2082_CMP
  found ctrl input: $procmux$2127_CMP
  found ctrl input: $flatten\u_core.\u_dec.$eq$rtl/core/decoder.sv:168$59_Y
  found state code: 3'110
  found state code: 3'101
  found state code: 3'100
  found state code: 3'011
  found state code: 3'010
  found state code: 3'001
  found state code: 3'111
  found ctrl output: $procmux$1845_CMP
  found ctrl output: $procmux$1846_CMP
  found ctrl output: $procmux$1847_CMP
  found ctrl output: $procmux$1848_CMP
  found ctrl output: $procmux$1849_CMP
  found ctrl output: $procmux$1850_CMP
  found ctrl output: $procmux$1851_CMP
  ctrl inputs: { $procmux$2604_CMP $procmux$2528_CMP $procmux$2499_CMP $procmux$2127_CMP $procmux$2082_CMP $procmux$2030_CMP $procmux$2015_CMP $procmux$2004_CMP \u_core.dec_illegal \u_core.ex_redirect $flatten\u_core.\u_dec.$eq$rtl/core/decoder.sv:168$59_Y }
  ctrl outputs: { $procmux$1851_CMP $procmux$1850_CMP $procmux$1849_CMP $procmux$1848_CMP $procmux$1847_CMP $procmux$1846_CMP $procmux$1845_CMP $flatten\u_core.$0\idex_br_type[2:0] }
  transition:      3'000 11'000-----00- ->      3'000 10'0000000000
  transition:      3'000 11'1-------00- ->      3'111 10'0000000111
  transition:      3'000 11'-1------000 ->      3'000 10'0000000000
  transition:      3'000 11'-1------001 ->      3'111 10'0000000111
  transition:      3'000 11'--100000000 ->      3'000 10'0000000000
  transition:      3'000 11'--1-----001 ->      3'001 10'0000000001
  transition:      3'000 11'--11----00- ->      3'010 10'0000000010
  transition:      3'000 11'--1-1---00- ->      3'011 10'0000000011
  transition:      3'000 11'--1--1--00- ->      3'100 10'0000000100
  transition:      3'000 11'--1---1-00- ->      3'101 10'0000000101
  transition:      3'000 11'--1----100- ->      3'110 10'0000000110
  transition:      3'000 11'--------10- ->      3'000 10'0000000000
  transition:      3'000 11'---------1- ->      3'000 10'0000000000
  transition:      3'100 11'000-----00- ->      3'000 10'0001000000
  transition:      3'100 11'1-------00- ->      3'111 10'0001000111
  transition:      3'100 11'-1------000 ->      3'000 10'0001000000
  transition:      3'100 11'-1------001 ->      3'111 10'0001000111
  transition:      3'100 11'--100000000 ->      3'000 10'0001000000
  transition:      3'100 11'--1-----001 ->      3'001 10'0001000001
  transition:      3'100 11'--11----00- ->      3'010 10'0001000010
  transition:      3'100 11'--1-1---00- ->      3'011 10'0001000011
  transition:      3'100 11'--1--1--00- ->      3'100 10'0001000100
  transition:      3'100 11'--1---1-00- ->      3'101 10'0001000101
  transition:      3'100 11'--1----100- ->      3'110 10'0001000110
  transition:      3'100 11'--------10- ->      3'000 10'0001000000
  transition:      3'100 11'---------1- ->      3'100 10'0001000100
  transition:      3'010 11'000-----00- ->      3'000 10'0100000000
  transition:      3'010 11'1-------00- ->      3'111 10'0100000111
  transition:      3'010 11'-1------000 ->      3'000 10'0100000000
  transition:      3'010 11'-1------001 ->      3'111 10'0100000111
  transition:      3'010 11'--100000000 ->      3'000 10'0100000000
  transition:      3'010 11'--1-----001 ->      3'001 10'0100000001
  transition:      3'010 11'--11----00- ->      3'010 10'0100000010
  transition:      3'010 11'--1-1---00- ->      3'011 10'0100000011
  transition:      3'010 11'--1--1--00- ->      3'100 10'0100000100
  transition:      3'010 11'--1---1-00- ->      3'101 10'0100000101
  transition:      3'010 11'--1----100- ->      3'110 10'0100000110
  transition:      3'010 11'--------10- ->      3'000 10'0100000000
  transition:      3'010 11'---------1- ->      3'010 10'0100000010
  transition:      3'110 11'000-----00- ->      3'000 10'0000010000
  transition:      3'110 11'1-------00- ->      3'111 10'0000010111
  transition:      3'110 11'-1------000 ->      3'000 10'0000010000
  transition:      3'110 11'-1------001 ->      3'111 10'0000010111
  transition:      3'110 11'--100000000 ->      3'000 10'0000010000
  transition:      3'110 11'--1-----001 ->      3'001 10'0000010001
  transition:      3'110 11'--11----00- ->      3'010 10'0000010010
  transition:      3'110 11'--1-1---00- ->      3'011 10'0000010011
  transition:      3'110 11'--1--1--00- ->      3'100 10'0000010100
  transition:      3'110 11'--1---1-00- ->      3'101 10'0000010101
  transition:      3'110 11'--1----100- ->      3'110 10'0000010110
  transition:      3'110 11'--------10- ->      3'000 10'0000010000
  transition:      3'110 11'---------1- ->      3'110 10'0000010110
  transition:      3'001 11'000-----00- ->      3'000 10'1000000000
  transition:      3'001 11'1-------00- ->      3'111 10'1000000111
  transition:      3'001 11'-1------000 ->      3'000 10'1000000000
  transition:      3'001 11'-1------001 ->      3'111 10'1000000111
  transition:      3'001 11'--100000000 ->      3'000 10'1000000000
  transition:      3'001 11'--1-----001 ->      3'001 10'1000000001
  transition:      3'001 11'--11----00- ->      3'010 10'1000000010
  transition:      3'001 11'--1-1---00- ->      3'011 10'1000000011
  transition:      3'001 11'--1--1--00- ->      3'100 10'1000000100
  transition:      3'001 11'--1---1-00- ->      3'101 10'1000000101
  transition:      3'001 11'--1----100- ->      3'110 10'1000000110
  transition:      3'001 11'--------10- ->      3'000 10'1000000000
  transition:      3'001 11'---------1- ->      3'001 10'1000000001
  transition:      3'101 11'000-----00- ->      3'000 10'0000100000
  transition:      3'101 11'1-------00- ->      3'111 10'0000100111
  transition:      3'101 11'-1------000 ->      3'000 10'0000100000
  transition:      3'101 11'-1------001 ->      3'111 10'0000100111
  transition:      3'101 11'--100000000 ->      3'000 10'0000100000
  transition:      3'101 11'--1-----001 ->      3'001 10'0000100001
  transition:      3'101 11'--11----00- ->      3'010 10'0000100010
  transition:      3'101 11'--1-1---00- ->      3'011 10'0000100011
  transition:      3'101 11'--1--1--00- ->      3'100 10'0000100100
  transition:      3'101 11'--1---1-00- ->      3'101 10'0000100101
  transition:      3'101 11'--1----100- ->      3'110 10'0000100110
  transition:      3'101 11'--------10- ->      3'000 10'0000100000
  transition:      3'101 11'---------1- ->      3'101 10'0000100101
  transition:      3'011 11'000-----00- ->      3'000 10'0010000000
  transition:      3'011 11'1-------00- ->      3'111 10'0010000111
  transition:      3'011 11'-1------000 ->      3'000 10'0010000000
  transition:      3'011 11'-1------001 ->      3'111 10'0010000111
  transition:      3'011 11'--100000000 ->      3'000 10'0010000000
  transition:      3'011 11'--1-----001 ->      3'001 10'0010000001
  transition:      3'011 11'--11----00- ->      3'010 10'0010000010
  transition:      3'011 11'--1-1---00- ->      3'011 10'0010000011
  transition:      3'011 11'--1--1--00- ->      3'100 10'0010000100
  transition:      3'011 11'--1---1-00- ->      3'101 10'0010000101
  transition:      3'011 11'--1----100- ->      3'110 10'0010000110
  transition:      3'011 11'--------10- ->      3'000 10'0010000000
  transition:      3'011 11'---------1- ->      3'011 10'0010000011
  transition:      3'111 11'000-----00- ->      3'000 10'0000001000
  transition:      3'111 11'1-------00- ->      3'111 10'0000001111
  transition:      3'111 11'-1------000 ->      3'000 10'0000001000
  transition:      3'111 11'-1------001 ->      3'111 10'0000001111
  transition:      3'111 11'--100000000 ->      3'000 10'0000001000
  transition:      3'111 11'--1-----001 ->      3'001 10'0000001001
  transition:      3'111 11'--11----00- ->      3'010 10'0000001010
  transition:      3'111 11'--1-1---00- ->      3'011 10'0000001011
  transition:      3'111 11'--1--1--00- ->      3'100 10'0000001100
  transition:      3'111 11'--1---1-00- ->      3'101 10'0000001101
  transition:      3'111 11'--1----100- ->      3'110 10'0000001110
  transition:      3'111 11'--------10- ->      3'000 10'0000001000
  transition:      3'111 11'---------1- ->      3'111 10'0000001111
Extracting FSM `\u_uart.u_rx.state' from module `\soc_pipe'.
  found $adff cell for state register: $procdff$2945
  root of input selection tree: $flatten\u_uart.\u_rx.$0\state[1:0]
  found reset state: 2'00 (from async reset)
  found ctrl input: $procmux$1759_CMP
  found ctrl input: $procmux$1765_CMP
  found ctrl input: $procmux$1784_CMP
  found ctrl input: $procmux$1787_CMP
  found ctrl input: $flatten\u_uart.\u_rx.$eq$rtl/periph/uart_rx.sv:60$251_Y
  found ctrl input: $flatten\u_uart.\u_rx.$eq$rtl/periph/uart_rx.sv:63$252_Y
  found state code: 2'11
  found ctrl input: $flatten\u_uart.\u_rx.$eq$rtl/periph/uart_rx.sv:49$248_Y
  found ctrl input: \u_uart.u_rx.rx_sync
  found state code: 2'10
  found state code: 2'01
  found ctrl output: $procmux$1759_CMP
  found ctrl output: $procmux$1765_CMP
  found ctrl output: $procmux$1784_CMP
  found ctrl output: $procmux$1787_CMP
  ctrl inputs: { $flatten\u_uart.\u_rx.$eq$rtl/periph/uart_rx.sv:63$252_Y $flatten\u_uart.\u_rx.$eq$rtl/periph/uart_rx.sv:60$251_Y $flatten\u_uart.\u_rx.$eq$rtl/periph/uart_rx.sv:49$248_Y \u_uart.u_rx.rx_sync }
  ctrl outputs: { $procmux$1787_CMP $procmux$1784_CMP $procmux$1765_CMP $procmux$1759_CMP $flatten\u_uart.\u_rx.$0\state[1:0] }
  transition:       2'00 4'---0 ->       2'01 6'100001
  transition:       2'00 4'---1 ->       2'00 6'100000
  transition:       2'10 4'-0-- ->       2'10 6'001010
  transition:       2'10 4'01-- ->       2'10 6'001010
  transition:       2'10 4'11-- ->       2'11 6'001011
  transition:       2'01 4'--0- ->       2'01 6'010001
  transition:       2'01 4'--10 ->       2'10 6'010010
  transition:       2'01 4'--11 ->       2'00 6'010000
  transition:       2'11 4'-0-- ->       2'11 6'000111
  transition:       2'11 4'-1-- ->       2'00 6'000100

16.11.3. Executing FSM_OPT pass (simple optimizations of FSMs).
Optimizing FSM `$fsm$\u_uart.u_rx.state$3227' from module `\soc_pipe'.
Optimizing FSM `$fsm$\u_core.idex_br_type$3218' from module `\soc_pipe'.
Optimizing FSM `$fsm$\u_core.idex_alu_op$3205' from module `\soc_pipe'.
Optimizing FSM `$fsm$\u_core.idex_alu_a_sel$3201' from module `\soc_pipe'.

16.11.4. Executing OPT_CLEAN pass (remove unused cells and wires).
Finding unused cells or wires in module \soc_pipe..
Removed 51 unused cells and 55 unused wires.
<suppressed ~59 debug messages>

16.11.5. Executing FSM_OPT pass (simple optimizations of FSMs).
Optimizing FSM `$fsm$\u_core.idex_alu_a_sel$3201' from module `\soc_pipe'.
  Removing unused output signal $flatten\u_core.$0\idex_alu_a_sel[1:0] [0].
  Removing unused output signal $flatten\u_core.$0\idex_alu_a_sel[1:0] [1].
Optimizing FSM `$fsm$\u_core.idex_alu_op$3205' from module `\soc_pipe'.
  Removing unused output signal $flatten\u_core.$0\idex_alu_op[3:0] [0].
  Removing unused output signal $flatten\u_core.$0\idex_alu_op[3:0] [1].
  Removing unused output signal $flatten\u_core.$0\idex_alu_op[3:0] [2].
  Removing unused output signal $flatten\u_core.$0\idex_alu_op[3:0] [3].
Optimizing FSM `$fsm$\u_core.idex_br_type$3218' from module `\soc_pipe'.
  Removing unused output signal $flatten\u_core.$0\idex_br_type[2:0] [0].
  Removing unused output signal $flatten\u_core.$0\idex_br_type[2:0] [1].
  Removing unused output signal $flatten\u_core.$0\idex_br_type[2:0] [2].
Optimizing FSM `$fsm$\u_uart.u_rx.state$3227' from module `\soc_pipe'.
  Removing unused output signal $flatten\u_uart.\u_rx.$0\state[1:0] [0].
  Removing unused output signal $flatten\u_uart.\u_rx.$0\state[1:0] [1].

16.11.6. Executing FSM_RECODE pass (re-assigning FSM state encoding).
Recoding FSM `$fsm$\u_core.idex_alu_a_sel$3201' from module `\soc_pipe' using `auto' encoding:
  mapping auto encoding to `one-hot` for this FSM.
  00 -> --1
  10 -> -1-
  01 -> 1--
Recoding FSM `$fsm$\u_core.idex_alu_op$3205' from module `\soc_pipe' using `auto' encoding:
  mapping auto encoding to `one-hot` for this FSM.
  0000 -> ----------1
  1000 -> ---------1-
  0100 -> --------1--
  0010 -> -------1---
  1010 -> ------1----
  0110 -> -----1-----
  0001 -> ----1------
  1001 -> ---1-------
  0101 -> --1--------
  0011 -> -1---------
  0111 -> 1----------
Recoding FSM `$fsm$\u_core.idex_br_type$3218' from module `\soc_pipe' using `auto' encoding:
  mapping auto encoding to `one-hot` for this FSM.
  000 -> -------1
  100 -> ------1-
  010 -> -----1--
  110 -> ----1---
  001 -> ---1----
  101 -> --1-----
  011 -> -1------
  111 -> 1-------
Recoding FSM `$fsm$\u_uart.u_rx.state$3227' from module `\soc_pipe' using `auto' encoding:
  mapping auto encoding to `one-hot` for this FSM.
  00 -> ---1
  10 -> --1-
  01 -> -1--
  11 -> 1---

16.11.7. Executing FSM_INFO pass (dumping all available information on FSM cells).

FSM `$fsm$\u_core.idex_alu_a_sel$3201' from module `soc_pipe':
-------------------------------------

  Information on FSM $fsm$\u_core.idex_alu_a_sel$3201 (\u_core.idex_alu_a_sel):

  Number of input signals:    3
  Number of output signals:   2
  Number of state bits:       3

  Input signals:
    0: \u_core.ex_redirect
    1: $procmux$2605_CMP
    2: $procmux$2606_CMP

  Output signals:
    0: $procmux$1841_CMP
    1: $procmux$1842_CMP

  State encoding:
    0:      3'--1  <RESET STATE>
    1:      3'-1-
    2:      3'1--

  Transition Table (state_in, ctrl_in, state_out, ctrl_out):
      0:     0 3'000   ->     0 2'00
      1:     0 3'--1   ->     0 2'00
      2:     0 3'1-0   ->     1 2'00
      3:     0 3'-10   ->     2 2'00
      4:     1 3'000   ->     0 2'01
      5:     1 3'1-0   ->     1 2'01
      6:     1 3'--1   ->     1 2'01
      7:     1 3'-10   ->     2 2'01
      8:     2 3'000   ->     0 2'10
      9:     2 3'1-0   ->     1 2'10
     10:     2 3'-10   ->     2 2'10
     11:     2 3'--1   ->     2 2'10

-------------------------------------

FSM `$fsm$\u_core.idex_alu_op$3205' from module `soc_pipe':
-------------------------------------

  Information on FSM $fsm$\u_core.idex_alu_op$3205 (\u_core.idex_alu_op):

  Number of input signals:   14
  Number of output signals:  11
  Number of state bits:      11

  Input signals:
    0: $flatten\u_core.\u_dec.$eq$rtl/core/decoder.sv:105$43_Y
    1: $flatten\u_core.\u_dec.$eq$rtl/core/decoder.sv:130$45_Y
    2: $flatten\u_core.\u_dec.$eq$rtl/core/decoder.sv:131$46_Y
    3: $flatten\u_core.\u_dec.$eq$rtl/core/decoder.sv:143$49_Y
    4: $flatten\u_core.\u_dec.$eq$rtl/core/decoder.sv:168$59_Y
    5: \u_core.ex_redirect
    6: $procmux$2004_CMP
    7: $procmux$2006_CMP
    8: $procmux$2015_CMP
    9: $procmux$2030_CMP
   10: $procmux$2082_CMP
   11: $procmux$2096_CMP
   12: $procmux$2127_CMP
   13: $procmux$2291_CMP

  Output signals:
    0: $procmux$2738_CMP
    1: $procmux$2739_CMP
    2: $procmux$2740_CMP
    3: $procmux$2741_CMP
    4: $procmux$2742_CMP
    5: $procmux$2743_CMP
    6: $procmux$2744_CMP
    7: $procmux$2745_CMP
    8: $procmux$2746_CMP
    9: $procmux$2747_CMP
   10: $procmux$2748_CMP

  State encoding:
    0: 11'----------1  <RESET STATE>
    1: 11'---------1-
    2: 11'--------1--
    3: 11'-------1---
    4: 11'------1----
    5: 11'-----1-----
    6: 11'----1------
    7: 11'---1-------
    8: 11'--1--------
    9: 11'-1---------
   10: 11'1----------

  Transition Table (state_in, ctrl_in, state_out, ctrl_out):
      0:     0 14'------1-01000-   ->     0 11'10000000000
      1:     0 14'----1-1-0--00-   ->     0 11'10000000000
      2:     0 14'1---1---0--00-   ->     0 11'10000000000
      3:     0 14'------1-01--1-   ->     0 11'10000000000
      4:     0 14'1-------01----   ->     0 11'10000000000
      5:     0 14'0-----0-0-----   ->     0 11'10000000000
      6:     0 14'--------1-----   ->     0 11'10000000000
      7:     0 14'-----11-0-----   ->     1 11'10000000000
      8:     0 14'1----1--0-----   ->     1 11'10000000000
      9:     0 14'--1---1-0-----   ->     2 11'10000000000
     10:     0 14'1-1-----0-----   ->     2 11'10000000000
     11:     0 14'-1----1-0-----   ->     3 11'10000000000
     12:     0 14'11------0-----   ->     3 11'10000000000
     13:     0 14'------1-01100-   ->     4 11'10000000000
     14:     0 14'----1-1-0---1-   ->     5 11'10000000000
     15:     0 14'1---1---0---1-   ->     5 11'10000000000
     16:     0 14'------1-01-10-   ->     6 11'10000000000
     17:     0 14'------110-----   ->     7 11'10000000000
     18:     0 14'1------10-----   ->     7 11'10000000000
     19:     0 14'---1--1-0-----   ->     8 11'10000000000
     20:     0 14'1--1----0-----   ->     8 11'10000000000
     21:     0 14'------1-0----1   ->     9 11'10000000000
     22:     0 14'1-------0----1   ->     9 11'10000000000
     23:     0 14'----1-1-0--10-   ->    10 11'10000000000
     24:     0 14'1---1---0--10-   ->    10 11'10000000000
     25:     1 14'------1-01000-   ->     0 11'00000000100
     26:     1 14'----1-1-0--00-   ->     0 11'00000000100
     27:     1 14'1---1---0--00-   ->     0 11'00000000100
     28:     1 14'------1-01--1-   ->     0 11'00000000100
     29:     1 14'1-------01----   ->     0 11'00000000100
     30:     1 14'0-----0-0-----   ->     0 11'00000000100
     31:     1 14'-----11-0-----   ->     1 11'00000000100
     32:     1 14'1----1--0-----   ->     1 11'00000000100
     33:     1 14'--------1-----   ->     1 11'00000000100
     34:     1 14'--1---1-0-----   ->     2 11'00000000100
     35:     1 14'1-1-----0-----   ->     2 11'00000000100
     36:     1 14'-1----1-0-----   ->     3 11'00000000100
     37:     1 14'11------0-----   ->     3 11'00000000100
     38:     1 14'------1-01100-   ->     4 11'00000000100
     39:     1 14'----1-1-0---1-   ->     5 11'00000000100
     40:     1 14'1---1---0---1-   ->     5 11'00000000100
     41:     1 14'------1-01-10-   ->     6 11'00000000100
     42:     1 14'------110-----   ->     7 11'00000000100
     43:     1 14'1------10-----   ->     7 11'00000000100
     44:     1 14'---1--1-0-----   ->     8 11'00000000100
     45:     1 14'1--1----0-----   ->     8 11'00000000100
     46:     1 14'------1-0----1   ->     9 11'00000000100
     47:     1 14'1-------0----1   ->     9 11'00000000100
     48:     1 14'----1-1-0--10-   ->    10 11'00000000100
     49:     1 14'1---1---0--10-   ->    10 11'00000000100
     50:     2 14'------1-01000-   ->     0 11'00001000000
     51:     2 14'----1-1-0--00-   ->     0 11'00001000000
     52:     2 14'1---1---0--00-   ->     0 11'00001000000
     53:     2 14'------1-01--1-   ->     0 11'00001000000
     54:     2 14'1-------01----   ->     0 11'00001000000
     55:     2 14'0-----0-0-----   ->     0 11'00001000000
     56:     2 14'-----11-0-----   ->     1 11'00001000000
     57:     2 14'1----1--0-----   ->     1 11'00001000000
     58:     2 14'--1---1-0-----   ->     2 11'00001000000
     59:     2 14'1-1-----0-----   ->     2 11'00001000000
     60:     2 14'--------1-----   ->     2 11'00001000000
     61:     2 14'-1----1-0-----   ->     3 11'00001000000
     62:     2 14'11------0-----   ->     3 11'00001000000
     63:     2 14'------1-01100-   ->     4 11'00001000000
     64:     2 14'----1-1-0---1-   ->     5 11'00001000000
     65:     2 14'1---1---0---1-   ->     5 11'00001000000
     66:     2 14'------1-01-10-   ->     6 11'00001000000
     67:     2 14'------110-----   ->     7 11'00001000000
     68:     2 14'1------10-----   ->     7 11'00001000000
     69:     2 14'---1--1-0-----   ->     8 11'00001000000
     70:     2 14'1--1----0-----   ->     8 11'00001000000
     71:     2 14'------1-0----1   ->     9 11'00001000000
     72:     2 14'1-------0----1   ->     9 11'00001000000
     73:     2 14'----1-1-0--10-   ->    10 11'00001000000
     74:     2 14'1---1---0--10-   ->    10 11'00001000000
     75:     3 14'------1-01000-   ->     0 11'00100000000
     76:     3 14'----1-1-0--00-   ->     0 11'00100000000
     77:     3 14'1---1---0--00-   ->     0 11'00100000000
     78:     3 14'------1-01--1-   ->     0 11'00100000000
     79:     3 14'1-------01----   ->     0 11'00100000000
     80:     3 14'0-----0-0-----   ->     0 11'00100000000
     81:     3 14'-----11-0-----   ->     1 11'00100000000
     82:     3 14'1----1--0-----   ->     1 11'00100000000
     83:     3 14'--1---1-0-----   ->     2 11'00100000000
     84:     3 14'1-1-----0-----   ->     2 11'00100000000
     85:     3 14'-1----1-0-----   ->     3 11'00100000000
     86:     3 14'11------0-----   ->     3 11'00100000000
     87:     3 14'--------1-----   ->     3 11'00100000000
     88:     3 14'------1-01100-   ->     4 11'00100000000
     89:     3 14'----1-1-0---1-   ->     5 11'00100000000
     90:     3 14'1---1---0---1-   ->     5 11'00100000000
     91:     3 14'------1-01-10-   ->     6 11'00100000000
     92:     3 14'------110-----   ->     7 11'00100000000
     93:     3 14'1------10-----   ->     7 11'00100000000
     94:     3 14'---1--1-0-----   ->     8 11'00100000000
     95:     3 14'1--1----0-----   ->     8 11'00100000000
     96:     3 14'------1-0----1   ->     9 11'00100000000
     97:     3 14'1-------0----1   ->     9 11'00100000000
     98:     3 14'----1-1-0--10-   ->    10 11'00100000000
     99:     3 14'1---1---0--10-   ->    10 11'00100000000
    100:     4 14'------1-01000-   ->     0 11'00000000001
    101:     4 14'----1-1-0--00-   ->     0 11'00000000001
    102:     4 14'1---1---0--00-   ->     0 11'00000000001
    103:     4 14'------1-01--1-   ->     0 11'00000000001
    104:     4 14'1-------01----   ->     0 11'00000000001
    105:     4 14'0-----0-0-----   ->     0 11'00000000001
    106:     4 14'-----11-0-----   ->     1 11'00000000001
    107:     4 14'1----1--0-----   ->     1 11'00000000001
    108:     4 14'--1---1-0-----   ->     2 11'00000000001
    109:     4 14'1-1-----0-----   ->     2 11'00000000001
    110:     4 14'-1----1-0-----   ->     3 11'00000000001
    111:     4 14'11------0-----   ->     3 11'00000000001
    112:     4 14'------1-01100-   ->     4 11'00000000001
    113:     4 14'--------1-----   ->     4 11'00000000001
    114:     4 14'----1-1-0---1-   ->     5 11'00000000001
    115:     4 14'1---1---0---1-   ->     5 11'00000000001
    116:     4 14'------1-01-10-   ->     6 11'00000000001
    117:     4 14'------110-----   ->     7 11'00000000001
    118:     4 14'1------10-----   ->     7 11'00000000001
    119:     4 14'---1--1-0-----   ->     8 11'00000000001
    120:     4 14'1--1----0-----   ->     8 11'00000000001
    121:     4 14'------1-0----1   ->     9 11'00000000001
    122:     4 14'1-------0----1   ->     9 11'00000000001
    123:     4 14'----1-1-0--10-   ->    10 11'00000000001
    124:     4 14'1---1---0--10-   ->    10 11'00000000001
    125:     5 14'------1-01000-   ->     0 11'00000010000
    126:     5 14'----1-1-0--00-   ->     0 11'00000010000
    127:     5 14'1---1---0--00-   ->     0 11'00000010000
    128:     5 14'------1-01--1-   ->     0 11'00000010000
    129:     5 14'1-------01----   ->     0 11'00000010000
    130:     5 14'0-----0-0-----   ->     0 11'00000010000
    131:     5 14'-----11-0-----   ->     1 11'00000010000
    132:     5 14'1----1--0-----   ->     1 11'00000010000
    133:     5 14'--1---1-0-----   ->     2 11'00000010000
    134:     5 14'1-1-----0-----   ->     2 11'00000010000
    135:     5 14'-1----1-0-----   ->     3 11'00000010000
    136:     5 14'11------0-----   ->     3 11'00000010000
    137:     5 14'------1-01100-   ->     4 11'00000010000
    138:     5 14'----1-1-0---1-   ->     5 11'00000010000
    139:     5 14'1---1---0---1-   ->     5 11'00000010000
    140:     5 14'--------1-----   ->     5 11'00000010000
    141:     5 14'------1-01-10-   ->     6 11'00000010000
    142:     5 14'------110-----   ->     7 11'00000010000
    143:     5 14'1------10-----   ->     7 11'00000010000
    144:     5 14'---1--1-0-----   ->     8 11'00000010000
    145:     5 14'1--1----0-----   ->     8 11'00000010000
    146:     5 14'------1-0----1   ->     9 11'00000010000
    147:     5 14'1-------0----1   ->     9 11'00000010000
    148:     5 14'----1-1-0--10-   ->    10 11'00000010000
    149:     5 14'1---1---0--10-   ->    10 11'00000010000
    150:     6 14'------1-01000-   ->     0 11'01000000000
    151:     6 14'----1-1-0--00-   ->     0 11'01000000000
    152:     6 14'1---1---0--00-   ->     0 11'01000000000
    153:     6 14'------1-01--1-   ->     0 11'01000000000
    154:     6 14'1-------01----   ->     0 11'01000000000
    155:     6 14'0-----0-0-----   ->     0 11'01000000000
    156:     6 14'-----11-0-----   ->     1 11'01000000000
    157:     6 14'1----1--0-----   ->     1 11'01000000000
    158:     6 14'--1---1-0-----   ->     2 11'01000000000
    159:     6 14'1-1-----0-----   ->     2 11'01000000000
    160:     6 14'-1----1-0-----   ->     3 11'01000000000
    161:     6 14'11------0-----   ->     3 11'01000000000
    162:     6 14'------1-01100-   ->     4 11'01000000000
    163:     6 14'----1-1-0---1-   ->     5 11'01000000000
    164:     6 14'1---1---0---1-   ->     5 11'01000000000
    165:     6 14'------1-01-10-   ->     6 11'01000000000
    166:     6 14'--------1-----   ->     6 11'01000000000
    167:     6 14'------110-----   ->     7 11'01000000000
    168:     6 14'1------10-----   ->     7 11'01000000000
    169:     6 14'---1--1-0-----   ->     8 11'01000000000
    170:     6 14'1--1----0-----   ->     8 11'01000000000
    171:     6 14'------1-0----1   ->     9 11'01000000000
    172:     6 14'1-------0----1   ->     9 11'01000000000
    173:     6 14'----1-1-0--10-   ->    10 11'01000000000
    174:     6 14'1---1---0--10-   ->    10 11'01000000000
    175:     7 14'------1-01000-   ->     0 11'00000000010
    176:     7 14'----1-1-0--00-   ->     0 11'00000000010
    177:     7 14'1---1---0--00-   ->     0 11'00000000010
    178:     7 14'------1-01--1-   ->     0 11'00000000010
    179:     7 14'1-------01----   ->     0 11'00000000010
    180:     7 14'0-----0-0-----   ->     0 11'00000000010
    181:     7 14'-----11-0-----   ->     1 11'00000000010
    182:     7 14'1----1--0-----   ->     1 11'00000000010
    183:     7 14'--1---1-0-----   ->     2 11'00000000010
    184:     7 14'1-1-----0-----   ->     2 11'00000000010
    185:     7 14'-1----1-0-----   ->     3 11'00000000010
    186:     7 14'11------0-----   ->     3 11'00000000010
    187:     7 14'------1-01100-   ->     4 11'00000000010
    188:     7 14'----1-1-0---1-   ->     5 11'00000000010
    189:     7 14'1---1---0---1-   ->     5 11'00000000010
    190:     7 14'------1-01-10-   ->     6 11'00000000010
    191:     7 14'------110-----   ->     7 11'00000000010
    192:     7 14'1------10-----   ->     7 11'00000000010
    193:     7 14'--------1-----   ->     7 11'00000000010
    194:     7 14'---1--1-0-----   ->     8 11'00000000010
    195:     7 14'1--1----0-----   ->     8 11'00000000010
    196:     7 14'------1-0----1   ->     9 11'00000000010
    197:     7 14'1-------0----1   ->     9 11'00000000010
    198:     7 14'----1-1-0--10-   ->    10 11'00000000010
    199:     7 14'1---1---0--10-   ->    10 11'00000000010
    200:     8 14'------1-01000-   ->     0 11'00000100000
    201:     8 14'----1-1-0--00-   ->     0 11'00000100000
    202:     8 14'1---1---0--00-   ->     0 11'00000100000
    203:     8 14'------1-01--1-   ->     0 11'00000100000
    204:     8 14'1-------01----   ->     0 11'00000100000
    205:     8 14'0-----0-0-----   ->     0 11'00000100000
    206:     8 14'-----11-0-----   ->     1 11'00000100000
    207:     8 14'1----1--0-----   ->     1 11'00000100000
    208:     8 14'--1---1-0-----   ->     2 11'00000100000
    209:     8 14'1-1-----0-----   ->     2 11'00000100000
    210:     8 14'-1----1-0-----   ->     3 11'00000100000
    211:     8 14'11------0-----   ->     3 11'00000100000
    212:     8 14'------1-01100-   ->     4 11'00000100000
    213:     8 14'----1-1-0---1-   ->     5 11'00000100000
    214:     8 14'1---1---0---1-   ->     5 11'00000100000
    215:     8 14'------1-01-10-   ->     6 11'00000100000
    216:     8 14'------110-----   ->     7 11'00000100000
    217:     8 14'1------10-----   ->     7 11'00000100000
    218:     8 14'---1--1-0-----   ->     8 11'00000100000
    219:     8 14'1--1----0-----   ->     8 11'00000100000
    220:     8 14'--------1-----   ->     8 11'00000100000
    221:     8 14'------1-0----1   ->     9 11'00000100000
    222:     8 14'1-------0----1   ->     9 11'00000100000
    223:     8 14'----1-1-0--10-   ->    10 11'00000100000
    224:     8 14'1---1---0--10-   ->    10 11'00000100000
    225:     9 14'------1-01000-   ->     0 11'00010000000
    226:     9 14'----1-1-0--00-   ->     0 11'00010000000
    227:     9 14'1---1---0--00-   ->     0 11'00010000000
    228:     9 14'------1-01--1-   ->     0 11'00010000000
    229:     9 14'1-------01----   ->     0 11'00010000000
    230:     9 14'0-----0-0-----   ->     0 11'00010000000
    231:     9 14'-----11-0-----   ->     1 11'00010000000
    232:     9 14'1----1--0-----   ->     1 11'00010000000
    233:     9 14'--1---1-0-----   ->     2 11'00010000000
    234:     9 14'1-1-----0-----   ->     2 11'00010000000
    235:     9 14'-1----1-0-----   ->     3 11'00010000000
    236:     9 14'11------0-----   ->     3 11'00010000000
    237:     9 14'------1-01100-   ->     4 11'00010000000
    238:     9 14'----1-1-0---1-   ->     5 11'00010000000
    239:     9 14'1---1---0---1-   ->     5 11'00010000000
    240:     9 14'------1-01-10-   ->     6 11'00010000000
    241:     9 14'------110-----   ->     7 11'00010000000
    242:     9 14'1------10-----   ->     7 11'00010000000
    243:     9 14'---1--1-0-----   ->     8 11'00010000000
    244:     9 14'1--1----0-----   ->     8 11'00010000000
    245:     9 14'------1-0----1   ->     9 11'00010000000
    246:     9 14'1-------0----1   ->     9 11'00010000000
    247:     9 14'--------1-----   ->     9 11'00010000000
    248:     9 14'----1-1-0--10-   ->    10 11'00010000000
    249:     9 14'1---1---0--10-   ->    10 11'00010000000
    250:    10 14'------1-01000-   ->     0 11'00000001000
    251:    10 14'----1-1-0--00-   ->     0 11'00000001000
    252:    10 14'1---1---0--00-   ->     0 11'00000001000
    253:    10 14'------1-01--1-   ->     0 11'00000001000
    254:    10 14'1-------01----   ->     0 11'00000001000
    255:    10 14'0-----0-0-----   ->     0 11'00000001000
    256:    10 14'-----11-0-----   ->     1 11'00000001000
    257:    10 14'1----1--0-----   ->     1 11'00000001000
    258:    10 14'--1---1-0-----   ->     2 11'00000001000
    259:    10 14'1-1-----0-----   ->     2 11'00000001000
    260:    10 14'-1----1-0-----   ->     3 11'00000001000
    261:    10 14'11------0-----   ->     3 11'00000001000
    262:    10 14'------1-01100-   ->     4 11'00000001000
    263:    10 14'----1-1-0---1-   ->     5 11'00000001000
    264:    10 14'1---1---0---1-   ->     5 11'00000001000
    265:    10 14'------1-01-10-   ->     6 11'00000001000
    266:    10 14'------110-----   ->     7 11'00000001000
    267:    10 14'1------10-----   ->     7 11'00000001000
    268:    10 14'---1--1-0-----   ->     8 11'00000001000
    269:    10 14'1--1----0-----   ->     8 11'00000001000
    270:    10 14'------1-0----1   ->     9 11'00000001000
    271:    10 14'1-------0----1   ->     9 11'00000001000
    272:    10 14'----1-1-0--10-   ->    10 11'00000001000
    273:    10 14'1---1---0--10-   ->    10 11'00000001000
    274:    10 14'--------1-----   ->    10 11'00000001000

-------------------------------------

FSM `$fsm$\u_core.idex_br_type$3218' from module `soc_pipe':
-------------------------------------

  Information on FSM $fsm$\u_core.idex_br_type$3218 (\u_core.idex_br_type):

  Number of input signals:   11
  Number of output signals:   7
  Number of state bits:       8

  Input signals:
    0: $flatten\u_core.\u_dec.$eq$rtl/core/decoder.sv:168$59_Y
    1: \u_core.ex_redirect
    2: \u_core.dec_illegal
    3: $procmux$2004_CMP
    4: $procmux$2015_CMP
    5: $procmux$2030_CMP
    6: $procmux$2082_CMP
    7: $procmux$2127_CMP
    8: $procmux$2499_CMP
    9: $procmux$2528_CMP
   10: $procmux$2604_CMP

  Output signals:
    0: $procmux$1845_CMP
    1: $procmux$1846_CMP
    2: $procmux$1847_CMP
    3: $procmux$1848_CMP
    4: $procmux$1849_CMP
    5: $procmux$1850_CMP
    6: $procmux$1851_CMP

  State encoding:
    0: 8'-------1  <RESET STATE>
    1: 8'------1-
    2: 8'-----1--
    3: 8'----1---
    4: 8'---1----
    5: 8'--1-----
    6: 8'-1------
    7: 8'1-------

  Transition Table (state_in, ctrl_in, state_out, ctrl_out):
      0:     0 11'--100000000   ->     0 7'0000000
      1:     0 11'-1------000   ->     0 7'0000000
      2:     0 11'000-----00-   ->     0 7'0000000
      3:     0 11'--------10-   ->     0 7'0000000
      4:     0 11'---------1-   ->     0 7'0000000
      5:     0 11'--1--1--00-   ->     1 7'0000000
      6:     0 11'--11----00-   ->     2 7'0000000
      7:     0 11'--1----100-   ->     3 7'0000000
      8:     0 11'--1-----001   ->     4 7'0000000
      9:     0 11'--1---1-00-   ->     5 7'0000000
     10:     0 11'--1-1---00-   ->     6 7'0000000
     11:     0 11'-1------001   ->     7 7'0000000
     12:     0 11'1-------00-   ->     7 7'0000000
     13:     1 11'--100000000   ->     0 7'0001000
     14:     1 11'-1------000   ->     0 7'0001000
     15:     1 11'000-----00-   ->     0 7'0001000
     16:     1 11'--------10-   ->     0 7'0001000
     17:     1 11'--1--1--00-   ->     1 7'0001000
     18:     1 11'---------1-   ->     1 7'0001000
     19:     1 11'--11----00-   ->     2 7'0001000
     20:     1 11'--1----100-   ->     3 7'0001000
     21:     1 11'--1-----001   ->     4 7'0001000
     22:     1 11'--1---1-00-   ->     5 7'0001000
     23:     1 11'--1-1---00-   ->     6 7'0001000
     24:     1 11'-1------001   ->     7 7'0001000
     25:     1 11'1-------00-   ->     7 7'0001000
     26:     2 11'--100000000   ->     0 7'0100000
     27:     2 11'-1------000   ->     0 7'0100000
     28:     2 11'000-----00-   ->     0 7'0100000
     29:     2 11'--------10-   ->     0 7'0100000
     30:     2 11'--1--1--00-   ->     1 7'0100000
     31:     2 11'--11----00-   ->     2 7'0100000
     32:     2 11'---------1-   ->     2 7'0100000
     33:     2 11'--1----100-   ->     3 7'0100000
     34:     2 11'--1-----001   ->     4 7'0100000
     35:     2 11'--1---1-00-   ->     5 7'0100000
     36:     2 11'--1-1---00-   ->     6 7'0100000
     37:     2 11'-1------001   ->     7 7'0100000
     38:     2 11'1-------00-   ->     7 7'0100000
     39:     3 11'--100000000   ->     0 7'0000010
     40:     3 11'-1------000   ->     0 7'0000010
     41:     3 11'000-----00-   ->     0 7'0000010
     42:     3 11'--------10-   ->     0 7'0000010
     43:     3 11'--1--1--00-   ->     1 7'0000010
     44:     3 11'--11----00-   ->     2 7'0000010
     45:     3 11'--1----100-   ->     3 7'0000010
     46:     3 11'---------1-   ->     3 7'0000010
     47:     3 11'--1-----001   ->     4 7'0000010
     48:     3 11'--1---1-00-   ->     5 7'0000010
     49:     3 11'--1-1---00-   ->     6 7'0000010
     50:     3 11'-1------001   ->     7 7'0000010
     51:     3 11'1-------00-   ->     7 7'0000010
     52:     4 11'--100000000   ->     0 7'1000000
     53:     4 11'-1------000   ->     0 7'1000000
     54:     4 11'000-----00-   ->     0 7'1000000
     55:     4 11'--------10-   ->     0 7'1000000
     56:     4 11'--1--1--00-   ->     1 7'1000000
     57:     4 11'--11----00-   ->     2 7'1000000
     58:     4 11'--1----100-   ->     3 7'1000000
     59:     4 11'--1-----001   ->     4 7'1000000
     60:     4 11'---------1-   ->     4 7'1000000
     61:     4 11'--1---1-00-   ->     5 7'1000000
     62:     4 11'--1-1---00-   ->     6 7'1000000
     63:     4 11'-1------001   ->     7 7'1000000
     64:     4 11'1-------00-   ->     7 7'1000000
     65:     5 11'--100000000   ->     0 7'0000100
     66:     5 11'-1------000   ->     0 7'0000100
     67:     5 11'000-----00-   ->     0 7'0000100
     68:     5 11'--------10-   ->     0 7'0000100
     69:     5 11'--1--1--00-   ->     1 7'0000100
     70:     5 11'--11----00-   ->     2 7'0000100
     71:     5 11'--1----100-   ->     3 7'0000100
     72:     5 11'--1-----001   ->     4 7'0000100
     73:     5 11'--1---1-00-   ->     5 7'0000100
     74:     5 11'---------1-   ->     5 7'0000100
     75:     5 11'--1-1---00-   ->     6 7'0000100
     76:     5 11'-1------001   ->     7 7'0000100
     77:     5 11'1-------00-   ->     7 7'0000100
     78:     6 11'--100000000   ->     0 7'0010000
     79:     6 11'-1------000   ->     0 7'0010000
     80:     6 11'000-----00-   ->     0 7'0010000
     81:     6 11'--------10-   ->     0 7'0010000
     82:     6 11'--1--1--00-   ->     1 7'0010000
     83:     6 11'--11----00-   ->     2 7'0010000
     84:     6 11'--1----100-   ->     3 7'0010000
     85:     6 11'--1-----001   ->     4 7'0010000
     86:     6 11'--1---1-00-   ->     5 7'0010000
     87:     6 11'--1-1---00-   ->     6 7'0010000
     88:     6 11'---------1-   ->     6 7'0010000
     89:     6 11'-1------001   ->     7 7'0010000
     90:     6 11'1-------00-   ->     7 7'0010000
     91:     7 11'--100000000   ->     0 7'0000001
     92:     7 11'-1------000   ->     0 7'0000001
     93:     7 11'000-----00-   ->     0 7'0000001
     94:     7 11'--------10-   ->     0 7'0000001
     95:     7 11'--1--1--00-   ->     1 7'0000001
     96:     7 11'--11----00-   ->     2 7'0000001
     97:     7 11'--1----100-   ->     3 7'0000001
     98:     7 11'--1-----001   ->     4 7'0000001
     99:     7 11'--1---1-00-   ->     5 7'0000001
    100:     7 11'--1-1---00-   ->     6 7'0000001
    101:     7 11'-1------001   ->     7 7'0000001
    102:     7 11'1-------00-   ->     7 7'0000001
    103:     7 11'---------1-   ->     7 7'0000001

-------------------------------------

FSM `$fsm$\u_uart.u_rx.state$3227' from module `soc_pipe':
-------------------------------------

  Information on FSM $fsm$\u_uart.u_rx.state$3227 (\u_uart.u_rx.state):

  Number of input signals:    4
  Number of output signals:   4
  Number of state bits:       4

  Input signals:
    0: \u_uart.u_rx.rx_sync
    1: $flatten\u_uart.\u_rx.$eq$rtl/periph/uart_rx.sv:49$248_Y
    2: $flatten\u_uart.\u_rx.$eq$rtl/periph/uart_rx.sv:60$251_Y
    3: $flatten\u_uart.\u_rx.$eq$rtl/periph/uart_rx.sv:63$252_Y

  Output signals:
    0: $procmux$1759_CMP
    1: $procmux$1765_CMP
    2: $procmux$1784_CMP
    3: $procmux$1787_CMP

  State encoding:
    0:     4'---1  <RESET STATE>
    1:     4'--1-
    2:     4'-1--
    3:     4'1---

  Transition Table (state_in, ctrl_in, state_out, ctrl_out):
      0:     0 4'---1   ->     0 4'1000
      1:     0 4'---0   ->     2 4'1000
      2:     1 4'-0--   ->     1 4'0010
      3:     1 4'01--   ->     1 4'0010
      4:     1 4'11--   ->     3 4'0010
      5:     2 4'--11   ->     0 4'0100
      6:     2 4'--10   ->     1 4'0100
      7:     2 4'--0-   ->     2 4'0100
      8:     3 4'-1--   ->     0 4'0001
      9:     3 4'-0--   ->     3 4'0001

-------------------------------------

16.11.8. Executing FSM_MAP pass (mapping FSMs to basic logic).
Mapping FSM `$fsm$\u_core.idex_alu_a_sel$3201' from module `\soc_pipe'.
Mapping FSM `$fsm$\u_core.idex_alu_op$3205' from module `\soc_pipe'.
Mapping FSM `$fsm$\u_core.idex_br_type$3218' from module `\soc_pipe'.
Mapping FSM `$fsm$\u_uart.u_rx.state$3227' from module `\soc_pipe'.

16.12. Executing OPT pass (performing simple optimizations).

16.12.1. Executing OPT_EXPR pass (perform const folding).
Optimizing module soc_pipe.
<suppressed ~31 debug messages>

16.12.2. Executing OPT_MERGE pass (detect identical cells).
Finding identical cells in module `\soc_pipe'.
<suppressed ~3 debug messages>
Removed a total of 1 cells.

16.12.3. Executing OPT_MUXTREE pass (detect dead branches in mux trees).
Running muxtree optimizer on module \soc_pipe..
  Creating internal representation of mux trees.
  Evaluating internal representation of mux trees.
  Analyzing evaluation results.
Removed 0 multiplexer ports.
<suppressed ~77 debug messages>

16.12.4. Executing OPT_REDUCE pass (consolidate $*mux and $reduce_* inputs).
  Optimizing cells in module \soc_pipe.
Performed a total of 0 changes.

16.12.5. Executing OPT_MERGE pass (detect identical cells).
Finding identical cells in module `\soc_pipe'.
Removed a total of 0 cells.

16.12.6. Executing OPT_DFF pass (perform DFF optimizations).
Adding EN signal on $procdff$3173 ($adff) from module soc_pipe (D = \u_core.exmem_store_data, Q = \exit_code).
Adding EN signal on $procdff$3168 ($adff) from module soc_pipe (D = 1'1, Q = \exit_valid).
Adding EN signal on $procdff$3070 ($adff) from module soc_pipe (D = \u_core.u_dec.wb_sel, Q = \u_core.idex_wb_sel).
Adding EN signal on $procdff$3065 ($adff) from module soc_pipe (D = \u_core.u_dec.is_cus, Q = \u_core.idex_is_cus).
Adding EN signal on $procdff$3060 ($adff) from module soc_pipe (D = \u_core.u_dec.is_mret, Q = \u_core.idex_is_mret).
Adding EN signal on $procdff$3055 ($adff) from module soc_pipe (D = \u_core.u_dec.jalr, Q = \u_core.idex_jalr).
Adding EN signal on $procdff$3050 ($adff) from module soc_pipe (D = \u_core.u_dec.alu_b_imm, Q = \u_core.idex_alu_b_imm).
Adding EN signal on $procdff$3045 ($adff) from module soc_pipe (D = \u_core.u_dec.mem_we, Q = \u_core.idex_mem_we).
Adding EN signal on $procdff$3040 ($adff) from module soc_pipe (D = \u_core.u_dec.reg_we, Q = \u_core.idex_reg_we).
Adding EN signal on $procdff$3035 ($adff) from module soc_pipe (D = \u_core.ifid_instr [24:20], Q = \u_core.idex_rs2).
Adding EN signal on $procdff$3030 ($adff) from module soc_pipe (D = \u_core.ifid_instr [19:15], Q = \u_core.idex_rs1).
Adding EN signal on $procdff$3025 ($adff) from module soc_pipe (D = \u_core.ifid_instr [11:7], Q = \u_core.idex_rd).
Adding EN signal on $procdff$3020 ($adff) from module soc_pipe (D = \u_core.u_imm.imm, Q = \u_core.idex_imm).
Adding EN signal on $procdff$3015 ($adff) from module soc_pipe (D = \u_core.u_rf.rdata2, Q = \u_core.idex_rs2_val).
Adding EN signal on $procdff$3010 ($adff) from module soc_pipe (D = \u_core.u_rf.rdata1, Q = \u_core.idex_rs1_val).
Adding EN signal on $procdff$3005 ($adff) from module soc_pipe (D = \u_core.ifid_pc, Q = \u_core.idex_pc).
Adding EN signal on $procdff$2980 ($adff) from module soc_pipe (D = $flatten\u_core.$0\in_handler[0:0], Q = \u_core.in_handler).
Adding EN signal on $procdff$2975 ($adff) from module soc_pipe (D = $flatten\u_core.$0\drain[0:0], Q = \u_core.drain).
Adding EN signal on $procdff$2970 ($adff) from module soc_pipe (D = \u_core.pc, Q = \u_core.epc).
Adding EN signal on $procdff$2965 ($adff) from module soc_pipe (D = \u_core.pc_next, Q = \u_core.pc).
Adding EN signal on $procdff$2950 ($adff) from module soc_pipe (D = { \u_uart.u_rx.rx_sync \u_uart.u_rx.shreg [7:1] }, Q = \u_uart.u_rx.shreg).
Adding EN signal on $procdff$2935 ($adff) from module soc_pipe (D = $flatten\u_uart.\u_rx.$0\baud_cnt[31:0], Q = \u_uart.u_rx.baud_cnt).
Adding EN signal on $procdff$2930 ($adff) from module soc_pipe (D = $flatten\u_uart.\u_rx.$0\bitpos[2:0], Q = \u_uart.u_rx.bitpos).
Adding EN signal on $procdff$2925 ($adff) from module soc_pipe (D = \u_uart.u_rx.shreg, Q = \u_uart.u_rx.data).
Adding EN signal on $procdff$2910 ($adff) from module soc_pipe (D = $flatten\u_uart.\u_tx.$0\bitpos[3:0], Q = \u_uart.u_tx.bitpos).
Adding EN signal on $procdff$2905 ($adff) from module soc_pipe (D = $flatten\u_uart.\u_tx.$0\frame[9:0], Q = \u_uart.u_tx.frame).
Adding EN signal on $procdff$2900 ($adff) from module soc_pipe (D = \u_uart.u_rx.data, Q = \u_uart.rx_hold).
Adding EN signal on $procdff$2895 ($adff) from module soc_pipe (D = $flatten\u_uart.$0\tx_pending[0:0], Q = \u_uart.tx_pending).
Adding EN signal on $procdff$2890 ($adff) from module soc_pipe (D = \u_core.exmem_store_data [7:0], Q = \u_uart.tx_hold).
Adding EN signal on $procdff$2885 ($adff) from module soc_pipe (D = $flatten\u_uart.$0\rx_avail[0:0], Q = \u_uart.rx_avail).
Adding EN signal on $procdff$2875 ($adff) from module soc_pipe (D = \u_core.exmem_store_data [0], Q = \u_timer.ie).
Adding EN signal on $procdff$2870 ($adff) from module soc_pipe (D = \u_core.exmem_store_data, Q = \u_timer.cmp).
Adding EN signal on $procdff$2860 ($adff) from module soc_pipe (D = \u_core.exmem_store_data, Q = \u_dotp.b[3]).
Adding EN signal on $procdff$2855 ($adff) from module soc_pipe (D = \u_core.exmem_store_data, Q = \u_dotp.b[2]).
Adding EN signal on $procdff$2850 ($adff) from module soc_pipe (D = \u_core.exmem_store_data, Q = \u_dotp.b[1]).
Adding EN signal on $procdff$2845 ($adff) from module soc_pipe (D = \u_core.exmem_store_data, Q = \u_dotp.b[0]).
Adding EN signal on $procdff$2840 ($adff) from module soc_pipe (D = \u_core.exmem_store_data, Q = \u_dotp.a[3]).
Adding EN signal on $procdff$2835 ($adff) from module soc_pipe (D = \u_core.exmem_store_data, Q = \u_dotp.a[2]).
Adding EN signal on $procdff$2830 ($adff) from module soc_pipe (D = \u_core.exmem_store_data, Q = \u_dotp.a[1]).
Adding EN signal on $procdff$2825 ($adff) from module soc_pipe (D = \u_core.exmem_store_data, Q = \u_dotp.a[0]).

16.12.7. Executing OPT_CLEAN pass (remove unused cells and wires).
Finding unused cells or wires in module \soc_pipe..
Removed 44 unused cells and 105 unused wires.
<suppressed ~45 debug messages>

16.12.8. Executing OPT_EXPR pass (perform const folding).
Optimizing module soc_pipe.
<suppressed ~7 debug messages>

16.12.9. Rerunning OPT passes. (Maybe there is more to do..)

16.12.10. Executing OPT_MUXTREE pass (detect dead branches in mux trees).
Running muxtree optimizer on module \soc_pipe..
  Creating internal representation of mux trees.
  Evaluating internal representation of mux trees.
  Analyzing evaluation results.
Removed 0 multiplexer ports.
<suppressed ~56 debug messages>

16.12.11. Executing OPT_REDUCE pass (consolidate $*mux and $reduce_* inputs).
  Optimizing cells in module \soc_pipe.
Performed a total of 0 changes.

16.12.12. Executing OPT_MERGE pass (detect identical cells).
Finding identical cells in module `\soc_pipe'.
<suppressed ~3 debug messages>
Removed a total of 1 cells.

16.12.13. Executing OPT_DFF pass (perform DFF optimizations).

16.12.14. Executing OPT_CLEAN pass (remove unused cells and wires).
Finding unused cells or wires in module \soc_pipe..
Removed 0 unused cells and 1 unused wires.
<suppressed ~1 debug messages>

16.12.15. Executing OPT_EXPR pass (perform const folding).
Optimizing module soc_pipe.

16.12.16. Rerunning OPT passes. (Maybe there is more to do..)

16.12.17. Executing OPT_MUXTREE pass (detect dead branches in mux trees).
Running muxtree optimizer on module \soc_pipe..
  Creating internal representation of mux trees.
  Evaluating internal representation of mux trees.
  Analyzing evaluation results.
Removed 0 multiplexer ports.
<suppressed ~56 debug messages>

16.12.18. Executing OPT_REDUCE pass (consolidate $*mux and $reduce_* inputs).
  Optimizing cells in module \soc_pipe.
Performed a total of 0 changes.

16.12.19. Executing OPT_MERGE pass (detect identical cells).
Finding identical cells in module `\soc_pipe'.
Removed a total of 0 cells.

16.12.20. Executing OPT_DFF pass (perform DFF optimizations).

16.12.21. Executing OPT_CLEAN pass (remove unused cells and wires).
Finding unused cells or wires in module \soc_pipe..

16.12.22. Executing OPT_EXPR pass (perform const folding).
Optimizing module soc_pipe.

16.12.23. Finished OPT passes. (There is nothing left to do.)

16.13. Executing WREDUCE pass (reducing word size of cells).
Removed top 3 bits (of 4) from port B of cell soc_pipe.$eq$rtl/soc/soc_pipe.sv:69$229 ($eq).
Removed top 2 bits (of 4) from port B of cell soc_pipe.$eq$rtl/soc/soc_pipe.sv:70$230 ($eq).
Removed top 2 bits (of 4) from port B of cell soc_pipe.$eq$rtl/soc/soc_pipe.sv:71$231 ($eq).
Removed top 1 bits (of 4) from port B of cell soc_pipe.$eq$rtl/soc/soc_pipe.sv:72$232 ($eq).
Removed top 1 bits (of 4) from port B of cell soc_pipe.$eq$rtl/soc/soc_pipe.sv:73$233 ($eq).
Removed top 1 bits (of 2) from port B of cell soc_pipe.$auto$opt_dff.cc:195:make_patterns_logic$3527 ($ne).
Removed top 1 bits (of 3) from port B of cell soc_pipe.$flatten\u_core.\u_dec.$eq$rtl/core/decoder.sv:105$43 ($eq).
Removed top 1 bits (of 7) from port B of cell soc_pipe.$flatten\u_core.\u_dec.$eq$rtl/core/decoder.sv:131$46 ($eq).
Removed top 6 bits (of 7) from port B of cell soc_pipe.$flatten\u_core.\u_dec.$eq$rtl/core/decoder.sv:143$49 ($eq).
Removed top 2 bits (of 32) from port B of cell soc_pipe.$flatten\u_core.\u_dec.$eq$rtl/core/decoder.sv:161$58 ($eq).
Removed top 29 bits (of 32) from port B of cell soc_pipe.$flatten\u_core.$add$rtl/core/core_pipe.sv:245$373 ($add).
Removed top 1 bits (of 2) from port B of cell soc_pipe.$flatten\u_core.$eq$rtl/core/core_pipe.sv:228$354 ($eq).
Removed top 1 bits (of 2) from port B of cell soc_pipe.$flatten\u_core.$eq$rtl/core/core_pipe.sv:222$350 ($eq).
Removed top 29 bits (of 32) from port B of cell soc_pipe.$flatten\u_core.$add$rtl/core/core_pipe.sv:208$343 ($add).
Removed top 23 bits (of 32) from port B of cell soc_pipe.$flatten\u_uart.\u_rx.$eq$rtl/periph/uart_rx.sv:49$248 ($eq).
Removed top 31 bits (of 32) from port B of cell soc_pipe.$flatten\u_uart.\u_rx.$add$rtl/periph/uart_rx.sv:57$250 ($add).
Removed top 22 bits (of 32) from port B of cell soc_pipe.$flatten\u_uart.\u_rx.$eq$rtl/periph/uart_rx.sv:60$251 ($eq).
Removed top 2 bits (of 3) from port B of cell soc_pipe.$flatten\u_uart.\u_rx.$add$rtl/periph/uart_rx.sv:66$253 ($add).
Removed top 22 bits (of 32) from port B of cell soc_pipe.$flatten\u_uart.\u_tx.$eq$rtl/periph/uart_tx.sv:35$261 ($eq).
Removed top 3 bits (of 4) from port B of cell soc_pipe.$flatten\u_uart.\u_tx.$add$rtl/periph/uart_tx.sv:41$263 ($add).
Removed top 31 bits (of 32) from port B of cell soc_pipe.$flatten\u_uart.\u_tx.$add$rtl/periph/uart_tx.sv:43$264 ($add).
Removed top 2 bits (of 4) from port B of cell soc_pipe.$flatten\u_uart.$eq$rtl/periph/uart.sv:62$305 ($eq).
Removed top 31 bits (of 32) from port B of cell soc_pipe.$flatten\u_timer.$add$rtl/periph/timer.sv:35$115 ($add).
Removed top 3 bits (of 6) from port B of cell soc_pipe.$flatten\u_dotp.$eq$rtl/custom/dotp.sv:49$148 ($eq).
Removed top 3 bits (of 6) from port B of cell soc_pipe.$flatten\u_dotp.$eq$rtl/custom/dotp.sv:48$144 ($eq).
Removed top 3 bits (of 6) from port B of cell soc_pipe.$flatten\u_dotp.$eq$rtl/custom/dotp.sv:47$140 ($eq).
Removed top 3 bits (of 6) from port B of cell soc_pipe.$flatten\u_dotp.$eq$rtl/custom/dotp.sv:46$136 ($eq).
Removed top 4 bits (of 6) from port B of cell soc_pipe.$flatten\u_dotp.$eq$rtl/custom/dotp.sv:45$132 ($eq).
Removed top 4 bits (of 6) from port B of cell soc_pipe.$flatten\u_dotp.$eq$rtl/custom/dotp.sv:44$128 ($eq).
Removed top 5 bits (of 6) from port B of cell soc_pipe.$flatten\u_dotp.$eq$rtl/custom/dotp.sv:43$124 ($eq).
Removed top 1 bits (of 2) from port B of cell soc_pipe.$auto$opt_dff.cc:195:make_patterns_logic$3521 ($ne).
Removed top 2 bits (of 6) from port B of cell soc_pipe.$procmux$1660_CMP0 ($eq).
Removed top 2 bits (of 6) from port B of cell soc_pipe.$procmux$1665_CMP0 ($eq).
Removed top 3 bits (of 4) from port B of cell soc_pipe.$procmux$1694_CMP0 ($eq).
Removed top 24 bits (of 32) from mux cell soc_pipe.$procmux$1715 ($pmux).
Removed top 3 bits (of 7) from port B of cell soc_pipe.$procmux$1965_CMP0 ($eq).
Removed top 1 bits (of 7) from port B of cell soc_pipe.$procmux$2006_CMP0 ($eq).
Removed top 2 bits (of 3) from port B of cell soc_pipe.$auto$opt_dff.cc:195:make_patterns_logic$3506 ($ne).
Removed top 1 bits (of 3) from port B of cell soc_pipe.$procmux$2096_CMP0 ($eq).
Removed top 2 bits (of 3) from port B of cell soc_pipe.$procmux$2127_CMP0 ($eq).
Removed top 1 bits (of 2) from port B of cell soc_pipe.$auto$fsm_map.cc:77:implement_pattern_cache$3459 ($eq).
Removed top 1 bits (of 2) from port B of cell soc_pipe.$auto$opt_dff.cc:195:make_patterns_logic$3535 ($ne).
Removed top 2 bits (of 7) from port B of cell soc_pipe.$procmux$2291_CMP0 ($eq).
Removed top 2 bits (of 3) from mux cell soc_pipe.$procmux$2376 ($mux).
Removed top 1 bits (of 7) from port B of cell soc_pipe.$procmux$2379_CMP0 ($eq).
Removed top 5 bits (of 7) from port B of cell soc_pipe.$procmux$2428_CMP0 ($eq).
Removed top 1 bits (of 2) from mux cell soc_pipe.$procmux$2457 ($mux).
Removed top 2 bits (of 7) from port B of cell soc_pipe.$procmux$2605_CMP0 ($eq).
Removed top 1 bits (of 7) from port B of cell soc_pipe.$procmux$2606_CMP0 ($eq).
Removed top 1 bits (of 3) from port B of cell soc_pipe.$procmux$2705_CMP0 ($eq).
Removed top 1 bits (of 3) from port B of cell soc_pipe.$procmux$2706_CMP0 ($eq).
Removed top 2 bits (of 3) from port B of cell soc_pipe.$procmux$2707_CMP0 ($eq).
Removed top 1 bits (of 2) from wire soc_pipe.$flatten\u_core.\u_dec.$3\wb_sel[1:0].
Removed top 2 bits (of 3) from wire soc_pipe.$flatten\u_core.\u_dec.$4\imm_type[2:0].
Removed top 24 bits (of 32) from wire soc_pipe.uart_rdata.

16.14. Executing PEEPOPT pass (run peephole optimizers).

16.15. Executing OPT_CLEAN pass (remove unused cells and wires).
Finding unused cells or wires in module \soc_pipe..
Removed 0 unused cells and 3 unused wires.
<suppressed ~1 debug messages>

16.16. Executing PMUX2SHIFTX pass.
Inspecting $pmux cell soc_pipe/$procmux$1664.
  data width: 32 (next power-of-2 = 32, log2 = 5)
  checking ctrl signal \u_core.exmem_result [7:2]
    best permutation: \u_core.exmem_result [7:2]
    best xor mask: 6'000000
      0: 6'001000 -> 6'001000 -> 6'001000: \u_dotp.result
      1: 6'000111 -> 6'000111 -> 6'000111: \u_dotp.b[3]
      2: 6'000110 -> 6'000110 -> 6'000110: \u_dotp.b[2]
      3: 6'000101 -> 6'000101 -> 6'000101: \u_dotp.b[1]
      4: 6'000100 -> 6'000100 -> 6'000100: \u_dotp.b[0]
      5: 6'000011 -> 6'000011 -> 6'000011: \u_dotp.a[3]
      6: 6'000010 -> 6'000010 -> 6'000010: \u_dotp.a[2]
      7: 6'000001 -> 6'000001 -> 6'000001: \u_dotp.a[1]
      8: 6'000000 -> 6'000000 -> 6'000000: \u_dotp.a[0]
    choices: 9
    min choice: 0
    max choice: 8
    range density: 100%
    absolute density: 100%
    full density: 14%
    full case: false
    created $shiftx cell $auto$pmux2shiftx.cc:712:execute$3591.
Inspecting $pmux cell soc_pipe/$procmux$1698.
  data width: 32 (next power-of-2 = 32, log2 = 5)
  checking ctrl signal \u_core.exmem_result [5:2]
    table of choices:
      0: 4'0010: { 30'000000000000000000000000000000 \u_timer.pending \u_timer.ie }
      1: 4'0001: \u_timer.cmp
      2: 4'0000: \u_timer.cnt
    failed to detect onehot driver. do not optimize.
Inspecting $pmux cell soc_pipe/$procmux$2599.
  data width: 3 (next power-of-2 = 4, log2 = 2)
  checking ctrl signal \u_core.ifid_instr [6:0]
    best permutation: { \u_core.ifid_instr [5:4] \u_core.ifid_instr [1:0] \u_core.ifid_instr [6] \u_core.ifid_instr [3:2] }
    best xor mask: 7'1011000
      0: 7'0100011 -> 7'1011000 -> 7'0000000: { 2'00 $auto$wreduce.cc:514:run$3586 [0] }
      1: 7'1100011 -> 7'1011100 -> 7'0000100: 3'010
      2: 7'1101111 -> 7'1011111 -> 7'0000111: 3'100
    choices: 3
    min choice: 0
    max choice: 7
    range density: 37%
    absolute density: 37%
    full case: false
    insufficient density.
Inspecting $pmux cell soc_pipe/$procmux$2649.
  data width: 1 (next power-of-2 = 1, log2 = 0)
  checking ctrl signal \u_core.ifid_instr [6:0]
    best permutation: { \u_core.ifid_instr [3:0] \u_core.ifid_instr [6:4] }
    best xor mask: 7'0011000
      1: 7'1110011 -> 7'0011111 -> 7'0000111: $flatten\u_core.\u_dec.$22\illegal[0:0]
      2: 7'0110011 -> 7'0011011 -> 7'0000011: $flatten\u_core.\u_dec.$10\illegal[0:0]
      3: 7'0010011 -> 7'0011001 -> 7'0000001: $flatten\u_core.\u_dec.$6\illegal[0:0]
      5: 7'1100011 -> 7'0011110 -> 7'0000110: $flatten\u_core.\u_dec.$3\illegal[0:0]
    choices: 4
    min choice: 1
    max choice: 7
    range density: 57%
    absolute density: 50%
    full case: false
    created $shiftx cell $auto$pmux2shiftx.cc:712:execute$3597.
Inspecting $pmux cell soc_pipe/$procmux$2697.
  data width: 2 (next power-of-2 = 2, log2 = 1)
  checking ctrl signal \u_core.ifid_instr [6:0]
    best permutation: { \u_core.ifid_instr [4] \u_core.ifid_instr [1:0] \u_core.ifid_instr [6:5] \u_core.ifid_instr [3:2] }
    best xor mask: 7'0110000
      0: 7'0000011 -> 7'0110000 -> 7'0000000: { 1'0 $auto$wreduce.cc:514:run$3585 [0] }
      1: 7'1100111 -> 7'0111101 -> 7'0001101: $flatten\u_core.\u_dec.$2\wb_sel[1:0]
      2: 7'1101111 -> 7'0111111 -> 7'0001111: 2'10
    choices: 3
    min choice: 0
    max choice: 15
    range density: 18%
    absolute density: 18%
    full density: 2%
    full case: false
    insufficient density.
Inspecting $pmux cell soc_pipe/$procmux$2703.
  data width: 32 (next power-of-2 = 32, log2 = 5)
  checking ctrl signal \u_core.u_imm.imm_type
    best permutation: \u_core.u_imm.imm_type
    best xor mask: 3'000
      0: 3'100 -> 3'100 -> 3'100: { \u_core.ifid_instr [31] \u_core.ifid_instr [31] \u_core.ifid_instr [31] \u_core.ifid_instr [31] \u_core.ifid_instr [31] \u_core.ifid_instr [31] \u_core.ifid_instr [31] \u_core.ifid_instr [31] \u_core.ifid_instr [31] \u_core.ifid_instr [31] \u_core.ifid_instr [31] \u_core.ifid_instr [31] \u_core.ifid_instr [19:12] \u_core.ifid_instr [20] \u_core.ifid_instr [30:21] 1'0 }
      1: 3'011 -> 3'011 -> 3'011: { \u_core.ifid_instr [31:12] 12'000000000000 }
      2: 3'010 -> 3'010 -> 3'010: { \u_core.ifid_instr [31] \u_core.ifid_instr [31] \u_core.ifid_instr [31] \u_core.ifid_instr [31] \u_core.ifid_instr [31] \u_core.ifid_instr [31] \u_core.ifid_instr [31] \u_core.ifid_instr [31] \u_core.ifid_instr [31] \u_core.ifid_instr [31] \u_core.ifid_instr [31] \u_core.ifid_instr [31] \u_core.ifid_instr [31] \u_core.ifid_instr [31] \u_core.ifid_instr [31] \u_core.ifid_instr [31] \u_core.ifid_instr [31] \u_core.ifid_instr [31] \u_core.ifid_instr [31] \u_core.ifid_instr [31] \u_core.ifid_instr [7] \u_core.ifid_instr [30:25] \u_core.ifid_instr [11:8] 1'0 }
      3: 3'001 -> 3'001 -> 3'001: { \u_core.ifid_instr [31] \u_core.ifid_instr [31] \u_core.ifid_instr [31] \u_core.ifid_instr [31] \u_core.ifid_instr [31] \u_core.ifid_instr [31] \u_core.ifid_instr [31] \u_core.ifid_instr [31] \u_core.ifid_instr [31] \u_core.ifid_instr [31] \u_core.ifid_instr [31] \u_core.ifid_instr [31] \u_core.ifid_instr [31] \u_core.ifid_instr [31] \u_core.ifid_instr [31] \u_core.ifid_instr [31] \u_core.ifid_instr [31] \u_core.ifid_instr [31] \u_core.ifid_instr [31] \u_core.ifid_instr [31] \u_core.ifid_instr [31:25] \u_core.ifid_instr [11:7] }
      4: 3'000 -> 3'000 -> 3'000: { \u_core.ifid_instr [31] \u_core.ifid_instr [31] \u_core.ifid_instr [31] \u_core.ifid_instr [31] \u_core.ifid_instr [31] \u_core.ifid_instr [31] \u_core.ifid_instr [31] \u_core.ifid_instr [31] \u_core.ifid_instr [31] \u_core.ifid_instr [31] \u_core.ifid_instr [31] \u_core.ifid_instr [31] \u_core.ifid_instr [31] \u_core.ifid_instr [31] \u_core.ifid_instr [31] \u_core.ifid_instr [31] \u_core.ifid_instr [31] \u_core.ifid_instr [31] \u_core.ifid_instr [31] \u_core.ifid_instr [31] \u_core.ifid_instr [31:20] }
    choices: 5
    min choice: 0
    max choice: 4
    range density: 100%
    absolute density: 100%
    full density: 62%
    update to full case.
    new min choice: 0
    new max choice: 7
    full case: true
    created $shiftx cell $auto$pmux2shiftx.cc:712:execute$3599.
Inspecting $pmux cell soc_pipe/$procmux$2754.
  data width: 32 (next power-of-2 = 32, log2 = 5)
  checking ctrl signal \u_core.exmem_result [31:28]
    best permutation: \u_core.exmem_result [31:28]
    best xor mask: 4'0000
      0: 4'0100 -> 4'0100 -> 4'0100: \u_dotp.rdata
      1: 4'0011 -> 4'0011 -> 4'0011: \u_timer.rdata
      2: 4'0010 -> 4'0010 -> 4'0010: { 24'000000000000000000000000 \uart_rdata }
      3: 4'0001 -> 4'0001 -> 4'0001: \ram_rdata
    choices: 4
    min choice: 1
    max choice: 4
    range density: 100%
    absolute density: 80%
    full density: 25%
    full case: false
    created $shiftx cell $auto$pmux2shiftx.cc:712:execute$3603.
Removed 6 unused cells and 6 unused wires.

16.17. Executing MEMORY_DFF pass (merging $dff cells to $memrd).
Checking read port `\u_core.u_rf.regs'[0] in module `\soc_pipe': FF found, but with a mux select that doesn't seem to correspond to transparency logic.
Checking read port `\u_core.u_rf.regs'[1] in module `\soc_pipe': FF found, but with a mux select that doesn't seem to correspond to transparency logic.
Checking read port address `\u_core.u_rf.regs'[0] in module `\soc_pipe': address FF has async set and/or reset, not supported.
Checking read port address `\u_core.u_rf.regs'[1] in module `\soc_pipe': address FF has async set and/or reset, not supported.

16.18. Executing TECHMAP pass (map to technology primitives).

16.18.1. Executing Verilog-2005 frontend: /usr/bin/../share/yosys/mul2dsp.v
Parsing Verilog input from `/usr/bin/../share/yosys/mul2dsp.v' to AST representation.
Generating RTLIL representation for module `\_80_mul'.
Generating RTLIL representation for module `\_90_soft_mul'.
Successfully finished Verilog frontend.

16.18.2. Executing Verilog-2005 frontend: /usr/bin/../share/yosys/xilinx/xc7_dsp_map.v
Parsing Verilog input from `/usr/bin/../share/yosys/xilinx/xc7_dsp_map.v' to AST representation.
Generating RTLIL representation for module `\$__MUL25X18'.
Successfully finished Verilog frontend.

16.18.3. Continuing TECHMAP pass.
Using template $paramod$a6723094dea62072dba32ab67b56b3cb58dc0d5a\_80_mul for cells of type $mul.
Using template $paramod$395213c3917c8eeb1e1c3f3ae1e4925be9b6a279\_80_mul for cells of type $mul.
Using template $paramod$f0959df10ae1505b2ef291b098c3c46396c2eac6\_80_mul for cells of type $__mul.
Using template $paramod$0ca0a2beabfb02adcfc3d390a7383e9d741a383c\_80_mul for cells of type $__mul.
Using template $paramod$b326ef45623603cb0c298ae1eaab5028a2154cf7\_80_mul for cells of type $__mul.
Using template $paramod$f972920bca387dff277a14b66740df03199c53c0\_80_mul for cells of type $__mul.
Using template $paramod$602e0e7361d660412e3c0104fc9be56fc132949a\_80_mul for cells of type $__mul.
Using template $paramod$cfb4b1dd2da69458d213ec6be14a680b5f99155d\_80_mul for cells of type $__mul.
Using template $paramod$730e32f1699b3bb5ffc197cfe581372099362ff3\$__MUL25X18 for cells of type $__MUL25X18.
Using template $paramod$9aaf69a32d544a8319d193bef0e4e628b501c242\$__MUL25X18 for cells of type $__MUL25X18.
No more expansions possible.
<suppressed ~702 debug messages>

16.19. Executing OPT_EXPR pass (perform const folding).
Optimizing module soc_pipe.
<suppressed ~15 debug messages>

16.20. Executing WREDUCE pass (reducing word size of cells).
Removed top 17 bits (of 32) from port Y of cell soc_pipe.$techmap$flatten\u_dotp.$mul$rtl/custom/dotp.sv:54$153.$add$/usr/bin/../share/yosys/mul2dsp.v:173$3615 ($add).
Removed top 17 bits (of 32) from port A of cell soc_pipe.$techmap$flatten\u_dotp.$mul$rtl/custom/dotp.sv:54$153.$add$/usr/bin/../share/yosys/mul2dsp.v:173$3615 ($add).
Removed top 17 bits (of 32) from port Y of cell soc_pipe.$techmap$flatten\u_dotp.$mul$rtl/custom/dotp.sv:52$151.$add$/usr/bin/../share/yosys/mul2dsp.v:173$3615 ($add).
Removed top 17 bits (of 32) from port A of cell soc_pipe.$techmap$flatten\u_dotp.$mul$rtl/custom/dotp.sv:52$151.$add$/usr/bin/../share/yosys/mul2dsp.v:173$3615 ($add).
Removed top 2 bits (of 17) from port Y of cell soc_pipe.$techmap$flatten\u_dotp.$mul$rtl/custom/dotp.sv:52$151.genblk1.genblk1.genblk1.genblk1.genblk1.genblk1.genblk1.sliceA[0].mul.$add$/usr/bin/../share/yosys/mul2dsp.v:230$3618 ($add).
Removed top 2 bits (of 17) from port A of cell soc_pipe.$techmap$flatten\u_dotp.$mul$rtl/custom/dotp.sv:52$151.genblk1.genblk1.genblk1.genblk1.genblk1.genblk1.genblk1.sliceA[0].mul.$add$/usr/bin/../share/yosys/mul2dsp.v:230$3618 ($add).
Removed top 17 bits (of 32) from port Y of cell soc_pipe.$techmap$flatten\u_dotp.$mul$rtl/custom/dotp.sv:53$152.$add$/usr/bin/../share/yosys/mul2dsp.v:173$3615 ($add).
Removed top 17 bits (of 32) from port A of cell soc_pipe.$techmap$flatten\u_dotp.$mul$rtl/custom/dotp.sv:53$152.$add$/usr/bin/../share/yosys/mul2dsp.v:173$3615 ($add).
Removed top 15 bits (of 32) from port B of cell soc_pipe.$techmap$flatten\u_dotp.$mul$rtl/custom/dotp.sv:54$153.genblk1.genblk1.genblk1.genblk1.genblk1.genblk1.genblk1.sliceA.last.$add$/usr/bin/../share/yosys/mul2dsp.v:230$3621 ($add).
Removed cell soc_pipe.$techmap$flatten\u_dotp.$mul$rtl/custom/dotp.sv:54$153.genblk1.genblk1.genblk1.genblk1.genblk1.genblk1.genblk1.sliceA.last.$add$/usr/bin/../share/yosys/mul2dsp.v:230$3621 ($add).
Removed top 17 bits (of 32) from port Y of cell soc_pipe.$techmap$flatten\u_dotp.$mul$rtl/custom/dotp.sv:55$154.$add$/usr/bin/../share/yosys/mul2dsp.v:173$3615 ($add).
Removed top 17 bits (of 32) from port A of cell soc_pipe.$techmap$flatten\u_dotp.$mul$rtl/custom/dotp.sv:55$154.$add$/usr/bin/../share/yosys/mul2dsp.v:173$3615 ($add).
Removed top 2 bits (of 17) from port Y of cell soc_pipe.$techmap$flatten\u_dotp.$mul$rtl/custom/dotp.sv:54$153.genblk1.genblk1.genblk1.genblk1.genblk1.genblk1.genblk1.sliceA[0].mul.$add$/usr/bin/../share/yosys/mul2dsp.v:230$3618 ($add).
Removed top 2 bits (of 17) from port A of cell soc_pipe.$techmap$flatten\u_dotp.$mul$rtl/custom/dotp.sv:54$153.genblk1.genblk1.genblk1.genblk1.genblk1.genblk1.genblk1.sliceA[0].mul.$add$/usr/bin/../share/yosys/mul2dsp.v:230$3618 ($add).
Removed top 15 bits (of 32) from port B of cell soc_pipe.$techmap$flatten\u_dotp.$mul$rtl/custom/dotp.sv:52$151.genblk1.genblk1.genblk1.genblk1.genblk1.genblk1.genblk1.sliceA.last.$add$/usr/bin/../share/yosys/mul2dsp.v:230$3621 ($add).
Removed cell soc_pipe.$techmap$flatten\u_dotp.$mul$rtl/custom/dotp.sv:52$151.genblk1.genblk1.genblk1.genblk1.genblk1.genblk1.genblk1.sliceA.last.$add$/usr/bin/../share/yosys/mul2dsp.v:230$3621 ($add).
Removed top 15 bits (of 32) from port B of cell soc_pipe.$techmap$flatten\u_dotp.$mul$rtl/custom/dotp.sv:53$152.genblk1.genblk1.genblk1.genblk1.genblk1.genblk1.genblk1.sliceA.last.$add$/usr/bin/../share/yosys/mul2dsp.v:230$3621 ($add).
Removed cell soc_pipe.$techmap$flatten\u_dotp.$mul$rtl/custom/dotp.sv:53$152.genblk1.genblk1.genblk1.genblk1.genblk1.genblk1.genblk1.sliceA.last.$add$/usr/bin/../share/yosys/mul2dsp.v:230$3621 ($add).
Removed top 2 bits (of 17) from port Y of cell soc_pipe.$techmap$flatten\u_dotp.$mul$rtl/custom/dotp.sv:53$152.genblk1.genblk1.genblk1.genblk1.genblk1.genblk1.genblk1.sliceA[0].mul.$add$/usr/bin/../share/yosys/mul2dsp.v:230$3618 ($add).
Removed top 2 bits (of 17) from port A of cell soc_pipe.$techmap$flatten\u_dotp.$mul$rtl/custom/dotp.sv:53$152.genblk1.genblk1.genblk1.genblk1.genblk1.genblk1.genblk1.sliceA[0].mul.$add$/usr/bin/../share/yosys/mul2dsp.v:230$3618 ($add).
Removed top 15 bits (of 32) from port B of cell soc_pipe.$techmap$flatten\u_dotp.$mul$rtl/custom/dotp.sv:55$154.genblk1.genblk1.genblk1.genblk1.genblk1.genblk1.genblk1.sliceA.last.$add$/usr/bin/../share/yosys/mul2dsp.v:230$3621 ($add).
Removed cell soc_pipe.$techmap$flatten\u_dotp.$mul$rtl/custom/dotp.sv:55$154.genblk1.genblk1.genblk1.genblk1.genblk1.genblk1.genblk1.sliceA.last.$add$/usr/bin/../share/yosys/mul2dsp.v:230$3621 ($add).
Removed top 2 bits (of 17) from port Y of cell soc_pipe.$techmap$flatten\u_dotp.$mul$rtl/custom/dotp.sv:55$154.genblk1.genblk1.genblk1.genblk1.genblk1.genblk1.genblk1.sliceA[0].mul.$add$/usr/bin/../share/yosys/mul2dsp.v:230$3618 ($add).
Removed top 2 bits (of 17) from port A of cell soc_pipe.$techmap$flatten\u_dotp.$mul$rtl/custom/dotp.sv:55$154.genblk1.genblk1.genblk1.genblk1.genblk1.genblk1.genblk1.sliceA[0].mul.$add$/usr/bin/../share/yosys/mul2dsp.v:230$3618 ($add).
Removed top 15 bits (of 32) from port B of cell soc_pipe.$techmap$flatten\u_core.\u_alu.$mul$rtl/core/alu.sv:32$13.genblk1.genblk1.genblk1.genblk1.genblk1.genblk1.genblk1.sliceA.last.$add$/usr/bin/../share/yosys/mul2dsp.v:230$3621 ($add).
Removed top 17 bits (of 32) from port Y of cell soc_pipe.$techmap$flatten\u_core.\u_alu.$mul$rtl/core/alu.sv:32$13.genblk1.genblk1.genblk1.genblk1.genblk1.genblk1.genblk1.sliceA.last.$add$/usr/bin/../share/yosys/mul2dsp.v:230$3621 ($add).
Removed top 17 bits (of 32) from port A of cell soc_pipe.$techmap$flatten\u_core.\u_alu.$mul$rtl/core/alu.sv:32$13.genblk1.genblk1.genblk1.genblk1.genblk1.genblk1.genblk1.sliceA.last.$add$/usr/bin/../share/yosys/mul2dsp.v:230$3621 ($add).
Removed top 2 bits (of 17) from port B of cell soc_pipe.$techmap$flatten\u_core.\u_alu.$mul$rtl/core/alu.sv:32$13.genblk1.genblk1.genblk1.genblk1.genblk1.genblk1.genblk1.sliceA.last.$add$/usr/bin/../share/yosys/mul2dsp.v:230$3621 ($add).
Removed top 2 bits (of 17) from port Y of cell soc_pipe.$techmap$flatten\u_core.\u_alu.$mul$rtl/core/alu.sv:32$13.genblk1.genblk1.genblk1.genblk1.genblk1.genblk1.genblk1.sliceA[0].mul.$add$/usr/bin/../share/yosys/mul2dsp.v:230$3618 ($add).
Removed top 2 bits (of 17) from port A of cell soc_pipe.$techmap$flatten\u_core.\u_alu.$mul$rtl/core/alu.sv:32$13.genblk1.genblk1.genblk1.genblk1.genblk1.genblk1.genblk1.sliceA[0].mul.$add$/usr/bin/../share/yosys/mul2dsp.v:230$3618 ($add).
Removed top 17 bits (of 32) from port Y of cell soc_pipe.$techmap$flatten\u_core.\u_alu.$mul$rtl/core/alu.sv:32$13.$add$/usr/bin/../share/yosys/mul2dsp.v:173$3615 ($add).
Removed top 17 bits (of 32) from port A of cell soc_pipe.$techmap$flatten\u_core.\u_alu.$mul$rtl/core/alu.sv:32$13.$add$/usr/bin/../share/yosys/mul2dsp.v:173$3615 ($add).
Removed cell soc_pipe.$techmap$flatten\u_core.\u_alu.$mul$rtl/core/alu.sv:32$13.genblk1.genblk1.genblk1.genblk1.genblk1.genblk1.genblk1.sliceA.last.$add$/usr/bin/../share/yosys/mul2dsp.v:230$3621 ($add).

16.21. Executing XILINX_DSP pass (pack resources into DSPs).
Analysing soc_pipe.$flatten\u_dotp.$mul$rtl/custom/dotp.sv:55$154.genblk1.genblk1.genblk1.genblk1.genblk1.genblk1.genblk1.sliceA[0].mul.genblk1.genblk1.genblk1.genblk1.genblk1.genblk1.genblk1.genblk1.mul_sliceB_last for Xilinx DSP packing.
  postadder $techmap$flatten\u_dotp.$mul$rtl/custom/dotp.sv:55$154.genblk1.genblk1.genblk1.genblk1.genblk1.genblk1.genblk1.sliceA[0].mul.$add$/usr/bin/../share/yosys/mul2dsp.v:230$3618 ($add)

Analysing soc_pipe.$flatten\u_dotp.$mul$rtl/custom/dotp.sv:53$152.genblk1.genblk1.genblk1.genblk1.genblk1.genblk1.genblk1.sliceA[0].mul.genblk1.genblk1.genblk1.genblk1.genblk1.genblk1.genblk1.genblk1.mul_sliceB_last for Xilinx DSP packing.
  postadder $techmap$flatten\u_dotp.$mul$rtl/custom/dotp.sv:53$152.genblk1.genblk1.genblk1.genblk1.genblk1.genblk1.genblk1.sliceA[0].mul.$add$/usr/bin/../share/yosys/mul2dsp.v:230$3618 ($add)

Analysing soc_pipe.$flatten\u_core.\u_alu.$mul$rtl/core/alu.sv:32$13.genblk1.genblk1.genblk1.genblk1.genblk1.genblk1.genblk1.sliceA[0].mul.genblk1.genblk1.genblk1.genblk1.genblk1.genblk1.genblk1.genblk1.sliceB[0].mul for Xilinx DSP packing.

Analysing soc_pipe.$flatten\u_dotp.$mul$rtl/custom/dotp.sv:54$153.genblk1.genblk1.genblk1.genblk1.genblk1.genblk1.genblk1.sliceA[0].mul.genblk1.genblk1.genblk1.genblk1.genblk1.genblk1.genblk1.genblk1.mul_sliceB_last for Xilinx DSP packing.
  postadder $techmap$flatten\u_dotp.$mul$rtl/custom/dotp.sv:54$153.genblk1.genblk1.genblk1.genblk1.genblk1.genblk1.genblk1.sliceA[0].mul.$add$/usr/bin/../share/yosys/mul2dsp.v:230$3618 ($add)

Analysing soc_pipe.$flatten\u_dotp.$mul$rtl/custom/dotp.sv:52$151.genblk1.genblk1.genblk1.genblk1.genblk1.genblk1.genblk1.sliceA[0].mul.genblk1.genblk1.genblk1.genblk1.genblk1.genblk1.genblk1.genblk1.mul_sliceB_last for Xilinx DSP packing.
  postadder $techmap$flatten\u_dotp.$mul$rtl/custom/dotp.sv:52$151.genblk1.genblk1.genblk1.genblk1.genblk1.genblk1.genblk1.sliceA[0].mul.$add$/usr/bin/../share/yosys/mul2dsp.v:230$3618 ($add)

Analysing soc_pipe.$flatten\u_dotp.$mul$rtl/custom/dotp.sv:54$153.genblk1.genblk1.genblk1.genblk1.genblk1.genblk1.genblk1.sliceA[0].mul.genblk1.genblk1.genblk1.genblk1.genblk1.genblk1.genblk1.genblk1.sliceB[0].mul for Xilinx DSP packing.

Analysing soc_pipe.$flatten\u_core.\u_alu.$mul$rtl/core/alu.sv:32$13.genblk1.genblk1.genblk1.genblk1.genblk1.genblk1.genblk1.sliceA.last.genblk1.genblk1.genblk1.genblk1.genblk1.genblk1.genblk1.genblk1.sliceB[0].mul for Xilinx DSP packing.
  postadder $techmap$flatten\u_core.\u_alu.$mul$rtl/core/alu.sv:32$13.$add$/usr/bin/../share/yosys/mul2dsp.v:173$3615 ($add)

Analysing soc_pipe.$flatten\u_dotp.$mul$rtl/custom/dotp.sv:55$154.genblk1.genblk1.genblk1.genblk1.genblk1.genblk1.genblk1.sliceA.last.genblk1.genblk1.genblk1.genblk1.genblk1.genblk1.genblk1.genblk1.sliceB[0].mul for Xilinx DSP packing.
  postadder $techmap$flatten\u_dotp.$mul$rtl/custom/dotp.sv:55$154.$add$/usr/bin/../share/yosys/mul2dsp.v:173$3615 ($add)

Analysing soc_pipe.$flatten\u_dotp.$mul$rtl/custom/dotp.sv:53$152.genblk1.genblk1.genblk1.genblk1.genblk1.genblk1.genblk1.sliceA.last.genblk1.genblk1.genblk1.genblk1.genblk1.genblk1.genblk1.genblk1.sliceB[0].mul for Xilinx DSP packing.
  postadder $techmap$flatten\u_dotp.$mul$rtl/custom/dotp.sv:53$152.$add$/usr/bin/../share/yosys/mul2dsp.v:173$3615 ($add)

Analysing soc_pipe.$flatten\u_dotp.$mul$rtl/custom/dotp.sv:52$151.genblk1.genblk1.genblk1.genblk1.genblk1.genblk1.genblk1.sliceA[0].mul.genblk1.genblk1.genblk1.genblk1.genblk1.genblk1.genblk1.genblk1.sliceB[0].mul for Xilinx DSP packing.

Analysing soc_pipe.$flatten\u_dotp.$mul$rtl/custom/dotp.sv:53$152.genblk1.genblk1.genblk1.genblk1.genblk1.genblk1.genblk1.sliceA[0].mul.genblk1.genblk1.genblk1.genblk1.genblk1.genblk1.genblk1.genblk1.sliceB[0].mul for Xilinx DSP packing.

Analysing soc_pipe.$flatten\u_core.\u_alu.$mul$rtl/core/alu.sv:32$13.genblk1.genblk1.genblk1.genblk1.genblk1.genblk1.genblk1.sliceA[0].mul.genblk1.genblk1.genblk1.genblk1.genblk1.genblk1.genblk1.genblk1.mul_sliceB_last for Xilinx DSP packing.
  postadder $techmap$flatten\u_core.\u_alu.$mul$rtl/core/alu.sv:32$13.genblk1.genblk1.genblk1.genblk1.genblk1.genblk1.genblk1.sliceA[0].mul.$add$/usr/bin/../share/yosys/mul2dsp.v:230$3618 ($add)

Analysing soc_pipe.$flatten\u_dotp.$mul$rtl/custom/dotp.sv:54$153.genblk1.genblk1.genblk1.genblk1.genblk1.genblk1.genblk1.sliceA.last.genblk1.genblk1.genblk1.genblk1.genblk1.genblk1.genblk1.genblk1.sliceB[0].mul for Xilinx DSP packing.
  postadder $techmap$flatten\u_dotp.$mul$rtl/custom/dotp.sv:54$153.$add$/usr/bin/../share/yosys/mul2dsp.v:173$3615 ($add)

Analysing soc_pipe.$flatten\u_dotp.$mul$rtl/custom/dotp.sv:55$154.genblk1.genblk1.genblk1.genblk1.genblk1.genblk1.genblk1.sliceA[0].mul.genblk1.genblk1.genblk1.genblk1.genblk1.genblk1.genblk1.genblk1.sliceB[0].mul for Xilinx DSP packing.

Analysing soc_pipe.$flatten\u_dotp.$mul$rtl/custom/dotp.sv:52$151.genblk1.genblk1.genblk1.genblk1.genblk1.genblk1.genblk1.sliceA.last.genblk1.genblk1.genblk1.genblk1.genblk1.genblk1.genblk1.genblk1.sliceB[0].mul for Xilinx DSP packing.
  postadder $techmap$flatten\u_dotp.$mul$rtl/custom/dotp.sv:52$151.$add$/usr/bin/../share/yosys/mul2dsp.v:173$3615 ($add)

<suppressed ~210 debug messages>

16.22. Executing TECHMAP pass (map to technology primitives).

16.22.1. Executing Verilog-2005 frontend: /usr/bin/../share/yosys/cmp2lut.v
Parsing Verilog input from `/usr/bin/../share/yosys/cmp2lut.v' to AST representation.
Generating RTLIL representation for module `\_90_lut_cmp_'.
Successfully finished Verilog frontend.

16.22.2. Executing Verilog-2005 frontend: /usr/bin/../share/yosys/cmp2lcu.v
Parsing Verilog input from `/usr/bin/../share/yosys/cmp2lcu.v' to AST representation.
Generating RTLIL representation for module `\_80_lcu_cmp_'.
Generating RTLIL representation for module `\$__CMP2LCU'.
Successfully finished Verilog frontend.

16.22.3. Continuing TECHMAP pass.
Using template $paramod$d5de20e7d2f4e42d0bb14c5c99f5dd4d7cf7d159\_80_lcu_cmp_ for cells of type $lt.
Using template $paramod$5140946ee346318f29859a75f746d3d97c0b1c43\_80_lcu_cmp_ for cells of type $lt.
Using template $paramod$efc6276d5269699a74f97af6fbf0bafe6acc3e19\_80_lcu_cmp_ for cells of type $gt.
Using template $paramod$c6025fc778b17975e80833db9ed8575b2c5a9306\_80_lcu_cmp_ for cells of type $gt.
Using template $paramod$4324157e16a60fc2fe5e489d90325d8108981966\$__CMP2LCU for cells of type $__CMP2LCU.
Using template $paramod$45f2f108157929267f6a876bda8209e58f25e0cd\$__CMP2LCU for cells of type $__CMP2LCU.
Using template $paramod$6685b98533bd405fdb66177f608eed8f76d21e8d\$__CMP2LCU for cells of type $__CMP2LCU.
Using template $paramod$8a9e823e249a18cf40e8e3311ed4e0b87be604a3\$__CMP2LCU for cells of type $__CMP2LCU.
Using template $paramod$3e249468c598b509b2189213d155ba6eb7f2b51e\$__CMP2LCU for cells of type $__CMP2LCU.
Using template $paramod$8bd824ba2533c8480636f690575d8203304ffa5a\$__CMP2LCU for cells of type $__CMP2LCU.
Using template $paramod$c7212ca15062f404a4a2b88cc72c0bba52776650\$__CMP2LCU for cells of type $__CMP2LCU.
Using template $paramod$46d8cbacee00d8ff946ef2f8aaadd92906683b31\$__CMP2LCU for cells of type $__CMP2LCU.
Using template $paramod$f0e75a3f09301560d3386ea17b4f2c1327bc66dd\$__CMP2LCU for cells of type $__CMP2LCU.
Using template $paramod$304404e4f7c11f383c19ceb65b9570973a882e40\$__CMP2LCU for cells of type $__CMP2LCU.
Using template $paramod$4ba603f7f099c7c26d77d00610446050688190ee\$__CMP2LCU for cells of type $__CMP2LCU.
Using template $paramod$80f528699b7df9e1ac70774aaf402c997178d092\$__CMP2LCU for cells of type $__CMP2LCU.
Using template $paramod$744a3dbaebfdf08651817a6a3870fb6e34065a4b\$__CMP2LCU for cells of type $__CMP2LCU.
Using template $paramod$e31b294a0680e72a03b6421c4eff5316c662db3d\$__CMP2LCU for cells of type $__CMP2LCU.
Using template $paramod$7576c1d57da290ee243a300e703225fce44b9803\$__CMP2LCU for cells of type $__CMP2LCU.
Using template $paramod$53f2488f7b67c23d1fcbecae9e0ea65a2fa70428\$__CMP2LCU for cells of type $__CMP2LCU.
Using template $paramod$c9ed519a964df09a49f3e136e9a8f41840e8876a\$__CMP2LCU for cells of type $__CMP2LCU.
Using template $paramod$0c9c1994e65d84e02829afc11150d4ace924add3\$__CMP2LCU for cells of type $__CMP2LCU.
Using template $paramod$5e58b3bd644282af0bf8b48f45207bc98dc20ef3\$__CMP2LCU for cells of type $__CMP2LCU.
Using template $paramod$0a630c7ca44f699d41e14b58085cae102f4a57e6\$__CMP2LCU for cells of type $__CMP2LCU.
Using template $paramod$4d196030c0f57d436091051b21d6bb5652c88bdd\$__CMP2LCU for cells of type $__CMP2LCU.
Using template $paramod$a1604c510d79d890fb2868e900d37a29b4d33ee3\$__CMP2LCU for cells of type $__CMP2LCU.
Using template $paramod$b20bd01da13bb71480541a66493586b32ca46765\$__CMP2LCU for cells of type $__CMP2LCU.
Using template $paramod$5a250c323c4f8bfcef72ea167c7d79512a3e5405\$__CMP2LCU for cells of type $__CMP2LCU.
Using template $paramod$0d1c5d55b7717105a370eb36460beba579328517\$__CMP2LCU for cells of type $__CMP2LCU.
Using template $paramod$13d4153ea76e985055406d938a091c90f56b0277\$__CMP2LCU for cells of type $__CMP2LCU.
Using template $paramod$363e70ff8e24ba1bf2ed3f1f4d33b8ccb7ba185e\$__CMP2LCU for cells of type $__CMP2LCU.
Using template $paramod$11b8e473205c8b79e1be9acfa001660fb9d50bd1\$__CMP2LCU for cells of type $__CMP2LCU.
Using template $paramod$1ca700f56654682268050c8ab6733dff28f9b2a5\$__CMP2LCU for cells of type $__CMP2LCU.
Using template $paramod$94cda45a04705f83a6e7b7a966d2cbcd39ec8c26\$__CMP2LCU for cells of type $__CMP2LCU.
Using template $paramod$686e7902c0bb73ab4ee57ada26ce8851342c73af\$__CMP2LCU for cells of type $__CMP2LCU.
Using template $paramod$e480769f5d3ef623ff56c3d36800340fb75643ea\$__CMP2LCU for cells of type $__CMP2LCU.
Using template $paramod$be320ef6745d9eeeb33444d43da2a288ef0f44d5\$__CMP2LCU for cells of type $__CMP2LCU.
Using template $paramod$71110619de8135fa234c90ca2447467db547669d\$__CMP2LCU for cells of type $__CMP2LCU.
Using template $paramod$54b223acb87382da9e21d725275b34aa5e4c52d1\$__CMP2LCU for cells of type $__CMP2LCU.
Using template $paramod$38471edb7e30bdc6941190928d73c31f8cb982e5\$__CMP2LCU for cells of type $__CMP2LCU.
Using template $paramod$efa446ef96a12a9e243554fe24eef4fdcede1df2\$__CMP2LCU for cells of type $__CMP2LCU.
Using template $paramod$a6781ebb7c56c586e2d8d947dcb7aca1ee56d927\$__CMP2LCU for cells of type $__CMP2LCU.
Using template $paramod$a402a57fb4f8635f34f639590edc3af926716964\$__CMP2LCU for cells of type $__CMP2LCU.
Using template $paramod$54e2971e53f479d5081c818457fbe5faf0d4152b\$__CMP2LCU for cells of type $__CMP2LCU.
Using template $paramod$6e395552c29a4cc17a53ca4a0c9888b692696692\$__CMP2LCU for cells of type $__CMP2LCU.
Using template $paramod$9510b4ae2d2e1a5822e02239cb6f533a771aeddb\$__CMP2LCU for cells of type $__CMP2LCU.
Using template $paramod$9bf1cfecaccd5accd8939bf444a2be7c77effa2e\$__CMP2LCU for cells of type $__CMP2LCU.
Using template $paramod$a5a8361ebacb29a09a46635083622c4d035708f3\$__CMP2LCU for cells of type $__CMP2LCU.
No more expansions possible.
<suppressed ~1281 debug messages>

16.23. Executing ALUMACC pass (create $alu and $macc cells).
Extracting $alu and $macc cells in module soc_pipe:
  creating $macc model for $flatten\u_core.$add$rtl/core/core_pipe.sv:197$337 ($add).
  creating $macc model for $flatten\u_core.$add$rtl/core/core_pipe.sv:198$339 ($add).
  creating $macc model for $flatten\u_core.$add$rtl/core/core_pipe.sv:208$343 ($add).
  creating $macc model for $flatten\u_core.$add$rtl/core/core_pipe.sv:245$373 ($add).
  creating $macc model for $flatten\u_core.\u_alu.$add$rtl/core/alu.sv:22$5 ($add).
  creating $macc model for $flatten\u_core.\u_alu.$sub$rtl/core/alu.sv:23$6 ($sub).
  creating $macc model for $flatten\u_dotp.$add$rtl/custom/dotp.sv:56$155 ($add).
  creating $macc model for $flatten\u_dotp.$add$rtl/custom/dotp.sv:56$156 ($add).
  creating $macc model for $flatten\u_dotp.$add$rtl/custom/dotp.sv:56$157 ($add).
  creating $macc model for $flatten\u_timer.$add$rtl/periph/timer.sv:35$115 ($add).
  creating $macc model for $flatten\u_uart.\u_rx.$add$rtl/periph/uart_rx.sv:57$250 ($add).
  creating $macc model for $flatten\u_uart.\u_rx.$add$rtl/periph/uart_rx.sv:66$253 ($add).
  creating $macc model for $flatten\u_uart.\u_tx.$add$rtl/periph/uart_tx.sv:41$263 ($add).
  creating $macc model for $flatten\u_uart.\u_tx.$add$rtl/periph/uart_tx.sv:43$264 ($add).
  merging $macc model for $flatten\u_dotp.$add$rtl/custom/dotp.sv:56$155 into $flatten\u_dotp.$add$rtl/custom/dotp.sv:56$157.
  merging $macc model for $flatten\u_dotp.$add$rtl/custom/dotp.sv:56$156 into $flatten\u_dotp.$add$rtl/custom/dotp.sv:56$157.
  creating $alu model for $macc $flatten\u_uart.\u_rx.$add$rtl/periph/uart_rx.sv:66$253.
  creating $alu model for $macc $flatten\u_uart.\u_rx.$add$rtl/periph/uart_rx.sv:57$250.
  creating $alu model for $macc $flatten\u_timer.$add$rtl/periph/timer.sv:35$115.
  creating $alu model for $macc $flatten\u_uart.\u_tx.$add$rtl/periph/uart_tx.sv:43$264.
  creating $alu model for $macc $flatten\u_uart.\u_tx.$add$rtl/periph/uart_tx.sv:41$263.
  creating $alu model for $macc $flatten\u_core.\u_alu.$sub$rtl/core/alu.sv:23$6.
  creating $alu model for $macc $flatten\u_core.\u_alu.$add$rtl/core/alu.sv:22$5.
  creating $alu model for $macc $flatten\u_core.$add$rtl/core/core_pipe.sv:245$373.
  creating $alu model for $macc $flatten\u_core.$add$rtl/core/core_pipe.sv:208$343.
  creating $alu model for $macc $flatten\u_core.$add$rtl/core/core_pipe.sv:198$339.
  creating $alu model for $macc $flatten\u_core.$add$rtl/core/core_pipe.sv:197$337.
  creating $macc cell for $flatten\u_dotp.$add$rtl/custom/dotp.sv:56$157: $auto$alumacc.cc:365:replace_macc$3980
  creating $alu model for $flatten\u_core.\u_alu.$eq$rtl/core/alu.sv:16$1 ($eq): merged with $flatten\u_core.\u_alu.$sub$rtl/core/alu.sv:23$6.
  creating $alu cell for $flatten\u_core.$add$rtl/core/core_pipe.sv:197$337: $auto$alumacc.cc:495:replace_alu$3981
  creating $alu cell for $flatten\u_core.$add$rtl/core/core_pipe.sv:198$339: $auto$alumacc.cc:495:replace_alu$3984
  creating $alu cell for $flatten\u_core.$add$rtl/core/core_pipe.sv:208$343: $auto$alumacc.cc:495:replace_alu$3987
  creating $alu cell for $flatten\u_core.$add$rtl/core/core_pipe.sv:245$373: $auto$alumacc.cc:495:replace_alu$3990
  creating $alu cell for $flatten\u_core.\u_alu.$add$rtl/core/alu.sv:22$5: $auto$alumacc.cc:495:replace_alu$3993
  creating $alu cell for $flatten\u_core.\u_alu.$sub$rtl/core/alu.sv:23$6, $flatten\u_core.\u_alu.$eq$rtl/core/alu.sv:16$1: $auto$alumacc.cc:495:replace_alu$3996
  creating $alu cell for $flatten\u_uart.\u_tx.$add$rtl/periph/uart_tx.sv:41$263: $auto$alumacc.cc:495:replace_alu$4001
  creating $alu cell for $flatten\u_uart.\u_tx.$add$rtl/periph/uart_tx.sv:43$264: $auto$alumacc.cc:495:replace_alu$4004
  creating $alu cell for $flatten\u_timer.$add$rtl/periph/timer.sv:35$115: $auto$alumacc.cc:495:replace_alu$4007
  creating $alu cell for $flatten\u_uart.\u_rx.$add$rtl/periph/uart_rx.sv:57$250: $auto$alumacc.cc:495:replace_alu$4010
  creating $alu cell for $flatten\u_uart.\u_rx.$add$rtl/periph/uart_rx.sv:66$253: $auto$alumacc.cc:495:replace_alu$4013
  created 11 $alu and 1 $macc cells.

16.24. Executing SHARE pass (SAT-based resource sharing).
Found 5 cells in module soc_pipe that may be considered for resource sharing.
  Analyzing resource sharing options for $flatten\u_core.\u_rf.$memrd$\regs$rtl/core/regfile.sv:54$289 ($memrd):
    Found 1 activation_patterns using ctrl signal { $flatten\u_core.\u_rf.$eq$rtl/core/regfile.sv:49$288_Y \u_core.u_rf.hit2 }.
    Found 1 candidates: $flatten\u_core.\u_rf.$memrd$\regs$rtl/core/regfile.sv:47$287
    Analyzing resource sharing with $flatten\u_core.\u_rf.$memrd$\regs$rtl/core/regfile.sv:47$287 ($memrd):
      Found 1 activation_patterns using ctrl signal { $flatten\u_core.\u_rf.$eq$rtl/core/regfile.sv:42$286_Y \u_core.u_rf.hit1 }.
      Activation pattern for cell $flatten\u_core.\u_rf.$memrd$\regs$rtl/core/regfile.sv:54$289: { $flatten\u_core.\u_rf.$eq$rtl/core/regfile.sv:49$288_Y \u_core.u_rf.hit2 } = 2'00
      Activation pattern for cell $flatten\u_core.\u_rf.$memrd$\regs$rtl/core/regfile.sv:47$287: { $flatten\u_core.\u_rf.$eq$rtl/core/regfile.sv:42$286_Y \u_core.u_rf.hit1 } = 2'00
      Size of SAT problem: 10 cells, 112 variables, 278 clauses
      According to the SAT solver this pair of cells can not be shared.
      Model from SAT solver: { $flatten\u_core.\u_rf.$eq$rtl/core/regfile.sv:49$288_Y $flatten\u_core.\u_rf.$eq$rtl/core/regfile.sv:42$286_Y \u_core.u_rf.hit2 \u_core.u_rf.hit1 } = 4'0000
  Analyzing resource sharing options for $flatten\u_core.\u_rf.$memrd$\regs$rtl/core/regfile.sv:47$287 ($memrd):
    Found 1 activation_patterns using ctrl signal { $flatten\u_core.\u_rf.$eq$rtl/core/regfile.sv:42$286_Y \u_core.u_rf.hit1 }.
    No candidates found.
  Analyzing resource sharing options for $flatten\u_core.\u_alu.$sshr$rtl/core/alu.sv:29$10 ($sshr):
    Found 1 activation_patterns using ctrl signal { \u_core.idex_is_cus $flatten\u_core.$eq$rtl/core/core_pipe.sv:208$342_Y \u_core.idex_alu_op [10] }.
    No candidates found.
  Analyzing resource sharing options for $flatten\u_core.\u_alu.$shr$rtl/core/alu.sv:28$9 ($shr):
    Found 1 activation_patterns using ctrl signal { \u_core.idex_is_cus $flatten\u_core.$eq$rtl/core/core_pipe.sv:208$342_Y \u_core.idex_alu_op [5] }.
    No candidates found.
  Analyzing resource sharing options for $flatten\u_core.\u_alu.$shl$rtl/core/alu.sv:24$7 ($shl):
    Found 1 activation_patterns using ctrl signal { \u_core.idex_is_cus $flatten\u_core.$eq$rtl/core/core_pipe.sv:208$342_Y \u_core.idex_alu_op [3] }.
    No candidates found.

16.25. Executing OPT pass (performing simple optimizations).

16.25.1. Executing OPT_EXPR pass (perform const folding).
Optimizing module soc_pipe.
<suppressed ~65 debug messages>

16.25.2. Executing OPT_MERGE pass (detect identical cells).
Finding identical cells in module `\soc_pipe'.
<suppressed ~465 debug messages>
Removed a total of 155 cells.

16.25.3. Executing OPT_MUXTREE pass (detect dead branches in mux trees).
Running muxtree optimizer on module \soc_pipe..
  Creating internal representation of mux trees.
  Evaluating internal representation of mux trees.
  Analyzing evaluation results.
    dead port 1/11 on $pmux $procmux$1664.
    dead port 2/11 on $pmux $procmux$1664.
    dead port 3/11 on $pmux $procmux$1664.
    dead port 4/11 on $pmux $procmux$1664.
    dead port 5/11 on $pmux $procmux$1664.
    dead port 6/11 on $pmux $procmux$1664.
    dead port 7/11 on $pmux $procmux$1664.
    dead port 8/11 on $pmux $procmux$1664.
    dead port 9/11 on $pmux $procmux$1664.
    dead port 2/9 on $pmux $procmux$2649.
    dead port 3/9 on $pmux $procmux$2649.
    dead port 4/9 on $pmux $procmux$2649.
    dead port 6/9 on $pmux $procmux$2649.
    dead port 1/7 on $pmux $procmux$2703.
    dead port 2/7 on $pmux $procmux$2703.
    dead port 3/7 on $pmux $procmux$2703.
    dead port 4/7 on $pmux $procmux$2703.
    dead port 5/7 on $pmux $procmux$2703.
    dead port 7/7 on $pmux $procmux$2703.
    dead port 1/6 on $pmux $procmux$2754.
    dead port 2/6 on $pmux $procmux$2754.
    dead port 3/6 on $pmux $procmux$2754.
    dead port 4/6 on $pmux $procmux$2754.
Removed 23 multiplexer ports.
<suppressed ~63 debug messages>

16.25.4. Executing OPT_REDUCE pass (consolidate $*mux and $reduce_* inputs).
  Optimizing cells in module \soc_pipe.
Performed a total of 0 changes.

16.25.5. Executing OPT_MERGE pass (detect identical cells).
Finding identical cells in module `\soc_pipe'.
<suppressed ~6 debug messages>
Removed a total of 2 cells.

16.25.6. Executing OPT_DFF pass (perform DFF optimizations).

16.25.7. Executing OPT_CLEAN pass (remove unused cells and wires).
Finding unused cells or wires in module \soc_pipe..
Removed 7 unused cells and 1263 unused wires.
<suppressed ~8 debug messages>

16.25.8. Executing OPT_EXPR pass (perform const folding).
Optimizing module soc_pipe.

16.25.9. Rerunning OPT passes. (Maybe there is more to do..)

16.25.10. Executing OPT_MUXTREE pass (detect dead branches in mux trees).
Running muxtree optimizer on module \soc_pipe..
  Creating internal representation of mux trees.
  Evaluating internal representation of mux trees.
  Analyzing evaluation results.
Removed 0 multiplexer ports.
<suppressed ~62 debug messages>

16.25.11. Executing OPT_REDUCE pass (consolidate $*mux and $reduce_* inputs).
  Optimizing cells in module \soc_pipe.
Performed a total of 0 changes.

16.25.12. Executing OPT_MERGE pass (detect identical cells).
Finding identical cells in module `\soc_pipe'.
Removed a total of 0 cells.

16.25.13. Executing OPT_DFF pass (perform DFF optimizations).

16.25.14. Executing OPT_CLEAN pass (remove unused cells and wires).
Finding unused cells or wires in module \soc_pipe..

16.25.15. Executing OPT_EXPR pass (perform const folding).
Optimizing module soc_pipe.

16.25.16. Finished OPT passes. (There is nothing left to do.)

16.26. Executing MEMORY pass.

16.26.1. Executing OPT_MEM pass (optimize memories).
Performed a total of 0 transformations.

16.26.2. Executing OPT_MEM_PRIORITY pass (removing unnecessary memory write priority relations).
Performed a total of 0 transformations.

16.26.3. Executing OPT_MEM_FEEDBACK pass (finding memory read-to-write feedback paths).
  Analyzing soc_pipe.u_core.u_rf.regs write port 0.

16.26.4. Executing MEMORY_BMUX2ROM pass (converting muxes to ROMs).

16.26.5. Executing MEMORY_DFF pass (merging $dff cells to $memrd).
Checking read port `\u_core.u_rf.regs'[0] in module `\soc_pipe': FF found, but with a mux select that doesn't seem to correspond to transparency logic.
Checking read port `\u_core.u_rf.regs'[1] in module `\soc_pipe': FF found, but with a mux select that doesn't seem to correspond to transparency logic.
Checking read port address `\u_core.u_rf.regs'[0] in module `\soc_pipe': address FF has async set and/or reset, not supported.
Checking read port address `\u_core.u_rf.regs'[1] in module `\soc_pipe': address FF has async set and/or reset, not supported.

16.26.6. Executing OPT_CLEAN pass (remove unused cells and wires).
Finding unused cells or wires in module \soc_pipe..

16.26.7. Executing MEMORY_SHARE pass (consolidating $memrd/$memwr cells).
Consolidating read ports of memory soc_pipe.u_core.u_rf.regs by address:

16.26.8. Executing OPT_MEM_WIDEN pass (optimize memories where all ports are wide).
Performed a total of 0 transformations.

16.26.9. Executing OPT_CLEAN pass (remove unused cells and wires).
Finding unused cells or wires in module \soc_pipe..

16.26.10. Executing MEMORY_COLLECT pass (generating $mem cells).

16.27. Executing OPT_CLEAN pass (remove unused cells and wires).
Finding unused cells or wires in module \soc_pipe..

16.28. Executing MEMORY_LIBMAP pass (mapping memories to cells).
mapping memory soc_pipe.u_core.u_rf.regs via $__XILINX_LUTRAM_SDP_
<suppressed ~252 debug messages>

16.29. Executing TECHMAP pass (map to technology primitives).

16.29.1. Executing Verilog-2005 frontend: /usr/bin/../share/yosys/xilinx/lutrams_xc5v_map.v
Parsing Verilog input from `/usr/bin/../share/yosys/xilinx/lutrams_xc5v_map.v' to AST representation.
Generating RTLIL representation for module `\$__XILINX_LUTRAM_SP_'.
Generating RTLIL representation for module `\$__XILINX_LUTRAM_DP_'.
Generating RTLIL representation for module `\$__XILINX_LUTRAM_QP_'.
Generating RTLIL representation for module `\$__XILINX_LUTRAM_OP_'.
Generating RTLIL representation for module `\$__XILINX_LUTRAM_SDP_'.
Generating RTLIL representation for module `\$__XILINX_LUTRAM_64X8SW_'.
Generating RTLIL representation for module `\$__XILINX_LUTRAM_32X16DR8_'.
Successfully finished Verilog frontend.

16.29.2. Continuing TECHMAP pass.
Using template $paramod$31933bc0586e304f9d4048cafdcf94ebf308e40b\$__XILINX_LUTRAM_SDP_ for cells of type $__XILINX_LUTRAM_SDP_.
Using template $paramod$b46e790e1a546c1d0fce1965900bc12ee9561e85\$__XILINX_LUTRAM_SDP_ for cells of type $__XILINX_LUTRAM_SDP_.
No more expansions possible.
<suppressed ~55 debug messages>

16.30. Executing TECHMAP pass (map to technology primitives).

16.30.1. Executing Verilog-2005 frontend: /usr/bin/../share/yosys/xilinx/brams_xc6v_map.v
Parsing Verilog input from `/usr/bin/../share/yosys/xilinx/brams_xc6v_map.v' to AST representation.
Generating RTLIL representation for module `\$__XILINX_BLOCKRAM_TDP_'.
Generating RTLIL representation for module `\$__XILINX_BLOCKRAM_SDP_'.
Successfully finished Verilog frontend.

16.30.2. Continuing TECHMAP pass.
No more expansions possible.
<suppressed ~4 debug messages>

16.31. Executing OPT pass (performing simple optimizations).

16.31.1. Executing OPT_EXPR pass (perform const folding).
Optimizing module soc_pipe.
<suppressed ~46 debug messages>

16.31.2. Executing OPT_MERGE pass (detect identical cells).
Finding identical cells in module `\soc_pipe'.
Removed a total of 0 cells.

16.31.3. Executing OPT_DFF pass (perform DFF optimizations).
Adding EN signal on $auto$ff.cc:266:slice$3504 ($adffe) from module soc_pipe (D = \u_core.pc_next [1:0], Q = \u_core.pc [1:0]).

16.31.4. Executing OPT_CLEAN pass (remove unused cells and wires).
Finding unused cells or wires in module \soc_pipe..
Removed 1 unused cells and 99 unused wires.
<suppressed ~2 debug messages>

16.31.5. Rerunning OPT passes. (Removed registers in this run.)

16.31.6. Executing OPT_EXPR pass (perform const folding).
Optimizing module soc_pipe.
<suppressed ~4 debug messages>

16.31.7. Executing OPT_MERGE pass (detect identical cells).
Finding identical cells in module `\soc_pipe'.
Removed a total of 0 cells.

16.31.8. Executing OPT_DFF pass (perform DFF optimizations).

16.31.9. Executing OPT_CLEAN pass (remove unused cells and wires).
Finding unused cells or wires in module \soc_pipe..

16.31.10. Finished fast OPT passes.

16.32. Executing MEMORY_MAP pass (converting memories to logic and flip-flops).

16.33. Executing OPT pass (performing simple optimizations).

16.33.1. Executing OPT_EXPR pass (perform const folding).
Optimizing module soc_pipe.

16.33.2. Executing OPT_MERGE pass (detect identical cells).
Finding identical cells in module `\soc_pipe'.
Removed a total of 0 cells.

16.33.3. Executing OPT_MUXTREE pass (detect dead branches in mux trees).
Running muxtree optimizer on module \soc_pipe..
  Creating internal representation of mux trees.
  Evaluating internal representation of mux trees.
  Analyzing evaluation results.
Removed 0 multiplexer ports.
<suppressed ~46 debug messages>

16.33.4. Executing OPT_REDUCE pass (consolidate $*mux and $reduce_* inputs).
  Optimizing cells in module \soc_pipe.
    Consolidated identical input bits for $mux cell $procmux$1751:
      Old ports: A={ 1'1 \u_uart.tx_hold 1'0 }, B={ 1'1 \u_uart.u_tx.frame [9:1] }, Y=$flatten\u_uart.\u_tx.$0\frame[9:0]
      New ports: A={ \u_uart.tx_hold 1'0 }, B=\u_uart.u_tx.frame [9:1], Y=$flatten\u_uart.\u_tx.$0\frame[9:0] [8:0]
      New connections: $flatten\u_uart.\u_tx.$0\frame[9:0] [9] = 1'1
    Consolidated identical input bits for $mux cell $procmux$2564:
      Old ports: A=2'00, B=2'10, Y=$flatten\u_core.\u_dec.$2\wb_sel[1:0]
      New ports: A=1'0, B=1'1, Y=$flatten\u_core.\u_dec.$2\wb_sel[1:0] [1]
      New connections: $flatten\u_core.\u_dec.$2\wb_sel[1:0] [0] = 1'0
  Optimizing cells in module \soc_pipe.
Performed a total of 2 changes.

16.33.5. Executing OPT_MERGE pass (detect identical cells).
Finding identical cells in module `\soc_pipe'.
Removed a total of 0 cells.

16.33.6. Executing OPT_SHARE pass.

16.33.7. Executing OPT_DFF pass (perform DFF optimizations).

16.33.8. Executing OPT_CLEAN pass (remove unused cells and wires).
Finding unused cells or wires in module \soc_pipe..

16.33.9. Executing OPT_EXPR pass (perform const folding).
Optimizing module soc_pipe.
<suppressed ~1 debug messages>

16.33.10. Rerunning OPT passes. (Maybe there is more to do..)

16.33.11. Executing OPT_MUXTREE pass (detect dead branches in mux trees).
Running muxtree optimizer on module \soc_pipe..
  Creating internal representation of mux trees.
  Evaluating internal representation of mux trees.
  Analyzing evaluation results.
Removed 0 multiplexer ports.
<suppressed ~46 debug messages>

16.33.12. Executing OPT_REDUCE pass (consolidate $*mux and $reduce_* inputs).
  Optimizing cells in module \soc_pipe.
Performed a total of 0 changes.

16.33.13. Executing OPT_MERGE pass (detect identical cells).
Finding identical cells in module `\soc_pipe'.
Removed a total of 0 cells.

16.33.14. Executing OPT_SHARE pass.

16.33.15. Executing OPT_DFF pass (perform DFF optimizations).
Setting constant 1-bit at position 9 on $auto$ff.cc:266:slice$3540 ($adffe) from module soc_pipe.

16.33.16. Executing OPT_CLEAN pass (remove unused cells and wires).
Finding unused cells or wires in module \soc_pipe..
Removed 0 unused cells and 1 unused wires.
<suppressed ~1 debug messages>

16.33.17. Executing OPT_EXPR pass (perform const folding).
Optimizing module soc_pipe.

16.33.18. Rerunning OPT passes. (Maybe there is more to do..)

16.33.19. Executing OPT_MUXTREE pass (detect dead branches in mux trees).
Running muxtree optimizer on module \soc_pipe..
  Creating internal representation of mux trees.
  Evaluating internal representation of mux trees.
  Analyzing evaluation results.
Removed 0 multiplexer ports.
<suppressed ~46 debug messages>

16.33.20. Executing OPT_REDUCE pass (consolidate $*mux and $reduce_* inputs).
  Optimizing cells in module \soc_pipe.
Performed a total of 0 changes.

16.33.21. Executing OPT_MERGE pass (detect identical cells).
Finding identical cells in module `\soc_pipe'.
Removed a total of 0 cells.

16.33.22. Executing OPT_SHARE pass.

16.33.23. Executing OPT_DFF pass (perform DFF optimizations).

16.33.24. Executing OPT_CLEAN pass (remove unused cells and wires).
Finding unused cells or wires in module \soc_pipe..

16.33.25. Executing OPT_EXPR pass (perform const folding).
Optimizing module soc_pipe.

16.33.26. Finished OPT passes. (There is nothing left to do.)

16.34. Executing XILINX_SRL pass (Xilinx shift register extraction).

16.35. Executing TECHMAP pass (map to technology primitives).

16.35.1. Executing Verilog-2005 frontend: /usr/bin/../share/yosys/techmap.v
Parsing Verilog input from `/usr/bin/../share/yosys/techmap.v' to AST representation.
Generating RTLIL representation for module `\_90_simplemap_bool_ops'.
Generating RTLIL representation for module `\_90_simplemap_reduce_ops'.
Generating RTLIL representation for module `\_90_simplemap_logic_ops'.
Generating RTLIL representation for module `\_90_simplemap_compare_ops'.
Generating RTLIL representation for module `\_90_simplemap_various'.
Generating RTLIL representation for module `\_90_simplemap_registers'.
Generating RTLIL representation for module `\_90_shift_ops_shr_shl_sshl_sshr'.
Generating RTLIL representation for module `\_90_shift_shiftx'.
Generating RTLIL representation for module `\_90_fa'.
Generating RTLIL representation for module `\_90_lcu_brent_kung'.
Generating RTLIL representation for module `\_90_alu'.
Generating RTLIL representation for module `\_90_macc'.
Generating RTLIL representation for module `\_90_alumacc'.
Generating RTLIL representation for module `\$__div_mod_u'.
Generating RTLIL representation for module `\$__div_mod_trunc'.
Generating RTLIL representation for module `\_90_div'.
Generating RTLIL representation for module `\_90_mod'.
Generating RTLIL representation for module `\$__div_mod_floor'.
Generating RTLIL representation for module `\_90_divfloor'.
Generating RTLIL representation for module `\_90_modfloor'.
Generating RTLIL representation for module `\_90_pow'.
Generating RTLIL representation for module `\_90_pmux'.
Generating RTLIL representation for module `\_90_demux'.
Generating RTLIL representation for module `\_90_lut'.
Successfully finished Verilog frontend.

16.35.2. Executing Verilog-2005 frontend: /usr/bin/../share/yosys/xilinx/arith_map.v
Parsing Verilog input from `/usr/bin/../share/yosys/xilinx/arith_map.v' to AST representation.
Generating RTLIL representation for module `\_80_xilinx_lcu'.
Generating RTLIL representation for module `\_80_xilinx_alu'.
Successfully finished Verilog frontend.

16.35.3. Continuing TECHMAP pass.
Using extmapper simplemap for cells of type $eq.
Using extmapper simplemap for cells of type $or.
Using extmapper simplemap for cells of type $and.
Using extmapper simplemap for cells of type $logic_and.
Using extmapper simplemap for cells of type $xnor.
Using extmapper simplemap for cells of type $not.
Using extmapper simplemap for cells of type $adff.
Using extmapper simplemap for cells of type $reduce_or.
Using template $paramod$constmap:ea96ee1fb5787aedad018728a5ee068b3ddf64ff$paramod$2041227bd033aaa2807831214899f62702555ca1\_90_shift_shiftx for cells of type $shift.
Using extmapper simplemap for cells of type $ne.
Using extmapper simplemap for cells of type $logic_not.
Using template $paramod$8fabc56b80a569262acfc42757a02ca0b8e91278\_90_pmux for cells of type $pmux.
Using template $paramod$25c4246495a9f56061a0efa92b046161d5d15f2e\_80_xilinx_alu for cells of type $alu.
Using template $paramod$constmap:4621fcf06a436d1e2a4080e2ed9866a7d07a6e07$paramod$335cfd09f1afa8139c4aafcbbe5f361887b79c5e\_90_shift_ops_shr_shl_sshl_sshr for cells of type $shl.
Using extmapper simplemap for cells of type $xor.
Using template $paramod$constmap:4621fcf06a436d1e2a4080e2ed9866a7d07a6e07$paramod$feecc7a0dbd012970970f2858f15e786e251f677\_90_shift_ops_shr_shl_sshl_sshr for cells of type $shr.
Using template $paramod$constmap:4621fcf06a436d1e2a4080e2ed9866a7d07a6e07$paramod$e765c459d3029c22a22a27989e94858fd9ebfa9c\_90_shift_ops_shr_shl_sshl_sshr for cells of type $sshr.
Using extmapper simplemap for cells of type $reduce_bool.
Using template $paramod$4fc821520cb3a924f2bc6fa8576a539779b37dc8\_80_xilinx_alu for cells of type $alu.
Using template $paramod$599fc21b257bc9b96c6caef6b35a2ec30d8fdbca\_80_xilinx_alu for cells of type $alu.
Using template $paramod$674141544fade965cf052b5e9d5b65813fc4e151\_80_xilinx_alu for cells of type $alu.
Using template $paramod$db8e6ecc9d55e30ac39e4a71c23a85841d46f485\_80_xilinx_alu for cells of type $alu.
Using template $paramod$d735c1bd8e4aaeb55e846141d44dc1e2c1104582\_80_xilinx_alu for cells of type $alu.
Using template $paramod$54d740639e1393b22262823179ff783ea9f17a35\_90_pmux for cells of type $pmux.
Using template $paramod$fc16b9f758000d363d24f130038bd99b46b4fa1b\_90_pmux for cells of type $pmux.
Using template $paramod$constmap:5f0e01f6352e7d05f4366f470c8761b488e29ced$paramod$e97c9b7448eb9b4df0c2ce73dd425a4a83e3102b\_90_shift_shiftx for cells of type $shiftx.
Using template $paramod$constmap:95c264af4d876298b4bfadeaa9b077d1099dd20d$paramod$21d7629186f3d2ce213f0dfc9ed1dda0a347fb89\_90_shift_shiftx for cells of type $shift.
Using extmapper simplemap for cells of type $adffe.
Using template $paramod$d31bf4d7d72e59528d18fbd4f322e9d608532043\_90_pmux for cells of type $pmux.
Using template $paramod$constmap:a245c3c7020783f21a95662ea383afbf2f432d09$paramod$70307b0c46f360cdc944ccde23e9e2e58bd145d8\_90_shift_shiftx for cells of type $shiftx.
Using extmapper simplemap for cells of type $reduce_and.
Using template $paramod\_80_xilinx_lcu\WIDTH=s32'00000000000000000000000000001011 for cells of type $lcu.
Using template $paramod$bf541dd3c0ba8228982b61e7bfbc350a2c253f4c\_90_pmux for cells of type $pmux.
Using template $paramod$c5c783b17ab1d780abfad8cfe6563a0a7b47a3b0\_90_pmux for cells of type $pmux.
Using template $paramod$constmap:de3323eac59213ccefff809d04b4036ff3be9853$paramod$b2e85733ada4e92472b617be42677b51fe476597\_90_shift_shiftx for cells of type $shiftx.
Using template $paramod$constmap:72d5c9d0672bd7fe71ca29259616905366285f54$paramod$2135cf178ab343577102d2d1f6f466e244799dcd\_90_shift_shiftx for cells of type $shift.
Using template $paramod$constmap:676c1f4a5c20626dae42510eac5fd23aeef41fee$paramod$5c4e52a372a7221491d10cb88fa5f6042b86e3b6\_90_shift_shiftx for cells of type $shiftx.
Using extmapper maccmap for cells of type $macc_v2.
  add \u_dotp.p0 (32 bits, unsigned)
  add \u_dotp.p2 (32 bits, unsigned)
  add \u_dotp.p1 (32 bits, unsigned)
  add \u_dotp.p3 (32 bits, unsigned)
Using template $paramod$d629d85c8826a74239b9178d1930215a43b0ceb0\_90_pmux for cells of type $pmux.
Using template $paramod$b3b6ac92d800c6f07aa48f510f923d86a674e5a7\_90_pmux for cells of type $pmux.
Using template $paramod$97565c3687be688407d1272a293bd9d0ae6852dc\_90_pmux for cells of type $pmux.
Using template $paramod$a5f0941832cc861549e29ccafffe20bfdf2e5528\_90_pmux for cells of type $pmux.
Using extmapper simplemap for cells of type $pos.
Using template $paramod\_90_fa\WIDTH=32'00000000000000000000000000100000 for cells of type $fa.
No more expansions possible.
<suppressed ~3958 debug messages>

16.36. Executing OPT pass (performing simple optimizations).

16.36.1. Executing OPT_EXPR pass (perform const folding).
Optimizing module soc_pipe.
<suppressed ~1849 debug messages>

16.36.2. Executing OPT_MERGE pass (detect identical cells).
Finding identical cells in module `\soc_pipe'.
<suppressed ~2304 debug messages>
Removed a total of 768 cells.

16.36.3. Executing OPT_DFF pass (perform DFF optimizations).

16.36.4. Executing OPT_CLEAN pass (remove unused cells and wires).
Finding unused cells or wires in module \soc_pipe..
Removed 1642 unused cells and 1505 unused wires.
<suppressed ~1643 debug messages>

16.36.5. Finished fast OPT passes.

16.37. Executing IOPADMAP pass (mapping inputs/outputs to IO-PAD cells).
Mapping port soc_pipe.clk using IBUF.
Mapping port soc_pipe.dbg_instr using OBUF.
Mapping port soc_pipe.dbg_pc using OBUF.
Mapping port soc_pipe.exit_code using OBUF.
Mapping port soc_pipe.exit_valid using OBUF.
Mapping port soc_pipe.rst_n using IBUF.
Mapping port soc_pipe.uart_rx using IBUF.
Mapping port soc_pipe.uart_tx using OBUF.

16.38. Executing TECHMAP pass (map to technology primitives).

16.38.1. Executing Verilog-2005 frontend: /usr/bin/../share/yosys/techmap.v
Parsing Verilog input from `/usr/bin/../share/yosys/techmap.v' to AST representation.
Generating RTLIL representation for module `\_90_simplemap_bool_ops'.
Generating RTLIL representation for module `\_90_simplemap_reduce_ops'.
Generating RTLIL representation for module `\_90_simplemap_logic_ops'.
Generating RTLIL representation for module `\_90_simplemap_compare_ops'.
Generating RTLIL representation for module `\_90_simplemap_various'.
Generating RTLIL representation for module `\_90_simplemap_registers'.
Generating RTLIL representation for module `\_90_shift_ops_shr_shl_sshl_sshr'.
Generating RTLIL representation for module `\_90_shift_shiftx'.
Generating RTLIL representation for module `\_90_fa'.
Generating RTLIL representation for module `\_90_lcu_brent_kung'.
Generating RTLIL representation for module `\_90_alu'.
Generating RTLIL representation for module `\_90_macc'.
Generating RTLIL representation for module `\_90_alumacc'.
Generating RTLIL representation for module `\$__div_mod_u'.
Generating RTLIL representation for module `\$__div_mod_trunc'.
Generating RTLIL representation for module `\_90_div'.
Generating RTLIL representation for module `\_90_mod'.
Generating RTLIL representation for module `\$__div_mod_floor'.
Generating RTLIL representation for module `\_90_divfloor'.
Generating RTLIL representation for module `\_90_modfloor'.
Generating RTLIL representation for module `\_90_pow'.
Generating RTLIL representation for module `\_90_pmux'.
Generating RTLIL representation for module `\_90_demux'.
Generating RTLIL representation for module `\_90_lut'.
Successfully finished Verilog frontend.

16.38.2. Executing Verilog-2005 frontend: /usr/bin/../share/yosys/xilinx/cells_map.v
Parsing Verilog input from `/usr/bin/../share/yosys/xilinx/cells_map.v' to AST representation.
Generating RTLIL representation for module `\$__SHREG_'.
Generating RTLIL representation for module `\$__XILINX_SHREG_'.
Generating RTLIL representation for module `\$__XILINX_MUXF78'.
Successfully finished Verilog frontend.

16.38.3. Continuing TECHMAP pass.
No more expansions possible.
<suppressed ~78 debug messages>
Removed 0 unused cells and 6 unused wires.

16.39. Executing DFFLEGALIZE pass (convert FFs to types supported by the target).

16.40. Executing OPT_EXPR pass (perform const folding).
Optimizing module soc_pipe.
<suppressed ~202 debug messages>

16.41. Executing ABC pass (technology mapping using ABC).

16.41.1. Extracting gate netlist of module `\soc_pipe' to `<abc-temp-dir>/input.blif'..
Extracted 5726 gates and 7181 wires to a netlist network with 1453 inputs and 2186 outputs.

16.41.1.1. Executing ABC.
Running ABC command: "<yosys-exe-dir>/yosys-abc" -s -f <abc-temp-dir>/abc.script 2>&1
ABC: ABC command line: "source <abc-temp-dir>/abc.script".
ABC: 
ABC: + read_blif <abc-temp-dir>/input.blif 
ABC: + read_lut <abc-temp-dir>/lutdefs.txt 
ABC: + strash 
ABC: + &get -n 
ABC: + &fraig -x 
ABC: + &put 
ABC: + scorr 
ABC: Warning: The network is combinational (run "fraig" or "fraig_sweep").
ABC: + dc2 
ABC: + dretime 
ABC: + strash 
ABC: + dch -f 
ABC: + if 
ABC: + mfs2 
ABC: + write_blif <abc-temp-dir>/output.blif 

16.41.1.2. Re-integrating ABC results.
ABC RESULTS:              $lut cells:     3058
ABC RESULTS:        internal signals:     3542
ABC RESULTS:           input signals:     1453
ABC RESULTS:          output signals:     2186
Removing temp directory.
Removed 0 unused cells and 4412 unused wires.

16.42. Executing TECHMAP pass (map to technology primitives).

16.42.1. Executing Verilog-2005 frontend: /usr/bin/../share/yosys/xilinx/ff_map.v
Parsing Verilog input from `/usr/bin/../share/yosys/xilinx/ff_map.v' to AST representation.
Generating RTLIL representation for module `\$_DFFE_NP0P_'.
Generating RTLIL representation for module `\$_DFFE_PP0P_'.
Generating RTLIL representation for module `\$_DFFE_NP1P_'.
Generating RTLIL representation for module `\$_DFFE_PP1P_'.
Generating RTLIL representation for module `\$_DFFSRE_NPPP_'.
Generating RTLIL representation for module `\$_DFFSRE_PPPP_'.
Generating RTLIL representation for module `\$_SDFFE_NP0P_'.
Generating RTLIL representation for module `\$_SDFFE_PP0P_'.
Generating RTLIL representation for module `\$_SDFFE_NP1P_'.
Generating RTLIL representation for module `\$_SDFFE_PP1P_'.
Generating RTLIL representation for module `\$_DLATCH_NP0_'.
Generating RTLIL representation for module `\$_DLATCH_PP0_'.
Generating RTLIL representation for module `\$_DLATCH_NP1_'.
Generating RTLIL representation for module `\$_DLATCH_PP1_'.
Generating RTLIL representation for module `\$_DLATCH_NPP_'.
Generating RTLIL representation for module `\$_DLATCH_PPP_'.
Successfully finished Verilog frontend.

16.42.2. Continuing TECHMAP pass.
Using template $paramod\$_DFFE_PP1P_\_TECHMAP_WIREINIT_Q_=1'x for cells of type $_DFFE_PP1P_.
Using template $paramod\$_DFFE_PP0P_\_TECHMAP_WIREINIT_Q_=1'x for cells of type $_DFFE_PP0P_.
No more expansions possible.
<suppressed ~1001 debug messages>

16.43. Executing XILINX_SRL pass (Xilinx shift register extraction).

16.44. Executing TECHMAP pass (map to technology primitives).

16.44.1. Executing Verilog-2005 frontend: /usr/bin/../share/yosys/xilinx/lut_map.v
Parsing Verilog input from `/usr/bin/../share/yosys/xilinx/lut_map.v' to AST representation.
Generating RTLIL representation for module `\$lut'.
Successfully finished Verilog frontend.

16.44.2. Executing Verilog-2005 frontend: /usr/bin/../share/yosys/xilinx/cells_map.v
Parsing Verilog input from `/usr/bin/../share/yosys/xilinx/cells_map.v' to AST representation.
Generating RTLIL representation for module `\$__SHREG_'.
Generating RTLIL representation for module `\$__XILINX_SHREG_'.
Generating RTLIL representation for module `\$__XILINX_MUXF78'.
Successfully finished Verilog frontend.

16.44.3. Continuing TECHMAP pass.
Using template $paramod\$lut\WIDTH=32'00000000000000000000000000000001\LUT=2'01 for cells of type $lut.
Using template $paramod$fccccf8bb2add7667329c686feec7546eb9a3ae3\$lut for cells of type $lut.
Using template $paramod$8b09f347504cfc0d3d65fbb4601497936543b1b3\$lut for cells of type $lut.
Using template $paramod\$lut\WIDTH=32'00000000000000000000000000000010\LUT=4'0110 for cells of type $lut.
Using template $paramod$12e80a38a126de1f973d5eaf5e8b5b2e467c5dba\$lut for cells of type $lut.
Using template $paramod$58e9ac7a526d0fd9f60919419decbf3e75d4c77f\$lut for cells of type $lut.
Using template $paramod\$lut\WIDTH=32'00000000000000000000000000000010\LUT=4'0100 for cells of type $lut.
Using template $paramod$d2ef43814113ff73f9ebc73be6b7b228fcced45d\$lut for cells of type $lut.
Using template $paramod$ed8fd9dc29cc82475141f56d1f45368840560d53\$lut for cells of type $lut.
Using template $paramod$1ddd3a8dba7510dc64ebf0335fa2fee56a713ec9\$lut for cells of type $lut.
Using template $paramod$e05daf752ebc4e4bd291565ba38235b76a24842e\$lut for cells of type $lut.
Using template $paramod$c2590929527069bd4b69a5a273443516f7b9d04a\$lut for cells of type $lut.
Using template $paramod$559d8f61325f7b4ee17556605f88d95718b41383\$lut for cells of type $lut.
Using template $paramod$06a49eeef9c9c0ca3eeb308c4b5ee09a412d6201\$lut for cells of type $lut.
Using template $paramod\$lut\WIDTH=32'00000000000000000000000000000010\LUT=4'1000 for cells of type $lut.
Using template $paramod$a95875f8619bbd1a6077124f8c4f02fc0f836e4b\$lut for cells of type $lut.
Using template $paramod$2d07c1a6c53c7b878509360922c4fa5ebedc3011\$lut for cells of type $lut.
Using template $paramod$e89b0e918a4528fbc37a26fe36408bd4e5f0d8d4\$lut for cells of type $lut.
Using template $paramod\$lut\WIDTH=32'00000000000000000000000000000010\LUT=4'0001 for cells of type $lut.
Using template $paramod$c055a8b8a2af1a8a20a9504b12fb95fc96eee711\$lut for cells of type $lut.
Using template $paramod\$lut\WIDTH=32'00000000000000000000000000000010\LUT=4'1001 for cells of type $lut.
Using template $paramod$eba7de026ff587370e320127e266317dae097a89\$lut for cells of type $lut.
Using template $paramod$c95a060d14c30435655e610b8e0f1989582fd10d\$lut for cells of type $lut.
Using template $paramod$2e42f4cdfa2b7be54cbecc74818d81b621a7793c\$lut for cells of type $lut.
Using template $paramod$696755082b62df9e526ea6022686fed2d37af9dd\$lut for cells of type $lut.
Using template $paramod$10fa98f10eb15451a9e12606c600c38fa2e1e0ac\$lut for cells of type $lut.
Using template $paramod$6d442f5e4af865be69009b8213e0f1e917c584a7\$lut for cells of type $lut.
Using template $paramod$f3203abc0645d1b54ad4f45ecc85457227bd0ed1\$lut for cells of type $lut.
Using template $paramod$b9cf85f68b27860b6f5e20bd28c0a4bdc265452f\$lut for cells of type $lut.
Using template $paramod$58985891dc01a88b5fe7790b174aeeddc33a7b35\$lut for cells of type $lut.
Using template $paramod$4d1e9c711cfd29e5503e71d2ea5b676b384fe872\$lut for cells of type $lut.
Using template $paramod$8426aa79a8c425b1e57d8c6c79d4dcfa32f2c6bb\$lut for cells of type $lut.
Using template $paramod$658b9ed803f0d3d335616d3858b53e0a2522f1e8\$lut for cells of type $lut.
Using template $paramod$3e1ab63de7758ae0299ee4e1c70c7f9436608d18\$lut for cells of type $lut.
Using template $paramod$2d8ecce5c907513cebcd38ab5efe0fc26fc03464\$lut for cells of type $lut.
Using template $paramod$6e238df02989b317f10820a22773676e71120644\$lut for cells of type $lut.
Using template $paramod$117edd975d23c8031575b8da314a466616faf37e\$lut for cells of type $lut.
Using template $paramod$81af5c9397b9725f7da60082dbbd09790ff51f64\$lut for cells of type $lut.
Using template $paramod$b6af409c330f2c19c153fc4745dbde7173a906bd\$lut for cells of type $lut.
Using template $paramod$d902abae565daad4a48239e50813b802b74b674d\$lut for cells of type $lut.
Using template $paramod\$lut\WIDTH=32'00000000000000000000000000000011\LUT=8'10000000 for cells of type $lut.
Using template $paramod$1a7a480486efc550211a507b6ca42c979ebb3016\$lut for cells of type $lut.
Using template $paramod\$lut\WIDTH=32'00000000000000000000000000000011\LUT=8'10010110 for cells of type $lut.
Using template $paramod$f7cb4108a38b70599a046c164887572a421dda73\$lut for cells of type $lut.
Using template $paramod$5964dec528c7ded1ee9f528024feacf1107270a1\$lut for cells of type $lut.
Using template $paramod\$lut\WIDTH=32'00000000000000000000000000000011\LUT=8'01111000 for cells of type $lut.
Using template $paramod$fc318a7df7fe07fd6e06d67fcbc358e9823ea389\$lut for cells of type $lut.
Using template $paramod\$lut\WIDTH=32'00000000000000000000000000000011\LUT=8'11000101 for cells of type $lut.
Using template $paramod\$lut\WIDTH=32'00000000000000000000000000000011\LUT=8'11001010 for cells of type $lut.
Using template $paramod$272652f6c6fbe9a75eff76e45cc7e2788835518b\$lut for cells of type $lut.
Using template $paramod$8fbe434f660c9cf19f96d5d42e819d3aa40bfb1b\$lut for cells of type $lut.
Using template $paramod$41326ad8644342a66dfb051d050f2b6fbf15015b\$lut for cells of type $lut.
Using template $paramod$251994398653c4cf8de320f1e306e535d5d2d624\$lut for cells of type $lut.
Using template $paramod$571404c0889eaf57f492cb5e37f8acb5df5852f9\$lut for cells of type $lut.
Using template $paramod$3cf5a913bb723ea2d81b238b9fa087b84a90db41\$lut for cells of type $lut.
Using template $paramod\$lut\WIDTH=32'00000000000000000000000000000011\LUT=8'00010000 for cells of type $lut.
Using template $paramod$ea88a06962d1884df863d9765f42571fd11bcb32\$lut for cells of type $lut.
Using template $paramod$eb8ae4f8d6666114ab0d16abeba105f1cc26cf1e\$lut for cells of type $lut.
Using template $paramod$8d72414de2d12be4a021173359f01ce29075b82c\$lut for cells of type $lut.
Using template $paramod$8722d7b6fcc1b120cb8ba9bf94b1b3aaa116eac4\$lut for cells of type $lut.
Using template $paramod$8cfb93e36216da05ff4dcdcd07daa034f6b0b9b8\$lut for cells of type $lut.
Using template $paramod$973818279bc95792902f3c09371fd2407d04a2a5\$lut for cells of type $lut.
Using template $paramod$9ae0f136c9ed34a2deb323e9b2a3a520eea61514\$lut for cells of type $lut.
Using template $paramod\$lut\WIDTH=32'00000000000000000000000000000011\LUT=8'00000001 for cells of type $lut.
Using template $paramod$cf652acbfbf67d2248e3045cd0f09c58ca55886c\$lut for cells of type $lut.
Using template $paramod$ee19d45db61acb4c70d938b97483a4ed4b792645\$lut for cells of type $lut.
Using template $paramod\$lut\WIDTH=32'00000000000000000000000000000011\LUT=8'11100000 for cells of type $lut.
Using template $paramod$a8c06dd6f589ddb8742e745b31d70dc59552fe8f\$lut for cells of type $lut.
Using template $paramod\$lut\WIDTH=32'00000000000000000000000000000011\LUT=8'01000000 for cells of type $lut.
Using template $paramod$a4808a44b6b61b959d24a850f0470444a72a5b00\$lut for cells of type $lut.
Using template $paramod\$lut\WIDTH=32'00000000000000000000000000000011\LUT=8'00110010 for cells of type $lut.
Using template $paramod$a7dad16c080c08c1647c7e1b9706a59a123d8bcd\$lut for cells of type $lut.
Using template $paramod$d35161d1d7976dcc02e7c7d51172431be85143b4\$lut for cells of type $lut.
Using template $paramod\$lut\WIDTH=32'00000000000000000000000000000011\LUT=8'00110101 for cells of type $lut.
Using template $paramod$a412d4eb77016ac3290b21da7dadd1c080bd2251\$lut for cells of type $lut.
Using template $paramod$53495af52145865cd6bc2a235c9abaaba6fbda99\$lut for cells of type $lut.
Using template $paramod$1890b55d7576a581cecf4c05db7733a2c1a6bd22\$lut for cells of type $lut.
Using template $paramod$e6f154aa4ddbf37901f18ca44e9e9a797ad8c7f1\$lut for cells of type $lut.
Using template $paramod\$lut\WIDTH=32'00000000000000000000000000000010\LUT=4'1110 for cells of type $lut.
Using template $paramod$9bdc414229f06e785dc8fd97a243faa9336e164a\$lut for cells of type $lut.
Using template $paramod$9cf044275e70b6dc34d2f815a6f8ffc23f9694a0\$lut for cells of type $lut.
Using template $paramod\$lut\WIDTH=32'00000000000000000000000000000011\LUT=8'00000111 for cells of type $lut.
Using template $paramod$f44e1eab45e047e709d5dfed32527eb1f7745488\$lut for cells of type $lut.
Using template $paramod$3d779e0337cf724a5b1bbb544ab49327d0d1172c\$lut for cells of type $lut.
Using template $paramod$bb40a0e4513a7cdea320069d4b9929c2eebcb939\$lut for cells of type $lut.
Using template $paramod$5a9973bc41def5ddf5b821420b2173a81b5efedb\$lut for cells of type $lut.
Using template $paramod$e944ae00f41dc130feb4a7e91a15131c90c0d903\$lut for cells of type $lut.
Using template $paramod$4cac32cb74d49aa0997e1f5720ea6dbf031a3cc3\$lut for cells of type $lut.
Using template $paramod\$lut\WIDTH=32'00000000000000000000000000000010\LUT=4'1011 for cells of type $lut.
Using template $paramod$c9355c14671e8569b2b55b2828d4fd95591ab987\$lut for cells of type $lut.
Using template $paramod$3bc21bda861e9dcf371f3b824551a11012c54f5d\$lut for cells of type $lut.
Using template $paramod$452467d43e4b065d6cedb529792aa854b54ad305\$lut for cells of type $lut.
Using template $paramod$ea36bd5fe47297df065c2abf5033329f95c6a5a8\$lut for cells of type $lut.
Using template $paramod$1de2313c6bda9264cd9ab91900297c11beaea855\$lut for cells of type $lut.
Using template $paramod$eeed37ce45abdda29d3e180f2d1dfc0c4c376530\$lut for cells of type $lut.
Using template $paramod$a21c9f7c000018ac0a9da5ab6de14f512b75c63a\$lut for cells of type $lut.
Using template $paramod$ff693bfefebcec947d7d54afa5cbbbe8b1f9053d\$lut for cells of type $lut.
Using template $paramod$2fa475e5e4e6bc866e9aa610ab74b31c628f9d0d\$lut for cells of type $lut.
Using template $paramod$0446b61b181009dd8610b69039be2cd75433e427\$lut for cells of type $lut.
Using template $paramod\$lut\WIDTH=32'00000000000000000000000000000011\LUT=8'00001011 for cells of type $lut.
Using template $paramod$82465a09fa1fb625cf05c680e7f5642ba36c85a0\$lut for cells of type $lut.
Using template $paramod$b847259e1454277470ece6dea6b67b4520c65957\$lut for cells of type $lut.
Using template $paramod$82b4a585d1edcb5c6e755dc9bd3392228a1c1304\$lut for cells of type $lut.
Using template $paramod$3c112951430b895d1cd4f9b2d3bc8eafec4b6a3f\$lut for cells of type $lut.
Using template $paramod$ed9408d4bda02f896d4134eaaf7daf588af5dc11\$lut for cells of type $lut.
Using template $paramod\$lut\WIDTH=32'00000000000000000000000000000011\LUT=8'00011111 for cells of type $lut.
Using template $paramod$ad173d9035d324c1302ed1a3cb66da96c66b640c\$lut for cells of type $lut.
Using template $paramod$bca9720504cc63992c262c76a5e9d30941e9af76\$lut for cells of type $lut.
Using template $paramod$20c5ad12ccc49d33d0222ea30b89634b120418ca\$lut for cells of type $lut.
Using template $paramod$ea4af401b3e88df16c9bc91ab446d333325f99ae\$lut for cells of type $lut.
Using template $paramod$af67f015cfb4d109d8a3a22381b236e7fbee4927\$lut for cells of type $lut.
Using template $paramod$1f8dd3815e30dfa1d340c86d19e460ecbfad641b\$lut for cells of type $lut.
Using template $paramod$2ea69c779d6c1b79ac5a87b0d1523c67d5628dba\$lut for cells of type $lut.
Using template $paramod$3940bd230f202502ed9dd6e9562be452d60f57b9\$lut for cells of type $lut.
Using template $paramod$aba30be7fd1d616964705e0063ebdf4d2bb4a79e\$lut for cells of type $lut.
Using template $paramod$f71209df6a0d156be8eae5d38f38f2a1d6d10b28\$lut for cells of type $lut.
Using template $paramod$6fe20275c8d000d2a0e0d33125e7d1712c6b03fd\$lut for cells of type $lut.
Using template $paramod$76c068dac16255743177de49ebbf3a9b49176f98\$lut for cells of type $lut.
Using template $paramod$ec8f389d3b0c4ac15bc66a5f07b2ffe4e8f89d74\$lut for cells of type $lut.
Using template $paramod$b46135cf4f0de36af9a1d6d812d968463618978e\$lut for cells of type $lut.
Using template $paramod$fe0cdc2502ceec6495fe721e92ae06d1c4203150\$lut for cells of type $lut.
Using template $paramod$dcf43abff6192ad0324edb2e0fb8d9d9bef9366b\$lut for cells of type $lut.
Using template $paramod$c8b1bd77e845501bf5072986904c6f05a0c6e551\$lut for cells of type $lut.
Using template $paramod$d6cf0a4b6f6ccd87588da28c41b5b6c258da2509\$lut for cells of type $lut.
Using template $paramod\$lut\WIDTH=32'00000000000000000000000000000011\LUT=8'00001110 for cells of type $lut.
Using template $paramod$38e6aa9546c40949f8135bb018f0d5ef863085b9\$lut for cells of type $lut.
Using template $paramod$9d6048377369e839a016471f043745aa9ffaae00\$lut for cells of type $lut.
Using template $paramod$60b758fd5679f6508bff32bea2afedb4f329e5f9\$lut for cells of type $lut.
Using template $paramod$4132487013e628e66bde54e5fad2bcca9c07492a\$lut for cells of type $lut.
Using template $paramod$1a17e0e86c5bce79380d644e7500963c048ba6b5\$lut for cells of type $lut.
Using template $paramod\$lut\WIDTH=32'00000000000000000000000000000011\LUT=8'01110000 for cells of type $lut.
Using template $paramod$5b32e13e6f14c12769d7ec1e668f70f7c3f5dfd2\$lut for cells of type $lut.
Using template $paramod$9b52fc33fa4e834b7607623c079b150ebd6436cf\$lut for cells of type $lut.
Using template $paramod$664d4f6063c66290be5af3d205d1b83dcbdd49a3\$lut for cells of type $lut.
Using template $paramod$8f2543563ca7af6c89a66c65aa54f0a681b228b2\$lut for cells of type $lut.
Using template $paramod$2df5bdf0c812ee74dc6663f65aef11f66269922e\$lut for cells of type $lut.
Using template $paramod$608f40069c27841a5b3bdf03643a34bdc8974072\$lut for cells of type $lut.
Using template $paramod$16773ebb5e5d8dbce266b8a86bb4af4574d61ffd\$lut for cells of type $lut.
Using template $paramod$8ff624c27fd38d1f4af0341b62a2dd84226c68cd\$lut for cells of type $lut.
Using template $paramod\$lut\WIDTH=32'00000000000000000000000000000011\LUT=8'11010000 for cells of type $lut.
Using template $paramod$b2ded57a9e9bc4a6d8da18aa0efcb888b2b7b547\$lut for cells of type $lut.
Using template $paramod$eaf101e98d574d2d092af26b2ff349efc0f53a44\$lut for cells of type $lut.
Using template $paramod$e981f652f2ce2103b759e3c8776a5367e62e9390\$lut for cells of type $lut.
Using template $paramod$e4d6dd5b15df84fcbc6efa2398032b7ffafaafcb\$lut for cells of type $lut.
Using template $paramod$072264ac08b18c58d91366fc87d7a2a32dcfe64b\$lut for cells of type $lut.
Using template $paramod$3e6abbd906ea041fa76b5a4eb26502f7af9f0007\$lut for cells of type $lut.
Using template $paramod\$lut\WIDTH=32'00000000000000000000000000000011\LUT=8'10101100 for cells of type $lut.
Using template $paramod$3e27c7f584657c61690dac9538f4900ce23f9010\$lut for cells of type $lut.
Using template $paramod$a4a44458491e8d12574d6eee7263ee388d845d36\$lut for cells of type $lut.
Using template $paramod$8d9b43d756970f3f84c647110ec823e47bcf52c1\$lut for cells of type $lut.
Using template $paramod$902bb38e0aef1096edccdda3062f54091e36e007\$lut for cells of type $lut.
Using template $paramod$1d6ae6a55c9b11f75f7a2756afb86b4b0936e9ce\$lut for cells of type $lut.
Using template $paramod$f5c5f595015aee4de78d8a59fd7b7003b8956fde\$lut for cells of type $lut.
Using template $paramod$8678656b22a042af1c08ee6ba46d3a4a37b08eaa\$lut for cells of type $lut.
Using template $paramod$0f3edd20afc2f657425fb3779201f5be4128c825\$lut for cells of type $lut.
Using template $paramod$391593b948856c43f90902f1701a5cd1cb0c11ad\$lut for cells of type $lut.
Using template $paramod$7d80d390bf30751b7ca5ff6a77a4a04a2be96bee\$lut for cells of type $lut.
Using template $paramod$c6932d0419018208e5384761d78f0ead9bcc772f\$lut for cells of type $lut.
Using template $paramod$ddc6f4fe74ed36832c5cee6594285c38523f3d9c\$lut for cells of type $lut.
Using template $paramod$714b1aa57d8c6b0b48176678a84f4abcf55aa562\$lut for cells of type $lut.
Using template $paramod$26f1b4095a823b2fa46dac61beddf44f1901d8a5\$lut for cells of type $lut.
Using template $paramod$52464a51f1a580f1a2accfaa98e9cf9bd0705077\$lut for cells of type $lut.
Using template $paramod$0460229999bebc8a520ca14a7e6f52f606f2c3d3\$lut for cells of type $lut.
Using template $paramod$18ebe07cc2161ee245def2237f9080e7e579cabd\$lut for cells of type $lut.
Using template $paramod$6d6e99a98e614aef73b74854f02d7c85fccf5c2b\$lut for cells of type $lut.
Using template $paramod$703a13a751e631ef123f38f7d2125aeabec0f94c\$lut for cells of type $lut.
Using template $paramod$8e39a2376a6842f8f7ab4bd01dac2f73749897ba\$lut for cells of type $lut.
Using template $paramod$d809f5a98672dae276b004d2329b34f083885f9c\$lut for cells of type $lut.
Using template $paramod$7325eb9ca1c5fc9c882a545e616de8e8b2288f71\$lut for cells of type $lut.
Using template $paramod$d80d628c9e425fa9c9150804fa4d80a7460329ae\$lut for cells of type $lut.
Using template $paramod$c8073e6b2ead3a874206726357821e35f2b0d1b1\$lut for cells of type $lut.
Using template $paramod$92a98997f84887c763ca52f6f399a5fcf79ce2cc\$lut for cells of type $lut.
Using template $paramod$adb9a57e44a13b9d5ea5a822c74aefc18eaa331c\$lut for cells of type $lut.
Using template $paramod$d7ec878ecfa8f5f7604d3e91692b5d4c2ee758ad\$lut for cells of type $lut.
Using template $paramod$3ef319efded008eed5f930491a82ee1762b3c0df\$lut for cells of type $lut.
Using template $paramod$1222210b57888eddcb8a0d15aea302bd3e9a9db4\$lut for cells of type $lut.
Using template $paramod$1a61157525da25d1da11720a3cee51924fbc95cf\$lut for cells of type $lut.
Using template $paramod$56ce1ef903808c82a0bebbabeffe2102d5fb6669\$lut for cells of type $lut.
Using template $paramod$2a3b3083964c165380d0b1c608b3ce2c1db1e333\$lut for cells of type $lut.
Using template $paramod$8a0fdbdb3b65b27085685edd33518bdc590765ae\$lut for cells of type $lut.
Using template $paramod$1f065c17360e96b359658a0d12288f827fb818a5\$lut for cells of type $lut.
Using template $paramod$6aaaeb119773e2f18b2cea6db851c1eaba23e1d1\$lut for cells of type $lut.
Using template $paramod$c5e88bb03230cae3ef6d4c94c0a81625852dbab1\$lut for cells of type $lut.
Using template $paramod$9e53946c1c9323fd7abb74ec362c0cc9c01b25aa\$lut for cells of type $lut.
Using template $paramod$956047dc7e6dda970b6a37b15436364707b9ce44\$lut for cells of type $lut.
Using template $paramod$dc41e9665158f6caac97365e95c1c2f88dcb2656\$lut for cells of type $lut.
Using template $paramod$8d660a7a1bc1c09d27408d4ca942922e8a7f7e59\$lut for cells of type $lut.
Using template $paramod$f97284a1520c6dac0ad72e8e40aac21f36b67189\$lut for cells of type $lut.
Using template $paramod$58abe6244f92af402ab929433d9331452e6cbb18\$lut for cells of type $lut.
Using template $paramod$539677280e18740b3a6086d7f2a88189e8b8d3df\$lut for cells of type $lut.
Using template $paramod$90687826ecc50762f08b06e0c2f0be8f8b42044c\$lut for cells of type $lut.
Using template $paramod$eee9b3dd73f8196e787e167c940ac795be23cc38\$lut for cells of type $lut.
Using template $paramod$6df0f0730ddd13ebffa00a41021411a9cdac3758\$lut for cells of type $lut.
Using template $paramod$6ec6b2eff29bb7199d75738cc26496b11763cfd9\$lut for cells of type $lut.
Using template $paramod$179512a187da069f3b79ef6612a41e494e7d54b6\$lut for cells of type $lut.
Using template $paramod$12879138d1e376f344e47ea40be66b776233be75\$lut for cells of type $lut.
Using template $paramod$d28ee43cf90e7d218b7f18d00d22b40fbd77fb84\$lut for cells of type $lut.
Using template $paramod$83a094b6fe9fb738dfff353a8cb39fb4b34c4f40\$lut for cells of type $lut.
Using template $paramod\$lut\WIDTH=32'00000000000000000000000000000011\LUT=8'01011100 for cells of type $lut.
Using template $paramod$4047e64c2e9c9717675b6e14291885af2fa60248\$lut for cells of type $lut.
Using template $paramod$236c01841703b11c4ce771169fc999380f869c45\$lut for cells of type $lut.
Using template $paramod$058f79e29a33e9f5978ecd2647e890aedeb5b215\$lut for cells of type $lut.
Using template $paramod$b3edf357e4203a58e5dc3dfbbc2f702e4ff15172\$lut for cells of type $lut.
Using template $paramod$befda866bfb7808c63210194c28cae6058085cb3\$lut for cells of type $lut.
Using template $paramod$0c61fb9db42ebd45e1e438f5020b596ef1633926\$lut for cells of type $lut.
Using template $paramod$854cb5e72c2ab19ae4eb96a2afe38e4d2b7f8e27\$lut for cells of type $lut.
Using template $paramod$c1a19a87ccbbb03d43a72335db63f692ddf82cc1\$lut for cells of type $lut.
Using template $paramod$ad13b34a6317981ac368f34c250345d27782640b\$lut for cells of type $lut.
Using template $paramod$9709783aa6b7fb87e796c8e2983d953620f244ba\$lut for cells of type $lut.
Using template $paramod$ad823946862e656cf7f96d606b18b8f972dc6d6c\$lut for cells of type $lut.
Using template $paramod$c35ad3063d5038410210ddc72c1fd5fed46413b4\$lut for cells of type $lut.
Using template $paramod$dc86aff27a1d41caf43a2747557e3da7fc6f3ec8\$lut for cells of type $lut.
Using template $paramod$a3cdc1eb771a2c6a16f64da161e11100ac409d2b\$lut for cells of type $lut.
Using template $paramod$9ab494594f178f1b2722725c1a755ee5c002129c\$lut for cells of type $lut.
Using template $paramod$c362ad8dedc7d166ed978091aca319ab1e81a2d4\$lut for cells of type $lut.
Using template $paramod\$lut\WIDTH=32'00000000000000000000000000000010\LUT=4'0111 for cells of type $lut.
Using template $paramod$4470ca921c07329f310fe7e024041a7d05718244\$lut for cells of type $lut.
Using template $paramod$7fa014d9135e94c051d748662eb90cb033ca693d\$lut for cells of type $lut.
Using template $paramod\$lut\WIDTH=32'00000000000000000000000000000011\LUT=8'10111111 for cells of type $lut.
Using template $paramod\$lut\WIDTH=32'00000000000000000000000000000011\LUT=8'11110100 for cells of type $lut.
Using template $paramod$5962beb55cb9e77f3635f1b8837601a51ab4a341\$lut for cells of type $lut.
Using template $paramod$cc08dba3aac8677e797984bdf18a09dd37547dd3\$lut for cells of type $lut.
Using template $paramod$affcf0f154430e5f24240efdee5f7d379dca7dd1\$lut for cells of type $lut.
Using template $paramod$76de4e50e1090378e74530f216488ea88e492787\$lut for cells of type $lut.
Using template $paramod$5250b444ec064586d4cb3cbf57b2fc8920707f61\$lut for cells of type $lut.
Using template $paramod$0cf2b0c29a5df8a270c83700b3cfc7987de412ac\$lut for cells of type $lut.
Using template $paramod$2e7a95e82db1d690ae9ba5d10f68b175fa2cb467\$lut for cells of type $lut.
Using template $paramod$956349cd6c50ed1fc835859b67ea77f23a53f997\$lut for cells of type $lut.
Using template $paramod$30234ddca80ec18fbcf4d45d8bd1821aad47e8fd\$lut for cells of type $lut.
Using template $paramod$f63fe32f78d5f3c5de711945c592c8c5ec2303ae\$lut for cells of type $lut.
Using template $paramod$63ec960325d5f584d0cc328ce1c315d4966c6039\$lut for cells of type $lut.
Using template $paramod$7b431cf762119526bbe3424c09ca35907e4fffa9\$lut for cells of type $lut.
Using template $paramod$68ddec0fa51e887f01749f7dbab50dc0a13f0f42\$lut for cells of type $lut.
Using template $paramod$ae9b8abdb4f811ce37985dd5106af9cd21223954\$lut for cells of type $lut.
Using template $paramod$87112c7d511269df645aa80f0e41752d7498bc47\$lut for cells of type $lut.
Using template $paramod$3b80576f7cd7770a4b132e57cb3066a8265c835e\$lut for cells of type $lut.
Using template $paramod$3c2c41a3dfa511b9d0c6ddbf4ddb8fe22bb4f3cf\$lut for cells of type $lut.
Using template $paramod$09bbd1ed821268005aebfa1c81acdee0d271494b\$lut for cells of type $lut.
Using template $paramod$ee61edcacfe4956f5047da1ee84dc1b4d5d45ef1\$lut for cells of type $lut.
Using template $paramod$47f77c85a18bd14bb4949691abdcbe090fb6f951\$lut for cells of type $lut.
Using template $paramod$e89418625514e880ce222f0a1e7bf0d80dcf4195\$lut for cells of type $lut.
Using template $paramod$c315fd171a22ad0b563d890e3adda172ea240769\$lut for cells of type $lut.
Using template $paramod$7ecd602894dbb79c5dc81fa5ba592864f3c82aac\$lut for cells of type $lut.
Using template $paramod$692927e279b3d5c42ee4aacb287247c0b34943ed\$lut for cells of type $lut.
Using template $paramod$f1ed4d3e258eae8cb732b0c24338fb100e0b3b42\$lut for cells of type $lut.
Using template $paramod$e0a78db25ab61168f077f09702aacadf85e7553e\$lut for cells of type $lut.
Using template $paramod$84411cfc221f9c9d61c82e6a64c5a6411ee03904\$lut for cells of type $lut.
Using template $paramod$211a92d62f9586e479815b2c0ee47b2494c753e8\$lut for cells of type $lut.
Using template $paramod$5527b0b6790fa2006ad7293136828428f453099e\$lut for cells of type $lut.
Using template $paramod$52ddca3366749ff5bad8908467d5f00f7e1a51ee\$lut for cells of type $lut.
Using template $paramod$6cc9e7ac773d6b82e23f3a717192fad10d9ceac0\$lut for cells of type $lut.
Using template $paramod$c0cc111bb3bae5f7ec5b4e4effc4086666c3bf69\$lut for cells of type $lut.
Using template $paramod$e78154bef601f0649092d755b95fd1fd98aad5f6\$lut for cells of type $lut.
Using template $paramod$a2b4ddfa3906001b2ef9f2414d79c3048f2a3a6e\$lut for cells of type $lut.
Using template $paramod$901d2b78169b0251038e2888e48f047726d8f4d1\$lut for cells of type $lut.
Using template $paramod$9595f2db47f9eb026b359a78d8af695083edca4b\$lut for cells of type $lut.
Using template $paramod$14757f7e19e03a83789c8f6983139274c0addc3e\$lut for cells of type $lut.
Using template $paramod$b4c6a3dce67ec306ec4b2e537c1270bcb7cab46c\$lut for cells of type $lut.
Using template $paramod$55bc5793c74ac471550006ae5ffc8f5ae46b94e5\$lut for cells of type $lut.
Using template $paramod$a5763bf6276dba640667d9b925e2f79f0771d14c\$lut for cells of type $lut.
Using template $paramod$5d8905045a6fbf8cf1b1587868d3efe72b4e3aff\$lut for cells of type $lut.
Using template $paramod$7aba5b9aaaf4e956956ca1951cfdede069401f9d\$lut for cells of type $lut.
Using template $paramod$9e0901451fd792867c86661064e96ce26681610f\$lut for cells of type $lut.
Using template $paramod$091c39a92bf746b2aa7ab8b3e739fa60649279ed\$lut for cells of type $lut.
Using template $paramod$ddf7942fb15a49aa25d4578febcde991d42f20da\$lut for cells of type $lut.
Using template $paramod$01a0988177026425af74509ebeed536f5d5e01b7\$lut for cells of type $lut.
Using template $paramod$c8d27bc0b0b24fd632a950607c7690b0d15427be\$lut for cells of type $lut.
Using template $paramod$b614fd8598232ee4c86e2521235479c3d45d6693\$lut for cells of type $lut.
Using template $paramod$90a63ff1072f2d44a79402decad535e17a7beb00\$lut for cells of type $lut.
Using template $paramod$e0377c0546e06b004501fa4a59b22f21de54f173\$lut for cells of type $lut.
Using template $paramod$d948048dd2d05f9bc9f283fb295be6591e8de0ab\$lut for cells of type $lut.
Using template $paramod$f74f7f282ed81ed257c20e096bce5690d8a5ad9d\$lut for cells of type $lut.
Using template $paramod$6ac63e260ac9358393ce55a25a74c7e990c673c3\$lut for cells of type $lut.
Using template $paramod$036efa03fc2f91872a5c30221ef096fe5e7326b8\$lut for cells of type $lut.
Using template $paramod$6a9e6a7be18da3b2738a3c440c25aefc246735de\$lut for cells of type $lut.
Using template $paramod$9986d67a2680832ca07af6cd2e2c0ed1728dbcb5\$lut for cells of type $lut.
Using template $paramod$19a5d057680ec3afac56fb5aa1d700bd9c41243b\$lut for cells of type $lut.
Using template $paramod$1fc24f04c9d167ae205e81437168472c81ec935a\$lut for cells of type $lut.
Using template $paramod$76627dd104685e3b65cf03514e459d654c30ea93\$lut for cells of type $lut.
Using template $paramod$c07e58ee8e598273ba4a4c39b0756dbef8fd3cc6\$lut for cells of type $lut.
Using template $paramod$4f346c53015206d89e6ccd42460ed0270fa82b3a\$lut for cells of type $lut.
Using template $paramod$c64b7517fc2f663fc967e3272ed8f33ff1184910\$lut for cells of type $lut.
Using template $paramod$8f81f0c38ae541f955ad17f9f86b131d06265ffa\$lut for cells of type $lut.
Using template $paramod$dfd57607b12cbcfa0282cd45553eece614a60bf8\$lut for cells of type $lut.
Using template $paramod$c9c0d1196cedaafe9ada7f5c8d09743176238c42\$lut for cells of type $lut.
Using template $paramod$a717c7783f5c8a186fe777fc6bd46a68fd54924c\$lut for cells of type $lut.
Using template $paramod$a92d5970f11fbd01ca6f2448922307619df6565e\$lut for cells of type $lut.
Using template $paramod$dccfcba215597ecaefbb37b078684245b59a18b3\$lut for cells of type $lut.
No more expansions possible.
<suppressed ~7105 debug messages>

16.45. Executing XILINX_DFFOPT pass (optimize FF control signal usage).
Optimizing FFs in soc_pipe.
  Merging D + CE LUTs for $auto$ff.cc:266:slice$9696/u_uart.u_tx.frame (2 -> 5)
  Merging D + CE LUTs for $auto$ff.cc:266:slice$9704/u_uart.u_tx.frame (2 -> 5)
  Merging D + CE LUTs for $auto$ff.cc:266:slice$10484/u_uart.u_tx.bitpos (2 -> 5)
  Merging D + CE LUTs for $auto$ff.cc:266:slice$10485/u_uart.u_tx.bitpos (2 -> 5)
  Merging D + CE LUTs for $auto$ff.cc:266:slice$10483/u_uart.u_tx.bitpos (2 -> 5)
  Merging D + CE LUTs for $auto$ff.cc:266:slice$10486/u_uart.u_tx.bitpos (2 -> 5)
  Merging D + CE LUTs for $auto$ff.cc:266:slice$10579/u_core.drain (1 -> 3)
  Merging D + CE LUTs for $auto$ff.cc:266:slice$9697/u_uart.u_tx.frame (3 -> 6)
  Merging D + CE LUTs for $auto$ff.cc:266:slice$9698/u_uart.u_tx.frame (3 -> 6)
  Merging D + CE LUTs for $auto$ff.cc:266:slice$9699/u_uart.u_tx.frame (3 -> 6)
  Merging D + CE LUTs for $auto$ff.cc:266:slice$9700/u_uart.u_tx.frame (3 -> 6)
  Merging D + CE LUTs for $auto$ff.cc:266:slice$9701/u_uart.u_tx.frame (3 -> 6)
  Merging D + CE LUTs for $auto$ff.cc:266:slice$9702/u_uart.u_tx.frame (3 -> 6)
  Merging D + CE LUTs for $auto$ff.cc:266:slice$9703/u_uart.u_tx.frame (3 -> 6)

16.46. Executing OPT_LUT_INS pass (discard unused LUT inputs).
Optimizing LUTs in soc_pipe.
  Optimizing lut $abc$19315$auto$blifparse.cc:535:parse_blif$19463.genblk1.genblk1.genblk1.genblk1.genblk1.genblk1.genblk1.genblk1.genblk1.genblk1.lut0.genblk1.genblk1.genblk1.genblk1.genblk1.genblk1.genblk1.genblk1.genblk1.lut0 (6 -> 2)
  Optimizing lut $abc$19315$auto$blifparse.cc:535:parse_blif$19473.genblk1.genblk1.genblk1.genblk1.genblk1.genblk1.genblk1.genblk1.genblk1.genblk1.lut0.genblk1.genblk1.genblk1.genblk1.genblk1.genblk1.genblk1.genblk1.genblk1.lut0 (6 -> 1)
  Optimizing lut $abc$19315$auto$blifparse.cc:535:parse_blif$19473.genblk1.genblk1.genblk1.genblk1.genblk1.genblk1.genblk1.genblk1.genblk1.genblk1.lut1.genblk1.genblk1.genblk1.genblk1.genblk1.genblk1.genblk1.genblk1.genblk1.lut0 (6 -> 1)
  Optimizing lut $abc$19315$auto$blifparse.cc:535:parse_blif$19475.genblk1.genblk1.genblk1.genblk1.genblk1.genblk1.genblk1.genblk1.genblk1.genblk1.lut0.genblk1.genblk1.genblk1.genblk1.genblk1.genblk1.genblk1.genblk1.genblk1.lut0 (6 -> 2)
  Optimizing lut $abc$19315$auto$blifparse.cc:535:parse_blif$20397.genblk1.genblk1.genblk1.genblk1.genblk1.genblk1.genblk1.genblk1.genblk1.lut1 (6 -> 0)
  Optimizing lut $abc$19315$auto$blifparse.cc:535:parse_blif$19485.genblk1.genblk1.genblk1.genblk1.genblk1.genblk1.genblk1.genblk1.genblk1.genblk1.lut0.genblk1.genblk1.genblk1.genblk1.genblk1.genblk1.genblk1.genblk1.genblk1.lut0 (6 -> 1)
  Optimizing lut $abc$19315$auto$blifparse.cc:535:parse_blif$19485.genblk1.genblk1.genblk1.genblk1.genblk1.genblk1.genblk1.genblk1.genblk1.genblk1.lut1.genblk1.genblk1.genblk1.genblk1.genblk1.genblk1.genblk1.genblk1.genblk1.lut0 (6 -> 1)
  Optimizing lut $abc$19315$auto$blifparse.cc:535:parse_blif$19489.genblk1.genblk1.genblk1.genblk1.genblk1.genblk1.genblk1.genblk1.genblk1.genblk1.lut0.genblk1.genblk1.genblk1.genblk1.genblk1.genblk1.genblk1.genblk1.genblk1.lut0 (6 -> 2)
  Optimizing lut $abc$19315$auto$blifparse.cc:535:parse_blif$19489.genblk1.genblk1.genblk1.genblk1.genblk1.genblk1.genblk1.genblk1.genblk1.genblk1.lut1.genblk1.genblk1.genblk1.genblk1.genblk1.genblk1.genblk1.genblk1.genblk1.lut0 (6 -> 0)
  Optimizing lut $abc$19315$auto$blifparse.cc:535:parse_blif$19499.genblk1.genblk1.genblk1.genblk1.genblk1.genblk1.genblk1.genblk1.genblk1.genblk1.lut0.genblk1.genblk1.genblk1.genblk1.genblk1.genblk1.genblk1.genblk1.genblk1.lut0 (6 -> 1)
  Optimizing lut $abc$19315$auto$blifparse.cc:535:parse_blif$19499.genblk1.genblk1.genblk1.genblk1.genblk1.genblk1.genblk1.genblk1.genblk1.genblk1.lut1.genblk1.genblk1.genblk1.genblk1.genblk1.genblk1.genblk1.genblk1.genblk1.lut0 (6 -> 1)
  Optimizing lut $abc$19315$auto$blifparse.cc:535:parse_blif$19501.genblk1.genblk1.genblk1.genblk1.genblk1.genblk1.genblk1.genblk1.genblk1.genblk1.lut0.genblk1.genblk1.genblk1.genblk1.genblk1.genblk1.genblk1.genblk1.genblk1.lut0 (6 -> 2)
  Optimizing lut $abc$19315$auto$blifparse.cc:535:parse_blif$19501.genblk1.genblk1.genblk1.genblk1.genblk1.genblk1.genblk1.genblk1.genblk1.genblk1.lut1.genblk1.genblk1.genblk1.genblk1.genblk1.genblk1.genblk1.genblk1.genblk1.lut0 (6 -> 0)
  Optimizing lut $abc$19315$auto$blifparse.cc:535:parse_blif$19511.genblk1.genblk1.genblk1.genblk1.genblk1.genblk1.genblk1.genblk1.genblk1.genblk1.lut0.genblk1.genblk1.genblk1.genblk1.genblk1.genblk1.genblk1.genblk1.genblk1.lut0 (6 -> 1)
  Optimizing lut $abc$19315$auto$blifparse.cc:535:parse_blif$19511.genblk1.genblk1.genblk1.genblk1.genblk1.genblk1.genblk1.genblk1.genblk1.genblk1.lut1.genblk1.genblk1.genblk1.genblk1.genblk1.genblk1.genblk1.genblk1.genblk1.lut0 (6 -> 1)
  Optimizing lut $abc$19315$auto$blifparse.cc:535:parse_blif$19513.genblk1.genblk1.genblk1.genblk1.genblk1.genblk1.genblk1.genblk1.genblk1.genblk1.lut0.genblk1.genblk1.genblk1.genblk1.genblk1.genblk1.genblk1.genblk1.genblk1.lut0 (6 -> 2)
  Optimizing lut $abc$19315$auto$blifparse.cc:535:parse_blif$19513.genblk1.genblk1.genblk1.genblk1.genblk1.genblk1.genblk1.genblk1.genblk1.genblk1.lut1.genblk1.genblk1.genblk1.genblk1.genblk1.genblk1.genblk1.genblk1.genblk1.lut0 (6 -> 0)
  Optimizing lut $abc$19315$auto$blifparse.cc:535:parse_blif$19523.genblk1.genblk1.genblk1.genblk1.genblk1.genblk1.genblk1.genblk1.genblk1.genblk1.lut0.genblk1.genblk1.genblk1.genblk1.genblk1.genblk1.genblk1.genblk1.genblk1.lut0 (6 -> 1)
  Optimizing lut $abc$19315$auto$blifparse.cc:535:parse_blif$19523.genblk1.genblk1.genblk1.genblk1.genblk1.genblk1.genblk1.genblk1.genblk1.genblk1.lut1.genblk1.genblk1.genblk1.genblk1.genblk1.genblk1.genblk1.genblk1.genblk1.lut0 (6 -> 1)
  Optimizing lut $abc$19315$auto$blifparse.cc:535:parse_blif$19642.genblk1.genblk1.genblk1.genblk1.genblk1.genblk1.genblk1.genblk1.genblk1.genblk1.lut0.genblk1.genblk1.genblk1.genblk1.genblk1.genblk1.genblk1.genblk1.genblk1.lut0 (6 -> 2)
  Optimizing lut $abc$19315$auto$blifparse.cc:535:parse_blif$19642.genblk1.genblk1.genblk1.genblk1.genblk1.genblk1.genblk1.genblk1.genblk1.genblk1.lut1.genblk1.genblk1.genblk1.genblk1.genblk1.genblk1.genblk1.genblk1.genblk1.lut0 (6 -> 0)
  Optimizing lut $abc$19315$auto$blifparse.cc:535:parse_blif$19652.genblk1.genblk1.genblk1.genblk1.genblk1.genblk1.genblk1.genblk1.genblk1.genblk1.lut0.genblk1.genblk1.genblk1.genblk1.genblk1.genblk1.genblk1.genblk1.genblk1.lut0 (6 -> 1)
  Optimizing lut $abc$19315$auto$blifparse.cc:535:parse_blif$19652.genblk1.genblk1.genblk1.genblk1.genblk1.genblk1.genblk1.genblk1.genblk1.genblk1.lut1.genblk1.genblk1.genblk1.genblk1.genblk1.genblk1.genblk1.genblk1.genblk1.lut0 (6 -> 1)
  Optimizing lut $abc$19315$auto$blifparse.cc:535:parse_blif$19654.genblk1.genblk1.genblk1.genblk1.genblk1.genblk1.genblk1.genblk1.genblk1.genblk1.lut0.genblk1.genblk1.genblk1.genblk1.genblk1.genblk1.genblk1.genblk1.genblk1.lut0 (6 -> 2)
  Optimizing lut $abc$19315$auto$blifparse.cc:535:parse_blif$19654.genblk1.genblk1.genblk1.genblk1.genblk1.genblk1.genblk1.genblk1.genblk1.genblk1.lut1.genblk1.genblk1.genblk1.genblk1.genblk1.genblk1.genblk1.genblk1.genblk1.lut0 (6 -> 0)
  Optimizing lut $abc$19315$auto$blifparse.cc:535:parse_blif$19664.genblk1.genblk1.genblk1.genblk1.genblk1.genblk1.genblk1.genblk1.genblk1.genblk1.lut0.genblk1.genblk1.genblk1.genblk1.genblk1.genblk1.genblk1.genblk1.genblk1.lut0 (6 -> 1)
  Optimizing lut $abc$19315$auto$blifparse.cc:535:parse_blif$19664.genblk1.genblk1.genblk1.genblk1.genblk1.genblk1.genblk1.genblk1.genblk1.genblk1.lut1.genblk1.genblk1.genblk1.genblk1.genblk1.genblk1.genblk1.genblk1.genblk1.lut0 (6 -> 1)
  Optimizing lut $abc$19315$auto$blifparse.cc:535:parse_blif$19666.genblk1.genblk1.genblk1.genblk1.genblk1.genblk1.genblk1.genblk1.genblk1.genblk1.lut0.genblk1.genblk1.genblk1.genblk1.genblk1.genblk1.genblk1.genblk1.genblk1.lut0 (6 -> 2)
  Optimizing lut $abc$19315$auto$blifparse.cc:535:parse_blif$19666.genblk1.genblk1.genblk1.genblk1.genblk1.genblk1.genblk1.genblk1.genblk1.genblk1.lut1.genblk1.genblk1.genblk1.genblk1.genblk1.genblk1.genblk1.genblk1.genblk1.lut0 (6 -> 0)
  Optimizing lut $abc$19315$auto$blifparse.cc:535:parse_blif$19676.genblk1.genblk1.genblk1.genblk1.genblk1.genblk1.genblk1.genblk1.genblk1.genblk1.lut0.genblk1.genblk1.genblk1.genblk1.genblk1.genblk1.genblk1.genblk1.genblk1.lut0 (6 -> 1)
  Optimizing lut $abc$19315$auto$blifparse.cc:535:parse_blif$19676.genblk1.genblk1.genblk1.genblk1.genblk1.genblk1.genblk1.genblk1.genblk1.genblk1.lut1.genblk1.genblk1.genblk1.genblk1.genblk1.genblk1.genblk1.genblk1.genblk1.lut0 (6 -> 1)
  Optimizing lut $abc$19315$auto$blifparse.cc:535:parse_blif$19679.genblk1.genblk1.genblk1.genblk1.genblk1.genblk1.genblk1.genblk1.genblk1.genblk1.lut0.genblk1.genblk1.genblk1.genblk1.genblk1.genblk1.genblk1.genblk1.genblk1.lut0 (6 -> 2)
  Optimizing lut $abc$19315$auto$blifparse.cc:535:parse_blif$19679.genblk1.genblk1.genblk1.genblk1.genblk1.genblk1.genblk1.genblk1.genblk1.genblk1.lut1.genblk1.genblk1.genblk1.genblk1.genblk1.genblk1.genblk1.genblk1.genblk1.lut0 (6 -> 0)
  Optimizing lut $abc$19315$auto$blifparse.cc:535:parse_blif$19689.genblk1.genblk1.genblk1.genblk1.genblk1.genblk1.genblk1.genblk1.genblk1.genblk1.lut0.genblk1.genblk1.genblk1.genblk1.genblk1.genblk1.genblk1.genblk1.genblk1.lut0 (6 -> 1)
  Optimizing lut $abc$19315$auto$blifparse.cc:535:parse_blif$19689.genblk1.genblk1.genblk1.genblk1.genblk1.genblk1.genblk1.genblk1.genblk1.genblk1.lut1.genblk1.genblk1.genblk1.genblk1.genblk1.genblk1.genblk1.genblk1.genblk1.lut0 (6 -> 1)
  Optimizing lut $abc$19315$auto$blifparse.cc:535:parse_blif$19691.genblk1.genblk1.genblk1.genblk1.genblk1.genblk1.genblk1.genblk1.genblk1.genblk1.lut0.genblk1.genblk1.genblk1.genblk1.genblk1.genblk1.genblk1.genblk1.genblk1.lut0 (6 -> 2)
  Optimizing lut $abc$19315$auto$blifparse.cc:535:parse_blif$19691.genblk1.genblk1.genblk1.genblk1.genblk1.genblk1.genblk1.genblk1.genblk1.genblk1.lut1.genblk1.genblk1.genblk1.genblk1.genblk1.genblk1.genblk1.genblk1.genblk1.lut0 (6 -> 0)
  Optimizing lut $abc$19315$auto$blifparse.cc:535:parse_blif$19701.genblk1.genblk1.genblk1.genblk1.genblk1.genblk1.genblk1.genblk1.genblk1.genblk1.lut1.genblk1.genblk1.genblk1.genblk1.genblk1.genblk1.genblk1.genblk1.genblk1.lut0 (6 -> 1)
  Optimizing lut $abc$19315$auto$blifparse.cc:535:parse_blif$19703.genblk1.genblk1.genblk1.genblk1.genblk1.genblk1.genblk1.genblk1.genblk1.genblk1.lut0.genblk1.genblk1.genblk1.genblk1.genblk1.genblk1.genblk1.genblk1.genblk1.lut0 (6 -> 2)
  Optimizing lut $abc$19315$auto$blifparse.cc:535:parse_blif$19703.genblk1.genblk1.genblk1.genblk1.genblk1.genblk1.genblk1.genblk1.genblk1.genblk1.lut1.genblk1.genblk1.genblk1.genblk1.genblk1.genblk1.genblk1.genblk1.genblk1.lut0 (6 -> 0)
  Optimizing lut $abc$19315$auto$blifparse.cc:535:parse_blif$19713.genblk1.genblk1.genblk1.genblk1.genblk1.genblk1.genblk1.genblk1.genblk1.genblk1.lut0.genblk1.genblk1.genblk1.genblk1.genblk1.genblk1.genblk1.genblk1.genblk1.lut0 (6 -> 1)
  Optimizing lut $abc$19315$auto$blifparse.cc:535:parse_blif$19713.genblk1.genblk1.genblk1.genblk1.genblk1.genblk1.genblk1.genblk1.genblk1.genblk1.lut1.genblk1.genblk1.genblk1.genblk1.genblk1.genblk1.genblk1.genblk1.genblk1.lut0 (6 -> 1)
  Optimizing lut $abc$19315$auto$blifparse.cc:535:parse_blif$19526.genblk1.genblk1.genblk1.genblk1.genblk1.genblk1.genblk1.genblk1.genblk1.genblk1.lut0.genblk1.genblk1.genblk1.genblk1.genblk1.genblk1.genblk1.genblk1.genblk1.lut0 (6 -> 2)
  Optimizing lut $abc$19315$auto$blifparse.cc:535:parse_blif$19526.genblk1.genblk1.genblk1.genblk1.genblk1.genblk1.genblk1.genblk1.genblk1.genblk1.lut1.genblk1.genblk1.genblk1.genblk1.genblk1.genblk1.genblk1.genblk1.genblk1.lut0 (6 -> 0)
  Optimizing lut $abc$19315$auto$blifparse.cc:535:parse_blif$19536.genblk1.genblk1.genblk1.genblk1.genblk1.genblk1.genblk1.genblk1.genblk1.genblk1.lut0.genblk1.genblk1.genblk1.genblk1.genblk1.genblk1.genblk1.genblk1.genblk1.lut0 (6 -> 1)
  Optimizing lut $abc$19315$auto$blifparse.cc:535:parse_blif$19536.genblk1.genblk1.genblk1.genblk1.genblk1.genblk1.genblk1.genblk1.genblk1.genblk1.lut1.genblk1.genblk1.genblk1.genblk1.genblk1.genblk1.genblk1.genblk1.genblk1.lut0 (6 -> 1)
  Optimizing lut $abc$19315$auto$blifparse.cc:535:parse_blif$19541.genblk1.genblk1.genblk1.genblk1.genblk1.genblk1.genblk1.genblk1.genblk1.genblk1.lut0.genblk1.genblk1.genblk1.genblk1.genblk1.genblk1.genblk1.genblk1.genblk1.lut0 (6 -> 0)
  Optimizing lut $abc$19315$auto$blifparse.cc:535:parse_blif$19541.genblk1.genblk1.genblk1.genblk1.genblk1.genblk1.genblk1.genblk1.genblk1.genblk1.lut1.genblk1.genblk1.genblk1.genblk1.genblk1.genblk1.genblk1.genblk1.genblk1.lut0 (6 -> 0)
  Optimizing lut $abc$19315$auto$blifparse.cc:535:parse_blif$19551.genblk1.genblk1.genblk1.genblk1.genblk1.genblk1.genblk1.genblk1.genblk1.genblk1.lut0.genblk1.genblk1.genblk1.genblk1.genblk1.genblk1.genblk1.genblk1.genblk1.lut0 (6 -> 2)
  Optimizing lut $abc$19315$auto$blifparse.cc:535:parse_blif$19544.genblk1.genblk1.genblk1.genblk1.genblk1.genblk1.genblk1.genblk1.genblk1.lut0 (6 -> 0)
  Optimizing lut $abc$19315$auto$blifparse.cc:535:parse_blif$19561.genblk1.genblk1.genblk1.genblk1.genblk1.genblk1.genblk1.genblk1.genblk1.genblk1.lut0.genblk1.genblk1.genblk1.genblk1.genblk1.genblk1.genblk1.genblk1.genblk1.lut0 (6 -> 1)
  Optimizing lut $abc$19315$auto$blifparse.cc:535:parse_blif$19561.genblk1.genblk1.genblk1.genblk1.genblk1.genblk1.genblk1.genblk1.genblk1.genblk1.lut1.genblk1.genblk1.genblk1.genblk1.genblk1.genblk1.genblk1.genblk1.genblk1.lut0 (6 -> 1)
  Optimizing lut $abc$19315$auto$blifparse.cc:535:parse_blif$20366.genblk1.genblk1.genblk1.genblk1.genblk1.genblk1.genblk1.genblk1.genblk1.genblk1.lut1.genblk1.genblk1.genblk1.genblk1.genblk1.genblk1.genblk1.genblk1.genblk1.lut0 (6 -> 2)
  Optimizing lut $abc$19315$auto$blifparse.cc:535:parse_blif$19321.genblk1.genblk1.genblk1.genblk1.genblk1.genblk1.genblk1.genblk1.genblk1.lut0 (6 -> 0)
  Optimizing lut $abc$19315$auto$blifparse.cc:535:parse_blif$19743.genblk1.genblk1.genblk1.genblk1.genblk1.genblk1.genblk1.genblk1.genblk1.genblk1.lut1.genblk1.genblk1.genblk1.genblk1.genblk1.genblk1.genblk1.genblk1.genblk1.lut0 (6 -> 1)
  Optimizing lut $abc$19315$auto$blifparse.cc:535:parse_blif$19732.genblk1.genblk1.genblk1.genblk1.genblk1.genblk1.genblk1.genblk1.genblk1.genblk1.lut0.genblk1.genblk1.genblk1.genblk1.genblk1.genblk1.genblk1.genblk1.genblk1.lut0 (6 -> 2)
  Optimizing lut $abc$19315$auto$blifparse.cc:535:parse_blif$20306.genblk1.genblk1.genblk1.genblk1.genblk1.genblk1.genblk1.genblk1.genblk1.genblk1.lut0.genblk1.genblk1.genblk1.genblk1.genblk1.genblk1.genblk1.genblk1.genblk1.lut0 (6 -> 0)
  Optimizing lut $abc$19315$auto$blifparse.cc:535:parse_blif$20315.genblk1.genblk1.genblk1.genblk1.genblk1.genblk1.genblk1.genblk1.genblk1.genblk1.lut0.genblk1.genblk1.genblk1.genblk1.genblk1.genblk1.genblk1.genblk1.genblk1.lut0 (6 -> 0)
  Optimizing lut $abc$19315$auto$blifparse.cc:535:parse_blif$20311.genblk1.genblk1.genblk1.genblk1.genblk1.genblk1.genblk1.genblk1.genblk1.lut0 (6 -> 0)
  Optimizing lut $abc$19315$auto$blifparse.cc:535:parse_blif$19701.genblk1.genblk1.genblk1.genblk1.genblk1.genblk1.genblk1.genblk1.genblk1.genblk1.lut0.genblk1.genblk1.genblk1.genblk1.genblk1.genblk1.genblk1.genblk1.genblk1.lut0 (6 -> 1)
  Optimizing lut $abc$19315$auto$blifparse.cc:535:parse_blif$19716.genblk1.genblk1.genblk1.genblk1.genblk1.genblk1.genblk1.genblk1.genblk1.genblk1.lut0.genblk1.genblk1.genblk1.genblk1.genblk1.genblk1.genblk1.genblk1.genblk1.lut0 (6 -> 2)
  Optimizing lut $abc$19315$auto$blifparse.cc:535:parse_blif$19730.genblk1.genblk1.genblk1.genblk1.genblk1.genblk1.genblk1.genblk1.genblk1.genblk1.lut0.genblk1.genblk1.genblk1.genblk1.genblk1.genblk1.genblk1.genblk1.genblk1.lut0 (6 -> 1)
  Optimizing lut $abc$19315$auto$blifparse.cc:535:parse_blif$20104.genblk1.genblk1.genblk1.genblk1.genblk1.genblk1.genblk1.genblk1.genblk1.lut0 (6 -> 0)
  Optimizing lut $abc$19315$auto$blifparse.cc:535:parse_blif$19743.genblk1.genblk1.genblk1.genblk1.genblk1.genblk1.genblk1.genblk1.genblk1.genblk1.lut0.genblk1.genblk1.genblk1.genblk1.genblk1.genblk1.genblk1.genblk1.genblk1.lut0 (6 -> 1)
  Optimizing lut $abc$19315$auto$blifparse.cc:535:parse_blif$20108.genblk1.genblk1.genblk1.genblk1.genblk1.genblk1.genblk1.genblk1.genblk1.lut0 (6 -> 4)
  Optimizing lut $abc$19315$auto$blifparse.cc:535:parse_blif$19719.genblk1.genblk1.genblk1.genblk1.genblk1.genblk1.genblk1.genblk1.genblk1.lut1 (6 -> 0)
  Optimizing lut $abc$19315$auto$blifparse.cc:535:parse_blif$19424.genblk1.genblk1.genblk1.genblk1.genblk1.genblk1.genblk1.genblk1.genblk1.genblk1.lut0.genblk1.genblk1.genblk1.genblk1.genblk1.genblk1.genblk1.genblk1.genblk1.lut0 (6 -> 1)
  Optimizing lut $abc$19315$auto$blifparse.cc:535:parse_blif$19424.genblk1.genblk1.genblk1.genblk1.genblk1.genblk1.genblk1.genblk1.genblk1.genblk1.lut1.genblk1.genblk1.genblk1.genblk1.genblk1.genblk1.genblk1.genblk1.genblk1.lut0 (6 -> 1)
  Optimizing lut $abc$19315$auto$blifparse.cc:535:parse_blif$19436.genblk1.genblk1.genblk1.genblk1.genblk1.genblk1.genblk1.genblk1.genblk1.genblk1.lut0.genblk1.genblk1.genblk1.genblk1.genblk1.genblk1.genblk1.genblk1.genblk1.lut0 (6 -> 1)
  Optimizing lut $abc$19315$auto$blifparse.cc:535:parse_blif$19438.genblk1.genblk1.genblk1.genblk1.genblk1.genblk1.genblk1.genblk1.genblk1.genblk1.lut0.genblk1.genblk1.genblk1.genblk1.genblk1.genblk1.genblk1.genblk1.genblk1.lut0 (6 -> 2)
  Optimizing lut $abc$19315$auto$blifparse.cc:535:parse_blif$19438.genblk1.genblk1.genblk1.genblk1.genblk1.genblk1.genblk1.genblk1.genblk1.genblk1.lut1.genblk1.genblk1.genblk1.genblk1.genblk1.genblk1.genblk1.genblk1.genblk1.lut0 (6 -> 0)
  Optimizing lut $abc$19315$auto$blifparse.cc:535:parse_blif$19448.genblk1.genblk1.genblk1.genblk1.genblk1.genblk1.genblk1.genblk1.genblk1.genblk1.lut0.genblk1.genblk1.genblk1.genblk1.genblk1.genblk1.genblk1.genblk1.genblk1.lut0 (6 -> 1)
  Optimizing lut $abc$19315$auto$blifparse.cc:535:parse_blif$19448.genblk1.genblk1.genblk1.genblk1.genblk1.genblk1.genblk1.genblk1.genblk1.genblk1.lut1.genblk1.genblk1.genblk1.genblk1.genblk1.genblk1.genblk1.genblk1.genblk1.lut0 (6 -> 1)
  Optimizing lut $abc$19315$auto$blifparse.cc:535:parse_blif$19451.genblk1.genblk1.genblk1.genblk1.genblk1.genblk1.genblk1.genblk1.genblk1.genblk1.lut0.genblk1.genblk1.genblk1.genblk1.genblk1.genblk1.genblk1.genblk1.genblk1.lut0 (6 -> 2)
  Optimizing lut $abc$19315$auto$blifparse.cc:535:parse_blif$19451.genblk1.genblk1.genblk1.genblk1.genblk1.genblk1.genblk1.genblk1.genblk1.genblk1.lut1.genblk1.genblk1.genblk1.genblk1.genblk1.genblk1.genblk1.genblk1.genblk1.lut0 (6 -> 0)
  Optimizing lut $abc$19315$auto$blifparse.cc:535:parse_blif$19387.genblk1.genblk1.genblk1.genblk1.genblk1.genblk1.genblk1.genblk1.genblk1.genblk1.lut0.genblk1.genblk1.genblk1.genblk1.genblk1.genblk1.genblk1.genblk1.genblk1.lut0 (6 -> 2)
  Optimizing lut $abc$19315$auto$blifparse.cc:535:parse_blif$19387.genblk1.genblk1.genblk1.genblk1.genblk1.genblk1.genblk1.genblk1.genblk1.genblk1.lut1.genblk1.genblk1.genblk1.genblk1.genblk1.genblk1.genblk1.genblk1.genblk1.lut0 (6 -> 0)
  Optimizing lut $abc$19315$auto$blifparse.cc:535:parse_blif$19398.genblk1.genblk1.genblk1.genblk1.genblk1.genblk1.genblk1.genblk1.genblk1.genblk1.lut0.genblk1.genblk1.genblk1.genblk1.genblk1.genblk1.genblk1.genblk1.genblk1.lut0 (6 -> 1)
  Optimizing lut $abc$19315$auto$blifparse.cc:535:parse_blif$19398.genblk1.genblk1.genblk1.genblk1.genblk1.genblk1.genblk1.genblk1.genblk1.genblk1.lut1.genblk1.genblk1.genblk1.genblk1.genblk1.genblk1.genblk1.genblk1.genblk1.lut0 (6 -> 1)
  Optimizing lut $abc$19315$auto$blifparse.cc:535:parse_blif$19400.genblk1.genblk1.genblk1.genblk1.genblk1.genblk1.genblk1.genblk1.genblk1.genblk1.lut0.genblk1.genblk1.genblk1.genblk1.genblk1.genblk1.genblk1.genblk1.genblk1.lut0 (6 -> 2)
  Optimizing lut $abc$19315$auto$blifparse.cc:535:parse_blif$19400.genblk1.genblk1.genblk1.genblk1.genblk1.genblk1.genblk1.genblk1.genblk1.genblk1.lut1.genblk1.genblk1.genblk1.genblk1.genblk1.genblk1.genblk1.genblk1.genblk1.lut0 (6 -> 0)
  Optimizing lut $abc$19315$auto$blifparse.cc:535:parse_blif$19411.genblk1.genblk1.genblk1.genblk1.genblk1.genblk1.genblk1.genblk1.genblk1.genblk1.lut0.genblk1.genblk1.genblk1.genblk1.genblk1.genblk1.genblk1.genblk1.genblk1.lut0 (6 -> 1)
  Optimizing lut $abc$19315$auto$blifparse.cc:535:parse_blif$19411.genblk1.genblk1.genblk1.genblk1.genblk1.genblk1.genblk1.genblk1.genblk1.genblk1.lut1.genblk1.genblk1.genblk1.genblk1.genblk1.genblk1.genblk1.genblk1.genblk1.lut0 (6 -> 1)
  Optimizing lut $abc$19315$auto$blifparse.cc:535:parse_blif$19372.genblk1.genblk1.genblk1.genblk1.genblk1.genblk1.genblk1.genblk1.genblk1.genblk1.lut0.genblk1.genblk1.genblk1.genblk1.genblk1.genblk1.genblk1.genblk1.genblk1.lut0 (6 -> 2)
  Optimizing lut $abc$19315$auto$blifparse.cc:535:parse_blif$19372.genblk1.genblk1.genblk1.genblk1.genblk1.genblk1.genblk1.genblk1.genblk1.genblk1.lut1.genblk1.genblk1.genblk1.genblk1.genblk1.genblk1.genblk1.genblk1.genblk1.lut0 (6 -> 0)
  Optimizing lut $abc$19315$auto$blifparse.cc:535:parse_blif$19385.genblk1.genblk1.genblk1.genblk1.genblk1.genblk1.genblk1.genblk1.genblk1.genblk1.lut0.genblk1.genblk1.genblk1.genblk1.genblk1.genblk1.genblk1.genblk1.genblk1.lut0 (6 -> 1)
  Optimizing lut $abc$19315$auto$blifparse.cc:535:parse_blif$19385.genblk1.genblk1.genblk1.genblk1.genblk1.genblk1.genblk1.genblk1.genblk1.genblk1.lut1.genblk1.genblk1.genblk1.genblk1.genblk1.genblk1.genblk1.genblk1.genblk1.lut0 (6 -> 1)
  Optimizing lut $abc$19315$auto$blifparse.cc:535:parse_blif$19565.genblk1.genblk1.genblk1.genblk1.genblk1.genblk1.genblk1.genblk1.genblk1.genblk1.lut0.genblk1.genblk1.genblk1.genblk1.genblk1.genblk1.genblk1.genblk1.genblk1.lut0 (6 -> 2)
  Optimizing lut $abc$19315$auto$blifparse.cc:535:parse_blif$19565.genblk1.genblk1.genblk1.genblk1.genblk1.genblk1.genblk1.genblk1.genblk1.genblk1.lut1.genblk1.genblk1.genblk1.genblk1.genblk1.genblk1.genblk1.genblk1.genblk1.lut0 (6 -> 0)
  Optimizing lut $abc$19315$auto$blifparse.cc:535:parse_blif$19576.genblk1.genblk1.genblk1.genblk1.genblk1.genblk1.genblk1.genblk1.genblk1.genblk1.lut0.genblk1.genblk1.genblk1.genblk1.genblk1.genblk1.genblk1.genblk1.genblk1.lut0 (6 -> 1)
  Optimizing lut $abc$19315$auto$blifparse.cc:535:parse_blif$19576.genblk1.genblk1.genblk1.genblk1.genblk1.genblk1.genblk1.genblk1.genblk1.genblk1.lut1.genblk1.genblk1.genblk1.genblk1.genblk1.genblk1.genblk1.genblk1.genblk1.lut0 (6 -> 1)
  Optimizing lut $abc$19315$auto$blifparse.cc:535:parse_blif$19578.genblk1.genblk1.genblk1.genblk1.genblk1.genblk1.genblk1.genblk1.genblk1.genblk1.lut1.genblk1.genblk1.genblk1.genblk1.genblk1.genblk1.genblk1.genblk1.genblk1.lut0 (6 -> 0)
  Optimizing lut $abc$19315$auto$blifparse.cc:535:parse_blif$19578.genblk1.genblk1.genblk1.genblk1.genblk1.genblk1.genblk1.genblk1.genblk1.genblk1.lut0.genblk1.genblk1.genblk1.genblk1.genblk1.genblk1.genblk1.genblk1.genblk1.lut0 (6 -> 2)
  Optimizing lut $abc$19315$auto$blifparse.cc:535:parse_blif$19589.genblk1.genblk1.genblk1.genblk1.genblk1.genblk1.genblk1.genblk1.genblk1.genblk1.lut1.genblk1.genblk1.genblk1.genblk1.genblk1.genblk1.genblk1.genblk1.genblk1.lut0 (6 -> 1)
  Optimizing lut $abc$19315$auto$blifparse.cc:535:parse_blif$19589.genblk1.genblk1.genblk1.genblk1.genblk1.genblk1.genblk1.genblk1.genblk1.genblk1.lut0.genblk1.genblk1.genblk1.genblk1.genblk1.genblk1.genblk1.genblk1.genblk1.lut0 (6 -> 1)
  Optimizing lut $abc$19315$auto$blifparse.cc:535:parse_blif$19591.genblk1.genblk1.genblk1.genblk1.genblk1.genblk1.genblk1.genblk1.genblk1.genblk1.lut0.genblk1.genblk1.genblk1.genblk1.genblk1.genblk1.genblk1.genblk1.genblk1.lut0 (6 -> 2)
  Optimizing lut $abc$19315$auto$blifparse.cc:535:parse_blif$19591.genblk1.genblk1.genblk1.genblk1.genblk1.genblk1.genblk1.genblk1.genblk1.genblk1.lut1.genblk1.genblk1.genblk1.genblk1.genblk1.genblk1.genblk1.genblk1.genblk1.lut0 (6 -> 0)
  Optimizing lut $abc$19315$auto$blifparse.cc:535:parse_blif$19602.genblk1.genblk1.genblk1.genblk1.genblk1.genblk1.genblk1.genblk1.genblk1.genblk1.lut0.genblk1.genblk1.genblk1.genblk1.genblk1.genblk1.genblk1.genblk1.genblk1.lut0 (6 -> 1)
  Optimizing lut $abc$19315$auto$blifparse.cc:535:parse_blif$20206.genblk1.genblk1.genblk1.genblk1.genblk1.genblk1.genblk1.genblk1.genblk1.lut1 (6 -> 0)
  Optimizing lut $abc$19315$auto$blifparse.cc:535:parse_blif$19629.genblk1.genblk1.genblk1.genblk1.genblk1.genblk1.genblk1.genblk1.genblk1.genblk1.lut0.genblk1.genblk1.genblk1.genblk1.genblk1.genblk1.genblk1.genblk1.genblk1.lut0 (6 -> 2)
  Optimizing lut $abc$19315$auto$blifparse.cc:535:parse_blif$19639.genblk1.genblk1.genblk1.genblk1.genblk1.genblk1.genblk1.genblk1.genblk1.genblk1.lut1.genblk1.genblk1.genblk1.genblk1.genblk1.genblk1.genblk1.genblk1.genblk1.lut0 (6 -> 1)
  Optimizing lut $abc$19315$auto$blifparse.cc:535:parse_blif$19627.genblk1.genblk1.genblk1.genblk1.genblk1.genblk1.genblk1.genblk1.genblk1.genblk1.lut1.genblk1.genblk1.genblk1.genblk1.genblk1.genblk1.genblk1.genblk1.genblk1.lut0 (6 -> 1)
  Optimizing lut $abc$19315$auto$blifparse.cc:535:parse_blif$19627.genblk1.genblk1.genblk1.genblk1.genblk1.genblk1.genblk1.genblk1.genblk1.genblk1.lut0.genblk1.genblk1.genblk1.genblk1.genblk1.genblk1.genblk1.genblk1.genblk1.lut0 (6 -> 1)
  Optimizing lut $abc$19315$auto$blifparse.cc:535:parse_blif$19617.genblk1.genblk1.genblk1.genblk1.genblk1.genblk1.genblk1.genblk1.genblk1.genblk1.lut0.genblk1.genblk1.genblk1.genblk1.genblk1.genblk1.genblk1.genblk1.genblk1.lut0 (6 -> 2)
  Optimizing lut $abc$19315$auto$blifparse.cc:535:parse_blif$19617.genblk1.genblk1.genblk1.genblk1.genblk1.genblk1.genblk1.genblk1.genblk1.genblk1.lut1.genblk1.genblk1.genblk1.genblk1.genblk1.genblk1.genblk1.genblk1.genblk1.lut0 (6 -> 0)
  Optimizing lut $abc$19315$auto$blifparse.cc:535:parse_blif$19340.genblk1.genblk1.genblk1.genblk1.genblk1.genblk1.genblk1.genblk1.genblk1.genblk1.lut0.genblk1.genblk1.genblk1.genblk1.genblk1.genblk1.genblk1.genblk1.genblk1.lut0 (6 -> 1)
  Optimizing lut $abc$19315$auto$blifparse.cc:535:parse_blif$19347.genblk1.genblk1.genblk1.genblk1.genblk1.genblk1.genblk1.genblk1.genblk1.genblk1.lut0.genblk1.genblk1.genblk1.genblk1.genblk1.genblk1.genblk1.genblk1.genblk1.lut0 (6 -> 2)
  Optimizing lut $abc$19315$auto$blifparse.cc:535:parse_blif$19347.genblk1.genblk1.genblk1.genblk1.genblk1.genblk1.genblk1.genblk1.genblk1.genblk1.lut1.genblk1.genblk1.genblk1.genblk1.genblk1.genblk1.genblk1.genblk1.genblk1.lut0 (6 -> 0)
  Optimizing lut $abc$19315$auto$blifparse.cc:535:parse_blif$19340.genblk1.genblk1.genblk1.genblk1.genblk1.genblk1.genblk1.genblk1.genblk1.genblk1.lut1.genblk1.genblk1.genblk1.genblk1.genblk1.genblk1.genblk1.genblk1.genblk1.lut0 (6 -> 1)
  Optimizing lut $abc$19315$auto$blifparse.cc:535:parse_blif$19319.genblk1.genblk1.genblk1.genblk1.genblk1.genblk1.genblk1.genblk1.genblk1.genblk1.lut0.genblk1.genblk1.genblk1.genblk1.genblk1.genblk1.genblk1.genblk1.genblk1.lut0 (6 -> 2)
  Optimizing lut $abc$19315$auto$blifparse.cc:535:parse_blif$19319.genblk1.genblk1.genblk1.genblk1.genblk1.genblk1.genblk1.genblk1.genblk1.genblk1.lut1.genblk1.genblk1.genblk1.genblk1.genblk1.genblk1.genblk1.genblk1.genblk1.lut0 (6 -> 0)
  Optimizing lut $abc$19315$auto$blifparse.cc:535:parse_blif$19357.genblk1.genblk1.genblk1.genblk1.genblk1.genblk1.genblk1.genblk1.genblk1.genblk1.lut0.genblk1.genblk1.genblk1.genblk1.genblk1.genblk1.genblk1.genblk1.genblk1.lut0 (6 -> 1)
  Optimizing lut $abc$19315$auto$blifparse.cc:535:parse_blif$19357.genblk1.genblk1.genblk1.genblk1.genblk1.genblk1.genblk1.genblk1.genblk1.genblk1.lut1.genblk1.genblk1.genblk1.genblk1.genblk1.genblk1.genblk1.genblk1.genblk1.lut0 (6 -> 1)
  Optimizing lut $abc$19315$auto$blifparse.cc:535:parse_blif$19605.genblk1.genblk1.genblk1.genblk1.genblk1.genblk1.genblk1.genblk1.genblk1.genblk1.lut0.genblk1.genblk1.genblk1.genblk1.genblk1.genblk1.genblk1.genblk1.genblk1.lut0 (6 -> 2)
  Optimizing lut $abc$19315$auto$blifparse.cc:535:parse_blif$19605.genblk1.genblk1.genblk1.genblk1.genblk1.genblk1.genblk1.genblk1.genblk1.genblk1.lut1.genblk1.genblk1.genblk1.genblk1.genblk1.genblk1.genblk1.genblk1.genblk1.lut0 (6 -> 0)
  Optimizing lut $abc$19315$auto$blifparse.cc:535:parse_blif$19639.genblk1.genblk1.genblk1.genblk1.genblk1.genblk1.genblk1.genblk1.genblk1.genblk1.lut0.genblk1.genblk1.genblk1.genblk1.genblk1.genblk1.genblk1.genblk1.genblk1.lut0 (6 -> 1)
  Optimizing lut $abc$19315$auto$blifparse.cc:535:parse_blif$19602.genblk1.genblk1.genblk1.genblk1.genblk1.genblk1.genblk1.genblk1.genblk1.genblk1.lut1.genblk1.genblk1.genblk1.genblk1.genblk1.genblk1.genblk1.genblk1.genblk1.lut0 (6 -> 1)
  Optimizing lut $abc$19315$auto$blifparse.cc:535:parse_blif$19359.genblk1.genblk1.genblk1.genblk1.genblk1.genblk1.genblk1.genblk1.genblk1.genblk1.lut0.genblk1.genblk1.genblk1.genblk1.genblk1.genblk1.genblk1.genblk1.genblk1.lut0 (6 -> 2)
  Optimizing lut $abc$19315$auto$blifparse.cc:535:parse_blif$19615.genblk1.genblk1.genblk1.genblk1.genblk1.genblk1.genblk1.genblk1.genblk1.genblk1.lut0.genblk1.genblk1.genblk1.genblk1.genblk1.genblk1.genblk1.genblk1.genblk1.lut0 (6 -> 1)
  Optimizing lut $abc$19315$auto$blifparse.cc:535:parse_blif$19615.genblk1.genblk1.genblk1.genblk1.genblk1.genblk1.genblk1.genblk1.genblk1.genblk1.lut1.genblk1.genblk1.genblk1.genblk1.genblk1.genblk1.genblk1.genblk1.genblk1.lut0 (6 -> 1)
  Optimizing lut $abc$19315$auto$blifparse.cc:535:parse_blif$19359.genblk1.genblk1.genblk1.genblk1.genblk1.genblk1.genblk1.genblk1.genblk1.genblk1.lut1.genblk1.genblk1.genblk1.genblk1.genblk1.genblk1.genblk1.genblk1.genblk1.lut0 (6 -> 0)
  Optimizing lut $abc$19315$auto$blifparse.cc:535:parse_blif$19414.genblk1.genblk1.genblk1.genblk1.genblk1.genblk1.genblk1.genblk1.genblk1.genblk1.lut0.genblk1.genblk1.genblk1.genblk1.genblk1.genblk1.genblk1.genblk1.genblk1.lut0 (6 -> 2)
  Optimizing lut $abc$19315$auto$blifparse.cc:535:parse_blif$19414.genblk1.genblk1.genblk1.genblk1.genblk1.genblk1.genblk1.genblk1.genblk1.genblk1.lut1.genblk1.genblk1.genblk1.genblk1.genblk1.genblk1.genblk1.genblk1.genblk1.lut0 (6 -> 0)
  Optimizing lut $abc$19315$auto$blifparse.cc:535:parse_blif$19426.genblk1.genblk1.genblk1.genblk1.genblk1.genblk1.genblk1.genblk1.genblk1.genblk1.lut0.genblk1.genblk1.genblk1.genblk1.genblk1.genblk1.genblk1.genblk1.genblk1.lut0 (6 -> 2)
  Optimizing lut $abc$19315$auto$blifparse.cc:535:parse_blif$19426.genblk1.genblk1.genblk1.genblk1.genblk1.genblk1.genblk1.genblk1.genblk1.genblk1.lut1.genblk1.genblk1.genblk1.genblk1.genblk1.genblk1.genblk1.genblk1.genblk1.lut0 (6 -> 0)
  Optimizing lut $abc$19315$auto$blifparse.cc:535:parse_blif$19461.genblk1.genblk1.genblk1.genblk1.genblk1.genblk1.genblk1.genblk1.genblk1.genblk1.lut0.genblk1.genblk1.genblk1.genblk1.genblk1.genblk1.genblk1.genblk1.genblk1.lut0 (6 -> 1)
  Optimizing lut $abc$19315$auto$blifparse.cc:535:parse_blif$19461.genblk1.genblk1.genblk1.genblk1.genblk1.genblk1.genblk1.genblk1.genblk1.genblk1.lut1.genblk1.genblk1.genblk1.genblk1.genblk1.genblk1.genblk1.genblk1.genblk1.lut0 (6 -> 1)
  Optimizing lut $abc$19315$auto$blifparse.cc:535:parse_blif$19463.genblk1.genblk1.genblk1.genblk1.genblk1.genblk1.genblk1.genblk1.genblk1.genblk1.lut1.genblk1.genblk1.genblk1.genblk1.genblk1.genblk1.genblk1.genblk1.genblk1.lut0 (6 -> 0)
  Optimizing lut $abc$19315$auto$blifparse.cc:535:parse_blif$20315.genblk1.genblk1.genblk1.genblk1.genblk1.genblk1.genblk1.genblk1.genblk1.genblk1.lut1.genblk1.genblk1.genblk1.genblk1.genblk1.genblk1.genblk1.genblk1.genblk1.lut1 (6 -> 4)
  Optimizing lut $abc$19315$auto$blifparse.cc:535:parse_blif$20424.genblk1.genblk1.genblk1.genblk1.genblk1.genblk1.genblk1.genblk1.genblk1.lut1 (6 -> 0)
  Optimizing lut $abc$19315$auto$blifparse.cc:535:parse_blif$19319.genblk1.genblk1.genblk1.genblk1.genblk1.genblk1.genblk1.genblk1.genblk1.genblk1.lut0.genblk1.genblk1.genblk1.genblk1.genblk1.genblk1.genblk1.genblk1.genblk1.lut1 (6 -> 5)
  Optimizing lut $abc$19315$auto$blifparse.cc:535:parse_blif$19340.genblk1.genblk1.genblk1.genblk1.genblk1.genblk1.genblk1.genblk1.genblk1.genblk1.lut1.genblk1.genblk1.genblk1.genblk1.genblk1.genblk1.genblk1.genblk1.genblk1.lut1 (6 -> 1)
  Optimizing lut $abc$19315$auto$blifparse.cc:535:parse_blif$19340.genblk1.genblk1.genblk1.genblk1.genblk1.genblk1.genblk1.genblk1.genblk1.genblk1.lut0.genblk1.genblk1.genblk1.genblk1.genblk1.genblk1.genblk1.genblk1.genblk1.lut1 (6 -> 4)
  Optimizing lut $abc$19315$auto$blifparse.cc:535:parse_blif$19334.genblk1.genblk1.genblk1.genblk1.genblk1.genblk1.genblk1.genblk1.genblk1.lut0 (6 -> 0)
  Optimizing lut $abc$19315$auto$blifparse.cc:535:parse_blif$19347.genblk1.genblk1.genblk1.genblk1.genblk1.genblk1.genblk1.genblk1.genblk1.genblk1.lut0.genblk1.genblk1.genblk1.genblk1.genblk1.genblk1.genblk1.genblk1.genblk1.lut1 (6 -> 5)
  Optimizing lut $abc$19315$auto$blifparse.cc:535:parse_blif$19357.genblk1.genblk1.genblk1.genblk1.genblk1.genblk1.genblk1.genblk1.genblk1.genblk1.lut1.genblk1.genblk1.genblk1.genblk1.genblk1.genblk1.genblk1.genblk1.genblk1.lut1 (6 -> 1)
  Optimizing lut $abc$19315$auto$blifparse.cc:535:parse_blif$19357.genblk1.genblk1.genblk1.genblk1.genblk1.genblk1.genblk1.genblk1.genblk1.genblk1.lut0.genblk1.genblk1.genblk1.genblk1.genblk1.genblk1.genblk1.genblk1.genblk1.lut1 (6 -> 4)
  Optimizing lut $abc$19315$auto$blifparse.cc:535:parse_blif$19359.genblk1.genblk1.genblk1.genblk1.genblk1.genblk1.genblk1.genblk1.genblk1.genblk1.lut0.genblk1.genblk1.genblk1.genblk1.genblk1.genblk1.genblk1.genblk1.genblk1.lut1 (6 -> 5)
  Optimizing lut $abc$19315$auto$blifparse.cc:535:parse_blif$19369.genblk1.genblk1.genblk1.genblk1.genblk1.genblk1.genblk1.genblk1.genblk1.genblk1.lut1.genblk1.genblk1.genblk1.genblk1.genblk1.genblk1.genblk1.genblk1.genblk1.lut1 (6 -> 1)
  Optimizing lut $abc$19315$auto$blifparse.cc:535:parse_blif$19369.genblk1.genblk1.genblk1.genblk1.genblk1.genblk1.genblk1.genblk1.genblk1.genblk1.lut0.genblk1.genblk1.genblk1.genblk1.genblk1.genblk1.genblk1.genblk1.genblk1.lut1 (6 -> 4)
  Optimizing lut $abc$19315$auto$blifparse.cc:535:parse_blif$19372.genblk1.genblk1.genblk1.genblk1.genblk1.genblk1.genblk1.genblk1.genblk1.genblk1.lut0.genblk1.genblk1.genblk1.genblk1.genblk1.genblk1.genblk1.genblk1.genblk1.lut1 (6 -> 5)
  Optimizing lut $abc$19315$auto$blifparse.cc:535:parse_blif$19385.genblk1.genblk1.genblk1.genblk1.genblk1.genblk1.genblk1.genblk1.genblk1.genblk1.lut1.genblk1.genblk1.genblk1.genblk1.genblk1.genblk1.genblk1.genblk1.genblk1.lut1 (6 -> 1)
  Optimizing lut $abc$19315$auto$blifparse.cc:535:parse_blif$19385.genblk1.genblk1.genblk1.genblk1.genblk1.genblk1.genblk1.genblk1.genblk1.genblk1.lut0.genblk1.genblk1.genblk1.genblk1.genblk1.genblk1.genblk1.genblk1.genblk1.lut1 (6 -> 4)
  Optimizing lut $abc$19315$auto$blifparse.cc:535:parse_blif$19387.genblk1.genblk1.genblk1.genblk1.genblk1.genblk1.genblk1.genblk1.genblk1.genblk1.lut0.genblk1.genblk1.genblk1.genblk1.genblk1.genblk1.genblk1.genblk1.genblk1.lut1 (6 -> 5)
  Optimizing lut $abc$19315$auto$blifparse.cc:535:parse_blif$19398.genblk1.genblk1.genblk1.genblk1.genblk1.genblk1.genblk1.genblk1.genblk1.genblk1.lut1.genblk1.genblk1.genblk1.genblk1.genblk1.genblk1.genblk1.genblk1.genblk1.lut1 (6 -> 1)
  Optimizing lut $abc$19315$auto$blifparse.cc:535:parse_blif$19398.genblk1.genblk1.genblk1.genblk1.genblk1.genblk1.genblk1.genblk1.genblk1.genblk1.lut0.genblk1.genblk1.genblk1.genblk1.genblk1.genblk1.genblk1.genblk1.genblk1.lut1 (6 -> 4)
  Optimizing lut $abc$19315$auto$blifparse.cc:535:parse_blif$19400.genblk1.genblk1.genblk1.genblk1.genblk1.genblk1.genblk1.genblk1.genblk1.genblk1.lut0.genblk1.genblk1.genblk1.genblk1.genblk1.genblk1.genblk1.genblk1.genblk1.lut1 (6 -> 5)
  Optimizing lut $abc$19315$auto$blifparse.cc:535:parse_blif$19411.genblk1.genblk1.genblk1.genblk1.genblk1.genblk1.genblk1.genblk1.genblk1.genblk1.lut1.genblk1.genblk1.genblk1.genblk1.genblk1.genblk1.genblk1.genblk1.genblk1.lut1 (6 -> 1)
  Optimizing lut $abc$19315$auto$blifparse.cc:535:parse_blif$19411.genblk1.genblk1.genblk1.genblk1.genblk1.genblk1.genblk1.genblk1.genblk1.genblk1.lut0.genblk1.genblk1.genblk1.genblk1.genblk1.genblk1.genblk1.genblk1.genblk1.lut1 (6 -> 4)
  Optimizing lut $abc$19315$auto$blifparse.cc:535:parse_blif$19414.genblk1.genblk1.genblk1.genblk1.genblk1.genblk1.genblk1.genblk1.genblk1.genblk1.lut0.genblk1.genblk1.genblk1.genblk1.genblk1.genblk1.genblk1.genblk1.genblk1.lut1 (6 -> 5)
  Optimizing lut $abc$19315$auto$blifparse.cc:535:parse_blif$19424.genblk1.genblk1.genblk1.genblk1.genblk1.genblk1.genblk1.genblk1.genblk1.genblk1.lut1.genblk1.genblk1.genblk1.genblk1.genblk1.genblk1.genblk1.genblk1.genblk1.lut1 (6 -> 1)
  Optimizing lut $abc$19315$auto$blifparse.cc:535:parse_blif$19424.genblk1.genblk1.genblk1.genblk1.genblk1.genblk1.genblk1.genblk1.genblk1.genblk1.lut0.genblk1.genblk1.genblk1.genblk1.genblk1.genblk1.genblk1.genblk1.genblk1.lut1 (6 -> 4)
  Optimizing lut $abc$19315$auto$blifparse.cc:535:parse_blif$19426.genblk1.genblk1.genblk1.genblk1.genblk1.genblk1.genblk1.genblk1.genblk1.genblk1.lut0.genblk1.genblk1.genblk1.genblk1.genblk1.genblk1.genblk1.genblk1.genblk1.lut1 (6 -> 5)
  Optimizing lut $abc$19315$auto$blifparse.cc:535:parse_blif$19436.genblk1.genblk1.genblk1.genblk1.genblk1.genblk1.genblk1.genblk1.genblk1.genblk1.lut1.genblk1.genblk1.genblk1.genblk1.genblk1.genblk1.genblk1.genblk1.genblk1.lut1 (6 -> 1)
  Optimizing lut $abc$19315$auto$blifparse.cc:535:parse_blif$19436.genblk1.genblk1.genblk1.genblk1.genblk1.genblk1.genblk1.genblk1.genblk1.genblk1.lut0.genblk1.genblk1.genblk1.genblk1.genblk1.genblk1.genblk1.genblk1.genblk1.lut1 (6 -> 4)
  Optimizing lut $abc$19315$auto$blifparse.cc:535:parse_blif$19438.genblk1.genblk1.genblk1.genblk1.genblk1.genblk1.genblk1.genblk1.genblk1.genblk1.lut0.genblk1.genblk1.genblk1.genblk1.genblk1.genblk1.genblk1.genblk1.genblk1.lut1 (6 -> 5)
  Optimizing lut $abc$19315$auto$blifparse.cc:535:parse_blif$19448.genblk1.genblk1.genblk1.genblk1.genblk1.genblk1.genblk1.genblk1.genblk1.genblk1.lut1.genblk1.genblk1.genblk1.genblk1.genblk1.genblk1.genblk1.genblk1.genblk1.lut1 (6 -> 1)
  Optimizing lut $abc$19315$auto$blifparse.cc:535:parse_blif$19448.genblk1.genblk1.genblk1.genblk1.genblk1.genblk1.genblk1.genblk1.genblk1.genblk1.lut0.genblk1.genblk1.genblk1.genblk1.genblk1.genblk1.genblk1.genblk1.genblk1.lut1 (6 -> 4)
  Optimizing lut $abc$19315$auto$blifparse.cc:535:parse_blif$19451.genblk1.genblk1.genblk1.genblk1.genblk1.genblk1.genblk1.genblk1.genblk1.genblk1.lut0.genblk1.genblk1.genblk1.genblk1.genblk1.genblk1.genblk1.genblk1.genblk1.lut1 (6 -> 5)
  Optimizing lut $abc$19315$auto$blifparse.cc:535:parse_blif$19461.genblk1.genblk1.genblk1.genblk1.genblk1.genblk1.genblk1.genblk1.genblk1.genblk1.lut1.genblk1.genblk1.genblk1.genblk1.genblk1.genblk1.genblk1.genblk1.genblk1.lut1 (6 -> 1)
  Optimizing lut $abc$19315$auto$blifparse.cc:535:parse_blif$19461.genblk1.genblk1.genblk1.genblk1.genblk1.genblk1.genblk1.genblk1.genblk1.genblk1.lut0.genblk1.genblk1.genblk1.genblk1.genblk1.genblk1.genblk1.genblk1.genblk1.lut1 (6 -> 4)
  Optimizing lut $abc$19315$auto$blifparse.cc:535:parse_blif$19463.genblk1.genblk1.genblk1.genblk1.genblk1.genblk1.genblk1.genblk1.genblk1.genblk1.lut0.genblk1.genblk1.genblk1.genblk1.genblk1.genblk1.genblk1.genblk1.genblk1.lut1 (6 -> 5)
  Optimizing lut $abc$19315$auto$blifparse.cc:535:parse_blif$19473.genblk1.genblk1.genblk1.genblk1.genblk1.genblk1.genblk1.genblk1.genblk1.genblk1.lut1.genblk1.genblk1.genblk1.genblk1.genblk1.genblk1.genblk1.genblk1.genblk1.lut1 (6 -> 1)
  Optimizing lut $abc$19315$auto$blifparse.cc:535:parse_blif$19473.genblk1.genblk1.genblk1.genblk1.genblk1.genblk1.genblk1.genblk1.genblk1.genblk1.lut0.genblk1.genblk1.genblk1.genblk1.genblk1.genblk1.genblk1.genblk1.genblk1.lut1 (6 -> 4)
  Optimizing lut $abc$19315$auto$blifparse.cc:535:parse_blif$19475.genblk1.genblk1.genblk1.genblk1.genblk1.genblk1.genblk1.genblk1.genblk1.genblk1.lut0.genblk1.genblk1.genblk1.genblk1.genblk1.genblk1.genblk1.genblk1.genblk1.lut1 (6 -> 5)
  Optimizing lut $abc$19315$auto$blifparse.cc:535:parse_blif$19485.genblk1.genblk1.genblk1.genblk1.genblk1.genblk1.genblk1.genblk1.genblk1.genblk1.lut1.genblk1.genblk1.genblk1.genblk1.genblk1.genblk1.genblk1.genblk1.genblk1.lut1 (6 -> 1)
  Optimizing lut $abc$19315$auto$blifparse.cc:535:parse_blif$19485.genblk1.genblk1.genblk1.genblk1.genblk1.genblk1.genblk1.genblk1.genblk1.genblk1.lut0.genblk1.genblk1.genblk1.genblk1.genblk1.genblk1.genblk1.genblk1.genblk1.lut1 (6 -> 4)
  Optimizing lut $abc$19315$auto$blifparse.cc:535:parse_blif$19489.genblk1.genblk1.genblk1.genblk1.genblk1.genblk1.genblk1.genblk1.genblk1.genblk1.lut0.genblk1.genblk1.genblk1.genblk1.genblk1.genblk1.genblk1.genblk1.genblk1.lut1 (6 -> 5)
  Optimizing lut $abc$19315$auto$blifparse.cc:535:parse_blif$19499.genblk1.genblk1.genblk1.genblk1.genblk1.genblk1.genblk1.genblk1.genblk1.genblk1.lut1.genblk1.genblk1.genblk1.genblk1.genblk1.genblk1.genblk1.genblk1.genblk1.lut1 (6 -> 1)
  Optimizing lut $abc$19315$auto$blifparse.cc:535:parse_blif$19499.genblk1.genblk1.genblk1.genblk1.genblk1.genblk1.genblk1.genblk1.genblk1.genblk1.lut0.genblk1.genblk1.genblk1.genblk1.genblk1.genblk1.genblk1.genblk1.genblk1.lut1 (6 -> 4)
  Optimizing lut $abc$19315$auto$blifparse.cc:535:parse_blif$19501.genblk1.genblk1.genblk1.genblk1.genblk1.genblk1.genblk1.genblk1.genblk1.genblk1.lut0.genblk1.genblk1.genblk1.genblk1.genblk1.genblk1.genblk1.genblk1.genblk1.lut1 (6 -> 5)
  Optimizing lut $abc$19315$auto$blifparse.cc:535:parse_blif$19511.genblk1.genblk1.genblk1.genblk1.genblk1.genblk1.genblk1.genblk1.genblk1.genblk1.lut1.genblk1.genblk1.genblk1.genblk1.genblk1.genblk1.genblk1.genblk1.genblk1.lut1 (6 -> 1)
  Optimizing lut $abc$19315$auto$blifparse.cc:535:parse_blif$19511.genblk1.genblk1.genblk1.genblk1.genblk1.genblk1.genblk1.genblk1.genblk1.genblk1.lut0.genblk1.genblk1.genblk1.genblk1.genblk1.genblk1.genblk1.genblk1.genblk1.lut1 (6 -> 4)
  Optimizing lut $abc$19315$auto$blifparse.cc:535:parse_blif$19513.genblk1.genblk1.genblk1.genblk1.genblk1.genblk1.genblk1.genblk1.genblk1.genblk1.lut0.genblk1.genblk1.genblk1.genblk1.genblk1.genblk1.genblk1.genblk1.genblk1.lut1 (6 -> 5)
  Optimizing lut $abc$19315$auto$blifparse.cc:535:parse_blif$19523.genblk1.genblk1.genblk1.genblk1.genblk1.genblk1.genblk1.genblk1.genblk1.genblk1.lut1.genblk1.genblk1.genblk1.genblk1.genblk1.genblk1.genblk1.genblk1.genblk1.lut1 (6 -> 1)
  Optimizing lut $abc$19315$auto$blifparse.cc:535:parse_blif$19523.genblk1.genblk1.genblk1.genblk1.genblk1.genblk1.genblk1.genblk1.genblk1.genblk1.lut0.genblk1.genblk1.genblk1.genblk1.genblk1.genblk1.genblk1.genblk1.genblk1.lut1 (6 -> 4)
  Optimizing lut $abc$19315$auto$blifparse.cc:535:parse_blif$19526.genblk1.genblk1.genblk1.genblk1.genblk1.genblk1.genblk1.genblk1.genblk1.genblk1.lut0.genblk1.genblk1.genblk1.genblk1.genblk1.genblk1.genblk1.genblk1.genblk1.lut1 (6 -> 5)
  Optimizing lut $abc$19315$auto$blifparse.cc:535:parse_blif$19536.genblk1.genblk1.genblk1.genblk1.genblk1.genblk1.genblk1.genblk1.genblk1.genblk1.lut1.genblk1.genblk1.genblk1.genblk1.genblk1.genblk1.genblk1.genblk1.genblk1.lut1 (6 -> 1)
  Optimizing lut $abc$19315$auto$blifparse.cc:535:parse_blif$19536.genblk1.genblk1.genblk1.genblk1.genblk1.genblk1.genblk1.genblk1.genblk1.genblk1.lut0.genblk1.genblk1.genblk1.genblk1.genblk1.genblk1.genblk1.genblk1.genblk1.lut1 (6 -> 4)
  Optimizing lut $abc$19315$auto$blifparse.cc:535:parse_blif$19541.genblk1.genblk1.genblk1.genblk1.genblk1.genblk1.genblk1.genblk1.genblk1.genblk1.lut0.genblk1.genblk1.genblk1.genblk1.genblk1.genblk1.genblk1.genblk1.genblk1.lut1 (6 -> 2)
  Optimizing lut $abc$19315$auto$blifparse.cc:535:parse_blif$19551.genblk1.genblk1.genblk1.genblk1.genblk1.genblk1.genblk1.genblk1.genblk1.genblk1.lut1.genblk1.genblk1.genblk1.genblk1.genblk1.genblk1.genblk1.genblk1.genblk1.lut0 (6 -> 0)
  Optimizing lut $abc$19315$auto$blifparse.cc:535:parse_blif$19551.genblk1.genblk1.genblk1.genblk1.genblk1.genblk1.genblk1.genblk1.genblk1.genblk1.lut0.genblk1.genblk1.genblk1.genblk1.genblk1.genblk1.genblk1.genblk1.genblk1.lut1 (6 -> 5)
  Optimizing lut $abc$19315$auto$blifparse.cc:535:parse_blif$19324.genblk1.genblk1.genblk1.genblk1.genblk1.genblk1.genblk1.genblk1.genblk1.lut0 (6 -> 0)
  Optimizing lut $abc$19315$auto$blifparse.cc:535:parse_blif$19561.genblk1.genblk1.genblk1.genblk1.genblk1.genblk1.genblk1.genblk1.genblk1.genblk1.lut1.genblk1.genblk1.genblk1.genblk1.genblk1.genblk1.genblk1.genblk1.genblk1.lut1 (6 -> 1)
  Optimizing lut $abc$19315$auto$blifparse.cc:535:parse_blif$19561.genblk1.genblk1.genblk1.genblk1.genblk1.genblk1.genblk1.genblk1.genblk1.genblk1.lut0.genblk1.genblk1.genblk1.genblk1.genblk1.genblk1.genblk1.genblk1.genblk1.lut1 (6 -> 4)
  Optimizing lut $abc$19315$auto$blifparse.cc:535:parse_blif$19565.genblk1.genblk1.genblk1.genblk1.genblk1.genblk1.genblk1.genblk1.genblk1.genblk1.lut0.genblk1.genblk1.genblk1.genblk1.genblk1.genblk1.genblk1.genblk1.genblk1.lut1 (6 -> 5)
  Optimizing lut $abc$19315$auto$blifparse.cc:535:parse_blif$19576.genblk1.genblk1.genblk1.genblk1.genblk1.genblk1.genblk1.genblk1.genblk1.genblk1.lut1.genblk1.genblk1.genblk1.genblk1.genblk1.genblk1.genblk1.genblk1.genblk1.lut1 (6 -> 1)
  Optimizing lut $abc$19315$auto$blifparse.cc:535:parse_blif$19576.genblk1.genblk1.genblk1.genblk1.genblk1.genblk1.genblk1.genblk1.genblk1.genblk1.lut0.genblk1.genblk1.genblk1.genblk1.genblk1.genblk1.genblk1.genblk1.genblk1.lut1 (6 -> 4)
  Optimizing lut $abc$19315$auto$blifparse.cc:535:parse_blif$19578.genblk1.genblk1.genblk1.genblk1.genblk1.genblk1.genblk1.genblk1.genblk1.genblk1.lut0.genblk1.genblk1.genblk1.genblk1.genblk1.genblk1.genblk1.genblk1.genblk1.lut1 (6 -> 5)
  Optimizing lut $abc$19315$auto$blifparse.cc:535:parse_blif$19589.genblk1.genblk1.genblk1.genblk1.genblk1.genblk1.genblk1.genblk1.genblk1.genblk1.lut1.genblk1.genblk1.genblk1.genblk1.genblk1.genblk1.genblk1.genblk1.genblk1.lut1 (6 -> 1)
  Optimizing lut $abc$19315$auto$blifparse.cc:535:parse_blif$19589.genblk1.genblk1.genblk1.genblk1.genblk1.genblk1.genblk1.genblk1.genblk1.genblk1.lut0.genblk1.genblk1.genblk1.genblk1.genblk1.genblk1.genblk1.genblk1.genblk1.lut1 (6 -> 4)
  Optimizing lut $abc$19315$auto$blifparse.cc:535:parse_blif$19591.genblk1.genblk1.genblk1.genblk1.genblk1.genblk1.genblk1.genblk1.genblk1.genblk1.lut0.genblk1.genblk1.genblk1.genblk1.genblk1.genblk1.genblk1.genblk1.genblk1.lut1 (6 -> 5)
  Optimizing lut $abc$19315$auto$blifparse.cc:535:parse_blif$19602.genblk1.genblk1.genblk1.genblk1.genblk1.genblk1.genblk1.genblk1.genblk1.genblk1.lut1.genblk1.genblk1.genblk1.genblk1.genblk1.genblk1.genblk1.genblk1.genblk1.lut1 (6 -> 1)
  Optimizing lut $abc$19315$auto$blifparse.cc:535:parse_blif$19602.genblk1.genblk1.genblk1.genblk1.genblk1.genblk1.genblk1.genblk1.genblk1.genblk1.lut0.genblk1.genblk1.genblk1.genblk1.genblk1.genblk1.genblk1.genblk1.genblk1.lut1 (6 -> 4)
  Optimizing lut $abc$19315$auto$blifparse.cc:535:parse_blif$19605.genblk1.genblk1.genblk1.genblk1.genblk1.genblk1.genblk1.genblk1.genblk1.genblk1.lut0.genblk1.genblk1.genblk1.genblk1.genblk1.genblk1.genblk1.genblk1.genblk1.lut1 (6 -> 5)
  Optimizing lut $abc$19315$auto$blifparse.cc:535:parse_blif$19615.genblk1.genblk1.genblk1.genblk1.genblk1.genblk1.genblk1.genblk1.genblk1.genblk1.lut1.genblk1.genblk1.genblk1.genblk1.genblk1.genblk1.genblk1.genblk1.genblk1.lut1 (6 -> 1)
  Optimizing lut $abc$19315$auto$blifparse.cc:535:parse_blif$19615.genblk1.genblk1.genblk1.genblk1.genblk1.genblk1.genblk1.genblk1.genblk1.genblk1.lut0.genblk1.genblk1.genblk1.genblk1.genblk1.genblk1.genblk1.genblk1.genblk1.lut1 (6 -> 4)
  Optimizing lut $abc$19315$auto$blifparse.cc:535:parse_blif$19617.genblk1.genblk1.genblk1.genblk1.genblk1.genblk1.genblk1.genblk1.genblk1.genblk1.lut0.genblk1.genblk1.genblk1.genblk1.genblk1.genblk1.genblk1.genblk1.genblk1.lut1 (6 -> 5)
  Optimizing lut $abc$19315$auto$blifparse.cc:535:parse_blif$19627.genblk1.genblk1.genblk1.genblk1.genblk1.genblk1.genblk1.genblk1.genblk1.genblk1.lut1.genblk1.genblk1.genblk1.genblk1.genblk1.genblk1.genblk1.genblk1.genblk1.lut1 (6 -> 1)
  Optimizing lut $abc$19315$auto$blifparse.cc:535:parse_blif$19627.genblk1.genblk1.genblk1.genblk1.genblk1.genblk1.genblk1.genblk1.genblk1.genblk1.lut0.genblk1.genblk1.genblk1.genblk1.genblk1.genblk1.genblk1.genblk1.genblk1.lut1 (6 -> 4)
  Optimizing lut $abc$19315$auto$blifparse.cc:535:parse_blif$19629.genblk1.genblk1.genblk1.genblk1.genblk1.genblk1.genblk1.genblk1.genblk1.genblk1.lut0.genblk1.genblk1.genblk1.genblk1.genblk1.genblk1.genblk1.genblk1.genblk1.lut1 (6 -> 5)
  Optimizing lut $abc$19315$auto$blifparse.cc:535:parse_blif$19639.genblk1.genblk1.genblk1.genblk1.genblk1.genblk1.genblk1.genblk1.genblk1.genblk1.lut1.genblk1.genblk1.genblk1.genblk1.genblk1.genblk1.genblk1.genblk1.genblk1.lut1 (6 -> 1)
  Optimizing lut $abc$19315$auto$blifparse.cc:535:parse_blif$19639.genblk1.genblk1.genblk1.genblk1.genblk1.genblk1.genblk1.genblk1.genblk1.genblk1.lut0.genblk1.genblk1.genblk1.genblk1.genblk1.genblk1.genblk1.genblk1.genblk1.lut1 (6 -> 4)
  Optimizing lut $abc$19315$auto$blifparse.cc:535:parse_blif$19642.genblk1.genblk1.genblk1.genblk1.genblk1.genblk1.genblk1.genblk1.genblk1.genblk1.lut0.genblk1.genblk1.genblk1.genblk1.genblk1.genblk1.genblk1.genblk1.genblk1.lut1 (6 -> 5)
  Optimizing lut $abc$19315$auto$blifparse.cc:535:parse_blif$19652.genblk1.genblk1.genblk1.genblk1.genblk1.genblk1.genblk1.genblk1.genblk1.genblk1.lut1.genblk1.genblk1.genblk1.genblk1.genblk1.genblk1.genblk1.genblk1.genblk1.lut1 (6 -> 1)
  Optimizing lut $abc$19315$auto$blifparse.cc:535:parse_blif$19652.genblk1.genblk1.genblk1.genblk1.genblk1.genblk1.genblk1.genblk1.genblk1.genblk1.lut0.genblk1.genblk1.genblk1.genblk1.genblk1.genblk1.genblk1.genblk1.genblk1.lut1 (6 -> 4)
  Optimizing lut $abc$19315$auto$blifparse.cc:535:parse_blif$19654.genblk1.genblk1.genblk1.genblk1.genblk1.genblk1.genblk1.genblk1.genblk1.genblk1.lut0.genblk1.genblk1.genblk1.genblk1.genblk1.genblk1.genblk1.genblk1.genblk1.lut1 (6 -> 5)
  Optimizing lut $abc$19315$auto$blifparse.cc:535:parse_blif$19664.genblk1.genblk1.genblk1.genblk1.genblk1.genblk1.genblk1.genblk1.genblk1.genblk1.lut1.genblk1.genblk1.genblk1.genblk1.genblk1.genblk1.genblk1.genblk1.genblk1.lut1 (6 -> 1)
  Optimizing lut $abc$19315$auto$blifparse.cc:535:parse_blif$19664.genblk1.genblk1.genblk1.genblk1.genblk1.genblk1.genblk1.genblk1.genblk1.genblk1.lut0.genblk1.genblk1.genblk1.genblk1.genblk1.genblk1.genblk1.genblk1.genblk1.lut1 (6 -> 4)
  Optimizing lut $abc$19315$auto$blifparse.cc:535:parse_blif$19666.genblk1.genblk1.genblk1.genblk1.genblk1.genblk1.genblk1.genblk1.genblk1.genblk1.lut0.genblk1.genblk1.genblk1.genblk1.genblk1.genblk1.genblk1.genblk1.genblk1.lut1 (6 -> 5)
  Optimizing lut $abc$19315$auto$blifparse.cc:535:parse_blif$19676.genblk1.genblk1.genblk1.genblk1.genblk1.genblk1.genblk1.genblk1.genblk1.genblk1.lut1.genblk1.genblk1.genblk1.genblk1.genblk1.genblk1.genblk1.genblk1.genblk1.lut1 (6 -> 1)
  Optimizing lut $abc$19315$auto$blifparse.cc:535:parse_blif$19676.genblk1.genblk1.genblk1.genblk1.genblk1.genblk1.genblk1.genblk1.genblk1.genblk1.lut0.genblk1.genblk1.genblk1.genblk1.genblk1.genblk1.genblk1.genblk1.genblk1.lut1 (6 -> 4)
  Optimizing lut $abc$19315$auto$blifparse.cc:535:parse_blif$19679.genblk1.genblk1.genblk1.genblk1.genblk1.genblk1.genblk1.genblk1.genblk1.genblk1.lut0.genblk1.genblk1.genblk1.genblk1.genblk1.genblk1.genblk1.genblk1.genblk1.lut1 (6 -> 5)
  Optimizing lut $abc$19315$auto$blifparse.cc:535:parse_blif$19689.genblk1.genblk1.genblk1.genblk1.genblk1.genblk1.genblk1.genblk1.genblk1.genblk1.lut1.genblk1.genblk1.genblk1.genblk1.genblk1.genblk1.genblk1.genblk1.genblk1.lut1 (6 -> 1)
  Optimizing lut $abc$19315$auto$blifparse.cc:535:parse_blif$19689.genblk1.genblk1.genblk1.genblk1.genblk1.genblk1.genblk1.genblk1.genblk1.genblk1.lut0.genblk1.genblk1.genblk1.genblk1.genblk1.genblk1.genblk1.genblk1.genblk1.lut1 (6 -> 4)
  Optimizing lut $abc$19315$auto$blifparse.cc:535:parse_blif$19691.genblk1.genblk1.genblk1.genblk1.genblk1.genblk1.genblk1.genblk1.genblk1.genblk1.lut0.genblk1.genblk1.genblk1.genblk1.genblk1.genblk1.genblk1.genblk1.genblk1.lut1 (6 -> 5)
  Optimizing lut $abc$19315$auto$blifparse.cc:535:parse_blif$19701.genblk1.genblk1.genblk1.genblk1.genblk1.genblk1.genblk1.genblk1.genblk1.genblk1.lut1.genblk1.genblk1.genblk1.genblk1.genblk1.genblk1.genblk1.genblk1.genblk1.lut1 (6 -> 1)
  Optimizing lut $abc$19315$auto$blifparse.cc:535:parse_blif$19701.genblk1.genblk1.genblk1.genblk1.genblk1.genblk1.genblk1.genblk1.genblk1.genblk1.lut0.genblk1.genblk1.genblk1.genblk1.genblk1.genblk1.genblk1.genblk1.genblk1.lut1 (6 -> 4)
  Optimizing lut $abc$19315$auto$blifparse.cc:535:parse_blif$19703.genblk1.genblk1.genblk1.genblk1.genblk1.genblk1.genblk1.genblk1.genblk1.genblk1.lut0.genblk1.genblk1.genblk1.genblk1.genblk1.genblk1.genblk1.genblk1.genblk1.lut1 (6 -> 5)
  Optimizing lut $abc$19315$auto$blifparse.cc:535:parse_blif$19713.genblk1.genblk1.genblk1.genblk1.genblk1.genblk1.genblk1.genblk1.genblk1.genblk1.lut1.genblk1.genblk1.genblk1.genblk1.genblk1.genblk1.genblk1.genblk1.genblk1.lut1 (6 -> 1)
  Optimizing lut $abc$19315$auto$blifparse.cc:535:parse_blif$19713.genblk1.genblk1.genblk1.genblk1.genblk1.genblk1.genblk1.genblk1.genblk1.genblk1.lut0.genblk1.genblk1.genblk1.genblk1.genblk1.genblk1.genblk1.genblk1.genblk1.lut1 (6 -> 4)
  Optimizing lut $abc$19315$auto$blifparse.cc:535:parse_blif$19716.genblk1.genblk1.genblk1.genblk1.genblk1.genblk1.genblk1.genblk1.genblk1.genblk1.lut0.genblk1.genblk1.genblk1.genblk1.genblk1.genblk1.genblk1.genblk1.genblk1.lut1 (6 -> 5)
  Optimizing lut $abc$19315$auto$blifparse.cc:535:parse_blif$19736.genblk1.genblk1.genblk1.genblk1.genblk1.genblk1.genblk1.genblk1.genblk1.lut1 (6 -> 4)
  Optimizing lut $abc$19315$auto$blifparse.cc:535:parse_blif$19730.genblk1.genblk1.genblk1.genblk1.genblk1.genblk1.genblk1.genblk1.genblk1.genblk1.lut1.genblk1.genblk1.genblk1.genblk1.genblk1.genblk1.genblk1.genblk1.genblk1.lut1 (6 -> 1)
  Optimizing lut $abc$19315$auto$blifparse.cc:535:parse_blif$19730.genblk1.genblk1.genblk1.genblk1.genblk1.genblk1.genblk1.genblk1.genblk1.genblk1.lut0.genblk1.genblk1.genblk1.genblk1.genblk1.genblk1.genblk1.genblk1.genblk1.lut1 (6 -> 4)
  Optimizing lut $abc$19315$auto$blifparse.cc:535:parse_blif$19732.genblk1.genblk1.genblk1.genblk1.genblk1.genblk1.genblk1.genblk1.genblk1.genblk1.lut0.genblk1.genblk1.genblk1.genblk1.genblk1.genblk1.genblk1.genblk1.genblk1.lut1 (6 -> 5)
  Optimizing lut $abc$19315$auto$blifparse.cc:535:parse_blif$19369.genblk1.genblk1.genblk1.genblk1.genblk1.genblk1.genblk1.genblk1.genblk1.genblk1.lut0.genblk1.genblk1.genblk1.genblk1.genblk1.genblk1.genblk1.genblk1.genblk1.lut0 (6 -> 1)
  Optimizing lut $abc$19315$auto$blifparse.cc:535:parse_blif$19732.genblk1.genblk1.genblk1.genblk1.genblk1.genblk1.genblk1.genblk1.genblk1.genblk1.lut1.genblk1.genblk1.genblk1.genblk1.genblk1.genblk1.genblk1.genblk1.genblk1.lut0 (6 -> 0)
  Optimizing lut $abc$19315$auto$blifparse.cc:535:parse_blif$19743.genblk1.genblk1.genblk1.genblk1.genblk1.genblk1.genblk1.genblk1.genblk1.genblk1.lut1.genblk1.genblk1.genblk1.genblk1.genblk1.genblk1.genblk1.genblk1.genblk1.lut1 (6 -> 1)
  Optimizing lut $abc$19315$auto$blifparse.cc:535:parse_blif$19743.genblk1.genblk1.genblk1.genblk1.genblk1.genblk1.genblk1.genblk1.genblk1.genblk1.lut0.genblk1.genblk1.genblk1.genblk1.genblk1.genblk1.genblk1.genblk1.genblk1.lut1 (6 -> 4)
  Optimizing lut $abc$19315$auto$blifparse.cc:535:parse_blif$19732.genblk1.genblk1.genblk1.genblk1.genblk1.genblk1.genblk1.genblk1.genblk1.genblk1.lut1.genblk1.genblk1.genblk1.genblk1.genblk1.genblk1.genblk1.genblk1.genblk1.lut1 (6 -> 0)
  Optimizing lut $abc$19315$auto$blifparse.cc:535:parse_blif$19716.genblk1.genblk1.genblk1.genblk1.genblk1.genblk1.genblk1.genblk1.genblk1.genblk1.lut1.genblk1.genblk1.genblk1.genblk1.genblk1.genblk1.genblk1.genblk1.genblk1.lut1 (6 -> 0)
  Optimizing lut $abc$19315$auto$blifparse.cc:535:parse_blif$19387.genblk1.genblk1.genblk1.genblk1.genblk1.genblk1.genblk1.genblk1.genblk1.genblk1.lut1.genblk1.genblk1.genblk1.genblk1.genblk1.genblk1.genblk1.genblk1.genblk1.lut1 (6 -> 0)
  Optimizing lut $abc$19315$auto$blifparse.cc:535:parse_blif$19400.genblk1.genblk1.genblk1.genblk1.genblk1.genblk1.genblk1.genblk1.genblk1.genblk1.lut1.genblk1.genblk1.genblk1.genblk1.genblk1.genblk1.genblk1.genblk1.genblk1.lut1 (6 -> 0)
  Optimizing lut $abc$19315$auto$blifparse.cc:535:parse_blif$19372.genblk1.genblk1.genblk1.genblk1.genblk1.genblk1.genblk1.genblk1.genblk1.genblk1.lut1.genblk1.genblk1.genblk1.genblk1.genblk1.genblk1.genblk1.genblk1.genblk1.lut1 (6 -> 0)
  Optimizing lut $abc$19315$auto$blifparse.cc:535:parse_blif$19565.genblk1.genblk1.genblk1.genblk1.genblk1.genblk1.genblk1.genblk1.genblk1.genblk1.lut1.genblk1.genblk1.genblk1.genblk1.genblk1.genblk1.genblk1.genblk1.genblk1.lut1 (6 -> 0)
  Optimizing lut $abc$19315$auto$blifparse.cc:535:parse_blif$19578.genblk1.genblk1.genblk1.genblk1.genblk1.genblk1.genblk1.genblk1.genblk1.genblk1.lut1.genblk1.genblk1.genblk1.genblk1.genblk1.genblk1.genblk1.genblk1.genblk1.lut1 (6 -> 0)
  Optimizing lut $abc$19315$auto$blifparse.cc:535:parse_blif$19591.genblk1.genblk1.genblk1.genblk1.genblk1.genblk1.genblk1.genblk1.genblk1.genblk1.lut1.genblk1.genblk1.genblk1.genblk1.genblk1.genblk1.genblk1.genblk1.genblk1.lut1 (6 -> 0)
  Optimizing lut $abc$19315$auto$blifparse.cc:535:parse_blif$19605.genblk1.genblk1.genblk1.genblk1.genblk1.genblk1.genblk1.genblk1.genblk1.genblk1.lut1.genblk1.genblk1.genblk1.genblk1.genblk1.genblk1.genblk1.genblk1.genblk1.lut1 (6 -> 0)
  Optimizing lut $abc$19315$auto$blifparse.cc:535:parse_blif$19617.genblk1.genblk1.genblk1.genblk1.genblk1.genblk1.genblk1.genblk1.genblk1.genblk1.lut1.genblk1.genblk1.genblk1.genblk1.genblk1.genblk1.genblk1.genblk1.genblk1.lut1 (6 -> 0)
  Optimizing lut $abc$19315$auto$blifparse.cc:535:parse_blif$19629.genblk1.genblk1.genblk1.genblk1.genblk1.genblk1.genblk1.genblk1.genblk1.genblk1.lut1.genblk1.genblk1.genblk1.genblk1.genblk1.genblk1.genblk1.genblk1.genblk1.lut1 (6 -> 0)
  Optimizing lut $abc$19315$auto$blifparse.cc:535:parse_blif$19319.genblk1.genblk1.genblk1.genblk1.genblk1.genblk1.genblk1.genblk1.genblk1.genblk1.lut1.genblk1.genblk1.genblk1.genblk1.genblk1.genblk1.genblk1.genblk1.genblk1.lut1 (6 -> 0)
  Optimizing lut $abc$19315$auto$blifparse.cc:535:parse_blif$19347.genblk1.genblk1.genblk1.genblk1.genblk1.genblk1.genblk1.genblk1.genblk1.genblk1.lut1.genblk1.genblk1.genblk1.genblk1.genblk1.genblk1.genblk1.genblk1.genblk1.lut1 (6 -> 0)
  Optimizing lut $abc$19315$auto$blifparse.cc:535:parse_blif$19359.genblk1.genblk1.genblk1.genblk1.genblk1.genblk1.genblk1.genblk1.genblk1.genblk1.lut1.genblk1.genblk1.genblk1.genblk1.genblk1.genblk1.genblk1.genblk1.genblk1.lut1 (6 -> 0)
  Optimizing lut $abc$19315$auto$blifparse.cc:535:parse_blif$19414.genblk1.genblk1.genblk1.genblk1.genblk1.genblk1.genblk1.genblk1.genblk1.genblk1.lut1.genblk1.genblk1.genblk1.genblk1.genblk1.genblk1.genblk1.genblk1.genblk1.lut1 (6 -> 0)
  Optimizing lut $abc$19315$auto$blifparse.cc:535:parse_blif$19426.genblk1.genblk1.genblk1.genblk1.genblk1.genblk1.genblk1.genblk1.genblk1.genblk1.lut1.genblk1.genblk1.genblk1.genblk1.genblk1.genblk1.genblk1.genblk1.genblk1.lut1 (6 -> 0)
  Optimizing lut $abc$19315$auto$blifparse.cc:535:parse_blif$19438.genblk1.genblk1.genblk1.genblk1.genblk1.genblk1.genblk1.genblk1.genblk1.genblk1.lut1.genblk1.genblk1.genblk1.genblk1.genblk1.genblk1.genblk1.genblk1.genblk1.lut1 (6 -> 0)
  Optimizing lut $abc$19315$auto$blifparse.cc:535:parse_blif$19451.genblk1.genblk1.genblk1.genblk1.genblk1.genblk1.genblk1.genblk1.genblk1.genblk1.lut1.genblk1.genblk1.genblk1.genblk1.genblk1.genblk1.genblk1.genblk1.genblk1.lut1 (6 -> 0)
  Optimizing lut $abc$19315$auto$blifparse.cc:535:parse_blif$19463.genblk1.genblk1.genblk1.genblk1.genblk1.genblk1.genblk1.genblk1.genblk1.genblk1.lut1.genblk1.genblk1.genblk1.genblk1.genblk1.genblk1.genblk1.genblk1.genblk1.lut1 (6 -> 0)
  Optimizing lut $abc$19315$auto$blifparse.cc:535:parse_blif$19475.genblk1.genblk1.genblk1.genblk1.genblk1.genblk1.genblk1.genblk1.genblk1.genblk1.lut1.genblk1.genblk1.genblk1.genblk1.genblk1.genblk1.genblk1.genblk1.genblk1.lut1 (6 -> 0)
  Optimizing lut $abc$19315$auto$blifparse.cc:535:parse_blif$19489.genblk1.genblk1.genblk1.genblk1.genblk1.genblk1.genblk1.genblk1.genblk1.genblk1.lut1.genblk1.genblk1.genblk1.genblk1.genblk1.genblk1.genblk1.genblk1.genblk1.lut1 (6 -> 0)
  Optimizing lut $abc$19315$auto$blifparse.cc:535:parse_blif$19501.genblk1.genblk1.genblk1.genblk1.genblk1.genblk1.genblk1.genblk1.genblk1.genblk1.lut1.genblk1.genblk1.genblk1.genblk1.genblk1.genblk1.genblk1.genblk1.genblk1.lut1 (6 -> 0)
  Optimizing lut $abc$19315$auto$blifparse.cc:535:parse_blif$19513.genblk1.genblk1.genblk1.genblk1.genblk1.genblk1.genblk1.genblk1.genblk1.genblk1.lut1.genblk1.genblk1.genblk1.genblk1.genblk1.genblk1.genblk1.genblk1.genblk1.lut1 (6 -> 0)
  Optimizing lut $abc$19315$auto$blifparse.cc:535:parse_blif$19642.genblk1.genblk1.genblk1.genblk1.genblk1.genblk1.genblk1.genblk1.genblk1.genblk1.lut1.genblk1.genblk1.genblk1.genblk1.genblk1.genblk1.genblk1.genblk1.genblk1.lut1 (6 -> 0)
  Optimizing lut $abc$19315$auto$blifparse.cc:535:parse_blif$19654.genblk1.genblk1.genblk1.genblk1.genblk1.genblk1.genblk1.genblk1.genblk1.genblk1.lut1.genblk1.genblk1.genblk1.genblk1.genblk1.genblk1.genblk1.genblk1.genblk1.lut1 (6 -> 0)
  Optimizing lut $abc$19315$auto$blifparse.cc:535:parse_blif$19666.genblk1.genblk1.genblk1.genblk1.genblk1.genblk1.genblk1.genblk1.genblk1.genblk1.lut1.genblk1.genblk1.genblk1.genblk1.genblk1.genblk1.genblk1.genblk1.genblk1.lut1 (6 -> 0)
  Optimizing lut $abc$19315$auto$blifparse.cc:535:parse_blif$19679.genblk1.genblk1.genblk1.genblk1.genblk1.genblk1.genblk1.genblk1.genblk1.genblk1.lut1.genblk1.genblk1.genblk1.genblk1.genblk1.genblk1.genblk1.genblk1.genblk1.lut1 (6 -> 0)
  Optimizing lut $abc$19315$auto$blifparse.cc:535:parse_blif$19691.genblk1.genblk1.genblk1.genblk1.genblk1.genblk1.genblk1.genblk1.genblk1.genblk1.lut1.genblk1.genblk1.genblk1.genblk1.genblk1.genblk1.genblk1.genblk1.genblk1.lut1 (6 -> 0)
  Optimizing lut $abc$19315$auto$blifparse.cc:535:parse_blif$19703.genblk1.genblk1.genblk1.genblk1.genblk1.genblk1.genblk1.genblk1.genblk1.genblk1.lut1.genblk1.genblk1.genblk1.genblk1.genblk1.genblk1.genblk1.genblk1.genblk1.lut1 (6 -> 0)
  Optimizing lut $abc$19315$auto$blifparse.cc:535:parse_blif$19526.genblk1.genblk1.genblk1.genblk1.genblk1.genblk1.genblk1.genblk1.genblk1.genblk1.lut1.genblk1.genblk1.genblk1.genblk1.genblk1.genblk1.genblk1.genblk1.genblk1.lut1 (6 -> 0)
  Optimizing lut $abc$19315$auto$blifparse.cc:535:parse_blif$19551.genblk1.genblk1.genblk1.genblk1.genblk1.genblk1.genblk1.genblk1.genblk1.genblk1.lut1.genblk1.genblk1.genblk1.genblk1.genblk1.genblk1.genblk1.genblk1.genblk1.lut1 (6 -> 0)
  Optimizing lut $abc$19315$auto$blifparse.cc:535:parse_blif$19716.genblk1.genblk1.genblk1.genblk1.genblk1.genblk1.genblk1.genblk1.genblk1.genblk1.lut1.genblk1.genblk1.genblk1.genblk1.genblk1.genblk1.genblk1.genblk1.genblk1.lut0 (6 -> 0)
  Optimizing lut $abc$19315$auto$blifparse.cc:535:parse_blif$20070.genblk1.genblk1.genblk1.genblk1.genblk1.genblk1.genblk1.genblk1.genblk1.lut1 (6 -> 0)
  Optimizing lut $abc$19315$auto$blifparse.cc:535:parse_blif$19736.genblk1.genblk1.genblk1.genblk1.genblk1.genblk1.genblk1.genblk1.genblk1.lut0 (6 -> 5)
  Optimizing lut $abc$19315$auto$blifparse.cc:535:parse_blif$20109.genblk1.genblk1.genblk1.genblk1.genblk1.genblk1.genblk1.genblk1.genblk1.lut0 (6 -> 5)
  Optimizing lut $abc$19315$auto$blifparse.cc:535:parse_blif$20312.genblk1.genblk1.genblk1.genblk1.genblk1.genblk1.genblk1.genblk1.genblk1.lut0 (6 -> 0)
  Optimizing lut $abc$19315$auto$blifparse.cc:535:parse_blif$19730.genblk1.genblk1.genblk1.genblk1.genblk1.genblk1.genblk1.genblk1.genblk1.genblk1.lut1.genblk1.genblk1.genblk1.genblk1.genblk1.genblk1.genblk1.genblk1.genblk1.lut0 (6 -> 1)
  Optimizing lut $abc$19315$auto$blifparse.cc:535:parse_blif$20108.genblk1.genblk1.genblk1.genblk1.genblk1.genblk1.genblk1.genblk1.genblk1.lut1 (6 -> 4)
  Optimizing lut $abc$19315$auto$blifparse.cc:535:parse_blif$20109.genblk1.genblk1.genblk1.genblk1.genblk1.genblk1.genblk1.genblk1.genblk1.lut1 (6 -> 4)
  Optimizing lut $abc$19315$auto$blifparse.cc:535:parse_blif$19369.genblk1.genblk1.genblk1.genblk1.genblk1.genblk1.genblk1.genblk1.genblk1.genblk1.lut1.genblk1.genblk1.genblk1.genblk1.genblk1.genblk1.genblk1.genblk1.genblk1.lut0 (6 -> 1)
  Optimizing lut $abc$19315$auto$blifparse.cc:535:parse_blif$20136.genblk1.genblk1.genblk1.genblk1.genblk1.genblk1.genblk1.genblk1.genblk1.lut1 (6 -> 0)
  Optimizing lut $abc$19315$auto$blifparse.cc:535:parse_blif$20411.genblk1.genblk1.genblk1.genblk1.genblk1.genblk1.genblk1.genblk1.genblk1.lut0 (6 -> 0)
  Optimizing lut $abc$19315$auto$blifparse.cc:535:parse_blif$20193.genblk1.genblk1.genblk1.genblk1.genblk1.genblk1.genblk1.genblk1.genblk1.lut1 (6 -> 0)
  Optimizing lut $abc$19315$auto$blifparse.cc:535:parse_blif$19629.genblk1.genblk1.genblk1.genblk1.genblk1.genblk1.genblk1.genblk1.genblk1.genblk1.lut1.genblk1.genblk1.genblk1.genblk1.genblk1.genblk1.genblk1.genblk1.genblk1.lut0 (6 -> 0)
  Optimizing lut $abc$19315$auto$blifparse.cc:535:parse_blif$20302.genblk1.genblk1.genblk1.genblk1.genblk1.genblk1.genblk1.genblk1.genblk1.lut0 (6 -> 0)
  Optimizing lut $abc$19315$auto$blifparse.cc:535:parse_blif$20282.genblk1.genblk1.genblk1.genblk1.genblk1.genblk1.genblk1.genblk1.genblk1.lut1 (6 -> 0)
  Optimizing lut $abc$19315$auto$blifparse.cc:535:parse_blif$20306.genblk1.genblk1.genblk1.genblk1.genblk1.genblk1.genblk1.genblk1.genblk1.genblk1.lut1.genblk1.genblk1.genblk1.genblk1.genblk1.genblk1.genblk1.genblk1.genblk1.lut1 (6 -> 4)
  Optimizing lut $abc$19315$auto$blifparse.cc:535:parse_blif$20306.genblk1.genblk1.genblk1.genblk1.genblk1.genblk1.genblk1.genblk1.genblk1.genblk1.lut0.genblk1.genblk1.genblk1.genblk1.genblk1.genblk1.genblk1.genblk1.genblk1.lut1 (6 -> 0)
  Optimizing lut $abc$19315$auto$blifparse.cc:535:parse_blif$20102.genblk1.genblk1.genblk1.genblk1.genblk1.genblk1.genblk1.genblk1.genblk1.lut0 (6 -> 0)
  Optimizing lut $abc$19315$auto$blifparse.cc:535:parse_blif$20315.genblk1.genblk1.genblk1.genblk1.genblk1.genblk1.genblk1.genblk1.genblk1.genblk1.lut1.genblk1.genblk1.genblk1.genblk1.genblk1.genblk1.genblk1.genblk1.genblk1.lut0 (6 -> 4)
  Optimizing lut $abc$19315$auto$blifparse.cc:535:parse_blif$20315.genblk1.genblk1.genblk1.genblk1.genblk1.genblk1.genblk1.genblk1.genblk1.genblk1.lut0.genblk1.genblk1.genblk1.genblk1.genblk1.genblk1.genblk1.genblk1.genblk1.lut1 (6 -> 0)
  Optimizing lut $abc$19315$auto$blifparse.cc:535:parse_blif$20303.genblk1.genblk1.genblk1.genblk1.genblk1.genblk1.genblk1.genblk1.genblk1.lut0 (6 -> 0)
  Optimizing lut $abc$19315$auto$blifparse.cc:535:parse_blif$20342.genblk1.genblk1.genblk1.genblk1.genblk1.genblk1.genblk1.genblk1.genblk1.lut0 (6 -> 0)
  Optimizing lut $abc$19315$auto$blifparse.cc:535:parse_blif$20327.genblk1.genblk1.genblk1.genblk1.genblk1.genblk1.genblk1.genblk1.genblk1.lut1 (6 -> 0)
  Optimizing lut $abc$19315$auto$blifparse.cc:535:parse_blif$20362.genblk1.genblk1.genblk1.genblk1.genblk1.genblk1.genblk1.genblk1.genblk1.lut0 (6 -> 0)
  Optimizing lut $abc$19315$auto$blifparse.cc:535:parse_blif$20366.genblk1.genblk1.genblk1.genblk1.genblk1.genblk1.genblk1.genblk1.genblk1.genblk1.lut0.genblk1.genblk1.genblk1.genblk1.genblk1.genblk1.genblk1.genblk1.genblk1.lut1 (6 -> 1)
  Optimizing lut $abc$19315$auto$blifparse.cc:535:parse_blif$20366.genblk1.genblk1.genblk1.genblk1.genblk1.genblk1.genblk1.genblk1.genblk1.genblk1.lut0.genblk1.genblk1.genblk1.genblk1.genblk1.genblk1.genblk1.genblk1.genblk1.lut0 (6 -> 1)
  Optimizing lut $abc$19315$auto$blifparse.cc:535:parse_blif$19475.genblk1.genblk1.genblk1.genblk1.genblk1.genblk1.genblk1.genblk1.genblk1.genblk1.lut1.genblk1.genblk1.genblk1.genblk1.genblk1.genblk1.genblk1.genblk1.genblk1.lut0 (6 -> 0)
  Optimizing lut $abc$19315$auto$blifparse.cc:535:parse_blif$20377.genblk1.genblk1.genblk1.genblk1.genblk1.genblk1.genblk1.genblk1.genblk1.lut1 (6 -> 0)
  Optimizing lut $abc$19315$auto$blifparse.cc:535:parse_blif$19436.genblk1.genblk1.genblk1.genblk1.genblk1.genblk1.genblk1.genblk1.genblk1.genblk1.lut1.genblk1.genblk1.genblk1.genblk1.genblk1.genblk1.genblk1.genblk1.genblk1.lut0 (6 -> 1)
  Optimizing lut $abc$19315$auto$blifparse.cc:535:parse_blif$19316.genblk1.genblk1.genblk1.genblk1.genblk1.genblk1.genblk1.genblk1.genblk1.lut0 (6 -> 1)
  Optimizing lut $abc$19315$auto$blifparse.cc:535:parse_blif$20306.genblk1.genblk1.genblk1.genblk1.genblk1.genblk1.genblk1.genblk1.genblk1.genblk1.lut1.genblk1.genblk1.genblk1.genblk1.genblk1.genblk1.genblk1.genblk1.genblk1.lut0 (6 -> 4)

16.47. Executing CLKBUFMAP pass (inserting clock buffers).
Inserting BUFG on soc_pipe.u_core.clk[0].
Removed 17 unused cells and 13015 unused wires.

16.48. Executing HIERARCHY pass (managing design hierarchy).
Attribute `top' found on module `soc_pipe'. Setting top module to soc_pipe.

16.48.1. Analyzing design hierarchy..
Top module:  \soc_pipe

16.48.2. Analyzing design hierarchy..
Top module:  \soc_pipe
Removed 0 unused modules.

16.49. Printing statistics.

=== soc_pipe ===

   Number of wires:               2310
   Number of wire bits:           9788
   Number of public wires:         190
   Number of public wire bits:    2878
   Number of ports:                  8
   Number of port bits:            101
   Number of memories:               0
   Number of memory bits:            0
   Number of processes:              0
   Number of cells:               4451
     $scopeinfo                     10
     BUFG                            1
     CARRY4                         88
     DSP48E1                        15
     FDCE                          913
     FDPE                           48
     IBUF                            3
     INV                          1000
     LUT1                           96
     LUT2                          463
     LUT3                          530
     LUT4                          269
     LUT5                          147
     LUT6                          531
     MUXF7                         159
     MUXF8                          66
     OBUF                           98
     RAM32M                         12
     dmem                            1
     imem                            1

   Estimated number of LCs:       1477

16.50. Executing CHECK pass (checking for obvious problems).
Checking module soc_pipe...
Found and reported 0 problems.

17. Printing statistics.

=== soc_pipe ===

   Number of wires:               2310
   Number of wire bits:           9788
   Number of public wires:         190
   Number of public wire bits:    2878
   Number of ports:                  8
   Number of port bits:            101
   Number of memories:               0
   Number of memory bits:            0
   Number of processes:              0
   Number of cells:               4451
     $scopeinfo                     10
     BUFG                            1
     CARRY4                         88
     DSP48E1                        15
     FDCE                          913
     FDPE                           48
     IBUF                            3
     INV                          1000
     LUT1                           96
     LUT2                          463
     LUT3                          530
     LUT4                          269
     LUT5                          147
     LUT6                          531
     MUXF7                         159
     MUXF8                          66
     OBUF                           98
     RAM32M                         12
     dmem                            1
     imem                            1

Warnings: 2 unique messages, 2 total
End of script. Logfile hash: 659c0bbca9, CPU: user 4.00s system 0.10s, MEM: 164.98 MB peak
Yosys 0.52 (git sha1 fee39a3284c90249e1d9684cf6944ffbbcbb8f90)
Time spent: 21% 31x read_verilog (1 sec), 19% 1x abc (0 sec), ...
