
 /----------------------------------------------------------------------------\
 |  yosys -- Yosys Open SYnthesis Suite                                       |
 |  Copyright (C) 2012 - 2025  Claire Xenia Wolf <claire@yosyshq.com>         |
 |  Distributed under an ISC-like license, type "license" to see terms        |
 \----------------------------------------------------------------------------/
 Yosys 0.52 (git sha1 fee39a3284c90249e1d9684cf6944ffbbcbb8f90)

-- Executing script file `/dev/stdin' --

1. Executing Verilog-2005 frontend: rtl/core/alu.sv
Parsing SystemVerilog input from `rtl/core/alu.sv' to AST representation.
Generating RTLIL representation for module `\alu'.
Successfully finished Verilog frontend.

2. Executing Verilog-2005 frontend: rtl/core/regfile.sv
Parsing SystemVerilog input from `rtl/core/regfile.sv' to AST representation.
Generating RTLIL representation for module `\regfile'.
Successfully finished Verilog frontend.

3. Executing Verilog-2005 frontend: rtl/core/imm_gen.sv
Parsing SystemVerilog input from `rtl/core/imm_gen.sv' to AST representation.
Generating RTLIL representation for module `\imm_gen'.
Successfully finished Verilog frontend.

4. Executing Verilog-2005 frontend: rtl/core/decoder.sv
Parsing SystemVerilog input from `rtl/core/decoder.sv' to AST representation.
Generating RTLIL representation for module `\decoder'.
Successfully finished Verilog frontend.

5. Executing Verilog-2005 frontend: rtl/mem/imem.sv
Parsing SystemVerilog input from `rtl/mem/imem.sv' to AST representation.
Generating RTLIL representation for module `\imem'.
Successfully finished Verilog frontend.

6. Executing Verilog-2005 frontend: rtl/mem/dmem.sv
Parsing SystemVerilog input from `rtl/mem/dmem.sv' to AST representation.
Generating RTLIL representation for module `\dmem'.
Successfully finished Verilog frontend.

7. Executing Verilog-2005 frontend: rtl/periph/uart_tx.sv
Parsing SystemVerilog input from `rtl/periph/uart_tx.sv' to AST representation.
Generating RTLIL representation for module `\uart_tx'.
Successfully finished Verilog frontend.

8. Executing Verilog-2005 frontend: rtl/periph/uart_rx.sv
Parsing SystemVerilog input from `rtl/periph/uart_rx.sv' to AST representation.
Generating RTLIL representation for module `\uart_rx'.
Successfully finished Verilog frontend.

9. Executing Verilog-2005 frontend: rtl/periph/uart.sv
Parsing SystemVerilog input from `rtl/periph/uart.sv' to AST representation.
Generating RTLIL representation for module `\uart'.
Successfully finished Verilog frontend.

10. Executing Verilog-2005 frontend: rtl/periph/timer.sv
Parsing SystemVerilog input from `rtl/periph/timer.sv' to AST representation.
Generating RTLIL representation for module `\timer'.
Successfully finished Verilog frontend.

11. Executing Verilog-2005 frontend: rtl/custom/dotp.sv
Parsing SystemVerilog input from `rtl/custom/dotp.sv' to AST representation.
Generating RTLIL representation for module `\dotp'.
Warning: Replacing memory \b with list of registers. See rtl/custom/dotp.sv:63
Warning: Replacing memory \a with list of registers. See rtl/custom/dotp.sv:62
Successfully finished Verilog frontend.

12. Executing Verilog-2005 frontend: rtl/core/core_single.sv
Parsing SystemVerilog input from `rtl/core/core_single.sv' to AST representation.
Generating RTLIL representation for module `\core_single'.
Successfully finished Verilog frontend.

13. Executing Verilog-2005 frontend: rtl/soc/soc_single.sv
Parsing SystemVerilog input from `rtl/soc/soc_single.sv' to AST representation.
Generating RTLIL representation for module `\soc_single'.
Successfully finished Verilog frontend.

14. Executing HIERARCHY pass (managing design hierarchy).

14.1. Analyzing design hierarchy..
Top module:  \soc_single
Used module:     \dotp
Used module:     \timer
Used module:     \uart
Used module:         \uart_rx
Used module:         \uart_tx
Used module:     \core_single
Used module:         \alu
Used module:         \imm_gen
Used module:         \regfile
Used module:         \decoder
Parameter \DIV = 868

14.2. Executing AST frontend in derive mode using pre-parsed AST for module `\uart_rx'.
Parameter \DIV = 868
Generating RTLIL representation for module `$paramod\uart_rx\DIV=s32'00000000000000000000001101100100'.
Parameter \DIV = 868

14.3. Executing AST frontend in derive mode using pre-parsed AST for module `\uart_tx'.
Parameter \DIV = 868
Generating RTLIL representation for module `$paramod\uart_tx\DIV=s32'00000000000000000000001101100100'.
Parameter \BYPASS = 1'0

14.4. Executing AST frontend in derive mode using pre-parsed AST for module `\regfile'.
Parameter \BYPASS = 1'0
Generating RTLIL representation for module `$paramod\regfile\BYPASS=1'0'.
Parameter \DIV = 868

14.5. Executing AST frontend in derive mode using pre-parsed AST for module `\uart'.
Parameter \DIV = 868
Generating RTLIL representation for module `$paramod\uart\DIV=s32'00000000000000000000001101100100'.
Parameter \RESET_ADDR = 0
Parameter \IRQ_ADDR = 4

14.6. Executing AST frontend in derive mode using pre-parsed AST for module `\core_single'.
Parameter \RESET_ADDR = 0
Parameter \IRQ_ADDR = 4
Generating RTLIL representation for module `$paramod$5d5effb5ec0b6f8601d0119f1bfc6235e3bdaddf\core_single'.

14.7. Analyzing design hierarchy..
Top module:  \soc_single
Used module:     \dotp
Used module:     \timer
Used module:     $paramod\uart\DIV=s32'00000000000000000000001101100100
Used module:         \uart_rx
Used module:         \uart_tx
Used module:     $paramod$5d5effb5ec0b6f8601d0119f1bfc6235e3bdaddf\core_single
Used module:         \alu
Used module:         \imm_gen
Used module:         \regfile
Used module:         \decoder
Parameter \DIV = 868
Found cached RTLIL representation for module `$paramod\uart_rx\DIV=s32'00000000000000000000001101100100'.
Parameter \DIV = 868
Found cached RTLIL representation for module `$paramod\uart_tx\DIV=s32'00000000000000000000001101100100'.
Parameter \BYPASS = 1'0
Found cached RTLIL representation for module `$paramod\regfile\BYPASS=1'0'.

14.8. Analyzing design hierarchy..
Top module:  \soc_single
Used module:     \dotp
Used module:     \timer
Used module:     $paramod\uart\DIV=s32'00000000000000000000001101100100
Used module:         $paramod\uart_rx\DIV=s32'00000000000000000000001101100100
Used module:         $paramod\uart_tx\DIV=s32'00000000000000000000001101100100
Used module:     $paramod$5d5effb5ec0b6f8601d0119f1bfc6235e3bdaddf\core_single
Used module:         \alu
Used module:         \imm_gen
Used module:         $paramod\regfile\BYPASS=1'0
Used module:         \decoder

14.9. Analyzing design hierarchy..
Top module:  \soc_single
Used module:     \dotp
Used module:     \timer
Used module:     $paramod\uart\DIV=s32'00000000000000000000001101100100
Used module:         $paramod\uart_rx\DIV=s32'00000000000000000000001101100100
Used module:         $paramod\uart_tx\DIV=s32'00000000000000000000001101100100
Used module:     $paramod$5d5effb5ec0b6f8601d0119f1bfc6235e3bdaddf\core_single
Used module:         \alu
Used module:         \imm_gen
Used module:         $paramod\regfile\BYPASS=1'0
Used module:         \decoder
Removing unused module `\core_single'.
Removing unused module `\uart'.
Removing unused module `\uart_rx'.
Removing unused module `\uart_tx'.
Removing unused module `\regfile'.
Removed 5 unused modules.

15. Executing FLATTEN pass (flatten design).
Deleting now unused module $paramod$5d5effb5ec0b6f8601d0119f1bfc6235e3bdaddf\core_single.
Deleting now unused module dotp.
Deleting now unused module timer.
Deleting now unused module $paramod\uart\DIV=s32'00000000000000000000001101100100.
Deleting now unused module $paramod\regfile\BYPASS=1'0.
Deleting now unused module $paramod\uart_tx\DIV=s32'00000000000000000000001101100100.
Deleting now unused module decoder.
Deleting now unused module imm_gen.
Deleting now unused module $paramod\uart_rx\DIV=s32'00000000000000000000001101100100.
Deleting now unused module alu.
<suppressed ~10 debug messages>

16. Executing SYNTH pass.

16.1. Executing HIERARCHY pass (managing design hierarchy).

16.1.1. Analyzing design hierarchy..
Top module:  \soc_single

16.1.2. Analyzing design hierarchy..
Top module:  \soc_single
Removed 0 unused modules.

16.2. Executing PROC pass (convert processes to netlists).

16.2.1. Executing PROC_CLEAN pass (remove empty switches from decision trees).
Cleaned up 0 empty switches.

16.2.2. Executing PROC_RMDEAD pass (remove dead branches from decision trees).
Marked 1 switch rules as full_case in process $flatten\u_dotp.$proc$rtl/custom/dotp.sv:60$158 in module soc_single.
Marked 1 switch rules as full_case in process $flatten\u_dotp.$proc$rtl/custom/dotp.sv:0$161 in module soc_single.
Marked 1 switch rules as full_case in process $flatten\u_timer.$proc$rtl/periph/timer.sv:28$113 in module soc_single.
Marked 1 switch rules as full_case in process $flatten\u_timer.$proc$rtl/periph/timer.sv:0$118 in module soc_single.
Marked 1 switch rules as full_case in process $flatten\u_uart.$proc$rtl/periph/uart.sv:47$252 in module soc_single.
Marked 1 switch rules as full_case in process $flatten\u_uart.$proc$rtl/periph/uart.sv:68$267 in module soc_single.
Marked 1 switch rules as full_case in process $flatten\u_uart.$proc$rtl/periph/uart.sv:0$269 in module soc_single.
Marked 4 switch rules as full_case in process $flatten\u_uart.\u_tx.$proc$rtl/periph/uart_tx.sv:21$218 in module soc_single.
Marked 7 switch rules as full_case in process $flatten\u_uart.\u_rx.$proc$rtl/periph/uart_rx.sv:30$205 in module soc_single.
Marked 1 switch rules as full_case in process $flatten\u_uart.\u_rx.$proc$rtl/periph/uart_rx.sv:13$203 in module soc_single.
Marked 1 switch rules as full_case in process $flatten\u_core.$proc$rtl/core/core_single.sv:0$270 in module soc_single.
Marked 1 switch rules as full_case in process $flatten\u_core.$proc$rtl/core/core_single.sv:0$272 in module soc_single.
Marked 1 switch rules as full_case in process $flatten\u_core.$proc$rtl/core/core_single.sv:0$286 in module soc_single.
Marked 3 switch rules as full_case in process $flatten\u_core.$proc$rtl/core/core_single.sv:0$292 in module soc_single.
Marked 2 switch rules as full_case in process $flatten\u_core.$proc$rtl/core/core_single.sv:193$294 in module soc_single.
Removed 2 dead cases from process $flatten\u_core.\u_dec.$proc$rtl/core/decoder.sv:0$40 in module soc_single.
Marked 24 switch rules as full_case in process $flatten\u_core.\u_dec.$proc$rtl/core/decoder.sv:0$40 in module soc_single.
Marked 4 switch rules as full_case in process $flatten\u_core.\u_rf.$proc$rtl/core/regfile.sv:0$245 in module soc_single.
Marked 1 switch rules as full_case in process $flatten\u_core.\u_rf.$proc$rtl/core/regfile.sv:32$226 in module soc_single.
Marked 1 switch rules as full_case in process $flatten\u_core.\u_imm.$proc$rtl/core/imm_gen.sv:0$39 in module soc_single.
Marked 1 switch rules as full_case in process $flatten\u_core.\u_alu.$proc$rtl/core/alu.sv:0$4 in module soc_single.
Marked 1 switch rules as full_case in process $proc$rtl/soc/soc_single.sv:138$200 in module soc_single.
Marked 1 switch rules as full_case in process $proc$rtl/soc/soc_single.sv:0$199 in module soc_single.
Removed a total of 2 dead cases.

16.2.3. Executing PROC_PRUNE pass (remove redundant assignments in processes).
Removed 6 redundant assignments.
Promoted 27 assignments to connections.

16.2.4. Executing PROC_INIT pass (extract init attributes).

16.2.5. Executing PROC_ARST pass (detect async resets in processes).
Found async reset \u_dotp.rst_n in `\soc_single.$flatten\u_dotp.$proc$rtl/custom/dotp.sv:60$158'.
Found async reset \u_timer.rst_n in `\soc_single.$flatten\u_timer.$proc$rtl/periph/timer.sv:28$113'.
Found async reset \u_uart.rst_n in `\soc_single.$flatten\u_uart.$proc$rtl/periph/uart.sv:47$252'.
Found async reset \u_uart.rst_n in `\soc_single.$flatten\u_uart.$proc$rtl/periph/uart.sv:68$267'.
Found async reset \u_uart.u_tx.rst_n in `\soc_single.$flatten\u_uart.\u_tx.$proc$rtl/periph/uart_tx.sv:21$218'.
Found async reset \u_uart.u_rx.rst_n in `\soc_single.$flatten\u_uart.\u_rx.$proc$rtl/periph/uart_rx.sv:30$205'.
Found async reset \u_uart.u_rx.rst_n in `\soc_single.$flatten\u_uart.\u_rx.$proc$rtl/periph/uart_rx.sv:13$203'.
Found async reset \u_core.rst_n in `\soc_single.$flatten\u_core.$proc$rtl/core/core_single.sv:193$294'.
Found async reset \rst_n in `\soc_single.$proc$rtl/soc/soc_single.sv:138$200'.

16.2.6. Executing PROC_ROM pass (convert switches to ROMs).
Converted 0 switches.
<suppressed ~68 debug messages>

16.2.7. Executing PROC_MUX pass (convert decision trees to multiplexers).
Creating decoders for process `\soc_single.$flatten\u_dotp.$proc$rtl/custom/dotp.sv:60$158'.
     1/9: $flatten\u_dotp.$0\b[3][31:0]
     2/9: $flatten\u_dotp.$0\b[2][31:0]
     3/9: $flatten\u_dotp.$0\b[1][31:0]
     4/9: $flatten\u_dotp.$0\b[0][31:0]
     5/9: $flatten\u_dotp.$0\a[3][31:0]
     6/9: $flatten\u_dotp.$0\a[2][31:0]
     7/9: $flatten\u_dotp.$0\a[1][31:0]
     8/9: $flatten\u_dotp.$0\a[0][31:0]
     9/9: $flatten\u_dotp.$0\result[31:0]
Creating decoders for process `\soc_single.$flatten\u_dotp.$proc$rtl/custom/dotp.sv:0$161'.
     1/1: $flatten\u_dotp.$1\rdata[31:0]
Creating decoders for process `\soc_single.$flatten\u_timer.$proc$rtl/periph/timer.sv:28$113'.
     1/4: $flatten\u_timer.$0\cnt[31:0]
     2/4: $flatten\u_timer.$0\pending[0:0]
     3/4: $flatten\u_timer.$0\ie[0:0]
     4/4: $flatten\u_timer.$0\cmp[31:0]
Creating decoders for process `\soc_single.$flatten\u_timer.$proc$rtl/periph/timer.sv:0$118'.
     1/1: $flatten\u_timer.$1\rdata[31:0]
Creating decoders for process `\soc_single.$flatten\u_uart.$proc$rtl/periph/uart.sv:47$252'.
     1/3: $flatten\u_uart.$0\tx_pending[0:0]
     2/3: $flatten\u_uart.$0\tx_hold[7:0]
     3/3: $flatten\u_uart.$0\rx_avail[0:0]
Creating decoders for process `\soc_single.$flatten\u_uart.$proc$rtl/periph/uart.sv:68$267'.
     1/1: $flatten\u_uart.$0\rx_hold[7:0]
Creating decoders for process `\soc_single.$flatten\u_uart.$proc$rtl/periph/uart.sv:0$269'.
     1/1: $flatten\u_uart.$1\rdata[31:0]
Creating decoders for process `\soc_single.$flatten\u_uart.\u_tx.$proc$rtl/periph/uart_tx.sv:21$218'.
     1/4: $flatten\u_uart.\u_tx.$0\baud_cnt[31:0]
     2/4: $flatten\u_uart.\u_tx.$0\active[0:0]
     3/4: $flatten\u_uart.\u_tx.$0\bitpos[3:0]
     4/4: $flatten\u_uart.\u_tx.$0\frame[9:0]
Creating decoders for process `\soc_single.$flatten\u_uart.\u_rx.$proc$rtl/periph/uart_rx.sv:30$205'.
     1/6: $flatten\u_uart.\u_rx.$0\ready[0:0]
     2/6: $flatten\u_uart.\u_rx.$0\shreg[7:0]
     3/6: $flatten\u_uart.\u_rx.$0\state[1:0]
     4/6: $flatten\u_uart.\u_rx.$0\baud_cnt[31:0]
     5/6: $flatten\u_uart.\u_rx.$0\bitpos[2:0]
     6/6: $flatten\u_uart.\u_rx.$0\data[7:0]
Creating decoders for process `\soc_single.$flatten\u_uart.\u_rx.$proc$rtl/periph/uart_rx.sv:13$203'.
     1/2: $flatten\u_uart.\u_rx.$0\rx_sync[0:0]
     2/2: $flatten\u_uart.\u_rx.$0\rx_meta[0:0]
Creating decoders for process `\soc_single.$flatten\u_core.$proc$rtl/core/core_single.sv:0$270'.
     1/1: $flatten\u_core.$1\alu_a[31:0]
Creating decoders for process `\soc_single.$flatten\u_core.$proc$rtl/core/core_single.sv:0$272'.
     1/1: $flatten\u_core.$1\br_cond[0:0]
Creating decoders for process `\soc_single.$flatten\u_core.$proc$rtl/core/core_single.sv:0$286'.
     1/1: $flatten\u_core.$1\wb_data[31:0]
Creating decoders for process `\soc_single.$flatten\u_core.$proc$rtl/core/core_single.sv:0$292'.
     1/3: $flatten\u_core.$3\pc_next[31:0]
     2/3: $flatten\u_core.$2\pc_next[31:0]
     3/3: $flatten\u_core.$1\pc_next[31:0]
Creating decoders for process `\soc_single.$flatten\u_core.$proc$rtl/core/core_single.sv:193$294'.
     1/3: $flatten\u_core.$0\pc[31:0]
     2/3: $flatten\u_core.$0\in_handler[0:0]
     3/3: $flatten\u_core.$0\epc[31:0]
Creating decoders for process `\soc_single.$flatten\u_core.\u_dec.$proc$rtl/core/decoder.sv:0$40'.
     1/67: $flatten\u_core.\u_dec.$3\is_cus[0:0]
     2/67: $flatten\u_core.\u_dec.$3\is_mret[0:0]
     3/67: $flatten\u_core.\u_dec.$4\br_type[2:0]
     4/67: $flatten\u_core.\u_dec.$3\mem_we[0:0]
     5/67: $flatten\u_core.\u_dec.$5\reg_we[0:0]
     6/67: $flatten\u_core.\u_dec.$2\is_cus[0:0]
     7/67: $flatten\u_core.\u_dec.$4\wb_sel[1:0]
     8/67: $flatten\u_core.\u_dec.$4\reg_we[0:0]
     9/67: $flatten\u_core.\u_dec.$23\illegal[0:0]
    10/67: $flatten\u_core.\u_dec.$2\is_mret[0:0]
    11/67: $flatten\u_core.\u_dec.$22\illegal[0:0]
    12/67: $flatten\u_core.\u_dec.$21\illegal[0:0]
    13/67: $flatten\u_core.\u_dec.$20\illegal[0:0]
    14/67: $flatten\u_core.\u_dec.$12\alu_op[3:0]
    15/67: $flatten\u_core.\u_dec.$19\illegal[0:0]
    16/67: $flatten\u_core.\u_dec.$11\alu_op[3:0]
    17/67: $flatten\u_core.\u_dec.$18\illegal[0:0]
    18/67: $flatten\u_core.\u_dec.$17\illegal[0:0]
    19/67: $flatten\u_core.\u_dec.$16\illegal[0:0]
    20/67: $flatten\u_core.\u_dec.$15\illegal[0:0]
    21/67: $flatten\u_core.\u_dec.$14\illegal[0:0]
    22/67: $flatten\u_core.\u_dec.$10\alu_op[3:0]
    23/67: $flatten\u_core.\u_dec.$13\illegal[0:0]
    24/67: $flatten\u_core.\u_dec.$9\alu_op[3:0]
    25/67: $flatten\u_core.\u_dec.$12\illegal[0:0]
    26/67: $flatten\u_core.\u_dec.$8\alu_op[3:0]
    27/67: $flatten\u_core.\u_dec.$11\illegal[0:0]
    28/67: $flatten\u_core.\u_dec.$10\illegal[0:0]
    29/67: $flatten\u_core.\u_dec.$7\alu_op[3:0]
    30/67: $flatten\u_core.\u_dec.$6\alu_op[3:0]
    31/67: $flatten\u_core.\u_dec.$9\illegal[0:0]
    32/67: $flatten\u_core.\u_dec.$5\alu_op[3:0]
    33/67: $flatten\u_core.\u_dec.$8\illegal[0:0]
    34/67: $flatten\u_core.\u_dec.$7\illegal[0:0]
    35/67: $flatten\u_core.\u_dec.$4\alu_op[3:0]
    36/67: $flatten\u_core.\u_dec.$6\illegal[0:0]
    37/67: $flatten\u_core.\u_dec.$4\imm_type[2:0]
    38/67: $flatten\u_core.\u_dec.$3\alu_op[3:0]
    39/67: $flatten\u_core.\u_dec.$3\alu_b_imm[0:0]
    40/67: $flatten\u_core.\u_dec.$2\mem_we[0:0]
    41/67: $flatten\u_core.\u_dec.$5\illegal[0:0]
    42/67: $flatten\u_core.\u_dec.$3\imm_type[2:0]
    43/67: $flatten\u_core.\u_dec.$2\alu_op[3:0]
    44/67: $flatten\u_core.\u_dec.$2\alu_b_imm[0:0]
    45/67: $flatten\u_core.\u_dec.$3\wb_sel[1:0]
    46/67: $flatten\u_core.\u_dec.$3\reg_we[0:0]
    47/67: $flatten\u_core.\u_dec.$4\illegal[0:0]
    48/67: $flatten\u_core.\u_dec.$3\br_type[2:0]
    49/67: $flatten\u_core.\u_dec.$3\illegal[0:0]
    50/67: $flatten\u_core.\u_dec.$2\imm_type[2:0]
    51/67: $flatten\u_core.\u_dec.$2\jalr[0:0]
    52/67: $flatten\u_core.\u_dec.$2\br_type[2:0]
    53/67: $flatten\u_core.\u_dec.$2\wb_sel[1:0]
    54/67: $flatten\u_core.\u_dec.$2\reg_we[0:0]
    55/67: $flatten\u_core.\u_dec.$2\illegal[0:0]
    56/67: $flatten\u_core.\u_dec.$1\imm_type[2:0]
    57/67: $flatten\u_core.\u_dec.$1\alu_op[3:0]
    58/67: $flatten\u_core.\u_dec.$1\alu_b_imm[0:0]
    59/67: $flatten\u_core.\u_dec.$1\alu_a_sel[1:0]
    60/67: $flatten\u_core.\u_dec.$1\reg_we[0:0]
    61/67: $flatten\u_core.\u_dec.$1\illegal[0:0]
    62/67: $flatten\u_core.\u_dec.$1\is_cus[0:0]
    63/67: $flatten\u_core.\u_dec.$1\is_mret[0:0]
    64/67: $flatten\u_core.\u_dec.$1\jalr[0:0]
    65/67: $flatten\u_core.\u_dec.$1\br_type[2:0]
    66/67: $flatten\u_core.\u_dec.$1\mem_we[0:0]
    67/67: $flatten\u_core.\u_dec.$1\wb_sel[1:0]
Creating decoders for process `\soc_single.$flatten\u_core.\u_rf.$proc$rtl/core/regfile.sv:0$245'.
     1/4: $flatten\u_core.\u_rf.$2\rdata2[31:0]
     2/4: $flatten\u_core.\u_rf.$1\rdata2[31:0]
     3/4: $flatten\u_core.\u_rf.$2\rdata1[31:0]
     4/4: $flatten\u_core.\u_rf.$1\rdata1[31:0]
Creating decoders for process `\soc_single.$flatten\u_core.\u_rf.$proc$rtl/core/regfile.sv:32$226'.
     1/3: $flatten\u_core.\u_rf.$1$memwr$\regs$rtl/core/regfile.sv:34$225_EN[31:0]$234
     2/3: $flatten\u_core.\u_rf.$1$memwr$\regs$rtl/core/regfile.sv:34$225_DATA[31:0]$233
     3/3: $flatten\u_core.\u_rf.$1$memwr$\regs$rtl/core/regfile.sv:34$225_ADDR[4:0]$232
Creating decoders for process `\soc_single.$flatten\u_core.\u_imm.$proc$rtl/core/imm_gen.sv:0$39'.
     1/1: $flatten\u_core.\u_imm.$1\imm[31:0]
Creating decoders for process `\soc_single.$flatten\u_core.\u_alu.$proc$rtl/core/alu.sv:0$4'.
     1/1: $flatten\u_core.\u_alu.$1\y[31:0]
Creating decoders for process `\soc_single.$proc$rtl/soc/soc_single.sv:138$200'.
     1/2: $0\exit_code[31:0]
     2/2: $0\exit_valid[0:0]
Creating decoders for process `\soc_single.$proc$rtl/soc/soc_single.sv:0$199'.
     1/1: $1\dmem_rdata[31:0]

16.2.8. Executing PROC_DLATCH pass (convert process syncs to latches).
No latch inferred for signal `\soc_single.\u_dotp.rdata' from process `\soc_single.$flatten\u_dotp.$proc$rtl/custom/dotp.sv:0$161'.
No latch inferred for signal `\soc_single.\u_timer.rdata' from process `\soc_single.$flatten\u_timer.$proc$rtl/periph/timer.sv:0$118'.
No latch inferred for signal `\soc_single.\u_uart.rdata' from process `\soc_single.$flatten\u_uart.$proc$rtl/periph/uart.sv:0$269'.
No latch inferred for signal `\soc_single.\u_core.alu_a' from process `\soc_single.$flatten\u_core.$proc$rtl/core/core_single.sv:0$270'.
No latch inferred for signal `\soc_single.\u_core.br_cond' from process `\soc_single.$flatten\u_core.$proc$rtl/core/core_single.sv:0$272'.
No latch inferred for signal `\soc_single.\u_core.wb_data' from process `\soc_single.$flatten\u_core.$proc$rtl/core/core_single.sv:0$286'.
No latch inferred for signal `\soc_single.\u_core.pc_next' from process `\soc_single.$flatten\u_core.$proc$rtl/core/core_single.sv:0$292'.
No latch inferred for signal `\soc_single.\u_core.u_dec.imm_type' from process `\soc_single.$flatten\u_core.\u_dec.$proc$rtl/core/decoder.sv:0$40'.
No latch inferred for signal `\soc_single.\u_core.u_dec.reg_we' from process `\soc_single.$flatten\u_core.\u_dec.$proc$rtl/core/decoder.sv:0$40'.
No latch inferred for signal `\soc_single.\u_core.u_dec.wb_sel' from process `\soc_single.$flatten\u_core.\u_dec.$proc$rtl/core/decoder.sv:0$40'.
No latch inferred for signal `\soc_single.\u_core.u_dec.mem_we' from process `\soc_single.$flatten\u_core.\u_dec.$proc$rtl/core/decoder.sv:0$40'.
No latch inferred for signal `\soc_single.\u_core.u_dec.alu_a_sel' from process `\soc_single.$flatten\u_core.\u_dec.$proc$rtl/core/decoder.sv:0$40'.
No latch inferred for signal `\soc_single.\u_core.u_dec.alu_b_imm' from process `\soc_single.$flatten\u_core.\u_dec.$proc$rtl/core/decoder.sv:0$40'.
No latch inferred for signal `\soc_single.\u_core.u_dec.alu_op' from process `\soc_single.$flatten\u_core.\u_dec.$proc$rtl/core/decoder.sv:0$40'.
No latch inferred for signal `\soc_single.\u_core.u_dec.br_type' from process `\soc_single.$flatten\u_core.\u_dec.$proc$rtl/core/decoder.sv:0$40'.
No latch inferred for signal `\soc_single.\u_core.u_dec.jalr' from process `\soc_single.$flatten\u_core.\u_dec.$proc$rtl/core/decoder.sv:0$40'.
No latch inferred for signal `\soc_single.\u_core.u_dec.is_mret' from process `\soc_single.$flatten\u_core.\u_dec.$proc$rtl/core/decoder.sv:0$40'.
No latch inferred for signal `\soc_single.\u_core.u_dec.is_cus' from process `\soc_single.$flatten\u_core.\u_dec.$proc$rtl/core/decoder.sv:0$40'.
No latch inferred for signal `\soc_single.\u_core.u_dec.illegal' from process `\soc_single.$flatten\u_core.\u_dec.$proc$rtl/core/decoder.sv:0$40'.
No latch inferred for signal `\soc_single.\u_core.u_rf.rdata1' from process `\soc_single.$flatten\u_core.\u_rf.$proc$rtl/core/regfile.sv:0$245'.
No latch inferred for signal `\soc_single.\u_core.u_rf.rdata2' from process `\soc_single.$flatten\u_core.\u_rf.$proc$rtl/core/regfile.sv:0$245'.
No latch inferred for signal `\soc_single.\u_core.u_imm.imm' from process `\soc_single.$flatten\u_core.\u_imm.$proc$rtl/core/imm_gen.sv:0$39'.
No latch inferred for signal `\soc_single.\u_core.u_alu.y' from process `\soc_single.$flatten\u_core.\u_alu.$proc$rtl/core/alu.sv:0$4'.
No latch inferred for signal `\soc_single.\dmem_rdata' from process `\soc_single.$proc$rtl/soc/soc_single.sv:0$199'.

16.2.9. Executing PROC_DFF pass (convert process syncs to FFs).
Creating register for signal `\soc_single.\u_dotp.result' using process `\soc_single.$flatten\u_dotp.$proc$rtl/custom/dotp.sv:60$158'.
  created $adff cell `$procdff$1406' with positive edge clock and positive level reset.
Creating register for signal `\soc_single.\u_dotp.a[0]' using process `\soc_single.$flatten\u_dotp.$proc$rtl/custom/dotp.sv:60$158'.
  created $adff cell `$procdff$1411' with positive edge clock and positive level reset.
Creating register for signal `\soc_single.\u_dotp.a[1]' using process `\soc_single.$flatten\u_dotp.$proc$rtl/custom/dotp.sv:60$158'.
  created $adff cell `$procdff$1416' with positive edge clock and positive level reset.
Creating register for signal `\soc_single.\u_dotp.a[2]' using process `\soc_single.$flatten\u_dotp.$proc$rtl/custom/dotp.sv:60$158'.
  created $adff cell `$procdff$1421' with positive edge clock and positive level reset.
Creating register for signal `\soc_single.\u_dotp.a[3]' using process `\soc_single.$flatten\u_dotp.$proc$rtl/custom/dotp.sv:60$158'.
  created $adff cell `$procdff$1426' with positive edge clock and positive level reset.
Creating register for signal `\soc_single.\u_dotp.b[0]' using process `\soc_single.$flatten\u_dotp.$proc$rtl/custom/dotp.sv:60$158'.
  created $adff cell `$procdff$1431' with positive edge clock and positive level reset.
Creating register for signal `\soc_single.\u_dotp.b[1]' using process `\soc_single.$flatten\u_dotp.$proc$rtl/custom/dotp.sv:60$158'.
  created $adff cell `$procdff$1436' with positive edge clock and positive level reset.
Creating register for signal `\soc_single.\u_dotp.b[2]' using process `\soc_single.$flatten\u_dotp.$proc$rtl/custom/dotp.sv:60$158'.
  created $adff cell `$procdff$1441' with positive edge clock and positive level reset.
Creating register for signal `\soc_single.\u_dotp.b[3]' using process `\soc_single.$flatten\u_dotp.$proc$rtl/custom/dotp.sv:60$158'.
  created $adff cell `$procdff$1446' with positive edge clock and positive level reset.
Creating register for signal `\soc_single.\u_timer.cnt' using process `\soc_single.$flatten\u_timer.$proc$rtl/periph/timer.sv:28$113'.
  created $adff cell `$procdff$1451' with positive edge clock and positive level reset.
Creating register for signal `\soc_single.\u_timer.cmp' using process `\soc_single.$flatten\u_timer.$proc$rtl/periph/timer.sv:28$113'.
  created $adff cell `$procdff$1456' with positive edge clock and positive level reset.
Creating register for signal `\soc_single.\u_timer.ie' using process `\soc_single.$flatten\u_timer.$proc$rtl/periph/timer.sv:28$113'.
  created $adff cell `$procdff$1461' with positive edge clock and positive level reset.
Creating register for signal `\soc_single.\u_timer.pending' using process `\soc_single.$flatten\u_timer.$proc$rtl/periph/timer.sv:28$113'.
  created $adff cell `$procdff$1466' with positive edge clock and positive level reset.
Creating register for signal `\soc_single.\u_uart.rx_avail' using process `\soc_single.$flatten\u_uart.$proc$rtl/periph/uart.sv:47$252'.
  created $adff cell `$procdff$1471' with positive edge clock and positive level reset.
Creating register for signal `\soc_single.\u_uart.tx_hold' using process `\soc_single.$flatten\u_uart.$proc$rtl/periph/uart.sv:47$252'.
  created $adff cell `$procdff$1476' with positive edge clock and positive level reset.
Creating register for signal `\soc_single.\u_uart.tx_pending' using process `\soc_single.$flatten\u_uart.$proc$rtl/periph/uart.sv:47$252'.
  created $adff cell `$procdff$1481' with positive edge clock and positive level reset.
Creating register for signal `\soc_single.\u_uart.rx_hold' using process `\soc_single.$flatten\u_uart.$proc$rtl/periph/uart.sv:68$267'.
  created $adff cell `$procdff$1486' with positive edge clock and positive level reset.
Creating register for signal `\soc_single.\u_uart.u_tx.frame' using process `\soc_single.$flatten\u_uart.\u_tx.$proc$rtl/periph/uart_tx.sv:21$218'.
  created $adff cell `$procdff$1491' with positive edge clock and positive level reset.
Creating register for signal `\soc_single.\u_uart.u_tx.bitpos' using process `\soc_single.$flatten\u_uart.\u_tx.$proc$rtl/periph/uart_tx.sv:21$218'.
  created $adff cell `$procdff$1496' with positive edge clock and positive level reset.
Creating register for signal `\soc_single.\u_uart.u_tx.baud_cnt' using process `\soc_single.$flatten\u_uart.\u_tx.$proc$rtl/periph/uart_tx.sv:21$218'.
  created $adff cell `$procdff$1501' with positive edge clock and positive level reset.
Creating register for signal `\soc_single.\u_uart.u_tx.active' using process `\soc_single.$flatten\u_uart.\u_tx.$proc$rtl/periph/uart_tx.sv:21$218'.
  created $adff cell `$procdff$1506' with positive edge clock and positive level reset.
Creating register for signal `\soc_single.\u_uart.u_rx.data' using process `\soc_single.$flatten\u_uart.\u_rx.$proc$rtl/periph/uart_rx.sv:30$205'.
  created $adff cell `$procdff$1511' with positive edge clock and positive level reset.
Creating register for signal `\soc_single.\u_uart.u_rx.bitpos' using process `\soc_single.$flatten\u_uart.\u_rx.$proc$rtl/periph/uart_rx.sv:30$205'.
  created $adff cell `$procdff$1516' with positive edge clock and positive level reset.
Creating register for signal `\soc_single.\u_uart.u_rx.baud_cnt' using process `\soc_single.$flatten\u_uart.\u_rx.$proc$rtl/periph/uart_rx.sv:30$205'.
  created $adff cell `$procdff$1521' with positive edge clock and positive level reset.
Creating register for signal `\soc_single.\u_uart.u_rx.ready' using process `\soc_single.$flatten\u_uart.\u_rx.$proc$rtl/periph/uart_rx.sv:30$205'.
  created $adff cell `$procdff$1526' with positive edge clock and positive level reset.
Creating register for signal `\soc_single.\u_uart.u_rx.state' using process `\soc_single.$flatten\u_uart.\u_rx.$proc$rtl/periph/uart_rx.sv:30$205'.
  created $adff cell `$procdff$1531' with positive edge clock and positive level reset.
Creating register for signal `\soc_single.\u_uart.u_rx.shreg' using process `\soc_single.$flatten\u_uart.\u_rx.$proc$rtl/periph/uart_rx.sv:30$205'.
  created $adff cell `$procdff$1536' with positive edge clock and positive level reset.
Creating register for signal `\soc_single.\u_uart.u_rx.rx_meta' using process `\soc_single.$flatten\u_uart.\u_rx.$proc$rtl/periph/uart_rx.sv:13$203'.
  created $adff cell `$procdff$1541' with positive edge clock and positive level reset.
Creating register for signal `\soc_single.\u_uart.u_rx.rx_sync' using process `\soc_single.$flatten\u_uart.\u_rx.$proc$rtl/periph/uart_rx.sv:13$203'.
  created $adff cell `$procdff$1546' with positive edge clock and positive level reset.
Creating register for signal `\soc_single.\u_core.pc' using process `\soc_single.$flatten\u_core.$proc$rtl/core/core_single.sv:193$294'.
  created $adff cell `$procdff$1551' with positive edge clock and positive level reset.
Creating register for signal `\soc_single.\u_core.epc' using process `\soc_single.$flatten\u_core.$proc$rtl/core/core_single.sv:193$294'.
  created $adff cell `$procdff$1556' with positive edge clock and positive level reset.
Creating register for signal `\soc_single.\u_core.in_handler' using process `\soc_single.$flatten\u_core.$proc$rtl/core/core_single.sv:193$294'.
  created $adff cell `$procdff$1561' with positive edge clock and positive level reset.
Creating register for signal `\soc_single.$flatten\u_core.\u_rf.$memwr$\regs$rtl/core/regfile.sv:34$225_ADDR' using process `\soc_single.$flatten\u_core.\u_rf.$proc$rtl/core/regfile.sv:32$226'.
  created $dff cell `$procdff$1562' with positive edge clock.
Creating register for signal `\soc_single.$flatten\u_core.\u_rf.$memwr$\regs$rtl/core/regfile.sv:34$225_DATA' using process `\soc_single.$flatten\u_core.\u_rf.$proc$rtl/core/regfile.sv:32$226'.
  created $dff cell `$procdff$1563' with positive edge clock.
Creating register for signal `\soc_single.$flatten\u_core.\u_rf.$memwr$\regs$rtl/core/regfile.sv:34$225_EN' using process `\soc_single.$flatten\u_core.\u_rf.$proc$rtl/core/regfile.sv:32$226'.
  created $dff cell `$procdff$1564' with positive edge clock.
Creating register for signal `\soc_single.\exit_valid' using process `\soc_single.$proc$rtl/soc/soc_single.sv:138$200'.
  created $adff cell `$procdff$1569' with positive edge clock and positive level reset.
Creating register for signal `\soc_single.\exit_code' using process `\soc_single.$proc$rtl/soc/soc_single.sv:138$200'.
  created $adff cell `$procdff$1574' with positive edge clock and positive level reset.

16.2.10. Executing PROC_MEMWR pass (convert process memory writes to cells).

16.2.11. Executing PROC_CLEAN pass (remove empty switches from decision trees).
Found and cleaned up 3 empty switches in `\soc_single.$flatten\u_dotp.$proc$rtl/custom/dotp.sv:60$158'.
Removing empty process `soc_single.$flatten\u_dotp.$proc$rtl/custom/dotp.sv:60$158'.
Found and cleaned up 1 empty switch in `\soc_single.$flatten\u_dotp.$proc$rtl/custom/dotp.sv:0$161'.
Removing empty process `soc_single.$flatten\u_dotp.$proc$rtl/custom/dotp.sv:0$161'.
Found and cleaned up 4 empty switches in `\soc_single.$flatten\u_timer.$proc$rtl/periph/timer.sv:28$113'.
Removing empty process `soc_single.$flatten\u_timer.$proc$rtl/periph/timer.sv:28$113'.
Found and cleaned up 1 empty switch in `\soc_single.$flatten\u_timer.$proc$rtl/periph/timer.sv:0$118'.
Removing empty process `soc_single.$flatten\u_timer.$proc$rtl/periph/timer.sv:0$118'.
Found and cleaned up 4 empty switches in `\soc_single.$flatten\u_uart.$proc$rtl/periph/uart.sv:47$252'.
Removing empty process `soc_single.$flatten\u_uart.$proc$rtl/periph/uart.sv:47$252'.
Found and cleaned up 1 empty switch in `\soc_single.$flatten\u_uart.$proc$rtl/periph/uart.sv:68$267'.
Removing empty process `soc_single.$flatten\u_uart.$proc$rtl/periph/uart.sv:68$267'.
Found and cleaned up 1 empty switch in `\soc_single.$flatten\u_uart.$proc$rtl/periph/uart.sv:0$269'.
Removing empty process `soc_single.$flatten\u_uart.$proc$rtl/periph/uart.sv:0$269'.
Found and cleaned up 4 empty switches in `\soc_single.$flatten\u_uart.\u_tx.$proc$rtl/periph/uart_tx.sv:21$218'.
Removing empty process `soc_single.$flatten\u_uart.\u_tx.$proc$rtl/periph/uart_tx.sv:21$218'.
Found and cleaned up 8 empty switches in `\soc_single.$flatten\u_uart.\u_rx.$proc$rtl/periph/uart_rx.sv:30$205'.
Removing empty process `soc_single.$flatten\u_uart.\u_rx.$proc$rtl/periph/uart_rx.sv:30$205'.
Removing empty process `soc_single.$flatten\u_uart.\u_rx.$proc$rtl/periph/uart_rx.sv:13$203'.
Found and cleaned up 1 empty switch in `\soc_single.$flatten\u_core.$proc$rtl/core/core_single.sv:0$270'.
Removing empty process `soc_single.$flatten\u_core.$proc$rtl/core/core_single.sv:0$270'.
Found and cleaned up 1 empty switch in `\soc_single.$flatten\u_core.$proc$rtl/core/core_single.sv:0$272'.
Removing empty process `soc_single.$flatten\u_core.$proc$rtl/core/core_single.sv:0$272'.
Found and cleaned up 1 empty switch in `\soc_single.$flatten\u_core.$proc$rtl/core/core_single.sv:0$286'.
Removing empty process `soc_single.$flatten\u_core.$proc$rtl/core/core_single.sv:0$286'.
Found and cleaned up 3 empty switches in `\soc_single.$flatten\u_core.$proc$rtl/core/core_single.sv:0$292'.
Removing empty process `soc_single.$flatten\u_core.$proc$rtl/core/core_single.sv:0$292'.
Found and cleaned up 2 empty switches in `\soc_single.$flatten\u_core.$proc$rtl/core/core_single.sv:193$294'.
Removing empty process `soc_single.$flatten\u_core.$proc$rtl/core/core_single.sv:193$294'.
Found and cleaned up 24 empty switches in `\soc_single.$flatten\u_core.\u_dec.$proc$rtl/core/decoder.sv:0$40'.
Removing empty process `soc_single.$flatten\u_core.\u_dec.$proc$rtl/core/decoder.sv:0$40'.
Found and cleaned up 4 empty switches in `\soc_single.$flatten\u_core.\u_rf.$proc$rtl/core/regfile.sv:0$245'.
Removing empty process `soc_single.$flatten\u_core.\u_rf.$proc$rtl/core/regfile.sv:0$245'.
Found and cleaned up 1 empty switch in `\soc_single.$flatten\u_core.\u_rf.$proc$rtl/core/regfile.sv:32$226'.
Removing empty process `soc_single.$flatten\u_core.\u_rf.$proc$rtl/core/regfile.sv:32$226'.
Found and cleaned up 1 empty switch in `\soc_single.$flatten\u_core.\u_imm.$proc$rtl/core/imm_gen.sv:0$39'.
Removing empty process `soc_single.$flatten\u_core.\u_imm.$proc$rtl/core/imm_gen.sv:0$39'.
Found and cleaned up 1 empty switch in `\soc_single.$flatten\u_core.\u_alu.$proc$rtl/core/alu.sv:0$4'.
Removing empty process `soc_single.$flatten\u_core.\u_alu.$proc$rtl/core/alu.sv:0$4'.
Found and cleaned up 1 empty switch in `\soc_single.$proc$rtl/soc/soc_single.sv:138$200'.
Removing empty process `soc_single.$proc$rtl/soc/soc_single.sv:138$200'.
Found and cleaned up 1 empty switch in `\soc_single.$proc$rtl/soc/soc_single.sv:0$199'.
Removing empty process `soc_single.$proc$rtl/soc/soc_single.sv:0$199'.
Cleaned up 68 empty switches.

16.2.12. Executing OPT_EXPR pass (perform const folding).
Optimizing module soc_single.
Couldn't topologically sort cells, optimizing module soc_single may take a longer time.
<suppressed ~125 debug messages>

16.3. Executing OPT_EXPR pass (perform const folding).
Optimizing module soc_single.

16.4. Executing OPT_CLEAN pass (remove unused cells and wires).
Finding unused cells or wires in module \soc_single..
Removed 54 unused cells and 432 unused wires.
<suppressed ~56 debug messages>

16.5. Executing CHECK pass (checking for obvious problems).
Checking module soc_single...
Found and reported 0 problems.

16.6. Executing OPT pass (performing simple optimizations).

16.6.1. Executing OPT_EXPR pass (perform const folding).
Optimizing module soc_single.

16.6.2. Executing OPT_MERGE pass (detect identical cells).
Finding identical cells in module `\soc_single'.
<suppressed ~642 debug messages>
Removed a total of 214 cells.

16.6.3. Executing OPT_MUXTREE pass (detect dead branches in mux trees).
Running muxtree optimizer on module \soc_single..
  Creating internal representation of mux trees.
  Evaluating internal representation of mux trees.
      Replacing known input bits on port A of cell $procmux$447: \u_uart.u_tx.active -> 1'1
      Replacing known input bits on port A of cell $procmux$445: \u_uart.u_tx.active -> 1'1
      Replacing known input bits on port A of cell $procmux$450: \u_uart.u_tx.active -> 1'0
  Analyzing evaluation results.
    dead port 2/2 on $mux $procmux$1141.
    dead port 2/2 on $mux $procmux$1158.
    dead port 2/2 on $mux $procmux$1170.
    dead port 2/2 on $mux $procmux$1183.
    dead port 2/2 on $mux $procmux$1196.
    dead port 2/2 on $mux $procmux$1209.
    dead port 2/2 on $mux $procmux$1222.
    dead port 2/2 on $mux $procmux$1235.
    dead port 1/2 on $mux $procmux$1349.
    dead port 1/2 on $mux $procmux$1358.
    dead port 2/2 on $mux $procmux$1124.
    dead port 1/2 on $mux $procmux$566.
    dead port 1/2 on $mux $procmux$569.
    dead port 1/2 on $mux $procmux$575.
    dead port 2/2 on $mux $procmux$607.
    dead port 2/2 on $mux $procmux$612.
    dead port 2/2 on $mux $procmux$618.
    dead port 2/2 on $mux $procmux$624.
    dead port 2/2 on $mux $procmux$631.
    dead port 2/2 on $mux $procmux$638.
    dead port 2/2 on $mux $procmux$646.
    dead port 2/2 on $mux $procmux$648.
    dead port 2/2 on $mux $procmux$657.
    dead port 2/2 on $mux $procmux$659.
    dead port 1/2 on $mux $procmux$670.
    dead port 2/2 on $mux $procmux$672.
    dead port 2/2 on $mux $procmux$674.
    dead port 1/2 on $mux $procmux$685.
    dead port 2/2 on $mux $procmux$687.
    dead port 2/2 on $mux $procmux$689.
    dead port 2/2 on $mux $procmux$699.
    dead port 2/2 on $mux $procmux$701.
    dead port 2/2 on $mux $procmux$711.
    dead port 2/2 on $mux $procmux$713.
    dead port 2/2 on $mux $procmux$724.
    dead port 2/2 on $mux $procmux$726.
    dead port 2/2 on $mux $procmux$738.
    dead port 2/2 on $mux $procmux$740.
    dead port 2/2 on $mux $procmux$753.
    dead port 2/2 on $mux $procmux$755.
    dead port 2/2 on $mux $procmux$769.
    dead port 2/2 on $mux $procmux$771.
    dead port 1/2 on $mux $procmux$787.
    dead port 1/2 on $mux $procmux$790.
    dead port 2/2 on $mux $procmux$792.
    dead port 2/2 on $mux $procmux$794.
    dead port 1/2 on $mux $procmux$810.
    dead port 1/2 on $mux $procmux$813.
    dead port 2/2 on $mux $procmux$815.
    dead port 2/2 on $mux $procmux$817.
    dead port 1/2 on $mux $procmux$833.
    dead port 2/2 on $mux $procmux$835.
    dead port 2/2 on $mux $procmux$837.
    dead port 1/2 on $mux $procmux$853.
    dead port 2/2 on $mux $procmux$855.
    dead port 2/2 on $mux $procmux$857.
    dead port 2/2 on $mux $procmux$872.
    dead port 2/2 on $mux $procmux$874.
    dead port 2/2 on $mux $procmux$889.
    dead port 2/2 on $mux $procmux$891.
    dead port 2/2 on $mux $procmux$1011.
    dead port 2/2 on $mux $procmux$905.
    dead port 2/2 on $mux $procmux$1021.
    dead port 2/2 on $mux $procmux$1030.
    dead port 2/2 on $mux $procmux$1040.
    dead port 2/2 on $mux $procmux$919.
    dead port 1/2 on $mux $procmux$929.
    dead port 2/2 on $mux $procmux$931.
    dead port 2/2 on $mux $procmux$1050.
    dead port 2/2 on $mux $procmux$933.
    dead port 1/2 on $mux $procmux$943.
    dead port 2/2 on $mux $procmux$945.
    dead port 2/2 on $mux $procmux$947.
    dead port 2/2 on $mux $procmux$1060.
    dead port 2/2 on $mux $procmux$956.
    dead port 2/2 on $mux $procmux$958.
    dead port 2/2 on $mux $procmux$1070.
    dead port 2/2 on $mux $procmux$967.
    dead port 2/2 on $mux $procmux$969.
    dead port 2/2 on $mux $procmux$1080.
    dead port 2/2 on $mux $procmux$979.
    dead port 2/2 on $mux $procmux$981.
    dead port 2/2 on $mux $procmux$1091.
    dead port 2/2 on $mux $procmux$1102.
    dead port 2/2 on $mux $procmux$1113.
    dead port 2/2 on $mux $procmux$996.
Removed 86 multiplexer ports.
<suppressed ~65 debug messages>

16.6.4. Executing OPT_REDUCE pass (consolidate $*mux and $reduce_* inputs).
  Optimizing cells in module \soc_single.
    New ctrl vector for $pmux cell $procmux$1340: { $procmux$1247_CMP $procmux$1171_CMP $procmux$1071_CMP }
    Consolidated identical input bits for $mux cell $procmux$1364:
      Old ports: A=0, B=32'11111111111111111111111111111111, Y=$flatten\u_core.\u_rf.$0$memwr$\regs$rtl/core/regfile.sv:34$225_EN[31:0]$229
      New ports: A=1'0, B=1'1, Y=$flatten\u_core.\u_rf.$0$memwr$\regs$rtl/core/regfile.sv:34$225_EN[31:0]$229 [0]
      New connections: $flatten\u_core.\u_rf.$0$memwr$\regs$rtl/core/regfile.sv:34$225_EN[31:0]$229 [31:1] = { $flatten\u_core.\u_rf.$0$memwr$\regs$rtl/core/regfile.sv:34$225_EN[31:0]$229 [0] $flatten\u_core.\u_rf.$0$memwr$\regs$rtl/core/regfile.sv:34$225_EN[31:0]$229 [0] $flatten\u_core.\u_rf.$0$memwr$\regs$rtl/core/regfile.sv:34$225_EN[31:0]$229 [0] $flatten\u_core.\u_rf.$0$memwr$\regs$rtl/core/regfile.sv:34$225_EN[31:0]$229 [0] $flatten\u_core.\u_rf.$0$memwr$\regs$rtl/core/regfile.sv:34$225_EN[31:0]$229 [0] $flatten\u_core.\u_rf.$0$memwr$\regs$rtl/core/regfile.sv:34$225_EN[31:0]$229 [0] $flatten\u_core.\u_rf.$0$memwr$\regs$rtl/core/regfile.sv:34$225_EN[31:0]$229 [0] $flatten\u_core.\u_rf.$0$memwr$\regs$rtl/core/regfile.sv:34$225_EN[31:0]$229 [0] $flatten\u_core.\u_rf.$0$memwr$\regs$rtl/core/regfile.sv:34$225_EN[31:0]$229 [0] $flatten\u_core.\u_rf.$0$memwr$\regs$rtl/core/regfile.sv:34$225_EN[31:0]$229 [0] $flatten\u_core.\u_rf.$0$memwr$\regs$rtl/core/regfile.sv:34$225_EN[31:0]$229 [0] $flatten\u_core.\u_rf.$0$memwr$\regs$rtl/core/regfile.sv:34$225_EN[31:0]$229 [0] $flatten\u_core.\u_rf.$0$memwr$\regs$rtl/core/regfile.sv:34$225_EN[31:0]$229 [0] $flatten\u_core.\u_rf.$0$memwr$\regs$rtl/core/regfile.sv:34$225_EN[31:0]$229 [0] $flatten\u_core.\u_rf.$0$memwr$\regs$rtl/core/regfile.sv:34$225_EN[31:0]$229 [0] $flatten\u_core.\u_rf.$0$memwr$\regs$rtl/core/regfile.sv:34$225_EN[31:0]$229 [0] $flatten\u_core.\u_rf.$0$memwr$\regs$rtl/core/regfile.sv:34$225_EN[31:0]$229 [0] $flatten\u_core.\u_rf.$0$memwr$\regs$rtl/core/regfile.sv:34$225_EN[31:0]$229 [0] $flatten\u_core.\u_rf.$0$memwr$\regs$rtl/core/regfile.sv:34$225_EN[31:0]$229 [0] $flatten\u_core.\u_rf.$0$memwr$\regs$rtl/core/regfile.sv:34$225_EN[31:0]$229 [0] $flatten\u_core.\u_rf.$0$memwr$\regs$rtl/core/regfile.sv:34$225_EN[31:0]$229 [0] $flatten\u_core.\u_rf.$0$memwr$\regs$rtl/core/regfile.sv:34$225_EN[31:0]$229 [0] $flatten\u_core.\u_rf.$0$memwr$\regs$rtl/core/regfile.sv:34$225_EN[31:0]$229 [0] $flatten\u_core.\u_rf.$0$memwr$\regs$rtl/core/regfile.sv:34$225_EN[31:0]$229 [0] $flatten\u_core.\u_rf.$0$memwr$\regs$rtl/core/regfile.sv:34$225_EN[31:0]$229 [0] $flatten\u_core.\u_rf.$0$memwr$\regs$rtl/core/regfile.sv:34$225_EN[31:0]$229 [0] $flatten\u_core.\u_rf.$0$memwr$\regs$rtl/core/regfile.sv:34$225_EN[31:0]$229 [0] $flatten\u_core.\u_rf.$0$memwr$\regs$rtl/core/regfile.sv:34$225_EN[31:0]$229 [0] $flatten\u_core.\u_rf.$0$memwr$\regs$rtl/core/regfile.sv:34$225_EN[31:0]$229 [0] $flatten\u_core.\u_rf.$0$memwr$\regs$rtl/core/regfile.sv:34$225_EN[31:0]$229 [0] $flatten\u_core.\u_rf.$0$memwr$\regs$rtl/core/regfile.sv:34$225_EN[31:0]$229 [0] }
    New ctrl vector for $pmux cell $procmux$1151: $auto$opt_reduce.cc:137:opt_pmux$1577
    New ctrl vector for $pmux cell $procmux$433: { $procmux$412_CMP $auto$opt_reduce.cc:137:opt_pmux$1579 }
    New ctrl vector for $pmux cell $procmux$1242: { $auto$opt_reduce.cc:137:opt_pmux$1581 $procmux$1247_CMP $procmux$1142_CMP $procmux$1022_CMP }
    New ctrl vector for $pmux cell $procmux$1253: { $procmux$1012_CMP $procmux$1254_CMP }
    New ctrl vector for $pmux cell $procmux$1262: { $procmux$1071_CMP $procmux$1022_CMP $auto$opt_reduce.cc:137:opt_pmux$1583 }
    New ctrl vector for $pmux cell $procmux$1282: { $procmux$1171_CMP $procmux$1071_CMP $auto$opt_reduce.cc:137:opt_pmux$1585 $procmux$1283_CMP }
    New ctrl vector for $pmux cell $procmux$1002: { $auto$opt_reduce.cc:137:opt_pmux$1587 $procmux$1004_CMP $procmux$1003_CMP }
    New ctrl vector for $pmux cell $procmux$1292: { $auto$opt_reduce.cc:137:opt_pmux$1589 $procmux$1171_CMP $procmux$1142_CMP $procmux$1071_CMP $procmux$1022_CMP $procmux$1012_CMP $procmux$1254_CMP $procmux$1294_CMP $procmux$1283_CMP }
  Optimizing cells in module \soc_single.
Performed a total of 10 changes.

16.6.5. Executing OPT_MERGE pass (detect identical cells).
Finding identical cells in module `\soc_single'.
<suppressed ~57 debug messages>
Removed a total of 19 cells.

16.6.6. Executing OPT_DFF pass (perform DFF optimizations).

16.6.7. Executing OPT_CLEAN pass (remove unused cells and wires).
Finding unused cells or wires in module \soc_single..
Removed 0 unused cells and 319 unused wires.
<suppressed ~1 debug messages>

16.6.8. Executing OPT_EXPR pass (perform const folding).
Optimizing module soc_single.

16.6.9. Rerunning OPT passes. (Maybe there is more to do..)

16.6.10. Executing OPT_MUXTREE pass (detect dead branches in mux trees).
Running muxtree optimizer on module \soc_single..
  Creating internal representation of mux trees.
  Evaluating internal representation of mux trees.
  Analyzing evaluation results.
Removed 0 multiplexer ports.
<suppressed ~70 debug messages>

16.6.11. Executing OPT_REDUCE pass (consolidate $*mux and $reduce_* inputs).
  Optimizing cells in module \soc_single.
    New ctrl vector for $pmux cell $procmux$1262: { $auto$opt_reduce.cc:137:opt_pmux$1591 $auto$opt_reduce.cc:137:opt_pmux$1583 }
    New ctrl vector for $pmux cell $procmux$1282: { $procmux$1071_CMP $auto$opt_reduce.cc:137:opt_pmux$1585 $auto$opt_reduce.cc:137:opt_pmux$1593 }
    New ctrl vector for $pmux cell $procmux$1292: { $auto$opt_reduce.cc:137:opt_pmux$1589 $procmux$1142_CMP $auto$opt_reduce.cc:137:opt_pmux$1597 $procmux$1012_CMP $procmux$1254_CMP $procmux$1294_CMP $auto$opt_reduce.cc:137:opt_pmux$1595 }
    New ctrl vector for $pmux cell $procmux$509: { $procmux$505_CMP $procmux$502_CMP $auto$opt_reduce.cc:137:opt_pmux$1599 }
    New ctrl vector for $pmux cell $procmux$896: { $flatten\u_core.\u_dec.$eq$rtl/core/decoder.sv:168$59_Y $procmux$1003_CMP $auto$opt_reduce.cc:137:opt_pmux$1601 }
  Optimizing cells in module \soc_single.
Performed a total of 5 changes.

16.6.12. Executing OPT_MERGE pass (detect identical cells).
Finding identical cells in module `\soc_single'.
<suppressed ~6 debug messages>
Removed a total of 2 cells.

16.6.13. Executing OPT_DFF pass (perform DFF optimizations).

16.6.14. Executing OPT_CLEAN pass (remove unused cells and wires).
Finding unused cells or wires in module \soc_single..
Removed 0 unused cells and 2 unused wires.
<suppressed ~1 debug messages>

16.6.15. Executing OPT_EXPR pass (perform const folding).
Optimizing module soc_single.

16.6.16. Rerunning OPT passes. (Maybe there is more to do..)

16.6.17. Executing OPT_MUXTREE pass (detect dead branches in mux trees).
Running muxtree optimizer on module \soc_single..
  Creating internal representation of mux trees.
  Evaluating internal representation of mux trees.
  Analyzing evaluation results.
Removed 0 multiplexer ports.
<suppressed ~70 debug messages>

16.6.18. Executing OPT_REDUCE pass (consolidate $*mux and $reduce_* inputs).
  Optimizing cells in module \soc_single.
Performed a total of 0 changes.

16.6.19. Executing OPT_MERGE pass (detect identical cells).
Finding identical cells in module `\soc_single'.
Removed a total of 0 cells.

16.6.20. Executing OPT_DFF pass (perform DFF optimizations).

16.6.21. Executing OPT_CLEAN pass (remove unused cells and wires).
Finding unused cells or wires in module \soc_single..

16.6.22. Executing OPT_EXPR pass (perform const folding).
Optimizing module soc_single.

16.6.23. Finished OPT passes. (There is nothing left to do.)

16.7. Executing FSM pass (extract and optimize FSM).

16.7.1. Executing FSM_DETECT pass (finding FSMs in design).
Found FSM state register soc_single.u_uart.u_rx.state.

16.7.2. Executing FSM_EXTRACT pass (extracting FSM from design).
Extracting FSM `\u_uart.u_rx.state' from module `\soc_single'.
  found $adff cell for state register: $procdff$1531
  root of input selection tree: $flatten\u_uart.\u_rx.$0\state[1:0]
  found reset state: 2'00 (from async reset)
  found ctrl input: $procmux$477_CMP
  found ctrl input: $procmux$483_CMP
  found ctrl input: $procmux$502_CMP
  found ctrl input: $procmux$505_CMP
  found ctrl input: $flatten\u_uart.\u_rx.$eq$rtl/periph/uart_rx.sv:60$211_Y
  found ctrl input: $flatten\u_uart.\u_rx.$eq$rtl/periph/uart_rx.sv:63$212_Y
  found state code: 2'11
  found ctrl input: $flatten\u_uart.\u_rx.$eq$rtl/periph/uart_rx.sv:49$208_Y
  found ctrl input: \u_uart.u_rx.rx_sync
  found state code: 2'10
  found state code: 2'01
  found ctrl output: $procmux$477_CMP
  found ctrl output: $procmux$483_CMP
  found ctrl output: $procmux$505_CMP
  found ctrl output: $procmux$502_CMP
  ctrl inputs: { $flatten\u_uart.\u_rx.$eq$rtl/periph/uart_rx.sv:63$212_Y $flatten\u_uart.\u_rx.$eq$rtl/periph/uart_rx.sv:60$211_Y $flatten\u_uart.\u_rx.$eq$rtl/periph/uart_rx.sv:49$208_Y \u_uart.u_rx.rx_sync }
  ctrl outputs: { $flatten\u_uart.\u_rx.$0\state[1:0] $procmux$502_CMP $procmux$505_CMP $procmux$483_CMP $procmux$477_CMP }
  transition:       2'00 4'---0 ->       2'01 6'010100
  transition:       2'00 4'---1 ->       2'00 6'000100
  transition:       2'10 4'-0-- ->       2'10 6'100010
  transition:       2'10 4'01-- ->       2'10 6'100010
  transition:       2'10 4'11-- ->       2'11 6'110010
  transition:       2'01 4'--0- ->       2'01 6'011000
  transition:       2'01 4'--10 ->       2'10 6'101000
  transition:       2'01 4'--11 ->       2'00 6'001000
  transition:       2'11 4'-0-- ->       2'11 6'110001
  transition:       2'11 4'-1-- ->       2'00 6'000001

16.7.3. Executing FSM_OPT pass (simple optimizations of FSMs).
Optimizing FSM `$fsm$\u_uart.u_rx.state$1602' from module `\soc_single'.

16.7.4. Executing OPT_CLEAN pass (remove unused cells and wires).
Finding unused cells or wires in module \soc_single..
Removed 12 unused cells and 12 unused wires.
<suppressed ~13 debug messages>

16.7.5. Executing FSM_OPT pass (simple optimizations of FSMs).
Optimizing FSM `$fsm$\u_uart.u_rx.state$1602' from module `\soc_single'.
  Removing unused output signal $flatten\u_uart.\u_rx.$0\state[1:0] [0].
  Removing unused output signal $flatten\u_uart.\u_rx.$0\state[1:0] [1].

16.7.6. Executing FSM_RECODE pass (re-assigning FSM state encoding).
Recoding FSM `$fsm$\u_uart.u_rx.state$1602' from module `\soc_single' using `auto' encoding:
  mapping auto encoding to `one-hot` for this FSM.
  00 -> ---1
  10 -> --1-
  01 -> -1--
  11 -> 1---

16.7.7. Executing FSM_INFO pass (dumping all available information on FSM cells).

FSM `$fsm$\u_uart.u_rx.state$1602' from module `soc_single':
-------------------------------------

  Information on FSM $fsm$\u_uart.u_rx.state$1602 (\u_uart.u_rx.state):

  Number of input signals:    4
  Number of output signals:   4
  Number of state bits:       4

  Input signals:
    0: \u_uart.u_rx.rx_sync
    1: $flatten\u_uart.\u_rx.$eq$rtl/periph/uart_rx.sv:49$208_Y
    2: $flatten\u_uart.\u_rx.$eq$rtl/periph/uart_rx.sv:60$211_Y
    3: $flatten\u_uart.\u_rx.$eq$rtl/periph/uart_rx.sv:63$212_Y

  Output signals:
    0: $procmux$477_CMP
    1: $procmux$483_CMP
    2: $procmux$505_CMP
    3: $procmux$502_CMP

  State encoding:
    0:     4'---1  <RESET STATE>
    1:     4'--1-
    2:     4'-1--
    3:     4'1---

  Transition Table (state_in, ctrl_in, state_out, ctrl_out):
      0:     0 4'---1   ->     0 4'0100
      1:     0 4'---0   ->     2 4'0100
      2:     1 4'-0--   ->     1 4'0010
      3:     1 4'01--   ->     1 4'0010
      4:     1 4'11--   ->     3 4'0010
      5:     2 4'--11   ->     0 4'1000
      6:     2 4'--10   ->     1 4'1000
      7:     2 4'--0-   ->     2 4'1000
      8:     3 4'-1--   ->     0 4'0001
      9:     3 4'-0--   ->     3 4'0001

-------------------------------------

16.7.8. Executing FSM_MAP pass (mapping FSMs to basic logic).
Mapping FSM `$fsm$\u_uart.u_rx.state$1602' from module `\soc_single'.

16.8. Executing OPT pass (performing simple optimizations).

16.8.1. Executing OPT_EXPR pass (perform const folding).
Optimizing module soc_single.
<suppressed ~6 debug messages>

16.8.2. Executing OPT_MERGE pass (detect identical cells).
Finding identical cells in module `\soc_single'.
<suppressed ~3 debug messages>
Removed a total of 1 cells.

16.8.3. Executing OPT_MUXTREE pass (detect dead branches in mux trees).
Running muxtree optimizer on module \soc_single..
  Creating internal representation of mux trees.
  Evaluating internal representation of mux trees.
  Analyzing evaluation results.
Removed 0 multiplexer ports.
<suppressed ~69 debug messages>

16.8.4. Executing OPT_REDUCE pass (consolidate $*mux and $reduce_* inputs).
  Optimizing cells in module \soc_single.
Performed a total of 0 changes.

16.8.5. Executing OPT_MERGE pass (detect identical cells).
Finding identical cells in module `\soc_single'.
Removed a total of 0 cells.

16.8.6. Executing OPT_DFF pass (perform DFF optimizations).
Adding EN signal on $procdff$1574 ($adff) from module soc_single (D = \dmem_wdata, Q = \exit_code).
Adding EN signal on $procdff$1569 ($adff) from module soc_single (D = 1'1, Q = \exit_valid).
Adding EN signal on $procdff$1561 ($adff) from module soc_single (D = $flatten\u_core.$0\in_handler[0:0], Q = \u_core.in_handler).
Adding EN signal on $procdff$1556 ($adff) from module soc_single (D = \u_core.pc, Q = \u_core.epc).
Adding EN signal on $procdff$1536 ($adff) from module soc_single (D = { \u_uart.u_rx.rx_sync \u_uart.u_rx.shreg [7:1] }, Q = \u_uart.u_rx.shreg).
Adding EN signal on $procdff$1521 ($adff) from module soc_single (D = $flatten\u_uart.\u_rx.$0\baud_cnt[31:0], Q = \u_uart.u_rx.baud_cnt).
Adding EN signal on $procdff$1516 ($adff) from module soc_single (D = $flatten\u_uart.\u_rx.$0\bitpos[2:0], Q = \u_uart.u_rx.bitpos).
Adding EN signal on $procdff$1511 ($adff) from module soc_single (D = \u_uart.u_rx.shreg, Q = \u_uart.u_rx.data).
Adding EN signal on $procdff$1496 ($adff) from module soc_single (D = $flatten\u_uart.\u_tx.$0\bitpos[3:0], Q = \u_uart.u_tx.bitpos).
Adding EN signal on $procdff$1491 ($adff) from module soc_single (D = $flatten\u_uart.\u_tx.$0\frame[9:0], Q = \u_uart.u_tx.frame).
Adding EN signal on $procdff$1486 ($adff) from module soc_single (D = \u_uart.u_rx.data, Q = \u_uart.rx_hold).
Adding EN signal on $procdff$1481 ($adff) from module soc_single (D = $flatten\u_uart.$0\tx_pending[0:0], Q = \u_uart.tx_pending).
Adding EN signal on $procdff$1476 ($adff) from module soc_single (D = \dmem_wdata [7:0], Q = \u_uart.tx_hold).
Adding EN signal on $procdff$1471 ($adff) from module soc_single (D = $flatten\u_uart.$0\rx_avail[0:0], Q = \u_uart.rx_avail).
Adding EN signal on $procdff$1461 ($adff) from module soc_single (D = \dmem_wdata [0], Q = \u_timer.ie).
Adding EN signal on $procdff$1456 ($adff) from module soc_single (D = \dmem_wdata, Q = \u_timer.cmp).
Adding EN signal on $procdff$1446 ($adff) from module soc_single (D = \dmem_wdata, Q = \u_dotp.b[3]).
Adding EN signal on $procdff$1441 ($adff) from module soc_single (D = \dmem_wdata, Q = \u_dotp.b[2]).
Adding EN signal on $procdff$1436 ($adff) from module soc_single (D = \dmem_wdata, Q = \u_dotp.b[1]).
Adding EN signal on $procdff$1431 ($adff) from module soc_single (D = \dmem_wdata, Q = \u_dotp.b[0]).
Adding EN signal on $procdff$1426 ($adff) from module soc_single (D = \dmem_wdata, Q = \u_dotp.a[3]).
Adding EN signal on $procdff$1421 ($adff) from module soc_single (D = \dmem_wdata, Q = \u_dotp.a[2]).
Adding EN signal on $procdff$1416 ($adff) from module soc_single (D = \dmem_wdata, Q = \u_dotp.a[1]).
Adding EN signal on $procdff$1411 ($adff) from module soc_single (D = \dmem_wdata, Q = \u_dotp.a[0]).

16.8.7. Executing OPT_CLEAN pass (remove unused cells and wires).
Finding unused cells or wires in module \soc_single..
Removed 30 unused cells and 40 unused wires.
<suppressed ~31 debug messages>

16.8.8. Executing OPT_EXPR pass (perform const folding).
Optimizing module soc_single.
<suppressed ~6 debug messages>

16.8.9. Rerunning OPT passes. (Maybe there is more to do..)

16.8.10. Executing OPT_MUXTREE pass (detect dead branches in mux trees).
Running muxtree optimizer on module \soc_single..
  Creating internal representation of mux trees.
  Evaluating internal representation of mux trees.
  Analyzing evaluation results.
Removed 0 multiplexer ports.
<suppressed ~52 debug messages>

16.8.11. Executing OPT_REDUCE pass (consolidate $*mux and $reduce_* inputs).
  Optimizing cells in module \soc_single.
Performed a total of 0 changes.

16.8.12. Executing OPT_MERGE pass (detect identical cells).
Finding identical cells in module `\soc_single'.
<suppressed ~3 debug messages>
Removed a total of 1 cells.

16.8.13. Executing OPT_DFF pass (perform DFF optimizations).

16.8.14. Executing OPT_CLEAN pass (remove unused cells and wires).
Finding unused cells or wires in module \soc_single..
Removed 0 unused cells and 1 unused wires.
<suppressed ~1 debug messages>

16.8.15. Executing OPT_EXPR pass (perform const folding).
Optimizing module soc_single.

16.8.16. Rerunning OPT passes. (Maybe there is more to do..)

16.8.17. Executing OPT_MUXTREE pass (detect dead branches in mux trees).
Running muxtree optimizer on module \soc_single..
  Creating internal representation of mux trees.
  Evaluating internal representation of mux trees.
  Analyzing evaluation results.
Removed 0 multiplexer ports.
<suppressed ~52 debug messages>

16.8.18. Executing OPT_REDUCE pass (consolidate $*mux and $reduce_* inputs).
  Optimizing cells in module \soc_single.
Performed a total of 0 changes.

16.8.19. Executing OPT_MERGE pass (detect identical cells).
Finding identical cells in module `\soc_single'.
Removed a total of 0 cells.

16.8.20. Executing OPT_DFF pass (perform DFF optimizations).

16.8.21. Executing OPT_CLEAN pass (remove unused cells and wires).
Finding unused cells or wires in module \soc_single..

16.8.22. Executing OPT_EXPR pass (perform const folding).
Optimizing module soc_single.

16.8.23. Finished OPT passes. (There is nothing left to do.)

16.9. Executing WREDUCE pass (reducing word size of cells).
Removed top 24 bits (of 32) from mux cell soc_single.$procmux$433 ($pmux).
Removed top 3 bits (of 4) from port B of cell soc_single.$procmux$412_CMP0 ($eq).
Removed top 2 bits (of 6) from port B of cell soc_single.$procmux$378_CMP0 ($eq).
Removed top 2 bits (of 3) from mux cell soc_single.$procmux$1019 ($mux).
Removed top 1 bits (of 3) from port B of cell soc_single.$procmux$556_CMP0 ($eq).
Removed top 2 bits (of 3) from port B of cell soc_single.$procmux$557_CMP0 ($eq).
Removed top 1 bits (of 7) from port B of cell soc_single.$procmux$1022_CMP0 ($eq).
Removed top 1 bits (of 3) from port B of cell soc_single.$procmux$1008_CMP0 ($eq).
Removed top 1 bits (of 2) from port B of cell soc_single.$auto$opt_dff.cc:195:make_patterns_logic$1682 ($ne).
Removed top 2 bits (of 7) from port B of cell soc_single.$procmux$1012_CMP0 ($eq).
Removed top 2 bits (of 3) from port B of cell soc_single.$procmux$1004_CMP0 ($eq).
Removed top 1 bits (of 2) from mux cell soc_single.$procmux$1100 ($mux).
Removed top 3 bits (of 4) from port B of cell soc_single.$eq$rtl/soc/soc_single.sv:69$189 ($eq).
Removed top 2 bits (of 4) from port B of cell soc_single.$eq$rtl/soc/soc_single.sv:70$190 ($eq).
Removed top 2 bits (of 4) from port B of cell soc_single.$eq$rtl/soc/soc_single.sv:71$191 ($eq).
Removed top 1 bits (of 4) from port B of cell soc_single.$eq$rtl/soc/soc_single.sv:72$192 ($eq).
Removed top 1 bits (of 4) from port B of cell soc_single.$eq$rtl/soc/soc_single.sv:73$193 ($eq).
Removed top 2 bits (of 6) from port B of cell soc_single.$procmux$383_CMP0 ($eq).
Removed top 1 bits (of 3) from port B of cell soc_single.$procmux$555_CMP0 ($eq).
Removed top 1 bits (of 2) from port B of cell soc_single.$procmux$548_CMP0 ($eq).
Removed top 1 bits (of 4) from mux cell soc_single.$procmux$667 ($mux).
Removed top 5 bits (of 7) from port B of cell soc_single.$procmux$1071_CMP0 ($eq).
Removed top 1 bits (of 2) from port B of cell soc_single.$auto$opt_dff.cc:195:make_patterns_logic$1690 ($ne).
Removed top 1 bits (of 2) from port B of cell soc_single.$auto$fsm_map.cc:77:implement_pattern_cache$1634 ($eq).
Removed top 1 bits (of 3) from port B of cell soc_single.$flatten\u_core.\u_dec.$eq$rtl/core/decoder.sv:105$43 ($eq).
Removed top 1 bits (of 7) from port B of cell soc_single.$flatten\u_core.\u_dec.$eq$rtl/core/decoder.sv:131$46 ($eq).
Removed top 6 bits (of 7) from port B of cell soc_single.$flatten\u_core.\u_dec.$eq$rtl/core/decoder.sv:143$49 ($eq).
Removed top 2 bits (of 32) from port B of cell soc_single.$flatten\u_core.\u_dec.$eq$rtl/core/decoder.sv:161$58 ($eq).
Removed top 29 bits (of 32) from port B of cell soc_single.$flatten\u_core.$add$rtl/core/core_single.sv:174$287 ($add).
Removed top 1 bits (of 2) from port B of cell soc_single.$flatten\u_core.$eq$rtl/core/core_single.sv:161$283 ($eq).
Removed top 1 bits (of 2) from port B of cell soc_single.$auto$opt_dff.cc:195:make_patterns_logic$1676 ($ne).
Removed top 23 bits (of 32) from port B of cell soc_single.$flatten\u_uart.\u_rx.$eq$rtl/periph/uart_rx.sv:49$208 ($eq).
Removed top 31 bits (of 32) from port B of cell soc_single.$flatten\u_uart.\u_rx.$add$rtl/periph/uart_rx.sv:57$210 ($add).
Removed top 22 bits (of 32) from port B of cell soc_single.$flatten\u_uart.\u_rx.$eq$rtl/periph/uart_rx.sv:60$211 ($eq).
Removed top 2 bits (of 3) from port B of cell soc_single.$flatten\u_uart.\u_rx.$add$rtl/periph/uart_rx.sv:66$213 ($add).
Removed top 22 bits (of 32) from port B of cell soc_single.$flatten\u_uart.\u_tx.$eq$rtl/periph/uart_tx.sv:35$221 ($eq).
Removed top 3 bits (of 4) from port B of cell soc_single.$flatten\u_uart.\u_tx.$add$rtl/periph/uart_tx.sv:41$223 ($add).
Removed top 31 bits (of 32) from port B of cell soc_single.$flatten\u_uart.\u_tx.$add$rtl/periph/uart_tx.sv:43$224 ($add).
Removed top 2 bits (of 4) from port B of cell soc_single.$flatten\u_uart.$eq$rtl/periph/uart.sv:62$265 ($eq).
Removed top 31 bits (of 32) from port B of cell soc_single.$flatten\u_timer.$add$rtl/periph/timer.sv:35$115 ($add).
Removed top 1 bits (of 7) from port B of cell soc_single.$procmux$1249_CMP0 ($eq).
Removed top 2 bits (of 7) from port B of cell soc_single.$procmux$1248_CMP0 ($eq).
Removed top 3 bits (of 6) from port B of cell soc_single.$flatten\u_dotp.$eq$rtl/custom/dotp.sv:49$148 ($eq).
Removed top 3 bits (of 6) from port B of cell soc_single.$flatten\u_dotp.$eq$rtl/custom/dotp.sv:48$144 ($eq).
Removed top 3 bits (of 6) from port B of cell soc_single.$flatten\u_dotp.$eq$rtl/custom/dotp.sv:47$140 ($eq).
Removed top 3 bits (of 6) from port B of cell soc_single.$flatten\u_dotp.$eq$rtl/custom/dotp.sv:46$136 ($eq).
Removed top 4 bits (of 6) from port B of cell soc_single.$flatten\u_dotp.$eq$rtl/custom/dotp.sv:45$132 ($eq).
Removed top 4 bits (of 6) from port B of cell soc_single.$flatten\u_dotp.$eq$rtl/custom/dotp.sv:44$128 ($eq).
Removed top 5 bits (of 6) from port B of cell soc_single.$flatten\u_dotp.$eq$rtl/custom/dotp.sv:43$124 ($eq).
Removed top 1 bits (of 7) from port B of cell soc_single.$procmux$1254_CMP0 ($eq).
Removed top 3 bits (of 7) from port B of cell soc_single.$procmux$1283_CMP0 ($eq).
Removed top 1 bits (of 3) from port B of cell soc_single.$procmux$1375_CMP0 ($eq).
Removed top 1 bits (of 3) from port B of cell soc_single.$procmux$1376_CMP0 ($eq).
Removed top 2 bits (of 3) from port B of cell soc_single.$procmux$1377_CMP0 ($eq).
Removed top 1 bits (of 4) from port B of cell soc_single.$procmux$1384_CMP0 ($eq).
Removed top 1 bits (of 4) from port B of cell soc_single.$procmux$1385_CMP0 ($eq).
Removed top 1 bits (of 4) from port B of cell soc_single.$procmux$1386_CMP0 ($eq).
Removed top 1 bits (of 4) from port B of cell soc_single.$procmux$1387_CMP0 ($eq).
Removed top 2 bits (of 4) from port B of cell soc_single.$procmux$1388_CMP0 ($eq).
Removed top 2 bits (of 4) from port B of cell soc_single.$procmux$1389_CMP0 ($eq).
Removed top 3 bits (of 4) from port B of cell soc_single.$procmux$1390_CMP0 ($eq).
Removed top 1 bits (of 4) from wire soc_single.$flatten\u_core.\u_dec.$12\alu_op[3:0].
Removed top 1 bits (of 2) from wire soc_single.$flatten\u_core.\u_dec.$3\wb_sel[1:0].
Removed top 2 bits (of 3) from wire soc_single.$flatten\u_core.\u_dec.$4\imm_type[2:0].
Removed top 24 bits (of 32) from wire soc_single.uart_rdata.

16.10. Executing PEEPOPT pass (run peephole optimizers).

16.11. Executing OPT_CLEAN pass (remove unused cells and wires).
Finding unused cells or wires in module \soc_single..
Removed 0 unused cells and 4 unused wires.
<suppressed ~1 debug messages>

16.12. Executing ALUMACC pass (create $alu and $macc cells).
Extracting $alu and $macc cells in module soc_single:
  creating $macc model for $flatten\u_core.$add$rtl/core/core_single.sv:149$276 ($add).
  creating $macc model for $flatten\u_core.$add$rtl/core/core_single.sv:149$278 ($add).
  creating $macc model for $flatten\u_core.$add$rtl/core/core_single.sv:174$287 ($add).
  creating $macc model for $flatten\u_core.\u_alu.$add$rtl/core/alu.sv:22$5 ($add).
  creating $macc model for $flatten\u_core.\u_alu.$mul$rtl/core/alu.sv:32$13 ($mul).
  creating $macc model for $flatten\u_core.\u_alu.$sub$rtl/core/alu.sv:23$6 ($sub).
  creating $macc model for $flatten\u_dotp.$add$rtl/custom/dotp.sv:56$155 ($add).
  creating $macc model for $flatten\u_dotp.$add$rtl/custom/dotp.sv:56$156 ($add).
  creating $macc model for $flatten\u_dotp.$add$rtl/custom/dotp.sv:56$157 ($add).
  creating $macc model for $flatten\u_dotp.$mul$rtl/custom/dotp.sv:52$151 ($mul).
  creating $macc model for $flatten\u_dotp.$mul$rtl/custom/dotp.sv:53$152 ($mul).
  creating $macc model for $flatten\u_dotp.$mul$rtl/custom/dotp.sv:54$153 ($mul).
  creating $macc model for $flatten\u_dotp.$mul$rtl/custom/dotp.sv:55$154 ($mul).
  creating $macc model for $flatten\u_timer.$add$rtl/periph/timer.sv:35$115 ($add).
  creating $macc model for $flatten\u_uart.\u_rx.$add$rtl/periph/uart_rx.sv:57$210 ($add).
  creating $macc model for $flatten\u_uart.\u_rx.$add$rtl/periph/uart_rx.sv:66$213 ($add).
  creating $macc model for $flatten\u_uart.\u_tx.$add$rtl/periph/uart_tx.sv:41$223 ($add).
  creating $macc model for $flatten\u_uart.\u_tx.$add$rtl/periph/uart_tx.sv:43$224 ($add).
  merging $macc model for $flatten\u_dotp.$add$rtl/custom/dotp.sv:56$155 into $flatten\u_dotp.$add$rtl/custom/dotp.sv:56$157.
  merging $macc model for $flatten\u_dotp.$mul$rtl/custom/dotp.sv:52$151 into $flatten\u_dotp.$add$rtl/custom/dotp.sv:56$157.
  merging $macc model for $flatten\u_dotp.$add$rtl/custom/dotp.sv:56$156 into $flatten\u_dotp.$add$rtl/custom/dotp.sv:56$157.
  merging $macc model for $flatten\u_dotp.$mul$rtl/custom/dotp.sv:54$153 into $flatten\u_dotp.$add$rtl/custom/dotp.sv:56$157.
  merging $macc model for $flatten\u_dotp.$mul$rtl/custom/dotp.sv:53$152 into $flatten\u_dotp.$add$rtl/custom/dotp.sv:56$157.
  merging $macc model for $flatten\u_dotp.$mul$rtl/custom/dotp.sv:55$154 into $flatten\u_dotp.$add$rtl/custom/dotp.sv:56$157.
  creating $alu model for $macc $flatten\u_uart.\u_rx.$add$rtl/periph/uart_rx.sv:66$213.
  creating $alu model for $macc $flatten\u_uart.\u_tx.$add$rtl/periph/uart_tx.sv:41$223.
  creating $alu model for $macc $flatten\u_timer.$add$rtl/periph/timer.sv:35$115.
  creating $alu model for $macc $flatten\u_uart.\u_rx.$add$rtl/periph/uart_rx.sv:57$210.
  creating $alu model for $macc $flatten\u_uart.\u_tx.$add$rtl/periph/uart_tx.sv:43$224.
  creating $alu model for $macc $flatten\u_core.\u_alu.$sub$rtl/core/alu.sv:23$6.
  creating $alu model for $macc $flatten\u_core.\u_alu.$add$rtl/core/alu.sv:22$5.
  creating $alu model for $macc $flatten\u_core.$add$rtl/core/core_single.sv:174$287.
  creating $alu model for $macc $flatten\u_core.$add$rtl/core/core_single.sv:149$278.
  creating $alu model for $macc $flatten\u_core.$add$rtl/core/core_single.sv:149$276.
  creating $macc cell for $flatten\u_dotp.$add$rtl/custom/dotp.sv:56$157: $auto$alumacc.cc:365:replace_macc$1744
  creating $macc cell for $flatten\u_core.\u_alu.$mul$rtl/core/alu.sv:32$13: $auto$alumacc.cc:365:replace_macc$1745
  creating $alu model for $flatten\u_core.\u_alu.$lt$rtl/core/alu.sv:17$2 ($lt): new $alu
  creating $alu model for $flatten\u_core.\u_alu.$lt$rtl/core/alu.sv:18$3 ($lt): merged with $flatten\u_core.\u_alu.$sub$rtl/core/alu.sv:23$6.
  creating $alu model for $flatten\u_core.\u_alu.$eq$rtl/core/alu.sv:16$1 ($eq): merged with $flatten\u_core.\u_alu.$sub$rtl/core/alu.sv:23$6.
  creating $alu cell for $flatten\u_core.$add$rtl/core/core_single.sv:149$276: $auto$alumacc.cc:495:replace_alu$1747
  creating $alu cell for $flatten\u_core.$add$rtl/core/core_single.sv:149$278: $auto$alumacc.cc:495:replace_alu$1750
  creating $alu cell for $flatten\u_core.$add$rtl/core/core_single.sv:174$287: $auto$alumacc.cc:495:replace_alu$1753
  creating $alu cell for $flatten\u_core.\u_alu.$lt$rtl/core/alu.sv:17$2: $auto$alumacc.cc:495:replace_alu$1756
  creating $alu cell for $flatten\u_core.\u_alu.$add$rtl/core/alu.sv:22$5: $auto$alumacc.cc:495:replace_alu$1763
  creating $alu cell for $flatten\u_core.\u_alu.$sub$rtl/core/alu.sv:23$6, $flatten\u_core.\u_alu.$lt$rtl/core/alu.sv:18$3, $flatten\u_core.\u_alu.$eq$rtl/core/alu.sv:16$1: $auto$alumacc.cc:495:replace_alu$1766
  creating $alu cell for $flatten\u_uart.\u_tx.$add$rtl/periph/uart_tx.sv:43$224: $auto$alumacc.cc:495:replace_alu$1773
  creating $alu cell for $flatten\u_uart.\u_rx.$add$rtl/periph/uart_rx.sv:57$210: $auto$alumacc.cc:495:replace_alu$1776
  creating $alu cell for $flatten\u_timer.$add$rtl/periph/timer.sv:35$115: $auto$alumacc.cc:495:replace_alu$1779
  creating $alu cell for $flatten\u_uart.\u_tx.$add$rtl/periph/uart_tx.sv:41$223: $auto$alumacc.cc:495:replace_alu$1782
  creating $alu cell for $flatten\u_uart.\u_rx.$add$rtl/periph/uart_rx.sv:66$213: $auto$alumacc.cc:495:replace_alu$1785
  created 11 $alu and 2 $macc cells.

16.13. Executing SHARE pass (SAT-based resource sharing).
Found 9 cells in module soc_single that may be considered for resource sharing.
  Analyzing resource sharing options for $flatten\u_dotp.$mul$rtl/custom/dotp.sv:55$154 ($mul):
    Found cell that is never activated: $flatten\u_dotp.$add$rtl/custom/dotp.sv:56$156
    Found cell that is never activated: $flatten\u_dotp.$mul$rtl/custom/dotp.sv:55$154
    Cell is never active. Sharing is pointless, we simply remove it.
  Analyzing resource sharing options for $flatten\u_dotp.$mul$rtl/custom/dotp.sv:54$153 ($mul):
    Found cell that is never activated: $flatten\u_dotp.$mul$rtl/custom/dotp.sv:54$153
    Cell is never active. Sharing is pointless, we simply remove it.
  Analyzing resource sharing options for $flatten\u_dotp.$mul$rtl/custom/dotp.sv:53$152 ($mul):
    Found cell that is never activated: $flatten\u_dotp.$add$rtl/custom/dotp.sv:56$155
    Found cell that is never activated: $flatten\u_dotp.$mul$rtl/custom/dotp.sv:53$152
    Cell is never active. Sharing is pointless, we simply remove it.
  Analyzing resource sharing options for $flatten\u_dotp.$mul$rtl/custom/dotp.sv:52$151 ($mul):
    Found cell that is never activated: $flatten\u_dotp.$mul$rtl/custom/dotp.sv:52$151
    Cell is never active. Sharing is pointless, we simply remove it.
  Analyzing resource sharing options for $flatten\u_core.\u_rf.$memrd$\regs$rtl/core/regfile.sv:54$249 ($memrd):
    Found 1 activation_patterns using ctrl signal $flatten\u_core.\u_rf.$eq$rtl/core/regfile.sv:49$248_Y.
    Found 1 candidates: $flatten\u_core.\u_rf.$memrd$\regs$rtl/core/regfile.sv:47$247
    Analyzing resource sharing with $flatten\u_core.\u_rf.$memrd$\regs$rtl/core/regfile.sv:47$247 ($memrd):
      Found 18 activation_patterns using ctrl signal { $procmux$1391_CMP $procmux$1390_CMP $procmux$1389_CMP $procmux$1388_CMP $procmux$1387_CMP $procmux$1386_CMP $procmux$1385_CMP $procmux$1384_CMP $procmux$1383_CMP $procmux$1382_CMP $procmux$1381_CMP \u_core.jalr \u_core.is_mret \u_core.br_cond \u_core.take_irq $flatten\u_core.\u_rf.$eq$rtl/core/regfile.sv:42$246_Y $procmux$547_CMP $procmux$555_CMP $procmux$548_CMP $procmux$552_CMP $procmux$553_CMP $procmux$557_CMP $procmux$556_CMP $procmux$554_CMP }.
      Forbidden control signals for this pair of cells: { $flatten\u_dotp.$logic_and$rtl/custom/dotp.sv:42$119_Y $flatten\u_dotp.$eq$rtl/custom/dotp.sv:42$120_Y $flatten\u_dotp.$logic_and$rtl/custom/dotp.sv:42$121_Y $flatten\u_dotp.$eq$rtl/custom/dotp.sv:43$124_Y $flatten\u_dotp.$logic_and$rtl/custom/dotp.sv:43$125_Y $flatten\u_dotp.$eq$rtl/custom/dotp.sv:44$128_Y $flatten\u_dotp.$logic_and$rtl/custom/dotp.sv:44$129_Y $flatten\u_dotp.$eq$rtl/custom/dotp.sv:45$132_Y $flatten\u_dotp.$logic_and$rtl/custom/dotp.sv:45$133_Y $flatten\u_dotp.$eq$rtl/custom/dotp.sv:46$136_Y $flatten\u_dotp.$logic_and$rtl/custom/dotp.sv:46$137_Y $flatten\u_dotp.$eq$rtl/custom/dotp.sv:47$140_Y $flatten\u_dotp.$logic_and$rtl/custom/dotp.sv:47$141_Y $flatten\u_dotp.$eq$rtl/custom/dotp.sv:48$144_Y $flatten\u_dotp.$logic_and$rtl/custom/dotp.sv:48$145_Y $flatten\u_dotp.$eq$rtl/custom/dotp.sv:49$148_Y $flatten\u_dotp.$logic_and$rtl/custom/dotp.sv:49$149_Y $flatten\u_timer.$logic_and$rtl/periph/timer.sv:40$117_Y $flatten\u_uart.$eq$rtl/periph/uart.sv:55$257_Y $flatten\u_uart.$logic_and$rtl/periph/uart.sv:55$262_Y $flatten\u_uart.$eq$rtl/periph/uart.sv:62$265_Y $flatten\u_uart.$logic_and$rtl/periph/uart.sv:62$266_Y \u_core.br_cond $procmux$383_CMP \dotp_sel \timer_sel \uart_sel \ram_sel $auto$opt_reduce.cc:137:opt_pmux$1579 \dmem_wdata [1] $procmux$378_CMP $procmux$412_CMP }
      Activation pattern for cell $flatten\u_core.\u_rf.$memrd$\regs$rtl/core/regfile.sv:54$249: $flatten\u_core.\u_rf.$eq$rtl/core/regfile.sv:49$248_Y = 1'0
      Activation pattern for cell $flatten\u_core.\u_rf.$memrd$\regs$rtl/core/regfile.sv:47$247: { \u_core.jalr \u_core.is_mret \u_core.take_irq $flatten\u_core.\u_rf.$eq$rtl/core/regfile.sv:42$246_Y } = 4'1000
      Activation pattern for cell $flatten\u_core.\u_rf.$memrd$\regs$rtl/core/regfile.sv:47$247: { \u_core.is_mret \u_core.take_irq $flatten\u_core.\u_rf.$eq$rtl/core/regfile.sv:42$246_Y $procmux$547_CMP $procmux$548_CMP $procmux$554_CMP } = 6'000001
      Activation pattern for cell $flatten\u_core.\u_rf.$memrd$\regs$rtl/core/regfile.sv:47$247: { \u_core.is_mret \u_core.take_irq $flatten\u_core.\u_rf.$eq$rtl/core/regfile.sv:42$246_Y $procmux$547_CMP $procmux$555_CMP $procmux$548_CMP } = 6'000010
      Activation pattern for cell $flatten\u_core.\u_rf.$memrd$\regs$rtl/core/regfile.sv:47$247: { $procmux$1388_CMP $flatten\u_core.\u_rf.$eq$rtl/core/regfile.sv:42$246_Y $procmux$547_CMP $procmux$548_CMP } = 4'1000
      Activation pattern for cell $flatten\u_core.\u_rf.$memrd$\regs$rtl/core/regfile.sv:47$247: { $procmux$1391_CMP $flatten\u_core.\u_rf.$eq$rtl/core/regfile.sv:42$246_Y $procmux$547_CMP $procmux$548_CMP } = 4'1000
      Activation pattern for cell $flatten\u_core.\u_rf.$memrd$\regs$rtl/core/regfile.sv:47$247: { $procmux$1382_CMP $flatten\u_core.\u_rf.$eq$rtl/core/regfile.sv:42$246_Y $procmux$547_CMP $procmux$548_CMP } = 4'1000
      Activation pattern for cell $flatten\u_core.\u_rf.$memrd$\regs$rtl/core/regfile.sv:47$247: { \u_core.is_mret \u_core.take_irq $flatten\u_core.\u_rf.$eq$rtl/core/regfile.sv:42$246_Y $procmux$547_CMP $procmux$548_CMP $procmux$557_CMP } = 6'000001
      Activation pattern for cell $flatten\u_core.\u_rf.$memrd$\regs$rtl/core/regfile.sv:47$247: { \u_core.is_mret \u_core.take_irq $flatten\u_core.\u_rf.$eq$rtl/core/regfile.sv:42$246_Y $procmux$547_CMP $procmux$548_CMP $procmux$556_CMP } = 6'000001
      Activation pattern for cell $flatten\u_core.\u_rf.$memrd$\regs$rtl/core/regfile.sv:47$247: { $procmux$1387_CMP $flatten\u_core.\u_rf.$eq$rtl/core/regfile.sv:42$246_Y $procmux$547_CMP $procmux$548_CMP } = 4'1000
      Activation pattern for cell $flatten\u_core.\u_rf.$memrd$\regs$rtl/core/regfile.sv:47$247: { \u_core.is_mret \u_core.take_irq $flatten\u_core.\u_rf.$eq$rtl/core/regfile.sv:42$246_Y $procmux$547_CMP $procmux$548_CMP $procmux$553_CMP } = 6'000001
      Activation pattern for cell $flatten\u_core.\u_rf.$memrd$\regs$rtl/core/regfile.sv:47$247: { \u_core.is_mret \u_core.take_irq $flatten\u_core.\u_rf.$eq$rtl/core/regfile.sv:42$246_Y $procmux$547_CMP $procmux$548_CMP $procmux$552_CMP } = 6'000001
      Activation pattern for cell $flatten\u_core.\u_rf.$memrd$\regs$rtl/core/regfile.sv:47$247: { $procmux$1390_CMP $flatten\u_core.\u_rf.$eq$rtl/core/regfile.sv:42$246_Y $procmux$547_CMP $procmux$548_CMP } = 4'1000
      Activation pattern for cell $flatten\u_core.\u_rf.$memrd$\regs$rtl/core/regfile.sv:47$247: { $procmux$1381_CMP $flatten\u_core.\u_rf.$eq$rtl/core/regfile.sv:42$246_Y $procmux$547_CMP $procmux$548_CMP } = 4'1000
      Activation pattern for cell $flatten\u_core.\u_rf.$memrd$\regs$rtl/core/regfile.sv:47$247: { $procmux$1383_CMP $flatten\u_core.\u_rf.$eq$rtl/core/regfile.sv:42$246_Y $procmux$547_CMP $procmux$548_CMP } = 4'1000
      Activation pattern for cell $flatten\u_core.\u_rf.$memrd$\regs$rtl/core/regfile.sv:47$247: { $procmux$1389_CMP $flatten\u_core.\u_rf.$eq$rtl/core/regfile.sv:42$246_Y $procmux$547_CMP $procmux$548_CMP } = 4'1000
      Activation pattern for cell $flatten\u_core.\u_rf.$memrd$\regs$rtl/core/regfile.sv:47$247: { $procmux$1385_CMP $flatten\u_core.\u_rf.$eq$rtl/core/regfile.sv:42$246_Y $procmux$547_CMP $procmux$548_CMP } = 4'1000
      Activation pattern for cell $flatten\u_core.\u_rf.$memrd$\regs$rtl/core/regfile.sv:47$247: { $procmux$1384_CMP $flatten\u_core.\u_rf.$eq$rtl/core/regfile.sv:42$246_Y $procmux$547_CMP $procmux$548_CMP } = 4'1000
      Activation pattern for cell $flatten\u_core.\u_rf.$memrd$\regs$rtl/core/regfile.sv:47$247: { $procmux$1386_CMP $flatten\u_core.\u_rf.$eq$rtl/core/regfile.sv:42$246_Y $procmux$547_CMP $procmux$548_CMP } = 4'1000
      Size of SAT problem: 85 cells, 1059 variables, 3055 clauses
      According to the SAT solver this pair of cells can not be shared.
      Model from SAT solver: { $procmux$1391_CMP $procmux$1390_CMP $procmux$1389_CMP $procmux$1388_CMP $procmux$1387_CMP $procmux$1386_CMP $procmux$1385_CMP $procmux$1384_CMP $procmux$1383_CMP $procmux$1382_CMP $procmux$1381_CMP \u_core.jalr \u_core.is_mret \u_core.take_irq $flatten\u_core.\u_rf.$eq$rtl/core/regfile.sv:49$248_Y $flatten\u_core.\u_rf.$eq$rtl/core/regfile.sv:42$246_Y $procmux$547_CMP $procmux$555_CMP $procmux$548_CMP $procmux$552_CMP $procmux$553_CMP $procmux$557_CMP $procmux$556_CMP $procmux$554_CMP } = 24'100000000000010000000000
  Analyzing resource sharing options for $flatten\u_core.\u_rf.$memrd$\regs$rtl/core/regfile.sv:47$247 ($memrd):
    Found 18 activation_patterns using ctrl signal { $procmux$1391_CMP $procmux$1390_CMP $procmux$1389_CMP $procmux$1388_CMP $procmux$1387_CMP $procmux$1386_CMP $procmux$1385_CMP $procmux$1384_CMP $procmux$1383_CMP $procmux$1382_CMP $procmux$1381_CMP \u_core.jalr \u_core.is_mret \u_core.br_cond \u_core.take_irq $flatten\u_core.\u_rf.$eq$rtl/core/regfile.sv:42$246_Y $procmux$547_CMP $procmux$555_CMP $procmux$548_CMP $procmux$552_CMP $procmux$553_CMP $procmux$557_CMP $procmux$556_CMP $procmux$554_CMP }.
    No candidates found.
  Analyzing resource sharing options for $flatten\u_core.\u_alu.$sshr$rtl/core/alu.sv:29$10 ($sshr):
    Found 1 activation_patterns using ctrl signal $procmux$1384_CMP.
    No candidates found.
  Analyzing resource sharing options for $flatten\u_core.\u_alu.$shr$rtl/core/alu.sv:28$9 ($shr):
    Found 1 activation_patterns using ctrl signal $procmux$1385_CMP.
    No candidates found.
  Analyzing resource sharing options for $flatten\u_core.\u_alu.$shl$rtl/core/alu.sv:24$7 ($shl):
    Found 1 activation_patterns using ctrl signal $procmux$1389_CMP.
    No candidates found.
Removing 6 cells in module soc_single:
  Removing cell $flatten\u_dotp.$mul$rtl/custom/dotp.sv:52$151 ($mul).
  Removing cell $flatten\u_dotp.$mul$rtl/custom/dotp.sv:53$152 ($mul).
  Removing cell $flatten\u_dotp.$add$rtl/custom/dotp.sv:56$155 ($add).
  Removing cell $flatten\u_dotp.$mul$rtl/custom/dotp.sv:54$153 ($mul).
  Removing cell $flatten\u_dotp.$mul$rtl/custom/dotp.sv:55$154 ($mul).
  Removing cell $flatten\u_dotp.$add$rtl/custom/dotp.sv:56$156 ($add).

16.14. Executing OPT pass (performing simple optimizations).

16.14.1. Executing OPT_EXPR pass (perform const folding).
Optimizing module soc_single.
<suppressed ~1 debug messages>

16.14.2. Executing OPT_MERGE pass (detect identical cells).
Finding identical cells in module `\soc_single'.
Removed a total of 0 cells.

16.14.3. Executing OPT_MUXTREE pass (detect dead branches in mux trees).
Running muxtree optimizer on module \soc_single..
  Creating internal representation of mux trees.
  Evaluating internal representation of mux trees.
  Analyzing evaluation results.
Removed 0 multiplexer ports.
<suppressed ~52 debug messages>

16.14.4. Executing OPT_REDUCE pass (consolidate $*mux and $reduce_* inputs).
  Optimizing cells in module \soc_single.
Performed a total of 0 changes.

16.14.5. Executing OPT_MERGE pass (detect identical cells).
Finding identical cells in module `\soc_single'.
<suppressed ~6 debug messages>
Removed a total of 2 cells.

16.14.6. Executing OPT_DFF pass (perform DFF optimizations).

16.14.7. Executing OPT_CLEAN pass (remove unused cells and wires).
Finding unused cells or wires in module \soc_single..
Removed 0 unused cells and 8 unused wires.
<suppressed ~1 debug messages>

16.14.8. Executing OPT_EXPR pass (perform const folding).
Optimizing module soc_single.

16.14.9. Rerunning OPT passes. (Maybe there is more to do..)

16.14.10. Executing OPT_MUXTREE pass (detect dead branches in mux trees).
Running muxtree optimizer on module \soc_single..
  Creating internal representation of mux trees.
  Evaluating internal representation of mux trees.
  Analyzing evaluation results.
Removed 0 multiplexer ports.
<suppressed ~52 debug messages>

16.14.11. Executing OPT_REDUCE pass (consolidate $*mux and $reduce_* inputs).
  Optimizing cells in module \soc_single.
Performed a total of 0 changes.

16.14.12. Executing OPT_MERGE pass (detect identical cells).
Finding identical cells in module `\soc_single'.
Removed a total of 0 cells.

16.14.13. Executing OPT_DFF pass (perform DFF optimizations).

16.14.14. Executing OPT_CLEAN pass (remove unused cells and wires).
Finding unused cells or wires in module \soc_single..

16.14.15. Executing OPT_EXPR pass (perform const folding).
Optimizing module soc_single.

16.14.16. Finished OPT passes. (There is nothing left to do.)

16.15. Executing MEMORY pass.

16.15.1. Executing OPT_MEM pass (optimize memories).
Performed a total of 0 transformations.

16.15.2. Executing OPT_MEM_PRIORITY pass (removing unnecessary memory write priority relations).
Performed a total of 0 transformations.

16.15.3. Executing OPT_MEM_FEEDBACK pass (finding memory read-to-write feedback paths).
  Analyzing soc_single.u_core.u_rf.regs write port 0.

16.15.4. Executing MEMORY_BMUX2ROM pass (converting muxes to ROMs).

16.15.5. Executing MEMORY_DFF pass (merging $dff cells to $memrd).
Checking read port `\u_core.u_rf.regs'[0] in module `\soc_single': no output FF found.
Checking read port `\u_core.u_rf.regs'[1] in module `\soc_single': no output FF found.
Checking read port address `\u_core.u_rf.regs'[0] in module `\soc_single': no address FF found.
Checking read port address `\u_core.u_rf.regs'[1] in module `\soc_single': no address FF found.

16.15.6. Executing OPT_CLEAN pass (remove unused cells and wires).
Finding unused cells or wires in module \soc_single..

16.15.7. Executing MEMORY_SHARE pass (consolidating $memrd/$memwr cells).
Consolidating read ports of memory soc_single.u_core.u_rf.regs by address:

16.15.8. Executing OPT_MEM_WIDEN pass (optimize memories where all ports are wide).
Performed a total of 0 transformations.

16.15.9. Executing OPT_CLEAN pass (remove unused cells and wires).
Finding unused cells or wires in module \soc_single..

16.15.10. Executing MEMORY_COLLECT pass (generating $mem cells).

16.16. Executing OPT_CLEAN pass (remove unused cells and wires).
Finding unused cells or wires in module \soc_single..

16.17. Executing OPT pass (performing simple optimizations).

16.17.1. Executing OPT_EXPR pass (perform const folding).
Optimizing module soc_single.
<suppressed ~46 debug messages>

16.17.2. Executing OPT_MERGE pass (detect identical cells).
Finding identical cells in module `\soc_single'.
Removed a total of 0 cells.

16.17.3. Executing OPT_DFF pass (perform DFF optimizations).
Adding EN signal on $procdff$1551 ($adff) from module soc_single (D = \u_core.pc_next [1:0], Q = \u_core.pc [1:0]).

16.17.4. Executing OPT_CLEAN pass (remove unused cells and wires).
Finding unused cells or wires in module \soc_single..
Removed 1 unused cells and 24 unused wires.
<suppressed ~2 debug messages>

16.17.5. Rerunning OPT passes. (Removed registers in this run.)

16.17.6. Executing OPT_EXPR pass (perform const folding).
Optimizing module soc_single.
<suppressed ~2 debug messages>

16.17.7. Executing OPT_MERGE pass (detect identical cells).
Finding identical cells in module `\soc_single'.
Removed a total of 0 cells.

16.17.8. Executing OPT_DFF pass (perform DFF optimizations).

16.17.9. Executing OPT_CLEAN pass (remove unused cells and wires).
Finding unused cells or wires in module \soc_single..

16.17.10. Finished fast OPT passes.

16.18. Executing MEMORY_MAP pass (converting memories to logic and flip-flops).
Mapping memory \u_core.u_rf.regs in module \soc_single:
  created 32 $dff cells and 0 static cells of width 32.
  read interface: 0 $dff and 62 $mux cells.
  write interface: 32 write mux blocks.

16.19. Executing OPT pass (performing simple optimizations).

16.19.1. Executing OPT_EXPR pass (perform const folding).
Optimizing module soc_single.
<suppressed ~10 debug messages>

16.19.2. Executing OPT_MERGE pass (detect identical cells).
Finding identical cells in module `\soc_single'.
Removed a total of 0 cells.

16.19.3. Executing OPT_MUXTREE pass (detect dead branches in mux trees).
Running muxtree optimizer on module \soc_single..
  Creating internal representation of mux trees.
  Evaluating internal representation of mux trees.
  Analyzing evaluation results.
Removed 0 multiplexer ports.
<suppressed ~73 debug messages>

16.19.4. Executing OPT_REDUCE pass (consolidate $*mux and $reduce_* inputs).
  Optimizing cells in module \soc_single.
    Consolidated identical input bits for $mux cell $procmux$1194:
      Old ports: A=3'000, B=3'111, Y=$flatten\u_core.\u_dec.$2\br_type[2:0]
      New ports: A=1'0, B=1'1, Y=$flatten\u_core.\u_dec.$2\br_type[2:0] [0]
      New connections: $flatten\u_core.\u_dec.$2\br_type[2:0] [2:1] = { $flatten\u_core.\u_dec.$2\br_type[2:0] [0] $flatten\u_core.\u_dec.$2\br_type[2:0] [0] }
    Consolidated identical input bits for $mux cell $procmux$1207:
      Old ports: A=2'00, B=2'10, Y=$flatten\u_core.\u_dec.$2\wb_sel[1:0]
      New ports: A=1'0, B=1'1, Y=$flatten\u_core.\u_dec.$2\wb_sel[1:0] [1]
      New connections: $flatten\u_core.\u_dec.$2\wb_sel[1:0] [0] = 1'0
    Consolidated identical input bits for $mux cell $procmux$469:
      Old ports: A={ 1'1 \u_uart.tx_hold 1'0 }, B={ 1'1 \u_uart.u_tx.frame [9:1] }, Y=$flatten\u_uart.\u_tx.$0\frame[9:0]
      New ports: A={ \u_uart.tx_hold 1'0 }, B=\u_uart.u_tx.frame [9:1], Y=$flatten\u_uart.\u_tx.$0\frame[9:0] [8:0]
      New connections: $flatten\u_uart.\u_tx.$0\frame[9:0] [9] = 1'1
    Consolidated identical input bits for $mux cell $procmux$667:
      Old ports: A=3'000, B=3'111, Y=$auto$wreduce.cc:514:run$1740 [2:0]
      New ports: A=1'0, B=1'1, Y=$auto$wreduce.cc:514:run$1740 [0]
      New connections: $auto$wreduce.cc:514:run$1740 [2:1] = { $auto$wreduce.cc:514:run$1740 [0] $auto$wreduce.cc:514:run$1740 [0] }
    Consolidated identical input bits for $mux cell $procmux$697:
      Old ports: A={ 1'0 $auto$wreduce.cc:514:run$1740 [2:0] }, B=4'0110, Y=$flatten\u_core.\u_dec.$11\alu_op[3:0]
      New ports: A=$auto$wreduce.cc:514:run$1740 [2:0], B=3'110, Y=$flatten\u_core.\u_dec.$11\alu_op[3:0] [2:0]
      New connections: $flatten\u_core.\u_dec.$11\alu_op[3:0] [3] = 1'0
    Consolidated identical input bits for $mux cell $procmux$784:
      Old ports: A=4'0000, B=4'1010, Y=$flatten\u_core.\u_dec.$10\alu_op[3:0]
      New ports: A=1'0, B=1'1, Y=$flatten\u_core.\u_dec.$10\alu_op[3:0] [1]
      New connections: { $flatten\u_core.\u_dec.$10\alu_op[3:0] [3:2] $flatten\u_core.\u_dec.$10\alu_op[3:0] [0] } = { $flatten\u_core.\u_dec.$10\alu_op[3:0] [1] 2'00 }
  Optimizing cells in module \soc_single.
    Consolidated identical input bits for $mux cell $procmux$697:
      Old ports: A=$auto$wreduce.cc:514:run$1740 [2:0], B=3'110, Y=$flatten\u_core.\u_dec.$11\alu_op[3:0] [2:0]
      New ports: A={ $auto$wreduce.cc:514:run$1740 [0] $auto$wreduce.cc:514:run$1740 [0] }, B=2'10, Y=$flatten\u_core.\u_dec.$11\alu_op[3:0] [1:0]
      New connections: $flatten\u_core.\u_dec.$11\alu_op[3:0] [2] = $flatten\u_core.\u_dec.$11\alu_op[3:0] [1]
    Consolidated identical input bits for $mux cell $procmux$830:
      Old ports: A=$flatten\u_core.\u_dec.$10\alu_op[3:0], B=4'0001, Y=$flatten\u_core.\u_dec.$9\alu_op[3:0]
      New ports: A={ $flatten\u_core.\u_dec.$10\alu_op[3:0] [1] 1'0 }, B=2'01, Y=$flatten\u_core.\u_dec.$9\alu_op[3:0] [1:0]
      New connections: $flatten\u_core.\u_dec.$9\alu_op[3:0] [3:2] = { $flatten\u_core.\u_dec.$9\alu_op[3:0] [1] 1'0 }
  Optimizing cells in module \soc_single.
    Consolidated identical input bits for $mux cell $procmux$870:
      Old ports: A=$flatten\u_core.\u_dec.$9\alu_op[3:0], B=4'0000, Y=$flatten\u_core.\u_dec.$8\alu_op[3:0]
      New ports: A=$flatten\u_core.\u_dec.$9\alu_op[3:0] [1:0], B=2'00, Y=$flatten\u_core.\u_dec.$8\alu_op[3:0] [1:0]
      New connections: $flatten\u_core.\u_dec.$8\alu_op[3:0] [3:2] = { $flatten\u_core.\u_dec.$8\alu_op[3:0] [1] 1'0 }
  Optimizing cells in module \soc_single.
Performed a total of 9 changes.

16.19.5. Executing OPT_MERGE pass (detect identical cells).
Finding identical cells in module `\soc_single'.
<suppressed ~3 debug messages>
Removed a total of 1 cells.

16.19.6. Executing OPT_SHARE pass.

16.19.7. Executing OPT_DFF pass (perform DFF optimizations).

16.19.8. Executing OPT_CLEAN pass (remove unused cells and wires).
Finding unused cells or wires in module \soc_single..
Removed 0 unused cells and 102 unused wires.
<suppressed ~1 debug messages>

16.19.9. Executing OPT_EXPR pass (perform const folding).
Optimizing module soc_single.
<suppressed ~3 debug messages>

16.19.10. Rerunning OPT passes. (Maybe there is more to do..)

16.19.11. Executing OPT_MUXTREE pass (detect dead branches in mux trees).
Running muxtree optimizer on module \soc_single..
  Creating internal representation of mux trees.
  Evaluating internal representation of mux trees.
  Analyzing evaluation results.
Removed 0 multiplexer ports.
<suppressed ~73 debug messages>

16.19.12. Executing OPT_REDUCE pass (consolidate $*mux and $reduce_* inputs).
  Optimizing cells in module \soc_single.
Performed a total of 0 changes.

16.19.13. Executing OPT_MERGE pass (detect identical cells).
Finding identical cells in module `\soc_single'.
Removed a total of 0 cells.

16.19.14. Executing OPT_SHARE pass.

16.19.15. Executing OPT_DFF pass (perform DFF optimizations).
Adding EN signal on $memory\u_core.u_rf.regs[9]$1814 ($dff) from module soc_single (D = \u_core.wb_data, Q = \u_core.u_rf.regs[9]).
Adding EN signal on $memory\u_core.u_rf.regs[8]$1812 ($dff) from module soc_single (D = \u_core.wb_data, Q = \u_core.u_rf.regs[8]).
Adding EN signal on $memory\u_core.u_rf.regs[7]$1810 ($dff) from module soc_single (D = \u_core.wb_data, Q = \u_core.u_rf.regs[7]).
Adding EN signal on $memory\u_core.u_rf.regs[6]$1808 ($dff) from module soc_single (D = \u_core.wb_data, Q = \u_core.u_rf.regs[6]).
Adding EN signal on $memory\u_core.u_rf.regs[5]$1806 ($dff) from module soc_single (D = \u_core.wb_data, Q = \u_core.u_rf.regs[5]).
Adding EN signal on $memory\u_core.u_rf.regs[4]$1804 ($dff) from module soc_single (D = \u_core.wb_data, Q = \u_core.u_rf.regs[4]).
Adding EN signal on $memory\u_core.u_rf.regs[3]$1802 ($dff) from module soc_single (D = \u_core.wb_data, Q = \u_core.u_rf.regs[3]).
Adding EN signal on $memory\u_core.u_rf.regs[31]$1858 ($dff) from module soc_single (D = \u_core.wb_data, Q = \u_core.u_rf.regs[31]).
Adding EN signal on $memory\u_core.u_rf.regs[30]$1856 ($dff) from module soc_single (D = \u_core.wb_data, Q = \u_core.u_rf.regs[30]).
Adding EN signal on $memory\u_core.u_rf.regs[2]$1800 ($dff) from module soc_single (D = \u_core.wb_data, Q = \u_core.u_rf.regs[2]).
Adding EN signal on $memory\u_core.u_rf.regs[29]$1854 ($dff) from module soc_single (D = \u_core.wb_data, Q = \u_core.u_rf.regs[29]).
Adding EN signal on $memory\u_core.u_rf.regs[28]$1852 ($dff) from module soc_single (D = \u_core.wb_data, Q = \u_core.u_rf.regs[28]).
Adding EN signal on $memory\u_core.u_rf.regs[27]$1850 ($dff) from module soc_single (D = \u_core.wb_data, Q = \u_core.u_rf.regs[27]).
Adding EN signal on $memory\u_core.u_rf.regs[26]$1848 ($dff) from module soc_single (D = \u_core.wb_data, Q = \u_core.u_rf.regs[26]).
Adding EN signal on $memory\u_core.u_rf.regs[25]$1846 ($dff) from module soc_single (D = \u_core.wb_data, Q = \u_core.u_rf.regs[25]).
Adding EN signal on $memory\u_core.u_rf.regs[24]$1844 ($dff) from module soc_single (D = \u_core.wb_data, Q = \u_core.u_rf.regs[24]).
Adding EN signal on $memory\u_core.u_rf.regs[23]$1842 ($dff) from module soc_single (D = \u_core.wb_data, Q = \u_core.u_rf.regs[23]).
Adding EN signal on $memory\u_core.u_rf.regs[22]$1840 ($dff) from module soc_single (D = \u_core.wb_data, Q = \u_core.u_rf.regs[22]).
Adding EN signal on $memory\u_core.u_rf.regs[21]$1838 ($dff) from module soc_single (D = \u_core.wb_data, Q = \u_core.u_rf.regs[21]).
Adding EN signal on $memory\u_core.u_rf.regs[20]$1836 ($dff) from module soc_single (D = \u_core.wb_data, Q = \u_core.u_rf.regs[20]).
Adding EN signal on $memory\u_core.u_rf.regs[1]$1798 ($dff) from module soc_single (D = \u_core.wb_data, Q = \u_core.u_rf.regs[1]).
Adding EN signal on $memory\u_core.u_rf.regs[19]$1834 ($dff) from module soc_single (D = \u_core.wb_data, Q = \u_core.u_rf.regs[19]).
Adding EN signal on $memory\u_core.u_rf.regs[18]$1832 ($dff) from module soc_single (D = \u_core.wb_data, Q = \u_core.u_rf.regs[18]).
Adding EN signal on $memory\u_core.u_rf.regs[17]$1830 ($dff) from module soc_single (D = \u_core.wb_data, Q = \u_core.u_rf.regs[17]).
Adding EN signal on $memory\u_core.u_rf.regs[16]$1828 ($dff) from module soc_single (D = \u_core.wb_data, Q = \u_core.u_rf.regs[16]).
Adding EN signal on $memory\u_core.u_rf.regs[15]$1826 ($dff) from module soc_single (D = \u_core.wb_data, Q = \u_core.u_rf.regs[15]).
Adding EN signal on $memory\u_core.u_rf.regs[14]$1824 ($dff) from module soc_single (D = \u_core.wb_data, Q = \u_core.u_rf.regs[14]).
Adding EN signal on $memory\u_core.u_rf.regs[13]$1822 ($dff) from module soc_single (D = \u_core.wb_data, Q = \u_core.u_rf.regs[13]).
Adding EN signal on $memory\u_core.u_rf.regs[12]$1820 ($dff) from module soc_single (D = \u_core.wb_data, Q = \u_core.u_rf.regs[12]).
Adding EN signal on $memory\u_core.u_rf.regs[11]$1818 ($dff) from module soc_single (D = \u_core.wb_data, Q = \u_core.u_rf.regs[11]).
Adding EN signal on $memory\u_core.u_rf.regs[10]$1816 ($dff) from module soc_single (D = \u_core.wb_data, Q = \u_core.u_rf.regs[10]).
Adding EN signal on $memory\u_core.u_rf.regs[0]$1796 ($dff) from module soc_single (D = \u_core.wb_data, Q = \u_core.u_rf.regs[0]).
Setting constant 1-bit at position 9 on $auto$ff.cc:266:slice$1695 ($adffe) from module soc_single.

16.19.16. Executing OPT_CLEAN pass (remove unused cells and wires).
Finding unused cells or wires in module \soc_single..
Removed 32 unused cells and 35 unused wires.
<suppressed ~33 debug messages>

16.19.17. Executing OPT_EXPR pass (perform const folding).
Optimizing module soc_single.

16.19.18. Rerunning OPT passes. (Maybe there is more to do..)

16.19.19. Executing OPT_MUXTREE pass (detect dead branches in mux trees).
Running muxtree optimizer on module \soc_single..
  Creating internal representation of mux trees.
  Evaluating internal representation of mux trees.
  Analyzing evaluation results.
Removed 0 multiplexer ports.
<suppressed ~41 debug messages>

16.19.20. Executing OPT_REDUCE pass (consolidate $*mux and $reduce_* inputs).
  Optimizing cells in module \soc_single.
Performed a total of 0 changes.

16.19.21. Executing OPT_MERGE pass (detect identical cells).
Finding identical cells in module `\soc_single'.
Removed a total of 0 cells.

16.19.22. Executing OPT_SHARE pass.

16.19.23. Executing OPT_DFF pass (perform DFF optimizations).

16.19.24. Executing OPT_CLEAN pass (remove unused cells and wires).
Finding unused cells or wires in module \soc_single..

16.19.25. Executing OPT_EXPR pass (perform const folding).
Optimizing module soc_single.

16.19.26. Finished OPT passes. (There is nothing left to do.)

16.20. Executing TECHMAP pass (map to technology primitives).

16.20.1. Executing Verilog-2005 frontend: /usr/bin/../share/yosys/techmap.v
Parsing Verilog input from `/usr/bin/../share/yosys/techmap.v' to AST representation.
Generating RTLIL representation for module `\_90_simplemap_bool_ops'.
Generating RTLIL representation for module `\_90_simplemap_reduce_ops'.
Generating RTLIL representation for module `\_90_simplemap_logic_ops'.
Generating RTLIL representation for module `\_90_simplemap_compare_ops'.
Generating RTLIL representation for module `\_90_simplemap_various'.
Generating RTLIL representation for module `\_90_simplemap_registers'.
Generating RTLIL representation for module `\_90_shift_ops_shr_shl_sshl_sshr'.
Generating RTLIL representation for module `\_90_shift_shiftx'.
Generating RTLIL representation for module `\_90_fa'.
Generating RTLIL representation for module `\_90_lcu_brent_kung'.
Generating RTLIL representation for module `\_90_alu'.
Generating RTLIL representation for module `\_90_macc'.
Generating RTLIL representation for module `\_90_alumacc'.
Generating RTLIL representation for module `\$__div_mod_u'.
Generating RTLIL representation for module `\$__div_mod_trunc'.
Generating RTLIL representation for module `\_90_div'.
Generating RTLIL representation for module `\_90_mod'.
Generating RTLIL representation for module `\$__div_mod_floor'.
Generating RTLIL representation for module `\_90_divfloor'.
Generating RTLIL representation for module `\_90_modfloor'.
Generating RTLIL representation for module `\_90_pow'.
Generating RTLIL representation for module `\_90_pmux'.
Generating RTLIL representation for module `\_90_demux'.
Generating RTLIL representation for module `\_90_lut'.
Successfully finished Verilog frontend.

16.20.2. Continuing TECHMAP pass.
Using extmapper simplemap for cells of type $mux.
Using extmapper simplemap for cells of type $eq.
Using extmapper simplemap for cells of type $dffe.
Using extmapper simplemap for cells of type $and.
Using extmapper simplemap for cells of type $adffe.
Using extmapper simplemap for cells of type $not.
Using template $paramod$fc16b9f758000d363d24f130038bd99b46b4fa1b\_90_pmux for cells of type $pmux.
Using template $paramod$54d740639e1393b22262823179ff783ea9f17a35\_90_pmux for cells of type $pmux.
Using extmapper simplemap for cells of type $or.
Using extmapper simplemap for cells of type $reduce_or.
Using template $paramod$44a13d10af618e7fbe7b9aad2f6151ffcee1e2fa\_90_alu for cells of type $alu.
Using template $paramod$80834bdd89ff0e27a02312429a7cc3a2e63489a8\_90_pmux for cells of type $pmux.
Using template $paramod$b098bc6f249c0ac91c4d6e19d54b23c285914115\_90_pmux for cells of type $pmux.
Using template $paramod$8fabc56b80a569262acfc42757a02ca0b8e91278\_90_pmux for cells of type $pmux.
Using extmapper simplemap for cells of type $ne.
Using template $paramod$c5c783b17ab1d780abfad8cfe6563a0a7b47a3b0\_90_pmux for cells of type $pmux.
Using extmapper simplemap for cells of type $reduce_and.
Using extmapper simplemap for cells of type $reduce_bool.
Using template $paramod$33afdd83bf3811dac2de7a968d39eea5718691bc\_90_pmux for cells of type $pmux.
Using extmapper simplemap for cells of type $logic_and.
Using extmapper maccmap for cells of type $macc_v2.
  add \u_dotp.aeff0 * \u_dotp.beff0 (32x32 bits, unsigned)
  add \u_dotp.aeff2 * \u_dotp.beff2 (32x32 bits, unsigned)
  add \u_dotp.aeff1 * \u_dotp.beff1 (32x32 bits, unsigned)
  add \u_dotp.aeff3 * \u_dotp.beff3 (32x32 bits, unsigned)
Using template $paramod$fbc7873bff55778c0b3173955b7e4bce1d9d6834\_90_alu for cells of type $alu.
Using template $paramod$bf541dd3c0ba8228982b61e7bfbc350a2c253f4c\_90_pmux for cells of type $pmux.
Using template $paramod$d31bf4d7d72e59528d18fbd4f322e9d608532043\_90_pmux for cells of type $pmux.
Using template $paramod$57f63e8a3282e053be0430389b09fa050ac7dca0\_90_pmux for cells of type $pmux.
Using template $paramod$59b03ae2620a41577de8da5f5c97b2919e82362b\_90_pmux for cells of type $pmux.
Using extmapper simplemap for cells of type $adff.
Using template $paramod$constmap:4621fcf06a436d1e2a4080e2ed9866a7d07a6e07$paramod$335cfd09f1afa8139c4aafcbbe5f361887b79c5e\_90_shift_ops_shr_shl_sshl_sshr for cells of type $shl.
Using extmapper simplemap for cells of type $xor.
Using template $paramod$constmap:4621fcf06a436d1e2a4080e2ed9866a7d07a6e07$paramod$feecc7a0dbd012970970f2858f15e786e251f677\_90_shift_ops_shr_shl_sshl_sshr for cells of type $shr.
Using template $paramod$constmap:4621fcf06a436d1e2a4080e2ed9866a7d07a6e07$paramod$e765c459d3029c22a22a27989e94858fd9ebfa9c\_90_shift_ops_shr_shl_sshl_sshr for cells of type $sshr.
Using extmapper simplemap for cells of type $logic_not.
Using template $paramod$2653f68ddb8eab7b1907b4a20767b72a824a7a36\_90_alu for cells of type $alu.
Using template $paramod$6a42b6fefed750f8a1c58eab59479d960557103c\_90_alu for cells of type $alu.
Using template $paramod$3ef7d3dd227da7627a99c5e5a6a4deb817573e39\_90_alu for cells of type $alu.
Using template $paramod$32a7b7b86c07519b7537abc18e96f0331f97914d\_90_alu for cells of type $alu.
  add \u_core.u_alu.a * \u_core.u_alu.b (32x32 bits, unsigned)
Using template $paramod$bf2533632d512eac76dd186c0da49367e29b8e98\_90_pmux for cells of type $pmux.
Using template $paramod$521ce43182eecb9f60c72393a788160d2c356bf5\_90_pmux for cells of type $pmux.
Using template $paramod$d629d85c8826a74239b9178d1930215a43b0ceb0\_90_pmux for cells of type $pmux.
Using template $paramod$85df5dc01c7df96a7d8e5f1fdf76ce9ac452af63\_90_pmux for cells of type $pmux.
Using template $paramod$97565c3687be688407d1272a293bd9d0ae6852dc\_90_pmux for cells of type $pmux.
Using template $paramod$a5f0941832cc861549e29ccafffe20bfdf2e5528\_90_pmux for cells of type $pmux.
Using template $paramod\_90_lcu_brent_kung\WIDTH=32'00000000000000000000000000011110 for cells of type $lcu.
Using extmapper simplemap for cells of type $pos.
Using template $paramod\_90_fa\WIDTH=32'00000000000000000000000000100000 for cells of type $fa.
Using template $paramod\_90_lcu_brent_kung\WIDTH=32'00000000000000000000000000100000 for cells of type $lcu.
Using template $paramod\_90_lcu_brent_kung\WIDTH=32'00000000000000000000000000000011 for cells of type $lcu.
Using template $paramod\_90_lcu_brent_kung\WIDTH=32'00000000000000000000000000000100 for cells of type $lcu.
No more expansions possible.
<suppressed ~5823 debug messages>

16.21. Executing OPT pass (performing simple optimizations).

16.21.1. Executing OPT_EXPR pass (perform const folding).
Optimizing module soc_single.
<suppressed ~16810 debug messages>

16.21.2. Executing OPT_MERGE pass (detect identical cells).
Finding identical cells in module `\soc_single'.
<suppressed ~2781 debug messages>
Removed a total of 927 cells.

16.21.3. Executing OPT_DFF pass (perform DFF optimizations).

16.21.4. Executing OPT_CLEAN pass (remove unused cells and wires).
Finding unused cells or wires in module \soc_single..
Removed 774 unused cells and 4124 unused wires.
<suppressed ~775 debug messages>

16.21.5. Finished fast OPT passes.

16.22. Executing ABC pass (technology mapping using ABC).

16.22.1. Extracting gate netlist of module `\soc_single' to `<abc-temp-dir>/input.blif'..
Replacing 2 occurrences of constant undef bits with constant zero bits
Extracted 22761 gates and 24376 wires to a netlist network with 1612 inputs and 337 outputs.

16.22.1.1. Executing ABC.
Running ABC command: "<yosys-exe-dir>/yosys-abc" -s -f <abc-temp-dir>/abc.script 2>&1
ABC: ABC command line: "source <abc-temp-dir>/abc.script".
ABC: 
ABC: + read_blif <abc-temp-dir>/input.blif 
ABC: + read_library <abc-temp-dir>/stdcells.genlib 
ABC: + strash 
ABC: + dretime 
ABC: + map 
ABC: + write_blif <abc-temp-dir>/output.blif 

16.22.1.2. Re-integrating ABC results.
ABC RESULTS:               AND cells:      277
ABC RESULTS:            ANDNOT cells:     6673
ABC RESULTS:               MUX cells:     2948
ABC RESULTS:              NAND cells:      536
ABC RESULTS:               NOR cells:     2726
ABC RESULTS:               NOT cells:      668
ABC RESULTS:                OR cells:     2760
ABC RESULTS:             ORNOT cells:      889
ABC RESULTS:              XNOR cells:     1511
ABC RESULTS:               XOR cells:     4233
ABC RESULTS:        internal signals:    22427
ABC RESULTS:           input signals:     1612
ABC RESULTS:          output signals:      337
Removing temp directory.

16.23. Executing OPT pass (performing simple optimizations).

16.23.1. Executing OPT_EXPR pass (perform const folding).
Optimizing module soc_single.
<suppressed ~1028 debug messages>

16.23.2. Executing OPT_MERGE pass (detect identical cells).
Finding identical cells in module `\soc_single'.
<suppressed ~6 debug messages>
Removed a total of 2 cells.

16.23.3. Executing OPT_DFF pass (perform DFF optimizations).

16.23.4. Executing OPT_CLEAN pass (remove unused cells and wires).
Finding unused cells or wires in module \soc_single..
Removed 6 unused cells and 4367 unused wires.
<suppressed ~96 debug messages>

16.23.5. Finished fast OPT passes.

16.24. Executing HIERARCHY pass (managing design hierarchy).
Attribute `top' found on module `soc_single'. Setting top module to soc_single.

16.24.1. Analyzing design hierarchy..
Top module:  \soc_single

16.24.2. Analyzing design hierarchy..
Top module:  \soc_single
Removed 0 unused modules.

16.25. Printing statistics.

=== soc_single ===

   Number of wires:              23197
   Number of wire bits:          25868
   Number of public wires:         145
   Number of public wire bits:    2785
   Number of ports:                  8
   Number of port bits:            101
   Number of memories:               0
   Number of memory bits:            0
   Number of processes:              0
   Number of cells:              24823
     $_ANDNOT_                    6672
     $_AND_                        277
     $_DFFE_PN0N_                   64
     $_DFFE_PN0P_                  334
     $_DFFE_PN1P_                   41
     $_DFFE_PP_                   1024
     $_DFF_PN0_                    132
     $_DFF_PN1_                      3
     $_MUX_                       2948
     $_NAND_                       535
     $_NOR_                       2726
     $_NOT_                        662
     $_ORNOT_                      889
     $_OR_                        2760
     $_XNOR_                      1511
     $_XOR_                       4233
     $scopeinfo                     10
     dmem                            1
     imem                            1

16.26. Executing CHECK pass (checking for obvious problems).
Checking module soc_single...
Found and reported 0 problems.

17. Executing LTP pass (find longest path).

Longest topological path in soc_single (length=116):
    0: \u_core.pc [31]
    1: \imem_rdata [0] (via u_imem)
    2: $abc$49009$new_n1991 (via $abc$49009$auto$blifparse.cc:396:parse_blif$49051)
    3: $abc$49009$new_n1993 (via $abc$49009$auto$blifparse.cc:396:parse_blif$49053)
    4: $abc$49009$new_n1999 (via $abc$49009$auto$blifparse.cc:396:parse_blif$49059)
    5: $abc$49009$new_n2065 (via $abc$49009$auto$blifparse.cc:396:parse_blif$49125)
    6: $abc$49009$new_n2075 (via $abc$49009$auto$blifparse.cc:396:parse_blif$49135)
    7: $abc$49009$new_n2076 (via $abc$49009$auto$blifparse.cc:396:parse_blif$49136)
    8: $abc$49009$new_n2079 (via $abc$49009$auto$blifparse.cc:396:parse_blif$49139)
    9: $abc$49009$new_n2092 (via $abc$49009$auto$blifparse.cc:396:parse_blif$49152)
   10: $abc$49009$new_n2093 (via $abc$49009$auto$blifparse.cc:396:parse_blif$49153)
   11: $abc$49009$new_n2169 (via $abc$49009$auto$blifparse.cc:396:parse_blif$49229)
   12: $abc$49009$new_n2171 (via $abc$49009$auto$blifparse.cc:396:parse_blif$49231)
   13: $abc$49009$new_n2172 (via $abc$49009$auto$blifparse.cc:396:parse_blif$49232)
   14: $abc$49009$new_n2174 (via $abc$49009$auto$blifparse.cc:396:parse_blif$49234)
   15: $abc$49009$new_n2175 (via $abc$49009$auto$blifparse.cc:396:parse_blif$49235)
   16: $abc$49009$new_n2176 (via $abc$49009$auto$blifparse.cc:396:parse_blif$49236)
   17: $abc$49009$new_n6389 (via $abc$49009$auto$blifparse.cc:396:parse_blif$53449)
   18: $abc$49009$new_n6392 (via $abc$49009$auto$blifparse.cc:396:parse_blif$53452)
   19: $abc$49009$new_n6393 (via $abc$49009$auto$blifparse.cc:396:parse_blif$53453)
   20: $abc$49009$new_n6394 (via $abc$49009$auto$blifparse.cc:396:parse_blif$53454)
   21: $abc$49009$new_n6401 (via $abc$49009$auto$blifparse.cc:396:parse_blif$53461)
   22: $abc$49009$new_n6402 (via $abc$49009$auto$blifparse.cc:396:parse_blif$53462)
   23: $abc$49009$new_n6403 (via $abc$49009$auto$blifparse.cc:396:parse_blif$53463)
   24: $abc$49009$new_n6418 (via $abc$49009$auto$blifparse.cc:396:parse_blif$53478)
   25: $abc$49009$new_n6419 (via $abc$49009$auto$blifparse.cc:396:parse_blif$53479)
   26: $abc$49009$new_n6420 (via $abc$49009$auto$blifparse.cc:396:parse_blif$53480)
   27: $abc$49009$new_n6441 (via $abc$49009$auto$blifparse.cc:396:parse_blif$53501)
   28: $abc$49009$new_n6442 (via $abc$49009$auto$blifparse.cc:396:parse_blif$53502)
   29: $abc$49009$new_n6443 (via $abc$49009$auto$blifparse.cc:396:parse_blif$53503)
   30: $abc$49009$new_n6450 (via $abc$49009$auto$blifparse.cc:396:parse_blif$53510)
   31: $abc$49009$new_n6451 (via $abc$49009$auto$blifparse.cc:396:parse_blif$53511)
   32: $abc$49009$new_n6452 (via $abc$49009$auto$blifparse.cc:396:parse_blif$53512)
   33: $abc$49009$new_n6455 (via $abc$49009$auto$blifparse.cc:396:parse_blif$53515)
   34: $abc$49009$new_n6456 (via $abc$49009$auto$blifparse.cc:396:parse_blif$53516)
   35: $abc$49009$new_n6457 (via $abc$49009$auto$blifparse.cc:396:parse_blif$53517)
   36: $abc$49009$new_n6466 (via $abc$49009$auto$blifparse.cc:396:parse_blif$53526)
   37: $abc$49009$new_n6534 (via $abc$49009$auto$blifparse.cc:396:parse_blif$53594)
   38: $abc$49009$new_n6593 (via $abc$49009$auto$blifparse.cc:396:parse_blif$53653)
   39: $abc$49009$new_n6594 (via $abc$49009$auto$blifparse.cc:396:parse_blif$53654)
   40: $abc$49009$new_n6595 (via $abc$49009$auto$blifparse.cc:396:parse_blif$53655)
   41: $abc$49009$new_n6596 (via $abc$49009$auto$blifparse.cc:396:parse_blif$53656)
   42: $abc$49009$new_n6597 (via $abc$49009$auto$blifparse.cc:396:parse_blif$53657)
   43: $abc$49009$new_n6598 (via $abc$49009$auto$blifparse.cc:396:parse_blif$53658)
   44: $abc$49009$new_n6599 (via $abc$49009$auto$blifparse.cc:396:parse_blif$53659)
   45: $abc$49009$new_n6917 (via $abc$49009$auto$blifparse.cc:396:parse_blif$53977)
   46: $abc$49009$new_n6918 (via $abc$49009$auto$blifparse.cc:396:parse_blif$53978)
   47: $abc$49009$new_n6919 (via $abc$49009$auto$blifparse.cc:396:parse_blif$53979)
   48: $abc$49009$new_n7893 (via $abc$49009$auto$blifparse.cc:396:parse_blif$54953)
   49: $abc$49009$new_n7894 (via $abc$49009$auto$blifparse.cc:396:parse_blif$54954)
   50: $abc$49009$new_n8468 (via $abc$49009$auto$blifparse.cc:396:parse_blif$55528)
   51: $abc$49009$new_n8469 (via $abc$49009$auto$blifparse.cc:396:parse_blif$55529)
   52: $abc$49009$new_n8470 (via $abc$49009$auto$blifparse.cc:396:parse_blif$55530)
   53: $abc$49009$new_n8471 (via $abc$49009$auto$blifparse.cc:396:parse_blif$55531)
   54: $abc$49009$new_n8473 (via $abc$49009$auto$blifparse.cc:396:parse_blif$55533)
   55: $abc$49009$new_n8477 (via $abc$49009$auto$blifparse.cc:396:parse_blif$55537)
   56: $abc$49009$new_n8485 (via $abc$49009$auto$blifparse.cc:396:parse_blif$55545)
   57: $abc$49009$new_n8510 (via $abc$49009$auto$blifparse.cc:396:parse_blif$55570)
   58: \dmem_addr [31] (via $abc$49009$auto$blifparse.cc:396:parse_blif$55571)
   59: $abc$49009$new_n8601 (via $abc$49009$auto$blifparse.cc:396:parse_blif$55661)
   60: $abc$49009$new_n8602 (via $abc$49009$auto$blifparse.cc:396:parse_blif$55662)
   61: $abc$49009$new_n8603 (via $abc$49009$auto$blifparse.cc:396:parse_blif$55663)
   62: $abc$49009$new_n8604 (via $abc$49009$auto$blifparse.cc:396:parse_blif$55664)
   63: $abc$49009$new_n8629 (via $abc$49009$auto$blifparse.cc:396:parse_blif$55689)
   64: $abc$49009$new_n8832 (via $abc$49009$auto$blifparse.cc:396:parse_blif$55892)
   65: $abc$49009$new_n9473 (via $abc$49009$auto$blifparse.cc:396:parse_blif$56533)
   66: $abc$49009$new_n9474 (via $abc$49009$auto$blifparse.cc:396:parse_blif$56534)
   67: $abc$49009$new_n9701 (via $abc$49009$auto$blifparse.cc:396:parse_blif$56761)
   68: $abc$49009$new_n9702 (via $abc$49009$auto$blifparse.cc:396:parse_blif$56762)
   69: $abc$49009$new_n9703 (via $abc$49009$auto$blifparse.cc:396:parse_blif$56763)
   70: $abc$49009$new_n9989 (via $abc$49009$auto$blifparse.cc:396:parse_blif$57049)
   71: $abc$49009$new_n9990 (via $abc$49009$auto$blifparse.cc:396:parse_blif$57050)
   72: $abc$49009$new_n9991 (via $abc$49009$auto$blifparse.cc:396:parse_blif$57051)
   73: $abc$49009$new_n10324 (via $abc$49009$auto$blifparse.cc:396:parse_blif$57384)
   74: $abc$49009$new_n10325 (via $abc$49009$auto$blifparse.cc:396:parse_blif$57385)
   75: $abc$49009$new_n10326 (via $abc$49009$auto$blifparse.cc:396:parse_blif$57386)
   76: $abc$49009$new_n10669 (via $abc$49009$auto$blifparse.cc:396:parse_blif$57729)
   77: $abc$49009$new_n10670 (via $abc$49009$auto$blifparse.cc:396:parse_blif$57730)
   78: $abc$49009$new_n10671 (via $abc$49009$auto$blifparse.cc:396:parse_blif$57731)
   79: $abc$49009$new_n11042 (via $abc$49009$auto$blifparse.cc:396:parse_blif$58102)
   80: $abc$49009$new_n11043 (via $abc$49009$auto$blifparse.cc:396:parse_blif$58103)
   81: $abc$49009$new_n11044 (via $abc$49009$auto$blifparse.cc:396:parse_blif$58104)
   82: $abc$49009$new_n11445 (via $abc$49009$auto$blifparse.cc:396:parse_blif$58505)
   83: $abc$49009$new_n11446 (via $abc$49009$auto$blifparse.cc:396:parse_blif$58506)
   84: $abc$49009$new_n11447 (via $abc$49009$auto$blifparse.cc:396:parse_blif$58507)
   85: $abc$49009$new_n11924 (via $abc$49009$auto$blifparse.cc:396:parse_blif$58984)
   86: $abc$49009$new_n11925 (via $abc$49009$auto$blifparse.cc:396:parse_blif$58985)
   87: $abc$49009$new_n11926 (via $abc$49009$auto$blifparse.cc:396:parse_blif$58986)
   88: $abc$49009$new_n12445 (via $abc$49009$auto$blifparse.cc:396:parse_blif$59505)
   89: $abc$49009$new_n12446 (via $abc$49009$auto$blifparse.cc:396:parse_blif$59506)
   90: $abc$49009$new_n12447 (via $abc$49009$auto$blifparse.cc:396:parse_blif$59507)
   91: $abc$49009$new_n13019 (via $abc$49009$auto$blifparse.cc:396:parse_blif$60079)
   92: $abc$49009$new_n13020 (via $abc$49009$auto$blifparse.cc:396:parse_blif$60080)
   93: $abc$49009$new_n13021 (via $abc$49009$auto$blifparse.cc:396:parse_blif$60081)
   94: $abc$49009$new_n13520 (via $abc$49009$auto$blifparse.cc:396:parse_blif$60580)
   95: $abc$49009$new_n13521 (via $abc$49009$auto$blifparse.cc:396:parse_blif$60581)
   96: $abc$49009$new_n13522 (via $abc$49009$auto$blifparse.cc:396:parse_blif$60582)
   97: $abc$49009$new_n14054 (via $abc$49009$auto$blifparse.cc:396:parse_blif$61114)
   98: $abc$49009$new_n14055 (via $abc$49009$auto$blifparse.cc:396:parse_blif$61115)
   99: $abc$49009$new_n14056 (via $abc$49009$auto$blifparse.cc:396:parse_blif$61116)
  100: $abc$49009$new_n14604 (via $abc$49009$auto$blifparse.cc:396:parse_blif$61664)
  101: $abc$49009$new_n14605 (via $abc$49009$auto$blifparse.cc:396:parse_blif$61665)
  102: $abc$49009$new_n15763 (via $abc$49009$auto$blifparse.cc:396:parse_blif$62823)
  103: $abc$49009$new_n15764 (via $abc$49009$auto$blifparse.cc:396:parse_blif$62824)
  104: $abc$49009$new_n18367 (via $abc$49009$auto$blifparse.cc:396:parse_blif$65427)
  105: $abc$49009$new_n18368 (via $abc$49009$auto$blifparse.cc:396:parse_blif$65428)
  106: $abc$49009$new_n18371 (via $abc$49009$auto$blifparse.cc:396:parse_blif$65431)
  107: $abc$49009$new_n21301 (via $abc$49009$auto$blifparse.cc:396:parse_blif$68361)
  108: $abc$49009$new_n21302 (via $abc$49009$auto$blifparse.cc:396:parse_blif$68362)
  109: $abc$49009$new_n22847 (via $abc$49009$auto$blifparse.cc:396:parse_blif$69907)
  110: $abc$49009$new_n22848 (via $abc$49009$auto$blifparse.cc:396:parse_blif$69908)
  111: $abc$49009$new_n23643 (via $abc$49009$auto$blifparse.cc:396:parse_blif$70703)
  112: $abc$49009$new_n23644 (via $abc$49009$auto$blifparse.cc:396:parse_blif$70704)
  113: $abc$49009$new_n23645 (via $abc$49009$auto$blifparse.cc:396:parse_blif$70705)
  114: $abc$49009$new_n25061 (via $abc$49009$auto$blifparse.cc:396:parse_blif$72121)
  115: $abc$49009$new_n25062 (via $abc$49009$auto$blifparse.cc:396:parse_blif$72122)
  116: $abc$49009$flatten\u_dotp.$0\result[31:0][31] (via $abc$49009$auto$blifparse.cc:396:parse_blif$72123)
   ff: \u_dotp.result [31] (via $auto$ff.cc:266:slice$10815)

Warnings: 2 unique messages, 2 total
End of script. Logfile hash: 6c76352fa6, CPU: user 3.38s system 0.06s, MEM: 106.09 MB peak
Yosys 0.52 (git sha1 fee39a3284c90249e1d9684cf6944ffbbcbb8f90)
Time spent: 33% 1x abc (1 sec), 17% 35x opt_expr (0 sec), ...
